M136 (enable build progress)
M73 P0
G162 X Y F2000(home XY axes maximum)
G161 Z F900(home Z axis minimum)
G92 X0 Y0 Z-5 A0 B0 (set Z to -5)
G1 Z0.0 F900(move Z to '0')
G161 Z F100(home Z axis minimum)
M132 X Y Z A B (Recall stored home offsets for XYZAB axis)
G92 X152 Y75 Z0 A0 B0
G1 X-112 Y-73 Z150 F3300.0 (move to waiting position)
G130 X20 Y20 A20 B20 (Lower stepper Vrefs while heating)
M109 S100 T0
M134 T0
M135 T0
M104 S190 T0
M133 T0
G130 X127 Y127 A127 B127 (Set Stepper motor Vref to defaults)
; Makerbot Industries
; Miracle Grue 3.9.4
; This file contains digital fabrication directives
; in G-Code format for your 3D printer
; http://www.makerbot.com/support/makerware/documentation/slicer/
; 
; Right Toolhead Weight (grams): 1.82644 
; Right Toolhead Distance (mm): 598.614 
; Duration: 701.834 seconds 
; Active extruders in print: 0 
; Chunk 0 
; Lower Position  0 
; Upper Position  0.2 
; Thickness       0.2 
; Width           0.4 
G1 X105.400 Y-74.000 Z0.270 F9000.000 (Extruder Prime Dry Move)
G1 X-112 Y-73 Z0.270 F1800.000 E25.000 (Extruder Prime Start)
G92 A0 B0 (Reset after prime)
G1 Z0.000000 F1000
G1 X-112.0 Y-73.0 Z0.0 F1000 E0.0
G92 E0
G1 X-112.000 Y-73.000 Z0.000 F1500 A-1.30000; Retract 
G1 X-112.000 Y-73.000 Z0.000 F3000; Retract 
G1 X-112.000 Y-73.000 Z0.200 F1380; Travel Move 
M73 P0; Update Progress 
G1 X-5.697 Y-9.844 Z0.200 F9000; Travel Move 
G1 X-5.697 Y-9.844 Z0.200 F1500 A0.00000; Restart 
G1 X-5.089 Y-10.208 Z0.200 F1800 A0.02478; Inset 
G1 X-4.086 Y-10.581 Z0.200 F1800 A0.06219; Inset 
G1 X-3.428 Y-10.258 Z0.200 F1800 A0.08782; Inset 
G1 X-2.818 Y-10.588 Z0.200 F1800 A0.11207; Inset 
G1 X-1.792 Y-10.202 Z0.200 F1800 A0.15037; Inset 
G1 X-1.186 Y-9.836 Z0.200 F1800 A0.17516; Inset 
G1 X-0.726 Y-9.435 Z0.200 F1800 A0.19646; Inset 
G1 X-0.337 Y-8.966 Z0.200 F1800 A0.21777; Inset 
G1 X-0.020 Y-8.423 Z0.200 F1800 A0.23975; Inset 
G1 X0.362 Y-7.395 Z0.200 F1800 A0.27810; Inset 
G1 X0.029 Y-6.786 Z0.200 F1800 A0.30237; Inset 
G1 X0.349 Y-6.126 Z0.200 F1800 A0.32801; Inset 
G1 X-0.027 Y-5.127 Z0.200 F1800 A0.36537; Inset 
G1 X-0.347 Y-4.585 Z0.200 F1800 A0.38734; Inset 
G1 X-0.737 Y-4.118 Z0.200 F1800 A0.40864; Inset 
G1 X-1.198 Y-3.719 Z0.200 F1800 A0.42994; Inset 
G1 X-1.806 Y-3.355 Z0.200 F1800 A0.45470; Inset 
G1 X-2.807 Y-2.982 Z0.200 F1800 A0.49206; Inset 
G1 X-3.454 Y-3.300 Z0.200 F1800 A0.51725; Inset 
G1 X-4.102 Y-2.985 Z0.200 F1800 A0.54244; Inset 
G1 X-5.102 Y-3.361 Z0.200 F1800 A0.57980; Inset 
G1 X-5.643 Y-3.681 Z0.200 F1800 A0.60176; Inset 
G1 X-6.110 Y-4.071 Z0.200 F1800 A0.62306; Inset 
G1 X-6.509 Y-4.532 Z0.200 F1800 A0.64436; Inset 
G1 X-6.873 Y-5.139 Z0.200 F1800 A0.66911; Inset 
G1 X-7.256 Y-6.165 Z0.200 F1800 A0.70740; Inset 
G1 X-6.916 Y-6.787 Z0.200 F1800 A0.73217; Inset 
G1 X-7.254 Y-7.409 Z0.200 F1800 A0.75692; Inset 
G1 X-6.868 Y-8.436 Z0.200 F1800 A0.79527; Inset 
G1 X-6.549 Y-8.978 Z0.200 F1800 A0.81726; Inset 
G1 X-6.158 Y-9.445 Z0.200 F1800 A0.83856; Inset 
G1 X-5.697 Y-9.844 Z0.200 F1800 A0.85987; Inset 
G1 X-5.697 Y-9.844 Z0.200 F1500 A-0.44013; Retract 
G1 X-5.697 Y-9.844 Z0.200 F3000; Retract 
G1 X-5.411 Y-9.557 Z0.200 F9000; Travel Move 
G1 X-5.411 Y-9.557 Z0.200 F1500 A0.85987; Restart 
G1 X-4.932 Y-9.840 Z0.200 F1800 A0.87934; Inset 
G1 X-4.108 Y-10.146 Z0.200 F1800 A0.91008; Inset 
G1 X-3.644 Y-9.919 Z0.200 F1800 A0.92814; Inset 
G1 X-3.504 Y-9.466 Z0.200 F1800 A0.94471; Inset 
G1 X-3.427 Y-9.442 Z0.200 F1800 A0.94753; Inset 
G1 X-3.356 Y-9.499 Z0.200 F1800 A0.95072; Inset 
G1 X-3.269 Y-9.889 Z0.200 F1800 A0.96468; Inset 
G1 X-2.788 Y-10.149 Z0.200 F1800 A0.98381; Inset 
G1 X-1.951 Y-9.834 Z0.200 F1800 A1.01508; Inset 
G1 X-1.433 Y-9.521 Z0.200 F1800 A1.03623; Inset 
G1 X-1.055 Y-9.198 Z0.200 F1800 A1.05361; Inset 
G1 X-0.700 Y-8.785 Z0.200 F1800 A1.07267; Inset 
G1 X-0.388 Y-8.266 Z0.200 F1800 A1.09382; Inset 
G1 X-0.076 Y-7.427 Z0.200 F1800 A1.12512; Inset 
G1 X-0.340 Y-6.946 Z0.200 F1800 A1.14431; Inset 
G1 X-0.730 Y-6.862 Z0.200 F1800 A1.15826; Inset 
G1 X-0.783 Y-6.815 Z0.200 F1800 A1.16072; Inset 
G1 X-0.791 Y-6.768 Z0.200 F1800 A1.16237; Inset 
G1 X-0.763 Y-6.713 Z0.200 F1800 A1.16451; Inset 
G1 X-0.312 Y-6.571 Z0.200 F1800 A1.18107; Inset 
G1 X-0.086 Y-6.106 Z0.200 F1800 A1.19913; Inset 
G1 X-0.395 Y-5.285 Z0.200 F1800 A1.22981; Inset 
G1 X-0.708 Y-4.768 Z0.200 F1800 A1.25095; Inset 
G1 X-1.065 Y-4.356 Z0.200 F1800 A1.27001; Inset 
G1 X-1.444 Y-4.035 Z0.200 F1800 A1.28738; Inset 
G1 X-1.963 Y-3.723 Z0.200 F1800 A1.30852; Inset 
G1 X-2.785 Y-3.417 Z0.200 F1800 A1.33920; Inset 
G1 X-3.249 Y-3.645 Z0.200 F1800 A1.35726; Inset 
G1 X-3.390 Y-4.097 Z0.200 F1800 A1.37382; Inset 
G1 X-3.422 Y-4.118 Z0.200 F1800 A1.37516; Inset 
G1 X-3.483 Y-4.118 Z0.200 F1800 A1.37731; Inset 
G1 X-3.515 Y-4.097 Z0.200 F1800 A1.37864; Inset 
G1 X-3.657 Y-3.646 Z0.200 F1800 A1.39520; Inset 
G1 X-4.122 Y-3.420 Z0.200 F1800 A1.41326; Inset 
G1 X-4.943 Y-3.729 Z0.200 F1800 A1.44394; Inset 
G1 X-5.460 Y-4.042 Z0.200 F1800 A1.46508; Inset 
G1 X-5.872 Y-4.399 Z0.200 F1800 A1.48413; Inset 
G1 X-6.194 Y-4.778 Z0.200 F1800 A1.50151; Inset 
G1 X-6.505 Y-5.297 Z0.200 F1800 A1.52264; Inset 
G1 X-6.817 Y-6.134 Z0.200 F1800 A1.55389; Inset 
G1 X-6.555 Y-6.615 Z0.200 F1800 A1.57305; Inset 
G1 X-6.156 Y-6.702 Z0.200 F1800 A1.58730; Inset 
G1 X-6.126 Y-6.728 Z0.200 F1800 A1.58872; Inset 
G1 X-6.112 Y-6.825 Z0.200 F1800 A1.59213; Inset 
G1 X-6.164 Y-6.872 Z0.200 F1800 A1.59459; Inset 
G1 X-6.553 Y-6.957 Z0.200 F1800 A1.60853; Inset 
G1 X-6.816 Y-7.440 Z0.200 F1800 A1.62772; Inset 
G1 X-6.500 Y-8.278 Z0.200 F1800 A1.65902; Inset 
G1 X-6.215 Y-8.756 Z0.200 F1800 A1.67849; Inset 
G1 X-5.830 Y-9.207 Z0.200 F1800 A1.69924; Inset 
G1 X-5.411 Y-9.557 Z0.200 F1800 A1.71830; Inset 
G1 X-5.411 Y-9.557 Z0.200 F1500 A0.41830; Retract 
G1 X-5.411 Y-9.557 Z0.200 F3000; Retract 
G1 X-5.198 Y-9.218 Z0.200 F9000; Travel Move 
G1 X-5.198 Y-9.218 Z0.200 F1500 A1.71830; Restart 
G1 X-4.784 Y-9.468 Z0.200 F1800 A1.73521; Inset 
G1 X-4.012 Y-9.755 Z0.200 F1800 A1.76399; Inset 
G1 X-3.861 Y-9.266 Z0.200 F1800 A1.78188; Inset 
G1 X-3.755 Y-9.146 Z0.200 F1800 A1.78748; Inset 
G1 X-3.536 Y-9.042 Z0.200 F1800 A1.79597; Inset 
G1 X-3.359 Y-9.041 Z0.200 F1800 A1.80216; Inset 
G1 X-3.200 Y-9.097 Z0.200 F1800 A1.80804; Inset 
G1 X-3.069 Y-9.203 Z0.200 F1800 A1.81392; Inset 
G1 X-2.980 Y-9.347 Z0.200 F1800 A1.81983; Inset 
G1 X-2.888 Y-9.760 Z0.200 F1800 A1.83462; Inset 
G1 X-2.100 Y-9.463 Z0.200 F1800 A1.86405; Inset 
G1 X-1.687 Y-9.212 Z0.200 F1800 A1.88097; Inset 
G1 X-1.321 Y-8.899 Z0.200 F1800 A1.89779; Inset 
G1 X-1.010 Y-8.532 Z0.200 F1800 A1.91461; Inset 
G1 X-0.760 Y-8.118 Z0.200 F1800 A1.93153; Inset 
G1 X-0.466 Y-7.328 Z0.200 F1800 A1.96100; Inset 
G1 X-0.881 Y-7.239 Z0.200 F1800 A1.97582; Inset 
G1 X-1.025 Y-7.151 Z0.200 F1800 A1.98172; Inset 
G1 X-1.165 Y-6.951 Z0.200 F1800 A1.99024; Inset 
G1 X-1.191 Y-6.701 Z0.200 F1800 A1.99905; Inset 
G1 X-1.129 Y-6.525 Z0.200 F1800 A2.00555; Inset 
G1 X-0.964 Y-6.357 Z0.200 F1800 A2.01379; Inset 
G1 X-0.477 Y-6.204 Z0.200 F1800 A2.03166; Inset 
G1 X-0.766 Y-5.435 Z0.200 F1800 A2.06038; Inset 
G1 X-1.018 Y-5.022 Z0.200 F1800 A2.07729; Inset 
G1 X-1.330 Y-4.656 Z0.200 F1800 A2.09411; Inset 
G1 X-1.697 Y-4.345 Z0.200 F1800 A2.11093; Inset 
G1 X-2.111 Y-4.095 Z0.200 F1800 A2.12783; Inset 
G1 X-2.881 Y-3.808 Z0.200 F1800 A2.15655; Inset 
G1 X-3.033 Y-4.297 Z0.200 F1800 A2.17443; Inset 
G1 X-3.138 Y-4.418 Z0.200 F1800 A2.18005; Inset 
G1 X-3.285 Y-4.500 Z0.200 F1800 A2.18594; Inset 
G1 X-3.451 Y-4.529 Z0.200 F1800 A2.19183; Inset 
G1 X-3.618 Y-4.501 Z0.200 F1800 A2.19773; Inset 
G1 X-3.765 Y-4.419 Z0.200 F1800 A2.20362; Inset 
G1 X-3.871 Y-4.298 Z0.200 F1800 A2.20924; Inset 
G1 X-4.025 Y-3.810 Z0.200 F1800 A2.22712; Inset 
G1 X-4.794 Y-4.100 Z0.200 F1800 A2.25584; Inset 
G1 X-5.207 Y-4.351 Z0.200 F1800 A2.27274; Inset 
G1 X-5.572 Y-4.664 Z0.200 F1800 A2.28956; Inset 
G1 X-5.884 Y-5.031 Z0.200 F1800 A2.30638; Inset 
G1 X-6.133 Y-5.445 Z0.200 F1800 A2.32328; Inset 
G1 X-6.427 Y-6.233 Z0.200 F1800 A2.35270; Inset 
G1 X-6.005 Y-6.325 Z0.200 F1800 A2.36779; Inset 
G1 X-5.811 Y-6.472 Z0.200 F1800 A2.37633; Inset 
G1 X-5.728 Y-6.619 Z0.200 F1800 A2.38222; Inset 
G1 X-5.699 Y-6.785 Z0.200 F1800 A2.38811; Inset 
G1 X-5.757 Y-7.022 Z0.200 F1800 A2.39663; Inset 
G1 X-5.868 Y-7.160 Z0.200 F1800 A2.40283; Inset 
G1 X-6.012 Y-7.249 Z0.200 F1800 A2.40873; Inset 
G1 X-6.426 Y-7.339 Z0.200 F1800 A2.42355; Inset 
G1 X-6.129 Y-8.128 Z0.200 F1800 A2.45302; Inset 
G1 X-5.878 Y-8.541 Z0.200 F1800 A2.46994; Inset 
G1 X-5.565 Y-8.907 Z0.200 F1800 A2.48676; Inset 
G1 X-5.198 Y-9.218 Z0.200 F1800 A2.50359; Inset 
G1 X-5.198 Y-9.218 Z0.200 F1500 A1.20359; Retract 
G1 X-5.198 Y-9.218 Z0.200 F3000; Retract 
G1 X-6.426 Y-10.732 Z0.200 F9000; Travel Move 
G1 X-6.426 Y-10.732 Z0.200 F1500 A2.50359; Restart 
G1 X-6.863 Y-10.361 Z0.200 F1800 A2.52363; Inset 
G1 X-7.254 Y-9.941 Z0.200 F1800 A2.54368; Inset 
G1 X-7.594 Y-9.480 Z0.200 F1800 A2.56373; Inset 
G1 X-7.879 Y-8.982 Z0.200 F1800 A2.58377; Inset 
G1 X-8.104 Y-8.454 Z0.200 F1800 A2.60382; Inset 
G1 X-8.266 Y-7.904 Z0.200 F1800 A2.62387; Inset 
G1 X-8.364 Y-7.339 Z0.200 F1800 A2.64391; Inset 
G1 X-8.395 Y-6.767 Z0.200 F1800 A2.66396; Inset 
G1 X-8.360 Y-6.194 Z0.200 F1800 A2.68401; Inset 
G1 X-8.259 Y-5.630 Z0.200 F1800 A2.70405; Inset 
G1 X-8.094 Y-5.081 Z0.200 F1800 A2.72410; Inset 
G1 X-7.866 Y-4.555 Z0.200 F1800 A2.74415; Inset 
G1 X-7.579 Y-4.058 Z0.200 F1800 A2.76420; Inset 
G1 X-7.236 Y-3.599 Z0.200 F1800 A2.78424; Inset 
G1 X-6.842 Y-3.182 Z0.200 F1800 A2.80429; Inset 
G1 X-6.403 Y-2.813 Z0.200 F1800 A2.82433; Inset 
G1 X-5.924 Y-2.498 Z0.200 F1800 A2.84438; Inset 
G1 X-5.412 Y-2.240 Z0.200 F1800 A2.86443; Inset 
G1 X-4.873 Y-2.043 Z0.200 F1800 A2.88448; Inset 
G1 X-4.316 Y-1.910 Z0.200 F1800 A2.90452; Inset 
G1 X-3.746 Y-1.842 Z0.200 F1800 A2.92457; Inset 
G1 X-3.173 Y-1.841 Z0.200 F1800 A2.94462; Inset 
G1 X-2.603 Y-1.906 Z0.200 F1800 A2.96466; Inset 
G1 X-2.045 Y-2.036 Z0.200 F1800 A2.98471; Inset 
G1 X-1.505 Y-2.230 Z0.200 F1800 A3.00476; Inset 
G1 X-0.992 Y-2.486 Z0.200 F1800 A3.02481; Inset 
G1 X-0.511 Y-2.798 Z0.200 F1800 A3.04485; Inset 
G1 X-0.070 Y-3.165 Z0.200 F1800 A3.06490; Inset 
G1 X0.314 Y-3.568 Z0.200 F1800 A3.08436; Inset 
G1 X1.037 Y-4.597 Z0.200 F1800 A3.12831; Inset 
G1 X1.471 Y-4.822 Z0.200 F1800 A3.14543; Inset 
G1 X14.908 Y-4.796 Z0.200 F1800 A3.61518; Inset 
M73 P1; Update Progress 
G1 X14.405 Y-4.929 Z0.200 F1800 A3.63338; Inset 
G1 X13.953 Y-5.163 Z0.200 F1800 A3.65117; Inset 
G1 X13.378 Y-5.694 Z0.200 F1800 A3.67853; Inset 
G1 X13.277 Y-5.831 Z0.200 F1800 A3.68448; Inset 
G1 X12.973 Y-6.436 Z0.200 F1800 A3.70815; Inset 
G1 X12.924 Y-6.599 Z0.200 F1800 A3.71410; Inset 
G1 X12.842 Y-7.250 Z0.200 F1800 A3.73703; Inset 
G1 X12.891 Y-7.756 Z0.200 F1800 A3.75482; Inset 
G1 X13.161 Y-8.468 Z0.200 F1800 A3.78143; Inset 
G1 X13.452 Y-8.886 Z0.200 F1800 A3.79921; Inset 
G1 X14.051 Y-9.389 Z0.200 F1800 A3.82657; Inset 
G1 X14.200 Y-9.472 Z0.200 F1800 A3.83252; Inset 
G1 X14.819 Y-9.689 Z0.200 F1800 A3.85545; Inset 
G1 X15.324 Y-9.747 Z0.200 F1800 A3.87324; Inset 
G1 X16.098 Y-9.629 Z0.200 F1800 A3.90059; Inset 
G1 X16.258 Y-9.572 Z0.200 F1800 A3.90655; Inset 
G1 X16.849 Y-9.241 Z0.200 F1800 A3.93022; Inset 
G1 X16.981 Y-9.134 Z0.200 F1800 A3.93617; Inset 
G1 X17.427 Y-8.625 Z0.200 F1800 A3.95985; Inset 
G1 X17.540 Y-8.419 Z0.200 F1800 A3.96804; Inset 
G1 X18.429 Y-13.225 Z0.200 F1800 A4.13892; Inset 
G1 X18.551 Y-13.624 Z0.200 F1800 A4.15348; Inset 
G1 X18.891 Y-14.176 Z0.200 F1800 A4.17613; Inset 
G1 X19.301 Y-14.537 Z0.200 F1800 A4.19524; Inset 
G1 X22.141 Y-16.357 Z0.200 F1800 A4.31317; Inset 
G1 X21.329 Y-17.053 Z0.200 F1800 A4.35056; Inset 
G1 X20.734 Y-17.449 Z0.200 F1800 A4.37557; Inset 
G1 X18.334 Y-18.602 Z0.200 F1800 A4.46864; Inset 
G1 X18.033 Y-19.038 Z0.200 F1800 A4.48717; Inset 
G1 X17.714 Y-22.680 Z0.200 F1800 A4.61496; Inset 
G1 X17.126 Y-22.583 Z0.200 F1800 A4.63578; Inset 
G1 X17.650 Y-16.557 Z0.200 F1800 A4.84723; Inset 
G1 X17.642 Y-15.886 Z0.200 F1800 A4.87069; Inset 
G1 X17.494 Y-15.094 Z0.200 F1800 A4.89889; Inset 
G1 X17.236 Y-14.419 Z0.200 F1800 A4.92412; Inset 
G1 X16.868 Y-13.798 Z0.200 F1800 A4.94936; Inset 
G1 X16.461 Y-13.309 Z0.200 F1800 A4.97163; Inset 
G1 X15.916 Y-12.835 Z0.200 F1800 A4.99686; Inset 
G1 X15.299 Y-12.460 Z0.200 F1800 A5.02210; Inset 
G1 X14.546 Y-12.171 Z0.200 F1800 A5.05029; Inset 
G1 X13.837 Y-12.037 Z0.200 F1800 A5.07553; Inset 
G1 X13.200 Y-12.020 Z0.200 F1800 A5.09780; Inset 
G1 X12.485 Y-12.116 Z0.200 F1800 A5.12304; Inset 
G1 X11.717 Y-12.365 Z0.200 F1800 A5.15123; Inset 
G1 X11.082 Y-12.706 Z0.200 F1800 A5.17647; Inset 
G1 X10.513 Y-13.150 Z0.200 F1800 A5.20170; Inset 
G1 X10.027 Y-13.684 Z0.200 F1800 A5.22694; Inset 
G1 X9.639 Y-14.293 Z0.200 F1800 A5.25217; Inset 
G1 X9.359 Y-14.958 Z0.200 F1800 A5.27741; Inset 
G1 X9.197 Y-15.648 Z0.200 F1800 A5.30217; Inset 
G1 X8.795 Y-20.274 Z0.200 F1800 A5.46452; Inset 
G1 X8.213 Y-20.044 Z0.200 F1800 A5.48640; Inset 
G1 X8.968 Y-11.357 Z0.200 F1800 A5.79123; Inset 
G1 X8.372 Y-10.708 Z0.200 F1800 A5.82203; Inset 
G1 X-0.262 Y-10.725 Z0.200 F1800 A6.12387; Inset 
G1 X-0.501 Y-10.786 Z0.200 F1800 A6.13251; Inset 
G1 X-1.550 Y-11.350 Z0.200 F1800 A6.17413; Inset 
G1 X-2.072 Y-11.534 Z0.200 F1800 A6.19351; Inset 
G1 X-2.631 Y-11.661 Z0.200 F1800 A6.21356; Inset 
G1 X-3.201 Y-11.723 Z0.200 F1800 A6.23360; Inset 
G1 X-3.775 Y-11.718 Z0.200 F1800 A6.25365; Inset 
G1 X-4.344 Y-11.647 Z0.200 F1800 A6.27370; Inset 
G1 X-4.901 Y-11.511 Z0.200 F1800 A6.29374; Inset 
G1 X-5.438 Y-11.311 Z0.200 F1800 A6.31379; Inset 
G1 X-5.949 Y-11.050 Z0.200 F1800 A6.33384; Inset 
G1 X-6.426 Y-10.732 Z0.200 F1800 A6.35389; Inset 
G1 X-6.426 Y-10.732 Z0.200 F1500 A5.05389; Retract 
G1 X-6.426 Y-10.732 Z0.200 F3000; Retract 
G1 X14.275 Y-9.056 Z0.200 F9000; Travel Move 
G1 X14.275 Y-9.056 Z0.200 F1500 A6.35389; Restart 
G1 X14.365 Y-9.105 Z0.200 F1800 A6.35746; Inset 
G1 X15.002 Y-9.319 Z0.200 F1800 A6.38096; Inset 
G1 X15.408 Y-9.343 Z0.200 F1800 A6.39519; Inset 
G1 X16.092 Y-9.207 Z0.200 F1800 A6.41956; Inset 
G1 X16.703 Y-8.844 Z0.200 F1800 A6.44438; Inset 
G1 X17.158 Y-8.299 Z0.200 F1800 A6.46921; Inset 
G1 X17.405 Y-7.634 Z0.200 F1800 A6.49403; Inset 
G1 X17.430 Y-7.025 Z0.200 F1800 A6.51532; Inset 
G1 X17.237 Y-6.342 Z0.200 F1800 A6.54014; Inset 
G1 X16.828 Y-5.762 Z0.200 F1800 A6.56497; Inset 
G1 X16.248 Y-5.351 Z0.200 F1800 A6.58979; Inset 
G1 X15.578 Y-5.160 Z0.200 F1800 A6.61416; Inset 
G1 X15.095 Y-5.161 Z0.200 F1800 A6.63104; Inset 
G1 X14.460 Y-5.338 Z0.200 F1800 A6.65410; Inset 
G1 X14.110 Y-5.545 Z0.200 F1800 A6.66832; Inset 
G1 X13.619 Y-6.041 Z0.200 F1800 A6.69270; Inset 
G1 X13.317 Y-6.683 Z0.200 F1800 A6.71752; Inset 
G1 X13.242 Y-7.351 Z0.200 F1800 A6.74102; Inset 
G1 X13.304 Y-7.753 Z0.200 F1800 A6.75525; Inset 
G1 X13.523 Y-8.294 Z0.200 F1800 A6.77565; Inset 
G1 X13.758 Y-8.627 Z0.200 F1800 A6.78988; Inset 
G1 X14.275 Y-9.056 Z0.200 F1800 A6.81338; Inset 
G1 X14.275 Y-9.056 Z0.200 F1500 A5.51338; Retract 
G1 X14.275 Y-9.056 Z0.200 F3000; Retract 
G1 X14.513 Y-8.734 Z0.200 F9000; Travel Move 
G1 X14.513 Y-8.734 Z0.200 F1500 A6.81338; Restart 
G1 X15.048 Y-8.921 Z0.200 F1800 A6.83320; Inset 
G1 X15.352 Y-8.947 Z0.200 F1800 A6.84389; Inset 
G1 X15.911 Y-8.850 Z0.200 F1800 A6.86371; Inset 
G1 X16.413 Y-8.568 Z0.200 F1800 A6.88383; Inset 
G1 X16.792 Y-8.135 Z0.200 F1800 A6.90395; Inset 
G1 X17.006 Y-7.601 Z0.200 F1800 A6.92407; Inset 
G1 X17.029 Y-7.026 Z0.200 F1800 A6.94420; Inset 
G1 X16.860 Y-6.476 Z0.200 F1800 A6.96432; Inset 
G1 X16.517 Y-6.014 Z0.200 F1800 A6.98444; Inset 
G1 X16.039 Y-5.692 Z0.200 F1800 A7.00456; Inset 
G1 X15.490 Y-5.550 Z0.200 F1800 A7.02438; Inset 
G1 X15.184 Y-5.551 Z0.200 F1800 A7.03507; Inset 
G1 X14.645 Y-5.693 Z0.200 F1800 A7.05458; Inset 
G1 X14.378 Y-5.842 Z0.200 F1800 A7.06527; Inset 
G1 X13.969 Y-6.235 Z0.200 F1800 A7.08509; Inset 
G1 X13.711 Y-6.750 Z0.200 F1800 A7.10521; Inset 
G1 X13.640 Y-7.312 Z0.200 F1800 A7.12503; Inset 
G1 X13.680 Y-7.615 Z0.200 F1800 A7.13571; Inset 
G1 X13.889 Y-8.133 Z0.200 F1800 A7.15523; Inset 
G1 X14.071 Y-8.378 Z0.200 F1800 A7.16592; Inset 
G1 X14.513 Y-8.734 Z0.200 F1800 A7.18573; Inset 
G1 X14.513 Y-8.734 Z0.200 F1500 A5.88573; Retract 
G1 X14.513 Y-8.734 Z0.200 F3000; Retract 
G1 X-6.667 Y-11.052 Z0.200 F9000; Travel Move 
G1 X-6.667 Y-11.052 Z0.200 F1500 A7.18573; Restart 
G1 X-7.140 Y-10.651 Z0.200 F1800 A7.20740; Inset 
G1 X-7.563 Y-10.197 Z0.200 F1800 A7.22907; Inset 
G1 X-7.930 Y-9.698 Z0.200 F1800 A7.25074; Inset 
G1 X-8.238 Y-9.160 Z0.200 F1800 A7.27241; Inset 
G1 X-8.481 Y-8.590 Z0.200 F1800 A7.29409; Inset 
G1 X-8.656 Y-7.995 Z0.200 F1800 A7.31575; Inset 
G1 X-8.762 Y-7.385 Z0.200 F1800 A7.33742; Inset 
G1 X-8.796 Y-6.766 Z0.200 F1800 A7.35909; Inset 
G1 X-8.758 Y-6.147 Z0.200 F1800 A7.38077; Inset 
G1 X-8.649 Y-5.537 Z0.200 F1800 A7.40243; Inset 
G1 X-8.470 Y-4.943 Z0.200 F1800 A7.42411; Inset 
G1 X-8.224 Y-4.374 Z0.200 F1800 A7.44578; Inset 
G1 X-7.913 Y-3.838 Z0.200 F1800 A7.46744; Inset 
G1 X-7.543 Y-3.341 Z0.200 F1800 A7.48912; Inset 
M73 P2; Update Progress 
G1 X-7.117 Y-2.890 Z0.200 F1800 A7.51079; Inset 
G1 X-6.642 Y-2.492 Z0.200 F1800 A7.53246; Inset 
G1 X-6.125 Y-2.151 Z0.200 F1800 A7.55413; Inset 
G1 X-5.571 Y-1.872 Z0.200 F1800 A7.57579; Inset 
G1 X-4.989 Y-1.659 Z0.200 F1800 A7.59747; Inset 
G1 X-4.386 Y-1.516 Z0.200 F1800 A7.61914; Inset 
G1 X-3.770 Y-1.442 Z0.200 F1800 A7.64081; Inset 
G1 X-3.151 Y-1.441 Z0.200 F1800 A7.66247; Inset 
G1 X-2.535 Y-1.511 Z0.200 F1800 A7.68415; Inset 
G1 X-1.931 Y-1.652 Z0.200 F1800 A7.70582; Inset 
G1 X-1.348 Y-1.862 Z0.200 F1800 A7.72749; Inset 
G1 X-0.793 Y-2.138 Z0.200 F1800 A7.74916; Inset 
G1 X-0.273 Y-2.476 Z0.200 F1800 A7.77083; Inset 
G1 X0.203 Y-2.872 Z0.200 F1800 A7.79250; Inset 
G1 X0.624 Y-3.313 Z0.200 F1800 A7.81382; Inset 
G1 X1.308 Y-4.287 Z0.200 F1800 A7.85539; Inset 
G1 X1.568 Y-4.422 Z0.200 F1800 A7.86566; Inset 
G1 X15.221 Y-4.396 Z0.200 F1800 A8.34294; Inset 
G1 X15.605 Y-4.425 Z0.200 F1800 A8.35641; Inset 
G1 X15.957 Y-4.507 Z0.200 F1800 A8.36907; Inset 
G1 X16.293 Y-4.643 Z0.200 F1800 A8.38174; Inset 
G1 X16.604 Y-4.829 Z0.200 F1800 A8.39440; Inset 
G1 X16.883 Y-5.060 Z0.200 F1800 A8.40706; Inset 
G1 X17.123 Y-5.332 Z0.200 F1800 A8.41972; Inset 
G1 X17.318 Y-5.637 Z0.200 F1800 A8.43239; Inset 
G1 X17.464 Y-5.968 Z0.200 F1800 A8.44505; Inset 
G1 X17.563 Y-6.341 Z0.200 F1800 A8.45852; Inset 
G1 X18.821 Y-13.145 Z0.200 F1800 A8.70042; Inset 
G1 X18.912 Y-13.450 Z0.200 F1800 A8.71156; Inset 
G1 X19.183 Y-13.900 Z0.200 F1800 A8.72992; Inset 
G1 X19.531 Y-14.209 Z0.200 F1800 A8.74617; Inset 
G1 X22.810 Y-16.310 Z0.200 F1800 A8.88234; Inset 
G1 X21.571 Y-17.373 Z0.200 F1800 A8.93939; Inset 
G1 X20.932 Y-17.798 Z0.200 F1800 A8.96622; Inset 
G1 X18.603 Y-18.917 Z0.200 F1800 A9.05656; Inset 
G1 X18.422 Y-19.179 Z0.200 F1800 A9.06768; Inset 
G1 X18.113 Y-22.734 Z0.200 F1800 A9.19244; Inset 
G1 X18.066 Y-22.914 Z0.200 F1800 A9.19895; Inset 
G1 X17.971 Y-23.021 Z0.200 F1800 A9.20398; Inset 
G1 X17.873 Y-23.075 Z0.200 F1800 A9.20787; Inset 
G1 X17.765 Y-23.094 Z0.200 F1800 A9.21169; Inset 
G1 X16.695 Y-22.918 Z0.200 F1800 A9.24959; Inset 
G1 X17.251 Y-16.533 Z0.200 F1800 A9.47365; Inset 
G1 X17.238 Y-15.859 Z0.200 F1800 A9.49722; Inset 
G1 X17.113 Y-15.217 Z0.200 F1800 A9.52008; Inset 
G1 X16.903 Y-14.651 Z0.200 F1800 A9.54117; Inset 
G1 X16.579 Y-14.083 Z0.200 F1800 A9.56403; Inset 
G1 X16.164 Y-13.578 Z0.200 F1800 A9.58689; Inset 
G1 X15.669 Y-13.150 Z0.200 F1800 A9.60975; Inset 
G1 X15.110 Y-12.812 Z0.200 F1800 A9.63261; Inset 
G1 X14.501 Y-12.574 Z0.200 F1800 A9.65548; Inset 
G1 X13.860 Y-12.442 Z0.200 F1800 A9.67834; Inset 
G1 X13.206 Y-12.421 Z0.200 F1800 A9.70120; Inset 
G1 X12.559 Y-12.510 Z0.200 F1800 A9.72406; Inset 
G1 X11.935 Y-12.707 Z0.200 F1800 A9.74692; Inset 
G1 X11.354 Y-13.007 Z0.200 F1800 A9.76979; Inset 
G1 X10.794 Y-13.435 Z0.200 F1800 A9.79442; Inset 
G1 X10.353 Y-13.917 Z0.200 F1800 A9.81728; Inset 
G1 X9.999 Y-14.467 Z0.200 F1800 A9.84015; Inset 
G1 X9.743 Y-15.069 Z0.200 F1800 A9.86301; Inset 
G1 X9.594 Y-15.697 Z0.200 F1800 A9.88558; Inset 
G1 X9.147 Y-20.844 Z0.200 F1800 A10.06617; Inset 
G1 X7.974 Y-20.379 Z0.200 F1800 A10.11027; Inset 
G1 X7.841 Y-20.221 Z0.200 F1800 A10.11749; Inset 
G1 X7.812 Y-20.038 Z0.200 F1800 A10.12396; Inset 
G1 X8.554 Y-11.498 Z0.200 F1800 A10.42367; Inset 
G1 X8.197 Y-11.109 Z0.200 F1800 A10.44214; Inset 
G1 X-0.212 Y-11.125 Z0.200 F1800 A10.73610; Inset 
G1 X-0.355 Y-11.161 Z0.200 F1800 A10.74128; Inset 
G1 X-1.387 Y-11.717 Z0.200 F1800 A10.78226; Inset 
G1 X-1.961 Y-11.919 Z0.200 F1800 A10.80352; Inset 
G1 X-2.565 Y-12.057 Z0.200 F1800 A10.82519; Inset 
G1 X-3.182 Y-12.123 Z0.200 F1800 A10.84686; Inset 
G1 X-3.801 Y-12.118 Z0.200 F1800 A10.86853; Inset 
G1 X-4.416 Y-12.041 Z0.200 F1800 A10.89020; Inset 
G1 X-5.019 Y-11.894 Z0.200 F1800 A10.91187; Inset 
G1 X-5.600 Y-11.678 Z0.200 F1800 A10.93355; Inset 
G1 X-6.152 Y-11.396 Z0.200 F1800 A10.95521; Inset 
G1 X-6.667 Y-11.052 Z0.200 F1800 A10.97689; Inset 
G1 X-6.667 Y-11.052 Z0.200 F1500 A9.67689; Retract 
G1 X-6.667 Y-11.052 Z0.200 F3000; Retract 
G1 X-6.909 Y-11.372 Z0.200 F9000; Travel Move 
G1 X-6.909 Y-11.372 Z0.200 F1500 A10.97689; Restart 
G1 X-7.416 Y-10.941 Z0.200 F1800 A11.00018; Inset 
G1 X-7.871 Y-10.453 Z0.200 F1800 A11.02347; Inset 
G1 X-8.266 Y-9.917 Z0.200 F1800 A11.04677; Inset 
G1 X-8.597 Y-9.338 Z0.200 F1800 A11.07006; Inset 
G1 X-8.858 Y-8.725 Z0.200 F1800 A11.09336; Inset 
G1 X-9.046 Y-8.086 Z0.200 F1800 A11.11665; Inset 
G1 X-9.160 Y-7.430 Z0.200 F1800 A11.13994; Inset 
G1 X-9.196 Y-6.764 Z0.200 F1800 A11.16324; Inset 
G1 X-9.156 Y-6.099 Z0.200 F1800 A11.18653; Inset 
G1 X-9.039 Y-5.443 Z0.200 F1800 A11.20982; Inset 
G1 X-8.846 Y-4.806 Z0.200 F1800 A11.23312; Inset 
G1 X-8.582 Y-4.194 Z0.200 F1800 A11.25641; Inset 
G1 X-8.248 Y-3.617 Z0.200 F1800 A11.27971; Inset 
G1 X-7.850 Y-3.083 Z0.200 F1800 A11.30300; Inset 
G1 X-7.392 Y-2.599 Z0.200 F1800 A11.32629; Inset 
G1 X-6.882 Y-2.170 Z0.200 F1800 A11.34958; Inset 
G1 X-6.325 Y-1.804 Z0.200 F1800 A11.37288; Inset 
G1 X-5.730 Y-1.505 Z0.200 F1800 A11.39617; Inset 
G1 X-5.104 Y-1.276 Z0.200 F1800 A11.41947; Inset 
G1 X-4.456 Y-1.121 Z0.200 F1800 A11.44276; Inset 
G1 X-3.795 Y-1.042 Z0.200 F1800 A11.46606; Inset 
G1 X-3.128 Y-1.041 Z0.200 F1800 A11.48935; Inset 
G1 X-2.466 Y-1.116 Z0.200 F1800 A11.51264; Inset 
G1 X-1.817 Y-1.268 Z0.200 F1800 A11.53593; Inset 
G1 X-1.190 Y-1.493 Z0.200 F1800 A11.55923; Inset 
G1 X-0.594 Y-1.790 Z0.200 F1800 A11.58252; Inset 
G1 X-0.035 Y-2.153 Z0.200 F1800 A11.60582; Inset 
G1 X0.477 Y-2.579 Z0.200 F1800 A11.62911; Inset 
G1 X0.934 Y-3.059 Z0.200 F1800 A11.65229; Inset 
G1 X1.610 Y-4.022 Z0.200 F1800 A11.69341; Inset 
G1 X15.235 Y-3.996 Z0.200 F1800 A12.16973; Inset 
M73 P3; Update Progress 
G1 X15.666 Y-4.028 Z0.200 F1800 A12.18483; Inset 
G1 X16.079 Y-4.125 Z0.200 F1800 A12.19965; Inset 
G1 X16.472 Y-4.284 Z0.200 F1800 A12.21448; Inset 
G1 X16.836 Y-4.501 Z0.200 F1800 A12.22931; Inset 
G1 X17.162 Y-4.772 Z0.200 F1800 A12.24414; Inset 
G1 X17.443 Y-5.090 Z0.200 F1800 A12.25896; Inset 
G1 X17.671 Y-5.447 Z0.200 F1800 A12.27379; Inset 
G1 X17.842 Y-5.836 Z0.200 F1800 A12.28861; Inset 
G1 X17.953 Y-6.253 Z0.200 F1800 A12.30371; Inset 
G1 X19.214 Y-13.068 Z0.200 F1800 A12.54600; Inset 
G1 X19.267 Y-13.265 Z0.200 F1800 A12.55315; Inset 
G1 X19.463 Y-13.614 Z0.200 F1800 A12.56713; Inset 
G1 X19.753 Y-13.876 Z0.200 F1800 A12.58082; Inset 
G1 X23.175 Y-16.069 Z0.200 F1800 A12.72289; Inset 
G1 X23.281 Y-16.183 Z0.200 F1800 A12.72831; Inset 
G1 X23.305 Y-16.334 Z0.200 F1800 A12.73366; Inset 
G1 X23.219 Y-16.486 Z0.200 F1800 A12.73978; Inset 
G1 X21.813 Y-17.692 Z0.200 F1800 A12.80454; Inset 
G1 X21.130 Y-18.146 Z0.200 F1800 A12.83319; Inset 
G1 X18.816 Y-19.258 Z0.200 F1800 A12.92294; Inset 
G1 X18.508 Y-22.801 Z0.200 F1800 A13.04727; Inset 
G1 X18.442 Y-23.061 Z0.200 F1800 A13.05667; Inset 
G1 X18.221 Y-23.341 Z0.200 F1800 A13.06912; Inset 
G1 X18.007 Y-23.458 Z0.200 F1800 A13.07764; Inset 
G1 X17.767 Y-23.499 Z0.200 F1800 A13.08614; Inset 
G1 X16.265 Y-23.252 Z0.200 F1800 A13.13937; Inset 
G1 X16.852 Y-16.503 Z0.200 F1800 A13.37620; Inset 
G1 X16.843 Y-15.924 Z0.200 F1800 A13.39646; Inset 
G1 X16.735 Y-15.348 Z0.200 F1800 A13.41695; Inset 
G1 X16.531 Y-14.798 Z0.200 F1800 A13.43744; Inset 
G1 X16.238 Y-14.291 Z0.200 F1800 A13.45794; Inset 
G1 X15.862 Y-13.841 Z0.200 F1800 A13.47843; Inset 
G1 X15.416 Y-13.460 Z0.200 F1800 A13.49892; Inset 
G1 X14.912 Y-13.161 Z0.200 F1800 A13.51941; Inset 
G1 X14.365 Y-12.951 Z0.200 F1800 A13.53990; Inset 
G1 X13.790 Y-12.836 Z0.200 F1800 A13.56040; Inset 
G1 X13.204 Y-12.821 Z0.200 F1800 A13.58089; Inset 
G1 X12.624 Y-12.904 Z0.200 F1800 A13.60138; Inset 
G1 X12.066 Y-13.085 Z0.200 F1800 A13.62188; Inset 
G1 X11.547 Y-13.357 Z0.200 F1800 A13.64237; Inset 
G1 X11.082 Y-13.713 Z0.200 F1800 A13.66286; Inset 
G1 X10.683 Y-14.143 Z0.200 F1800 A13.68335; Inset 
G1 X10.363 Y-14.634 Z0.200 F1800 A13.70385; Inset 
G1 X10.130 Y-15.172 Z0.200 F1800 A13.72434; Inset 
G1 X9.992 Y-15.740 Z0.200 F1800 A13.74477; Inset 
G1 X9.499 Y-21.413 Z0.200 F1800 A13.94386; Inset 
G1 X7.764 Y-20.726 Z0.200 F1800 A14.00909; Inset 
G1 X7.587 Y-20.575 Z0.200 F1800 A14.01723; Inset 
G1 X7.466 Y-20.374 Z0.200 F1800 A14.02543; Inset 
G1 X7.412 Y-20.019 Z0.200 F1800 A14.03796; Inset 
G1 X8.152 Y-11.509 Z0.200 F1800 A14.33662; Inset 
G1 X-0.187 Y-11.525 Z0.200 F1800 A14.62814; Inset 
G1 X-1.225 Y-12.083 Z0.200 F1800 A14.66936; Inset 
G1 X-1.850 Y-12.304 Z0.200 F1800 A14.69251; Inset 
G1 X-2.499 Y-12.452 Z0.200 F1800 A14.71581; Inset 
G1 X-3.162 Y-12.523 Z0.200 F1800 A14.73910; Inset 
G1 X-3.828 Y-12.518 Z0.200 F1800 A14.76240; Inset 
G1 X-4.489 Y-12.435 Z0.200 F1800 A14.78569; Inset 
G1 X-5.136 Y-12.277 Z0.200 F1800 A14.80899; Inset 
G1 X-5.761 Y-12.044 Z0.200 F1800 A14.83228; Inset 
G1 X-6.354 Y-11.741 Z0.200 F1800 A14.85557; Inset 
G1 X-6.909 Y-11.372 Z0.200 F1800 A14.87887; Inset 
G1 X-6.909 Y-11.372 Z0.200 F1500 A13.57887; Retract 
G1 X-6.909 Y-11.372 Z0.200 F3000; Retract 
G1 X-6.201 Y-10.538 Z0.200 F9000; Travel Move 
G1 X-6.201 Y-10.538 Z0.200 F1500 A14.87887; Restart 
G1 X-5.787 Y-10.124 Z0.200 F1800 A14.89935; Infill 
G1 X-6.098 Y-9.875 Z0.200 F1800 A14.91328; Connection 
G1 X-6.509 Y-10.286 Z0.200 F1800 A14.93361; Infill 
G1 X-6.796 Y-10.013 Z0.200 F1800 A14.94746; Connection 
G1 X-6.393 Y-9.610 Z0.200 F1800 A14.96740; Infill 
G1 X-6.648 Y-9.305 Z0.200 F1800 A14.98130; Connection 
G1 X-7.063 Y-9.719 Z0.200 F1800 A15.00181; Infill 
G1 X-7.300 Y-9.397 Z0.200 F1800 A15.01581; Connection 
G1 X-6.881 Y-8.977 Z0.200 F1800 A15.03655; Infill 
G1 X-7.089 Y-8.625 Z0.200 F1800 A15.05085; Connection 
G1 X-7.512 Y-9.048 Z0.200 F1800 A15.07177; Infill 
G1 X-7.699 Y-8.675 Z0.200 F1800 A15.08635; Connection 
G1 X-7.252 Y-8.228 Z0.200 F1800 A15.10845; Infill 
G1 X-7.405 Y-7.821 Z0.200 F1800 A15.12365; Connection 
G1 X-7.858 Y-8.275 Z0.200 F1800 A15.14607; Infill 
G1 X-7.986 Y-7.843 Z0.200 F1800 A15.16183; Connection 
G1 X-7.540 Y-7.397 Z0.200 F1800 A15.18387; Infill 
G1 X-8.069 Y-7.365 Z0.200 F1800 A15.20239; Connection 
G1 X-7.330 Y-6.626 Z0.200 F1800 A15.23892; Infill 
G1 X-7.528 Y-6.264 Z0.200 F1800 A15.25335; Connection 
G1 X-8.105 Y-6.841 Z0.200 F1800 A15.28187; Infill 
G1 X-8.077 Y-6.254 Z0.200 F1800 A15.30243; Connection 
G1 X-7.306 Y-5.483 Z0.200 F1800 A15.34054; Infill 
G1 X-7.938 Y-5.554 Z0.200 F1800 A15.36275; Connection 
G1 X-6.707 Y-4.323 Z0.200 F1800 A15.42361; Infill 
G1 X-7.587 Y-4.643 Z0.200 F1800 A15.45633; Connection 
G1 X-5.597 Y-2.653 Z0.200 F1800 A15.55470; Infill 
G1 X-5.939 Y-3.555 Z0.200 F1800 A15.58840; Connection 
G1 X-4.673 Y-2.289 Z0.200 F1800 A15.65097; Infill 
G1 X-4.745 Y-2.921 Z0.200 F1800 A15.67321; Connection 
G1 X-3.982 Y-2.158 Z0.200 F1800 A15.71094; Infill 
G1 X-3.986 Y-2.723 Z0.200 F1800 A15.73067; Connection 
G1 X-3.391 Y-2.127 Z0.200 F1800 A15.76011; Infill 
G1 X-2.867 Y-2.163 Z0.200 F1800 A15.77847; Connection 
G1 X-3.610 Y-2.906 Z0.200 F1800 A15.81518; Infill 
G1 X-2.841 Y-2.697 Z0.200 F1800 A15.84302; Connection 
G1 X-2.392 Y-2.249 Z0.200 F1800 A15.86521; Infill 
G1 X-1.956 Y-2.372 Z0.200 F1800 A15.88107; Connection 
G1 X-2.409 Y-2.825 Z0.200 F1800 A15.90348; Infill 
G1 X-2.001 Y-2.977 Z0.200 F1800 A15.91870; Connection 
G1 X-1.551 Y-2.527 Z0.200 F1800 A15.94096; Infill 
G1 X-1.176 Y-2.713 Z0.200 F1800 A15.95556; Connection 
G1 X-1.605 Y-3.142 Z0.200 F1800 A15.97677; Infill 
G1 X-1.255 Y-3.352 Z0.200 F1800 A15.99104; Connection 
G1 X-0.833 Y-2.930 Z0.200 F1800 A16.01189; Infill 
G1 X-0.512 Y-3.169 Z0.200 F1800 A16.02588; Connection 
G1 X-0.923 Y-3.579 Z0.200 F1800 A16.04615; Infill 
G1 X-0.622 Y-3.839 Z0.200 F1800 A16.06003; Connection 
G1 X-0.213 Y-3.429 Z0.200 F1800 A16.08028; Infill 
G1 X0.060 Y-3.716 Z0.200 F1800 A16.09413; Connection 
G1 X-0.354 Y-4.131 Z0.200 F1800 A16.11462; Infill 
G1 X-0.101 Y-4.438 Z0.200 F1800 A16.12853; Connection 
M73 P4; Update Progress 
G1 X0.296 Y-4.040 Z0.200 F1800 A16.14820; Infill 
G1 X0.527 Y-4.369 Z0.200 F1800 A16.16226; Connection 
G1 X0.106 Y-4.790 Z0.200 F1800 A16.18308; Infill 
G1 X0.292 Y-5.164 Z0.200 F1800 A16.19768; Connection 
G1 X0.758 Y-4.698 Z0.200 F1800 A16.22073; Infill 
G1 X1.077 Y-4.940 Z0.200 F1800 A16.23470; Connection 
G1 X0.446 Y-5.571 Z0.200 F1800 A16.26591; Infill 
G1 X0.599 Y-5.978 Z0.200 F1800 A16.28111; Connection 
G1 X1.469 Y-5.108 Z0.200 F1800 A16.32411; Infill 
G1 X2.030 Y-5.107 Z0.200 F1800 A16.34373; Connection 
G1 X0.355 Y-6.782 Z0.200 F1800 A16.42655; Infill 
G1 X0.552 Y-7.145 Z0.200 F1800 A16.44099; Connection 
G1 X2.591 Y-5.106 Z0.200 F1800 A16.54181; Infill 
G1 X3.152 Y-5.105 Z0.200 F1800 A16.56142; Connection 
G1 X0.552 Y-7.705 Z0.200 F1800 A16.68996; Infill 
G1 X0.195 Y-8.622 Z0.200 F1800 A16.72438; Connection 
G1 X3.713 Y-5.104 Z0.200 F1800 A16.89833; Infill 
G1 X4.274 Y-5.103 Z0.200 F1800 A16.91795; Connection 
G1 X-1.735 Y-11.112 Z0.200 F1800 A17.21504; Infill 
G1 X-1.608 Y-10.425 Z0.200 F1800 A17.23948; Connection 
G1 X-2.528 Y-11.345 Z0.200 F1800 A17.28496; Infill 
G1 X-2.527 Y-10.784 Z0.200 F1800 A17.30455; Connection 
G1 X-3.176 Y-11.433 Z0.200 F1800 A17.33661; Infill 
G1 X-3.736 Y-11.433 Z0.200 F1800 A17.35619; Connection 
G1 X-3.076 Y-10.773 Z0.200 F1800 A17.38879; Infill 
G1 X-3.451 Y-10.588 Z0.200 F1800 A17.40341; Connection 
G1 X-4.236 Y-11.373 Z0.200 F1800 A17.44219; Infill 
G1 X-4.691 Y-11.268 Z0.200 F1800 A17.45852; Connection 
G1 X-4.249 Y-10.826 Z0.200 F1800 A17.48037; Infill 
G1 X-4.657 Y-10.674 Z0.200 F1800 A17.49560; Connection 
G1 X-5.111 Y-11.128 Z0.200 F1800 A17.51802; Infill 
G1 X-5.501 Y-10.958 Z0.200 F1800 A17.53290; Connection 
G1 X-5.065 Y-10.522 Z0.200 F1800 A17.55443; Infill 
G1 X-5.437 Y-10.333 Z0.200 F1800 A17.56899; Connection 
G1 X-5.865 Y-10.762 Z0.200 F1800 A17.59019; Infill 
G1 X-5.865 Y-10.762 Z0.200 F1500 A16.29019; Retract 
G1 X-5.865 Y-10.762 Z0.200 F3000; Retract 
G1 X-0.571 Y-10.508 Z0.200 F9000; Travel Move 
G1 X-0.571 Y-10.508 Z0.200 F1500 A17.59019; Restart 
G1 X4.835 Y-5.102 Z0.200 F1800 A17.85750; Infill 
G1 X5.396 Y-5.101 Z0.200 F1800 A17.87712; Connection 
G1 X0.059 Y-10.438 Z0.200 F1800 A18.14103; Infill 
G1 X0.620 Y-10.437 Z0.200 F1800 A18.16065; Connection 
G1 X5.958 Y-5.099 Z0.200 F1800 A18.42456; Infill 
G1 X6.519 Y-5.098 Z0.200 F1800 A18.44417; Connection 
G1 X1.181 Y-10.436 Z0.200 F1800 A18.70808; Infill 
G1 X1.742 Y-10.435 Z0.200 F1800 A18.72770; Connection 
G1 X7.080 Y-5.097 Z0.200 F1800 A18.99160; Infill 
G1 X7.641 Y-5.096 Z0.200 F1800 A19.01122; Connection 
G1 X2.303 Y-10.434 Z0.200 F1800 A19.27512; Infill 
G1 X2.864 Y-10.433 Z0.200 F1800 A19.29474; Connection 
G1 X8.202 Y-5.095 Z0.200 F1800 A19.55865; Infill 
G1 X8.763 Y-5.094 Z0.200 F1800 A19.57826; Connection 
G1 X3.425 Y-10.432 Z0.200 F1800 A19.84216; Infill 
G1 X3.986 Y-10.431 Z0.200 F1800 A19.86178; Connection 
G1 X9.324 Y-5.093 Z0.200 F1800 A20.12568; Infill 
G1 X9.885 Y-5.092 Z0.200 F1800 A20.14530; Connection 
G1 X4.548 Y-10.430 Z0.200 F1800 A20.40920; Infill 
G1 X5.109 Y-10.429 Z0.200 F1800 A20.42882; Connection 
M73 P5; Update Progress 
G1 X10.446 Y-5.091 Z0.200 F1800 A20.69272; Infill 
G1 X11.007 Y-5.090 Z0.200 F1800 A20.71233; Connection 
G1 X5.670 Y-10.428 Z0.200 F1800 A20.97623; Infill 
G1 X6.231 Y-10.426 Z0.200 F1800 A20.99585; Connection 
G1 X11.569 Y-5.089 Z0.200 F1800 A21.25974; Infill 
G1 X12.130 Y-5.088 Z0.200 F1800 A21.27936; Connection 
G1 X6.792 Y-10.425 Z0.200 F1800 A21.54326; Infill 
G1 X7.353 Y-10.424 Z0.200 F1800 A21.56287; Connection 
G1 X12.691 Y-5.087 Z0.200 F1800 A21.82677; Infill 
G1 X13.252 Y-5.086 Z0.200 F1800 A21.84639; Connection 
G1 X7.914 Y-10.423 Z0.200 F1800 A22.11028; Infill 
G1 X8.462 Y-10.435 Z0.200 F1800 A22.12944; Connection 
G1 X12.847 Y-6.050 Z0.200 F1800 A22.34625; Infill 
G1 X12.604 Y-6.854 Z0.200 F1800 A22.37561; Connection 
G1 X8.755 Y-10.702 Z0.200 F1800 A22.56588; Infill 
G1 X9.023 Y-10.994 Z0.200 F1800 A22.57973; Connection 
G1 X12.573 Y-7.444 Z0.200 F1800 A22.75526; Infill 
G1 X12.650 Y-7.927 Z0.200 F1800 A22.77236; Connection 
G1 X9.258 Y-11.320 Z0.200 F1800 A22.94010; Infill 
G1 X9.205 Y-11.932 Z0.200 F1800 A22.96159; Connection 
G1 X12.804 Y-8.333 Z0.200 F1800 A23.13953; Infill 
G1 X12.984 Y-8.714 Z0.200 F1800 A23.15424; Connection 
G1 X9.152 Y-12.546 Z0.200 F1800 A23.34369; Infill 
G1 X9.099 Y-13.159 Z0.200 F1800 A23.36522; Connection 
G1 X13.213 Y-9.044 Z0.200 F1800 A23.56865; Infill 
G1 X13.510 Y-9.308 Z0.200 F1800 A23.58252; Connection 
G1 X9.045 Y-13.772 Z0.200 F1800 A23.80325; Infill 
G1 X8.992 Y-14.386 Z0.200 F1800 A23.82477; Connection 
G1 X9.678 Y-13.700 Z0.200 F1800 A23.85869; Infill 
G1 X9.098 Y-14.839 Z0.200 F1800 A23.90338; Connection 
G1 X8.939 Y-14.999 Z0.200 F1800 A23.91128; Infill 
G1 X10.866 Y-12.512 Z0.200 F1800 A24.02129; Connection 
G1 X13.814 Y-9.563 Z0.200 F1800 A24.16705; Infill 
G1 X14.173 Y-9.765 Z0.200 F1800 A24.18143; Connection 
G1 X11.949 Y-11.989 Z0.200 F1800 A24.29139; Infill 
G1 X12.699 Y-11.799 Z0.200 F1800 A24.31845; Connection 
G1 X14.587 Y-9.911 Z0.200 F1800 A24.41180; Infill 
G1 X15.054 Y-10.004 Z0.200 F1800 A24.42844; Connection 
G1 X13.320 Y-11.737 Z0.200 F1800 A24.51414; Infill 
G1 X13.865 Y-11.753 Z0.200 F1800 A24.53320; Connection 
G1 X15.628 Y-9.990 Z0.200 F1800 A24.62032; Infill 
G1 X16.326 Y-9.852 Z0.200 F1800 A24.64522; Connection 
G1 X14.337 Y-11.841 Z0.200 F1800 A24.74354; Infill 
M73 P6; Update Progress 
G1 X14.783 Y-11.955 Z0.200 F1800 A24.75962; Connection 
G1 X17.416 Y-9.321 Z0.200 F1800 A24.88984; Infill 
G1 X17.504 Y-9.794 Z0.200 F1800 A24.90664; Connection 
G1 X15.187 Y-12.111 Z0.200 F1800 A25.02118; Infill 
G1 X15.569 Y-12.289 Z0.200 F1800 A25.03590; Connection 
G1 X17.591 Y-10.267 Z0.200 F1800 A25.13590; Infill 
G1 X17.679 Y-10.739 Z0.200 F1800 A25.15270; Connection 
G1 X15.917 Y-12.501 Z0.200 F1800 A25.23980; Infill 
G1 X16.240 Y-12.738 Z0.200 F1800 A25.25380; Connection 
G1 X17.766 Y-11.212 Z0.200 F1800 A25.32925; Infill 
G1 X17.854 Y-11.684 Z0.200 F1800 A25.34605; Connection 
G1 X16.540 Y-12.998 Z0.200 F1800 A25.41102; Infill 
G1 X16.813 Y-13.285 Z0.200 F1800 A25.42487; Connection 
G1 X17.941 Y-12.157 Z0.200 F1800 A25.48063; Infill 
G1 X18.028 Y-12.630 Z0.200 F1800 A25.49744; Connection 
G1 X17.068 Y-13.590 Z0.200 F1800 A25.54494; Infill 
G1 X17.282 Y-13.936 Z0.200 F1800 A25.55916; Connection 
G1 X18.116 Y-13.102 Z0.200 F1800 A25.60036; Infill 
G1 X18.229 Y-13.549 Z0.200 F1800 A25.61647; Connection 
G1 X17.490 Y-14.288 Z0.200 F1800 A25.65300; Infill 
G1 X17.647 Y-14.692 Z0.200 F1800 A25.66814; Connection 
G1 X18.405 Y-13.933 Z0.200 F1800 A25.70566; Infill 
G1 X18.619 Y-14.279 Z0.200 F1800 A25.71989; Connection 
G1 X17.788 Y-15.110 Z0.200 F1800 A25.76096; Infill 
G1 X17.876 Y-15.582 Z0.200 F1800 A25.77773; Connection 
G1 X18.896 Y-14.562 Z0.200 F1800 A25.82817; Infill 
G1 X19.204 Y-14.814 Z0.200 F1800 A25.84208; Connection 
G1 X17.931 Y-16.087 Z0.200 F1800 A25.90503; Infill 
G1 X17.929 Y-16.649 Z0.200 F1800 A25.92467; Connection 
G1 X19.545 Y-15.033 Z0.200 F1800 A26.00458; Infill 
G1 X19.887 Y-15.252 Z0.200 F1800 A26.01875; Connection 
G1 X17.876 Y-17.262 Z0.200 F1800 A26.11817; Infill 
G1 X17.822 Y-17.876 Z0.200 F1800 A26.13969; Connection 
G1 X20.228 Y-15.470 Z0.200 F1800 A26.25862; Infill 
G1 X20.569 Y-15.689 Z0.200 F1800 A26.27279; Connection 
G1 X17.769 Y-18.489 Z0.200 F1800 A26.41123; Infill 
G1 X18.718 Y-18.101 Z0.200 F1800 A26.44707; Connection 
G1 X20.910 Y-15.908 Z0.200 F1800 A26.55548; Infill 
G1 X21.252 Y-16.127 Z0.200 F1800 A26.56965; Connection 
G1 X19.796 Y-17.583 Z0.200 F1800 A26.64164; Infill 
G1 X21.030 Y-16.909 Z0.200 F1800 A26.69079; Connection 
G1 X21.593 Y-16.345 Z0.200 F1800 A26.71865; Infill 
G1 X21.593 Y-16.345 Z0.200 F1500 A25.41865; Retract 
G1 X21.593 Y-16.345 Z0.200 F3000; Retract 
G1 X17.688 Y-19.690 Z0.200 F9000; Travel Move 
G1 X17.688 Y-19.690 Z0.200 F1500 A26.71865; Restart 
G1 X17.662 Y-19.716 Z0.200 F1800 A26.71994; Infill 
G1 X17.635 Y-20.304 Z0.200 F1800 A26.74051; Connection 
G1 X17.609 Y-20.329 Z0.200 F1800 A26.74177; Infill 
G1 X17.581 Y-20.918 Z0.200 F1800 A26.76236; Connection 
G1 X17.556 Y-20.943 Z0.200 F1800 A26.76361; Infill 
G1 X17.527 Y-21.531 Z0.200 F1800 A26.78421; Connection 
G1 X17.502 Y-21.556 Z0.200 F1800 A26.78543; Infill 
G1 X17.473 Y-22.145 Z0.200 F1800 A26.80605; Connection 
G1 X17.449 Y-22.169 Z0.200 F1800 A26.80725; Infill 
G1 X17.449 Y-22.169 Z0.200 F1500 A25.50725; Retract 
G1 X17.449 Y-22.169 Z0.200 F3000; Retract 
G1 X8.596 Y-19.262 Z0.200 F9000; Travel Move 
G1 X8.596 Y-19.262 Z0.200 F1500 A26.80725; Restart 
G1 X8.565 Y-19.293 Z0.200 F1800 A26.80876; Infill 
G1 X8.619 Y-18.679 Z0.200 F1800 A26.83028; Connection 
G1 X8.649 Y-18.649 Z0.200 F1800 A26.83179; Infill 
G1 X8.672 Y-18.066 Z0.200 F1800 A26.85218; Connection 
G1 X8.702 Y-18.035 Z0.200 F1800 A26.85369; Infill 
G1 X8.725 Y-17.453 Z0.200 F1800 A26.87408; Connection 
G1 X8.756 Y-17.422 Z0.200 F1800 A26.87559; Infill 
G1 X8.779 Y-16.839 Z0.200 F1800 A26.89598; Connection 
G1 X8.809 Y-16.809 Z0.200 F1800 A26.89749; Infill 
G1 X8.832 Y-16.226 Z0.200 F1800 A26.91788; Connection 
G1 X8.862 Y-16.195 Z0.200 F1800 A26.91939; Infill 
; Chunk 1 
; Lower Position  0 
; Upper Position  0.2 
; Thickness       0.2 
; Width           0.4 
G1 X8.862 Y-16.195 Z0.200 F1500 A25.61939; Retract 
G1 X8.862 Y-16.195 Z0.200 F3000; Retract 
G1 X14.672 Y-8.062 Z0.200 F9000; Travel Move 
G1 X14.672 Y-8.062 Z0.200 F1500 A26.91939; Restart 
G1 X14.672 Y-6.439 Z0.200 F1800 A26.97611; Support 
G1 X14.672 Y-6.439 Z0.200 F1500 A25.67611; Retract 
G1 X14.672 Y-6.439 Z0.200 F3000; Retract 
G1 X16.652 Y-3.636 Z0.200 F9000; Travel Move 
G1 X16.652 Y-3.636 Z0.200 F1500 A26.97611; Restart 
G1 X16.652 Y-3.594 Z0.200 F1800 A26.97756; Support 
G1 X16.652 Y-3.594 Z0.200 F1500 A25.67756; Retract 
G1 X16.652 Y-3.594 Z0.200 F3000; Retract 
G1 X18.632 Y-5.622 Z0.200 F9000; Travel Move 
G1 X18.632 Y-5.622 Z0.200 F1500 A26.97756; Restart 
G1 X18.632 Y-6.320 Z0.200 F1800 A27.00197; Support 
; Chunk 2 
; Lower Position  0.2 
; Upper Position  0.4 
; Thickness       0.2 
; Width           0.4 
G1 X18.632 Y-6.320 Z0.200 F1500 A25.70197; Retract 
G1 X18.632 Y-6.320 Z0.200 F3000; Retract 
G1 X18.632 Y-6.320 Z0.400 F1380; Travel Move 
G1 X18.632 Y-6.320 Z0.400 F1500 A27.00197; Restart 
G1 X18.632 Y-5.622 Z0.400 F5400 A27.02637; Support 
G1 X18.632 Y-5.622 Z0.400 F1500 A25.72637; Retract 
G1 X18.632 Y-5.622 Z0.400 F3000; Retract 
G1 X16.652 Y-3.636 Z0.400 F9000; Travel Move 
G1 X16.652 Y-3.636 Z0.400 F1500 A27.02637; Restart 
G1 X16.652 Y-3.594 Z0.400 F5400 A27.02783; Support 
G1 X16.652 Y-3.594 Z0.400 F1500 A25.72783; Retract 
G1 X16.652 Y-3.594 Z0.400 F3000; Retract 
G1 X14.672 Y-6.434 Z0.400 F9000; Travel Move 
G1 X14.672 Y-6.434 Z0.400 F1500 A27.02783; Restart 
G1 X14.672 Y-8.062 Z0.400 F5400 A27.08472; Support 
; Chunk 3 
; Lower Position  0.2 
; Upper Position  0.4 
; Thickness       0.2 
; Width           0.4 
G1 X14.672 Y-8.062 Z0.400 F1500 A25.78472; Retract 
G1 X14.672 Y-8.062 Z0.400 F3000; Retract 
G1 X-5.602 Y-9.850 Z0.400 F9000; Travel Move 
G1 X-5.602 Y-9.850 Z0.400 F1500 A27.08472; Restart 
G1 X-5.074 Y-10.160 Z0.400 F5400 A27.10613; Inset 
G1 X-4.116 Y-10.528 Z0.400 F5400 A27.14200; Inset 
G1 X-3.441 Y-10.166 Z0.400 F5400 A27.16880; Inset 
G1 X-2.764 Y-10.526 Z0.400 F5400 A27.19560; Inset 
G1 X-1.808 Y-10.154 Z0.400 F5400 A27.23147; Inset 
G1 X-1.215 Y-9.795 Z0.400 F5400 A27.25568; Inset 
G1 X-0.762 Y-9.399 Z0.400 F5400 A27.27671; Inset 
G1 X-0.378 Y-8.936 Z0.400 F5400 A27.29773; Inset 
G1 X-0.068 Y-8.408 Z0.400 F5400 A27.31915; Inset 
G1 X0.291 Y-7.474 Z0.400 F5400 A27.35413; Inset 
G1 X-0.054 Y-6.759 Z0.400 F5400 A27.38187; Inset 
G1 X0.297 Y-6.098 Z0.400 F5400 A27.40807; Inset 
G1 X-0.075 Y-5.142 Z0.400 F5400 A27.44394; Inset 
G1 X-0.386 Y-4.614 Z0.400 F5400 A27.46535; Inset 
G1 X-0.772 Y-4.153 Z0.400 F5400 A27.48638; Inset 
G1 X-1.227 Y-3.759 Z0.400 F5400 A27.50740; Inset 
G1 X-1.820 Y-3.402 Z0.400 F5400 A27.53162; Inset 
G1 X-2.754 Y-3.043 Z0.400 F5400 A27.56660; Inset 
G1 X-3.454 Y-3.381 Z0.400 F5400 A27.59375; Inset 
G1 X-4.154 Y-3.046 Z0.400 F5400 A27.62090; Inset 
G1 X-5.087 Y-3.409 Z0.400 F5400 A27.65588; Inset 
G1 X-5.614 Y-3.720 Z0.400 F5400 A27.67730; Inset 
G1 X-6.076 Y-4.106 Z0.400 F5400 A27.69832; Inset 
G1 X-6.469 Y-4.561 Z0.400 F5400 A27.71935; Inset 
G1 X-6.826 Y-5.154 Z0.400 F5400 A27.74356; Inset 
G1 X-7.185 Y-6.088 Z0.400 F5400 A27.77854; Inset 
G1 X-6.840 Y-6.803 Z0.400 F5400 A27.80628; Inset 
G1 X-7.192 Y-7.465 Z0.400 F5400 A27.83248; Inset 
G1 X-6.820 Y-8.421 Z0.400 F5400 A27.86835; Inset 
G1 X-6.461 Y-9.013 Z0.400 F5400 A27.89256; Inset 
G1 X-6.065 Y-9.466 Z0.400 F5400 A27.91359; Inset 
G1 X-5.602 Y-9.850 Z0.400 F5400 A27.93461; Inset 
G1 X-5.602 Y-9.850 Z0.400 F1500 A26.63461; Retract 
G1 X-5.602 Y-9.850 Z0.400 F3000; Retract 
G1 X-5.382 Y-9.516 Z0.400 F9000; Travel Move 
G1 X-5.382 Y-9.516 Z0.400 F1500 A27.93461; Restart 
G1 X-4.914 Y-9.793 Z0.400 F5400 A27.95363; Inset 
G1 X-4.144 Y-10.089 Z0.400 F5400 A27.98247; Inset 
G1 X-3.659 Y-9.829 Z0.400 F5400 A28.00170; Inset 
G1 X-3.555 Y-9.447 Z0.400 F5400 A28.01555; Inset 
G1 X-3.478 Y-9.394 Z0.400 F5400 A28.01883; Inset 
G1 X-3.372 Y-9.405 Z0.400 F5400 A28.02252; Inset 
G1 X-3.295 Y-9.511 Z0.400 F5400 A28.02711; Inset 
G1 X-3.223 Y-9.828 Z0.400 F5400 A28.03847; Inset 
G1 X-2.738 Y-10.086 Z0.400 F5400 A28.05769; Inset 
G1 X-1.969 Y-9.787 Z0.400 F5400 A28.08654; Inset 
G1 X-1.463 Y-9.480 Z0.400 F5400 A28.10723; Inset 
G1 X-1.057 Y-9.128 Z0.400 F5400 A28.12601; Inset 
G1 X-0.712 Y-8.716 Z0.400 F5400 A28.14480; Inset 
G1 X-0.435 Y-8.248 Z0.400 F5400 A28.16381; Inset 
G1 X-0.145 Y-7.492 Z0.400 F5400 A28.19213; Inset 
G1 X-0.371 Y-7.024 Z0.400 F5400 A28.21029; Inset 
G1 X-0.761 Y-6.902 Z0.400 F5400 A28.22460; Inset 
G1 X-0.826 Y-6.834 Z0.400 F5400 A28.22787; Inset 
G1 X-0.841 Y-6.776 Z0.400 F5400 A28.22996; Inset 
G1 X-0.823 Y-6.706 Z0.400 F5400 A28.23248; Inset 
G1 X-0.717 Y-6.629 Z0.400 F5400 A28.23707; Inset 
G1 X-0.400 Y-6.557 Z0.400 F5400 A28.24843; Inset 
G1 X-0.142 Y-6.072 Z0.400 F5400 A28.26766; Inset 
G1 X-0.441 Y-5.303 Z0.400 F5400 A28.29650; Inset 
G1 X-0.720 Y-4.836 Z0.400 F5400 A28.31552; Inset 
G1 X-1.066 Y-4.425 Z0.400 F5400 A28.33430; Inset 
G1 X-1.473 Y-4.074 Z0.400 F5400 A28.35308; Inset 
G1 X-1.980 Y-3.769 Z0.400 F5400 A28.37378; Inset 
G1 X-2.736 Y-3.479 Z0.400 F5400 A28.40209; Inset 
G1 X-3.204 Y-3.705 Z0.400 F5400 A28.42025; Inset 
G1 X-3.327 Y-4.095 Z0.400 F5400 A28.43457; Inset 
G1 X-3.362 Y-4.143 Z0.400 F5400 A28.43666; Inset 
G1 X-3.417 Y-4.168 Z0.400 F5400 A28.43875; Inset 
G1 X-3.510 Y-4.160 Z0.400 F5400 A28.44202; Inset 
G1 X-3.578 Y-4.096 Z0.400 F5400 A28.44529; Inset 
G1 X-3.702 Y-3.706 Z0.400 F5400 A28.45960; Inset 
G1 X-4.171 Y-3.481 Z0.400 F5400 A28.47776; Inset 
G1 X-4.925 Y-3.775 Z0.400 F5400 A28.50608; Inset 
G1 X-5.432 Y-4.082 Z0.400 F5400 A28.52678; Inset 
G1 X-5.837 Y-4.434 Z0.400 F5400 A28.54556; Inset 
G1 X-6.182 Y-4.846 Z0.400 F5400 A28.56434; Inset 
G1 X-6.459 Y-5.314 Z0.400 F5400 A28.58335; Inset 
G1 X-6.750 Y-6.070 Z0.400 F5400 A28.61167; Inset 
G1 X-6.524 Y-6.538 Z0.400 F5400 A28.62983; Inset 
G1 X-6.133 Y-6.661 Z0.400 F5400 A28.64415; Inset 
G1 X-6.085 Y-6.696 Z0.400 F5400 A28.64623; Inset 
G1 X-6.056 Y-6.798 Z0.400 F5400 A28.64993; Inset 
G1 X-6.071 Y-6.856 Z0.400 F5400 A28.65202; Inset 
G1 X-6.177 Y-6.933 Z0.400 F5400 A28.65661; Inset 
G1 X-6.494 Y-7.005 Z0.400 F5400 A28.66797; Inset 
G1 X-6.752 Y-7.490 Z0.400 F5400 A28.68719; Inset 
G1 X-6.453 Y-8.259 Z0.400 F5400 A28.71604; Inset 
G1 X-6.146 Y-8.766 Z0.400 F5400 A28.73673; Inset 
G1 X-5.794 Y-9.171 Z0.400 F5400 A28.75551; Inset 
G1 X-5.382 Y-9.516 Z0.400 F5400 A28.77430; Inset 
G1 X-5.382 Y-9.516 Z0.400 F1500 A27.47430; Retract 
G1 X-5.382 Y-9.516 Z0.400 F3000; Retract 
G1 X-5.169 Y-9.178 Z0.400 F9000; Travel Move 
G1 X-5.169 Y-9.178 Z0.400 F1500 A28.77430; Restart 
G1 X-4.762 Y-9.423 Z0.400 F2400 A28.79089; Inset 
G1 X-4.040 Y-9.700 Z0.400 F2400 A28.81793; Inset 
G1 X-3.968 Y-9.375 Z0.400 F2400 A28.82957; Inset 
G1 X-3.880 Y-9.204 Z0.400 F2400 A28.83629; Inset 
G1 X-3.747 Y-9.077 Z0.400 F2400 A28.84271; Inset 
G1 X-3.580 Y-9.002 Z0.400 F2400 A28.84914; Inset 
G1 X-3.397 Y-8.986 Z0.400 F2400 A28.85556; Inset 
G1 X-3.144 Y-9.070 Z0.400 F2400 A28.86486; Inset 
G1 X-3.005 Y-9.202 Z0.400 F2400 A28.87159; Inset 
G1 X-2.917 Y-9.373 Z0.400 F2400 A28.87831; Inset 
G1 X-2.843 Y-9.698 Z0.400 F2400 A28.88995; Inset 
G1 X-2.122 Y-9.418 Z0.400 F2400 A28.91699; Inset 
G1 X-1.717 Y-9.171 Z0.400 F2400 A28.93358; Inset 
G1 X-1.357 Y-8.864 Z0.400 F2400 A28.95013; Inset 
G1 X-1.051 Y-8.503 Z0.400 F2400 A28.96667; Inset 
G1 X-0.806 Y-8.096 Z0.400 F2400 A28.98326; Inset 
G1 X-0.535 Y-7.392 Z0.400 F2400 A29.00964; Inset 
G1 X-0.946 Y-7.263 Z0.400 F2400 A29.02470; Inset 
G1 X-1.093 Y-7.153 Z0.400 F2400 A29.03113; Inset 
G1 X-1.196 Y-7.001 Z0.400 F2400 A29.03755; Inset 
G1 X-1.245 Y-6.739 Z0.400 F2400 A29.04685; Inset 
G1 X-1.195 Y-6.545 Z0.400 F2400 A29.05388; Inset 
G1 X-1.026 Y-6.339 Z0.400 F2400 A29.06318; Inset 
G1 X-0.855 Y-6.250 Z0.400 F2400 A29.06991; Inset 
G1 X-0.530 Y-6.177 Z0.400 F2400 A29.08155; Inset 
G1 X-0.811 Y-5.456 Z0.400 F2400 A29.10859; Inset 
G1 X-1.057 Y-5.051 Z0.400 F2400 A29.12518; Inset 
G1 X-1.365 Y-4.691 Z0.400 F2400 A29.14172; Inset 
G1 X-1.726 Y-4.385 Z0.400 F2400 A29.15826; Inset 
G1 X-2.132 Y-4.140 Z0.400 F2400 A29.17486; Inset 
G1 X-2.836 Y-3.869 Z0.400 F2400 A29.20124; Inset 
G1 X-2.965 Y-4.280 Z0.400 F2400 A29.21630; Inset 
G1 X-3.080 Y-4.434 Z0.400 F2400 A29.22303; Inset 
G1 X-3.314 Y-4.561 Z0.400 F2400 A29.23233; Inset 
G1 X-3.497 Y-4.576 Z0.400 F2400 A29.23875; Inset 
G1 X-3.675 Y-4.531 Z0.400 F2400 A29.24518; Inset 
G1 X-3.828 Y-4.429 Z0.400 F2400 A29.25160; Inset 
G1 X-3.939 Y-4.282 Z0.400 F2400 A29.25802; Inset 
G1 X-4.069 Y-3.871 Z0.400 F2400 A29.27309; Inset 
G1 X-4.772 Y-4.145 Z0.400 F2400 A29.29946; Inset 
G1 X-5.178 Y-4.391 Z0.400 F2400 A29.31606; Inset 
G1 X-5.538 Y-4.699 Z0.400 F2400 A29.33260; Inset 
G1 X-5.844 Y-5.060 Z0.400 F2400 A29.34914; Inset 
G1 X-6.089 Y-5.466 Z0.400 F2400 A29.36574; Inset 
G1 X-6.359 Y-6.170 Z0.400 F2400 A29.39212; Inset 
G1 X-5.948 Y-6.299 Z0.400 F2400 A29.40718; Inset 
G1 X-5.794 Y-6.414 Z0.400 F2400 A29.41390; Inset 
G1 X-5.668 Y-6.648 Z0.400 F2400 A29.42321; Inset 
G1 X-5.652 Y-6.831 Z0.400 F2400 A29.42963; Inset 
G1 X-5.736 Y-7.084 Z0.400 F2400 A29.43894; Inset 
G1 X-5.868 Y-7.224 Z0.400 F2400 A29.44566; Inset 
G1 X-6.039 Y-7.312 Z0.400 F2400 A29.45238; Inset 
G1 X-6.364 Y-7.385 Z0.400 F2400 A29.46402; Inset 
G1 X-6.084 Y-8.106 Z0.400 F2400 A29.49106; Inset 
G1 X-5.837 Y-8.512 Z0.400 F2400 A29.50765; Inset 
G1 X-5.530 Y-8.872 Z0.400 F2400 A29.52420; Inset 
G1 X-5.169 Y-9.178 Z0.400 F2400 A29.54074; Inset 
G1 X-5.169 Y-9.178 Z0.400 F1500 A28.24074; Retract 
G1 X-5.169 Y-9.178 Z0.400 F3000; Retract 
G1 X-6.456 Y-10.772 Z0.400 F9000; Travel Move 
G1 X-6.456 Y-10.772 Z0.400 F1500 A29.54074; Restart 
G1 X-6.898 Y-10.397 Z0.400 F5400 A29.56099; Inset 
G1 X-7.293 Y-9.974 Z0.400 F5400 A29.58124; Inset 
G1 X-7.637 Y-9.507 Z0.400 F5400 A29.60149; Inset 
G1 X-7.924 Y-9.004 Z0.400 F5400 A29.62174; Inset 
G1 X-8.151 Y-8.471 Z0.400 F5400 A29.64199; Inset 
G1 X-8.315 Y-7.916 Z0.400 F5400 A29.66225; Inset 
G1 X-8.414 Y-7.345 Z0.400 F5400 A29.68249; Inset 
G1 X-8.445 Y-6.767 Z0.400 F5400 A29.70275; Inset 
G1 X-8.410 Y-6.188 Z0.400 F5400 A29.72300; Inset 
G1 X-8.308 Y-5.618 Z0.400 F5400 A29.74325; Inset 
G1 X-8.141 Y-5.064 Z0.400 F5400 A29.76350; Inset 
G1 X-7.911 Y-4.532 Z0.400 F5400 A29.78375; Inset 
G1 X-7.621 Y-4.031 Z0.400 F5400 A29.80400; Inset 
G1 X-7.274 Y-3.566 Z0.400 F5400 A29.82425; Inset 
G1 X-6.877 Y-3.145 Z0.400 F5400 A29.84450; Inset 
G1 X-6.433 Y-2.773 Z0.400 F5400 A29.86475; Inset 
G1 X-5.949 Y-2.454 Z0.400 F5400 A29.88501; Inset 
G1 X-5.432 Y-2.194 Z0.400 F5400 A29.90525; Inset 
G1 X-4.888 Y-1.995 Z0.400 F5400 A29.92551; Inset 
G1 X-4.324 Y-1.860 Z0.400 F5400 A29.94576; Inset 
G1 X-3.749 Y-1.792 Z0.400 F5400 A29.96601; Inset 
G1 X-3.170 Y-1.791 Z0.400 F5400 A29.98626; Inset 
G1 X-2.594 Y-1.856 Z0.400 F5400 A30.00651; Inset 
G1 X-2.030 Y-1.988 Z0.400 F5400 A30.02676; Inset 
G1 X-1.485 Y-2.184 Z0.400 F5400 A30.04701; Inset 
G1 X-0.967 Y-2.442 Z0.400 F5400 A30.06726; Inset 
G1 X-0.481 Y-2.758 Z0.400 F5400 A30.08752; Inset 
G1 X-0.036 Y-3.128 Z0.400 F5400 A30.10776; Inset 
G1 X0.353 Y-3.536 Z0.400 F5400 A30.12747; Inset 
G1 X1.067 Y-4.547 Z0.400 F5400 A30.17074; Inset 
G1 X1.501 Y-4.772 Z0.400 F5400 A30.18782; Inset 
G1 X15.206 Y-4.746 Z0.400 F5400 A30.66694; Inset 
G1 X15.276 Y-4.751 Z0.400 F5400 A30.66941; Inset 
G1 X15.018 Y-4.768 Z0.400 F5400 A30.67844; Inset 
G1 X14.405 Y-4.929 Z0.400 F5400 A30.70062; Inset 
G1 X13.953 Y-5.163 Z0.400 F5400 A30.71841; Inset 
G1 X13.378 Y-5.694 Z0.400 F5400 A30.74577; Inset 
G1 X13.277 Y-5.831 Z0.400 F5400 A30.75172; Inset 
G1 X12.973 Y-6.436 Z0.400 F5400 A30.77539; Inset 
G1 X12.924 Y-6.599 Z0.400 F5400 A30.78134; Inset 
G1 X12.842 Y-7.250 Z0.400 F5400 A30.80427; Inset 
G1 X12.891 Y-7.756 Z0.400 F5400 A30.82206; Inset 
G1 X13.161 Y-8.468 Z0.400 F5400 A30.84867; Inset 
G1 X13.452 Y-8.886 Z0.400 F5400 A30.86645; Inset 
G1 X14.051 Y-9.389 Z0.400 F5400 A30.89381; Inset 
G1 X14.200 Y-9.472 Z0.400 F5400 A30.89976; Inset 
G1 X14.819 Y-9.689 Z0.400 F5400 A30.92269; Inset 
G1 X15.324 Y-9.747 Z0.400 F5400 A30.94048; Inset 
G1 X16.098 Y-9.629 Z0.400 F5400 A30.96784; Inset 
M73 P7; Update Progress 
G1 X16.258 Y-9.572 Z0.400 F5400 A30.97379; Inset 
G1 X16.849 Y-9.241 Z0.400 F5400 A30.99746; Inset 
G1 X16.981 Y-9.134 Z0.400 F5400 A31.00341; Inset 
G1 X17.427 Y-8.625 Z0.400 F5400 A31.02709; Inset 
G1 X17.575 Y-8.332 Z0.400 F5400 A31.03856; Inset 
G1 X18.483 Y-13.236 Z0.400 F5400 A31.21294; Inset 
G1 X18.656 Y-13.737 Z0.400 F5400 A31.23147; Inset 
G1 X18.736 Y-13.880 Z0.400 F5400 A31.23721; Inset 
G1 X19.162 Y-14.371 Z0.400 F5400 A31.25992; Inset 
G1 X22.222 Y-16.346 Z0.400 F5400 A31.38724; Inset 
G1 X21.357 Y-17.095 Z0.400 F5400 A31.42722; Inset 
G1 X20.759 Y-17.493 Z0.400 F5400 A31.45233; Inset 
G1 X18.383 Y-18.634 Z0.400 F5400 A31.54449; Inset 
G1 X18.081 Y-19.068 Z0.400 F5400 A31.56296; Inset 
G1 X17.748 Y-22.739 Z0.400 F5400 A31.69184; Inset 
G1 X17.121 Y-22.641 Z0.400 F5400 A31.71404; Inset 
G1 X17.650 Y-16.557 Z0.400 F5400 A31.92754; Inset 
G1 X17.642 Y-15.886 Z0.400 F5400 A31.95100; Inset 
G1 X17.494 Y-15.094 Z0.400 F5400 A31.97919; Inset 
G1 X17.236 Y-14.419 Z0.400 F5400 A32.00443; Inset 
G1 X16.868 Y-13.798 Z0.400 F5400 A32.02966; Inset 
G1 X16.461 Y-13.309 Z0.400 F5400 A32.05194; Inset 
G1 X15.916 Y-12.835 Z0.400 F5400 A32.07717; Inset 
G1 X15.299 Y-12.460 Z0.400 F5400 A32.10241; Inset 
G1 X14.546 Y-12.171 Z0.400 F5400 A32.13060; Inset 
G1 X13.837 Y-12.037 Z0.400 F5400 A32.15584; Inset 
G1 X13.200 Y-12.020 Z0.400 F5400 A32.17811; Inset 
G1 X12.485 Y-12.116 Z0.400 F5400 A32.20335; Inset 
G1 X11.717 Y-12.365 Z0.400 F5400 A32.23154; Inset 
G1 X11.082 Y-12.706 Z0.400 F5400 A32.25678; Inset 
G1 X10.513 Y-13.150 Z0.400 F5400 A32.28201; Inset 
G1 X10.027 Y-13.684 Z0.400 F5400 A32.30725; Inset 
G1 X9.639 Y-14.293 Z0.400 F5400 A32.33248; Inset 
G1 X9.359 Y-14.958 Z0.400 F5400 A32.35772; Inset 
G1 X9.197 Y-15.648 Z0.400 F5400 A32.38247; Inset 
G1 X8.789 Y-20.336 Z0.400 F5400 A32.54700; Inset 
G1 X8.170 Y-20.085 Z0.400 F5400 A32.57037; Inset 
G1 X8.165 Y-20.014 Z0.400 F5400 A32.57287; Inset 
G1 X8.913 Y-11.407 Z0.400 F5400 A32.87488; Inset 
G1 X8.317 Y-10.759 Z0.400 F5400 A32.90567; Inset 
G1 X-0.246 Y-10.775 Z0.400 F5400 A33.20506; Inset 
G1 X-0.485 Y-10.835 Z0.400 F5400 A33.21368; Inset 
G1 X-1.530 Y-11.396 Z0.400 F5400 A33.25511; Inset 
G1 X-2.058 Y-11.583 Z0.400 F5400 A33.27472; Inset 
G1 X-2.623 Y-11.711 Z0.400 F5400 A33.29496; Inset 
G1 X-3.199 Y-11.773 Z0.400 F5400 A33.31521; Inset 
G1 X-3.778 Y-11.768 Z0.400 F5400 A33.33547; Inset 
G1 X-4.353 Y-11.697 Z0.400 F5400 A33.35572; Inset 
G1 X-4.916 Y-11.559 Z0.400 F5400 A33.37597; Inset 
G1 X-5.459 Y-11.357 Z0.400 F5400 A33.39622; Inset 
G1 X-5.974 Y-11.093 Z0.400 F5400 A33.41647; Inset 
G1 X-6.456 Y-10.772 Z0.400 F5400 A33.43672; Inset 
G1 X-6.456 Y-10.772 Z0.400 F1500 A32.13672; Retract 
G1 X-6.456 Y-10.772 Z0.400 F3000; Retract 
G1 X14.275 Y-9.056 Z0.400 F9000; Travel Move 
G1 X14.275 Y-9.056 Z0.400 F1500 A33.43672; Restart 
G1 X14.365 Y-9.105 Z0.400 F5400 A33.44029; Inset 
G1 X15.002 Y-9.319 Z0.400 F5400 A33.46379; Inset 
G1 X15.408 Y-9.343 Z0.400 F5400 A33.47802; Inset 
G1 X16.092 Y-9.207 Z0.400 F5400 A33.50240; Inset 
G1 X16.703 Y-8.844 Z0.400 F5400 A33.52722; Inset 
G1 X17.158 Y-8.299 Z0.400 F5400 A33.55204; Inset 
G1 X17.405 Y-7.634 Z0.400 F5400 A33.57686; Inset 
G1 X17.430 Y-7.025 Z0.400 F5400 A33.59816; Inset 
G1 X17.237 Y-6.342 Z0.400 F5400 A33.62298; Inset 
G1 X16.828 Y-5.762 Z0.400 F5400 A33.64780; Inset 
G1 X16.248 Y-5.351 Z0.400 F5400 A33.67263; Inset 
G1 X15.578 Y-5.160 Z0.400 F5400 A33.69700; Inset 
G1 X15.095 Y-5.161 Z0.400 F5400 A33.71388; Inset 
G1 X14.460 Y-5.338 Z0.400 F5400 A33.73693; Inset 
G1 X14.110 Y-5.545 Z0.400 F5400 A33.75116; Inset 
G1 X13.619 Y-6.041 Z0.400 F5400 A33.77553; Inset 
G1 X13.317 Y-6.683 Z0.400 F5400 A33.80036; Inset 
G1 X13.242 Y-7.351 Z0.400 F5400 A33.82386; Inset 
G1 X13.304 Y-7.753 Z0.400 F5400 A33.83809; Inset 
G1 X13.523 Y-8.294 Z0.400 F5400 A33.85849; Inset 
G1 X13.758 Y-8.627 Z0.400 F5400 A33.87271; Inset 
G1 X14.275 Y-9.056 Z0.400 F5400 A33.89622; Inset 
G1 X14.275 Y-9.056 Z0.400 F1500 A32.59622; Retract 
G1 X14.275 Y-9.056 Z0.400 F3000; Retract 
G1 X14.513 Y-8.734 Z0.400 F9000; Travel Move 
G1 X14.513 Y-8.734 Z0.400 F1500 A33.89622; Restart 
G1 X15.048 Y-8.921 Z0.400 F2400 A33.91604; Inset 
G1 X15.352 Y-8.947 Z0.400 F2400 A33.92672; Inset 
G1 X15.911 Y-8.850 Z0.400 F2400 A33.94654; Inset 
G1 X16.413 Y-8.568 Z0.400 F2400 A33.96666; Inset 
G1 X16.792 Y-8.135 Z0.400 F2400 A33.98679; Inset 
G1 X17.006 Y-7.601 Z0.400 F2400 A34.00691; Inset 
G1 X17.029 Y-7.026 Z0.400 F2400 A34.02703; Inset 
G1 X16.860 Y-6.476 Z0.400 F2400 A34.04715; Inset 
G1 X16.517 Y-6.014 Z0.400 F2400 A34.06728; Inset 
G1 X16.039 Y-5.692 Z0.400 F2400 A34.08740; Inset 
G1 X15.490 Y-5.550 Z0.400 F2400 A34.10722; Inset 
G1 X15.184 Y-5.551 Z0.400 F2400 A34.11790; Inset 
G1 X14.645 Y-5.693 Z0.400 F2400 A34.13742; Inset 
G1 X14.378 Y-5.842 Z0.400 F2400 A34.14811; Inset 
G1 X13.969 Y-6.235 Z0.400 F2400 A34.16793; Inset 
G1 X13.711 Y-6.750 Z0.400 F2400 A34.18805; Inset 
G1 X13.640 Y-7.312 Z0.400 F2400 A34.20787; Inset 
G1 X13.680 Y-7.615 Z0.400 F2400 A34.21855; Inset 
G1 X13.889 Y-8.133 Z0.400 F2400 A34.23807; Inset 
G1 X14.071 Y-8.378 Z0.400 F2400 A34.24875; Inset 
G1 X14.513 Y-8.734 Z0.400 F2400 A34.26857; Inset 
G1 X14.513 Y-8.734 Z0.400 F1500 A32.96857; Retract 
G1 X14.513 Y-8.734 Z0.400 F3000; Retract 
G1 X-6.698 Y-11.092 Z0.400 F9000; Travel Move 
G1 X-6.698 Y-11.092 Z0.400 F1500 A34.26857; Restart 
G1 X-7.174 Y-10.687 Z0.400 F5400 A34.29044; Inset 
G1 X-7.601 Y-10.230 Z0.400 F5400 A34.31231; Inset 
G1 X-7.972 Y-9.726 Z0.400 F5400 A34.33419; Inset 
G1 X-8.283 Y-9.182 Z0.400 F5400 A34.35606; Inset 
G1 X-8.528 Y-8.607 Z0.400 F5400 A34.37794; Inset 
G1 X-8.705 Y-8.007 Z0.400 F5400 A34.39981; Inset 
G1 X-8.812 Y-7.390 Z0.400 F5400 A34.42169; Inset 
G1 X-8.846 Y-6.765 Z0.400 F5400 A34.44356; Inset 
G1 X-8.808 Y-6.141 Z0.400 F5400 A34.46544; Inset 
G1 X-8.698 Y-5.525 Z0.400 F5400 A34.48731; Inset 
G1 X-8.517 Y-4.926 Z0.400 F5400 A34.50918; Inset 
G1 X-8.269 Y-4.352 Z0.400 F5400 A34.53105; Inset 
G1 X-7.955 Y-3.810 Z0.400 F5400 A34.55293; Inset 
G1 X-7.581 Y-3.309 Z0.400 F5400 A34.57480; Inset 
G1 X-7.152 Y-2.854 Z0.400 F5400 A34.59668; Inset 
G1 X-6.672 Y-2.451 Z0.400 F5400 A34.61855; Inset 
G1 X-6.150 Y-2.107 Z0.400 F5400 A34.64043; Inset 
G1 X-5.591 Y-1.826 Z0.400 F5400 A34.66230; Inset 
G1 X-5.003 Y-1.611 Z0.400 F5400 A34.68418; Inset 
G1 X-4.395 Y-1.466 Z0.400 F5400 A34.70605; Inset 
G1 X-3.773 Y-1.392 Z0.400 F5400 A34.72792; Inset 
G1 X-3.148 Y-1.390 Z0.400 F5400 A34.74979; Inset 
G1 X-2.526 Y-1.461 Z0.400 F5400 A34.77167; Inset 
G1 X-1.917 Y-1.604 Z0.400 F5400 A34.79354; Inset 
G1 X-1.328 Y-1.815 Z0.400 F5400 A34.81542; Inset 
G1 X-0.768 Y-2.094 Z0.400 F5400 A34.83730; Inset 
G1 X-0.243 Y-2.435 Z0.400 F5400 A34.85917; Inset 
G1 X0.238 Y-2.835 Z0.400 F5400 A34.88104; Inset 
G1 X0.663 Y-3.281 Z0.400 F5400 A34.90259; Inset 
G1 X1.338 Y-4.237 Z0.400 F5400 A34.94348; Inset 
G1 X1.598 Y-4.372 Z0.400 F5400 A34.95372; Inset 
G1 X15.221 Y-4.346 Z0.400 F5400 A35.42997; Inset 
G1 X15.608 Y-4.375 Z0.400 F5400 A35.44357; Inset 
G1 X15.971 Y-4.459 Z0.400 F5400 A35.45660; Inset 
G1 X16.310 Y-4.596 Z0.400 F5400 A35.46938; Inset 
G1 X16.633 Y-4.788 Z0.400 F5400 A35.48250; Inset 
G1 X16.915 Y-5.022 Z0.400 F5400 A35.49533; Inset 
G1 X17.164 Y-5.303 Z0.400 F5400 A35.50844; Inset 
G1 X17.361 Y-5.612 Z0.400 F5400 A35.52126; Inset 
G1 X17.512 Y-5.955 Z0.400 F5400 A35.53435; Inset 
G1 X17.612 Y-6.332 Z0.400 F5400 A35.54799; Inset 
G1 X18.873 Y-13.148 Z0.400 F5400 A35.79032; Inset 
G1 X19.069 Y-13.656 Z0.400 F5400 A35.80939; Inset 
G1 X19.406 Y-14.053 Z0.400 F5400 A35.82757; Inset 
G1 X22.887 Y-16.300 Z0.400 F5400 A35.97241; Inset 
G1 X21.600 Y-17.414 Z0.400 F5400 A36.03191; Inset 
G1 X20.957 Y-17.841 Z0.400 F5400 A36.05890; Inset 
G1 X18.651 Y-18.949 Z0.400 F5400 A36.14834; Inset 
G1 X18.470 Y-19.209 Z0.400 F5400 A36.15942; Inset 
G1 X18.140 Y-22.849 Z0.400 F5400 A36.28718; Inset 
G1 X18.088 Y-22.967 Z0.400 F5400 A36.29169; Inset 
G1 X18.002 Y-23.061 Z0.400 F5400 A36.29617; Inset 
G1 X17.852 Y-23.138 Z0.400 F5400 A36.30204; Inset 
G1 X17.654 Y-23.140 Z0.400 F5400 A36.30896; Inset 
G1 X16.691 Y-22.973 Z0.400 F5400 A36.34316; Inset 
G1 X17.251 Y-16.533 Z0.400 F5400 A36.56915; Inset 
G1 X17.238 Y-15.859 Z0.400 F5400 A36.59272; Inset 
G1 X17.113 Y-15.217 Z0.400 F5400 A36.61558; Inset 
G1 X16.903 Y-14.651 Z0.400 F5400 A36.63667; Inset 
G1 X16.579 Y-14.083 Z0.400 F5400 A36.65953; Inset 
G1 X16.164 Y-13.578 Z0.400 F5400 A36.68239; Inset 
G1 X15.669 Y-13.150 Z0.400 F5400 A36.70525; Inset 
G1 X15.110 Y-12.812 Z0.400 F5400 A36.72812; Inset 
G1 X14.501 Y-12.574 Z0.400 F5400 A36.75098; Inset 
G1 X13.860 Y-12.442 Z0.400 F5400 A36.77384; Inset 
G1 X13.206 Y-12.421 Z0.400 F5400 A36.79670; Inset 
G1 X12.559 Y-12.510 Z0.400 F5400 A36.81956; Inset 
G1 X11.935 Y-12.707 Z0.400 F5400 A36.84242; Inset 
G1 X11.354 Y-13.007 Z0.400 F5400 A36.86529; Inset 
G1 X10.794 Y-13.435 Z0.400 F5400 A36.88992; Inset 
G1 X10.353 Y-13.917 Z0.400 F5400 A36.91279; Inset 
G1 X9.999 Y-14.467 Z0.400 F5400 A36.93565; Inset 
G1 X9.743 Y-15.069 Z0.400 F5400 A36.95851; Inset 
G1 X9.594 Y-15.697 Z0.400 F5400 A36.98108; Inset 
G1 X9.142 Y-20.902 Z0.400 F5400 A37.16371; Inset 
G1 X8.041 Y-20.475 Z0.400 F5400 A37.20498; Inset 
G1 X7.902 Y-20.389 Z0.400 F5400 A37.21069; Inset 
G1 X7.822 Y-20.295 Z0.400 F5400 A37.21499; Inset 
G1 X7.776 Y-20.181 Z0.400 F5400 A37.21930; Inset 
G1 X7.764 Y-20.010 Z0.400 F5400 A37.22529; Inset 
G1 X8.500 Y-11.548 Z0.400 F5400 A37.52224; Inset 
G1 X8.142 Y-11.159 Z0.400 F5400 A37.54072; Inset 
G1 X-0.196 Y-11.175 Z0.400 F5400 A37.83222; Inset 
G1 X-0.340 Y-11.211 Z0.400 F5400 A37.83739; Inset 
G1 X-1.368 Y-11.763 Z0.400 F5400 A37.87818; Inset 
G1 X-1.947 Y-11.967 Z0.400 F5400 A37.89966; Inset 
G1 X-2.557 Y-12.106 Z0.400 F5400 A37.92154; Inset 
G1 X-3.179 Y-12.173 Z0.400 F5400 A37.94341; Inset 
G1 X-3.805 Y-12.168 Z0.400 F5400 A37.96528; Inset 
G1 X-4.426 Y-12.091 Z0.400 F5400 A37.98715; Inset 
G1 X-5.033 Y-11.942 Z0.400 F5400 A38.00903; Inset 
G1 X-5.620 Y-11.724 Z0.400 F5400 A38.03091; Inset 
G1 X-6.177 Y-11.439 Z0.400 F5400 A38.05278; Inset 
G1 X-6.698 Y-11.092 Z0.400 F5400 A38.07466; Inset 
G1 X-6.698 Y-11.092 Z0.400 F1500 A36.77466; Retract 
G1 X-6.698 Y-11.092 Z0.400 F3000; Retract 
G1 X-6.939 Y-11.412 Z0.400 F9000; Travel Move 
G1 X-6.939 Y-11.412 Z0.400 F1500 A38.07466; Restart 
G1 X-7.451 Y-10.977 Z0.400 F2400 A38.09815; Inset 
G1 X-7.910 Y-10.485 Z0.400 F2400 A38.12165; Inset 
G1 X-8.308 Y-9.944 Z0.400 F2400 A38.14515; Inset 
G1 X-8.642 Y-9.361 Z0.400 F2400 A38.16865; Inset 
G1 X-8.905 Y-8.742 Z0.400 F2400 A38.19214; Inset 
G1 X-9.095 Y-8.098 Z0.400 F2400 A38.21564; Inset 
G1 X-9.210 Y-7.435 Z0.400 F2400 A38.23914; Inset 
G1 X-9.247 Y-6.764 Z0.400 F2400 A38.26263; Inset 
G1 X-9.206 Y-6.093 Z0.400 F2400 A38.28613; Inset 
G1 X-9.088 Y-5.432 Z0.400 F2400 A38.30963; Inset 
G1 X-8.894 Y-4.788 Z0.400 F2400 A38.33313; Inset 
G1 X-8.627 Y-4.171 Z0.400 F2400 A38.35663; Inset 
G1 X-8.290 Y-3.590 Z0.400 F2400 A38.38012; Inset 
G1 X-7.888 Y-3.051 Z0.400 F2400 A38.40362; Inset 
G1 X-7.427 Y-2.562 Z0.400 F2400 A38.42712; Inset 
G1 X-6.912 Y-2.130 Z0.400 F2400 A38.45061; Inset 
G1 X-6.350 Y-1.760 Z0.400 F2400 A38.47411; Inset 
G1 X-5.750 Y-1.458 Z0.400 F2400 A38.49761; Inset 
G1 X-5.119 Y-1.228 Z0.400 F2400 A38.52111; Inset 
G1 X-4.465 Y-1.072 Z0.400 F2400 A38.54461; Inset 
G1 X-3.798 Y-0.992 Z0.400 F2400 A38.56810; Inset 
G1 X-3.126 Y-0.990 Z0.400 F2400 A38.59160; Inset 
G1 X-2.458 Y-1.067 Z0.400 F2400 A38.61510; Inset 
G1 X-1.803 Y-1.219 Z0.400 F2400 A38.63859; Inset 
G1 X-1.171 Y-1.447 Z0.400 F2400 A38.66209; Inset 
G1 X-0.569 Y-1.746 Z0.400 F2400 A38.68559; Inset 
G1 X-0.006 Y-2.113 Z0.400 F2400 A38.70909; Inset 
G1 X0.511 Y-2.542 Z0.400 F2400 A38.73258; Inset 
G1 X0.973 Y-3.027 Z0.400 F2400 A38.75597; Inset 
G1 X1.640 Y-3.971 Z0.400 F2400 A38.79640; Inset 
G1 X15.235 Y-3.945 Z0.400 F2400 A39.27169; Inset 
G1 X15.669 Y-3.978 Z0.400 F2400 A39.28690; Inset 
G1 X16.092 Y-4.076 Z0.400 F2400 A39.30210; Inset 
G1 X16.488 Y-4.236 Z0.400 F2400 A39.31703; Inset 
G1 X16.864 Y-4.460 Z0.400 F2400 A39.33232; Inset 
G1 X17.195 Y-4.734 Z0.400 F2400 A39.34732; Inset 
G1 X17.484 Y-5.061 Z0.400 F2400 A39.36261; Inset 
G1 X17.715 Y-5.423 Z0.400 F2400 A39.37760; Inset 
G1 X17.891 Y-5.822 Z0.400 F2400 A39.39285; Inset 
G1 X18.003 Y-6.244 Z0.400 F2400 A39.40811; Inset 
G1 X19.265 Y-13.067 Z0.400 F2400 A39.65069; Inset 
G1 X19.392 Y-13.420 Z0.400 F2400 A39.66380; Inset 
G1 X19.636 Y-13.726 Z0.400 F2400 A39.67749; Inset 
G1 X23.209 Y-16.031 Z0.400 F2400 A39.82614; Inset 
G1 X23.338 Y-16.188 Z0.400 F2400 A39.83323; Inset 
G1 X23.351 Y-16.341 Z0.400 F2400 A39.83861; Inset 
G1 X23.290 Y-16.480 Z0.400 F2400 A39.84390; Inset 
G1 X21.843 Y-17.733 Z0.400 F2400 A39.91082; Inset 
G1 X21.156 Y-18.190 Z0.400 F2400 A39.93967; Inset 
G1 X18.865 Y-19.290 Z0.400 F2400 A40.02852; Inset 
G1 X18.533 Y-22.950 Z0.400 F2400 A40.15700; Inset 
M73 P8; Update Progress 
G1 X18.428 Y-23.188 Z0.400 F2400 A40.16611; Inset 
G1 X18.252 Y-23.380 Z0.400 F2400 A40.17521; Inset 
G1 X18.016 Y-23.509 Z0.400 F2400 A40.18460; Inset 
G1 X17.905 Y-23.538 Z0.400 F2400 A40.18859; Inset 
G1 X17.622 Y-23.540 Z0.400 F2400 A40.19851; Inset 
G1 X16.260 Y-23.304 Z0.400 F2400 A40.24681; Inset 
G1 X16.852 Y-16.503 Z0.400 F2400 A40.48547; Inset 
G1 X16.843 Y-15.924 Z0.400 F2400 A40.50572; Inset 
G1 X16.735 Y-15.348 Z0.400 F2400 A40.52621; Inset 
G1 X16.531 Y-14.798 Z0.400 F2400 A40.54671; Inset 
G1 X16.238 Y-14.291 Z0.400 F2400 A40.56720; Inset 
G1 X15.862 Y-13.841 Z0.400 F2400 A40.58769; Inset 
G1 X15.416 Y-13.460 Z0.400 F2400 A40.60819; Inset 
G1 X14.912 Y-13.161 Z0.400 F2400 A40.62868; Inset 
G1 X14.365 Y-12.951 Z0.400 F2400 A40.64917; Inset 
G1 X13.790 Y-12.836 Z0.400 F2400 A40.66967; Inset 
G1 X13.204 Y-12.821 Z0.400 F2400 A40.69015; Inset 
G1 X12.624 Y-12.904 Z0.400 F2400 A40.71065; Inset 
G1 X12.066 Y-13.085 Z0.400 F2400 A40.73114; Inset 
G1 X11.547 Y-13.357 Z0.400 F2400 A40.75164; Inset 
G1 X11.082 Y-13.713 Z0.400 F2400 A40.77213; Inset 
G1 X10.683 Y-14.143 Z0.400 F2400 A40.79262; Inset 
G1 X10.363 Y-14.634 Z0.400 F2400 A40.81311; Inset 
G1 X10.130 Y-15.172 Z0.400 F2400 A40.83361; Inset 
G1 X9.992 Y-15.740 Z0.400 F2400 A40.85403; Inset 
G1 X9.494 Y-21.467 Z0.400 F2400 A41.05501; Inset 
G1 X7.862 Y-20.835 Z0.400 F2400 A41.11620; Inset 
G1 X7.637 Y-20.696 Z0.400 F2400 A41.12542; Inset 
G1 X7.476 Y-20.505 Z0.400 F2400 A41.13418; Inset 
G1 X7.381 Y-20.273 Z0.400 F2400 A41.14294; Inset 
G1 X7.362 Y-20.007 Z0.400 F2400 A41.15225; Inset 
G1 X8.097 Y-11.559 Z0.400 F2400 A41.44871; Inset 
G1 X-0.171 Y-11.575 Z0.400 F2400 A41.73778; Inset 
G1 X-1.205 Y-12.130 Z0.400 F2400 A41.77880; Inset 
G1 X-1.836 Y-12.352 Z0.400 F2400 A41.80217; Inset 
G1 X-2.491 Y-12.501 Z0.400 F2400 A41.82567; Inset 
G1 X-3.159 Y-12.574 Z0.400 F2400 A41.84916; Inset 
G1 X-3.831 Y-12.568 Z0.400 F2400 A41.87266; Inset 
G1 X-4.498 Y-12.485 Z0.400 F2400 A41.89616; Inset 
G1 X-5.151 Y-12.325 Z0.400 F2400 A41.91966; Inset 
G1 X-5.781 Y-12.091 Z0.400 F2400 A41.94315; Inset 
G1 X-6.380 Y-11.785 Z0.400 F2400 A41.96665; Inset 
G1 X-6.939 Y-11.412 Z0.400 F2400 A41.99015; Inset 
G1 X-6.939 Y-11.412 Z0.400 F1500 A40.69015; Retract 
G1 X-6.939 Y-11.412 Z0.400 F3000; Retract 
G1 X-6.408 Y-10.438 Z0.400 F9000; Travel Move 
G1 X-6.408 Y-10.438 Z0.400 F1500 A41.99015; Restart 
G1 X-7.121 Y-9.725 Z0.400 F5400 A42.02543; Infill 
G1 X-7.859 Y-8.427 Z0.400 F5400 A42.07763; Connection 
G1 X-5.101 Y-11.185 Z0.400 F5400 A42.21398; Infill 
G1 X-4.314 Y-11.412 Z0.400 F5400 A42.24262; Connection 
G1 X-5.462 Y-10.264 Z0.400 F5400 A42.29937; Infill 
G1 X-4.466 Y-10.700 Z0.400 F5400 A42.33738; Connection 
G1 X-3.683 Y-11.483 Z0.400 F5400 A42.37610; Infill 
G1 X-3.128 Y-11.478 Z0.400 F5400 A42.39549; Connection 
G1 X-3.880 Y-10.726 Z0.400 F5400 A42.43267; Infill 
G1 X-3.515 Y-10.530 Z0.400 F5400 A42.44713; Connection 
G1 X-2.627 Y-11.419 Z0.400 F5400 A42.49105; Infill 
G1 X-2.171 Y-11.315 Z0.400 F5400 A42.50741; Connection 
G1 X-2.684 Y-10.801 Z0.400 F5400 A42.53279; Infill 
G1 X-2.281 Y-10.645 Z0.400 F5400 A42.54792; Connection 
G1 X-1.754 Y-11.172 Z0.400 F5400 A42.57398; Infill 
G1 X-1.377 Y-10.989 Z0.400 F5400 A42.58863; Connection 
G1 X-1.878 Y-10.488 Z0.400 F5400 A42.61342; Infill 
G1 X-1.502 Y-10.303 Z0.400 F5400 A42.62804; Connection 
G1 X-1.012 Y-10.794 Z0.400 F5400 A42.65228; Infill 
G1 X-0.648 Y-10.598 Z0.400 F5400 A42.66674; Connection 
G1 X-1.154 Y-10.092 Z0.400 F5400 A42.69176; Infill 
G1 X-0.839 Y-9.846 Z0.400 F5400 A42.70571; Connection 
G1 X-0.197 Y-10.489 Z0.400 F5400 A42.73748; Infill 
G1 X0.362 Y-10.488 Z0.400 F5400 A42.75702; Connection 
G1 X-0.543 Y-9.583 Z0.400 F5400 A42.80177; Infill 
G1 X-0.289 Y-9.277 Z0.400 F5400 A42.81567; Connection 
G1 X0.921 Y-10.487 Z0.400 F5400 A42.87550; Infill 
G1 X1.480 Y-10.486 Z0.400 F5400 A42.89504; Connection 
G1 X-0.055 Y-8.951 Z0.400 F5400 A42.97094; Infill 
G1 X0.152 Y-8.597 Z0.400 F5400 A42.98525; Connection 
G1 X2.039 Y-10.485 Z0.400 F5400 A43.07856; Infill 
G1 X2.598 Y-10.484 Z0.400 F5400 A43.09810; Connection 
G1 X0.317 Y-8.202 Z0.400 F5400 A43.21088; Infill 
G1 X0.473 Y-7.798 Z0.400 F5400 A43.22603; Connection 
G1 X3.157 Y-10.483 Z0.400 F5400 A43.35876; Infill 
G1 X3.716 Y-10.481 Z0.400 F5400 A43.37830; Connection 
G1 X0.515 Y-7.280 Z0.400 F5400 A43.53658; Infill 
G1 X0.368 Y-6.574 Z0.400 F5400 A43.56180; Connection 
G1 X4.275 Y-10.480 Z0.400 F5400 A43.75496; Infill 
G1 X4.834 Y-10.479 Z0.400 F5400 A43.77450; Connection 
G1 X0.563 Y-6.208 Z0.400 F5400 A43.98569; Infill 
G1 X0.344 Y-5.430 Z0.400 F5400 A44.01395; Connection 
G1 X5.393 Y-10.478 Z0.400 F5400 A44.26356; Infill 
G1 X5.952 Y-10.477 Z0.400 F5400 A44.28310; Connection 
G1 X-2.309 Y-2.217 Z0.400 F5400 A44.69151; Infill 
G1 X-2.986 Y-2.099 Z0.400 F5400 A44.71554; Connection 
G1 X-2.095 Y-2.990 Z0.400 F5400 A44.75960; Infill 
G1 X-2.866 Y-2.779 Z0.400 F5400 A44.78754; Connection 
G1 X-3.568 Y-2.078 Z0.400 F5400 A44.82225; Infill 
G1 X-4.085 Y-2.120 Z0.400 F5400 A44.84040; Connection 
G1 X-3.243 Y-2.962 Z0.400 F5400 A44.88203; Infill 
G1 X-3.929 Y-2.837 Z0.400 F5400 A44.90637; Connection 
G1 X-4.556 Y-2.210 Z0.400 F5400 A44.93738; Infill 
G1 X-4.989 Y-2.336 Z0.400 F5400 A44.95316; Connection 
G1 X-4.465 Y-2.860 Z0.400 F5400 A44.97905; Infill 
G1 X-4.869 Y-3.017 Z0.400 F5400 A44.99418; Connection 
G1 X-5.392 Y-2.494 Z0.400 F5400 A45.02004; Infill 
G1 X-5.764 Y-2.681 Z0.400 F5400 A45.03462; Connection 
G1 X-5.264 Y-3.181 Z0.400 F5400 A45.05934; Infill 
G1 X-5.616 Y-3.389 Z0.400 F5400 A45.07363; Connection 
G1 X-6.106 Y-2.900 Z0.400 F5400 A45.09784; Infill 
G1 X-6.426 Y-3.140 Z0.400 F5400 A45.11183; Connection 
G1 X-5.943 Y-3.623 Z0.400 F5400 A45.13569; Infill 
G1 X-6.248 Y-3.878 Z0.400 F5400 A45.14959; Connection 
G1 X-6.725 Y-3.401 Z0.400 F5400 A45.17316; Infill 
G1 X-6.997 Y-3.689 Z0.400 F5400 A45.18701; Connection 
G1 X-6.512 Y-4.173 Z0.400 F5400 A45.21097; Infill 
G1 X-6.759 Y-4.487 Z0.400 F5400 A45.22491; Connection 
G1 X-7.243 Y-4.003 Z0.400 F5400 A45.24885; Infill 
G1 X-7.468 Y-4.338 Z0.400 F5400 A45.26296; Connection 
G1 X-6.969 Y-4.837 Z0.400 F5400 A45.28764; Infill 
G1 X-7.154 Y-5.211 Z0.400 F5400 A45.30225; Connection 
G1 X-7.670 Y-4.696 Z0.400 F5400 A45.32775; Infill 
G1 X-7.839 Y-5.086 Z0.400 F5400 A45.34264; Connection 
G1 X-7.310 Y-5.616 Z0.400 F5400 A45.36882; Infill 
G1 X-7.465 Y-6.020 Z0.400 F5400 A45.38397; Connection 
G1 X-7.977 Y-5.509 Z0.400 F5400 A45.40925; Infill 
G1 X-8.080 Y-5.966 Z0.400 F5400 A45.42563; Connection 
G1 X-7.191 Y-6.855 Z0.400 F5400 A45.46956; Infill 
G1 X-7.386 Y-7.220 Z0.400 F5400 A45.48404; Connection 
G1 X-8.141 Y-6.465 Z0.400 F5400 A45.52136; Infill 
G1 X-8.145 Y-7.021 Z0.400 F5400 A45.54079; Connection 
G1 X-7.369 Y-7.796 Z0.400 F5400 A45.57914; Infill 
G1 X-8.070 Y-7.656 Z0.400 F5400 A45.60410; Connection 
G1 X-6.922 Y-8.804 Z0.400 F5400 A45.66083; Infill 
G1 X-6.922 Y-8.804 Z0.400 F1500 A44.36083; Retract 
G1 X-6.922 Y-8.804 Z0.400 F3000; Retract 
G1 X-1.439 Y-2.526 Z0.400 F9000; Travel Move 
G1 X-1.439 Y-2.526 Z0.400 F1500 A45.66083; Restart 
G1 X6.511 Y-10.476 Z0.400 F5400 A46.05387; Infill 
G1 X7.070 Y-10.475 Z0.400 F5400 A46.07342; Connection 
G1 X1.652 Y-5.057 Z0.400 F5400 A46.34127; Infill 
G1 X2.211 Y-5.056 Z0.400 F5400 A46.36081; Connection 
G1 X7.629 Y-10.474 Z0.400 F5400 A46.62866; Infill 
G1 X8.188 Y-10.473 Z0.400 F5400 A46.64820; Connection 
G1 X2.770 Y-5.055 Z0.400 F5400 A46.91606; Infill 
G1 X3.329 Y-5.054 Z0.400 F5400 A46.93560; Connection 
G1 X10.821 Y-12.546 Z0.400 F5400 A47.30602; Infill 
G1 X10.507 Y-12.792 Z0.400 F5400 A47.31997; Connection 
G1 X9.194 Y-11.479 Z0.400 F5400 A47.38487; Infill 
G1 X9.149 Y-11.995 Z0.400 F5400 A47.40295; Connection 
G1 X10.211 Y-13.057 Z0.400 F5400 A47.45546; Infill 
G1 X9.945 Y-13.350 Z0.400 F5400 A47.46932; Connection 
G1 X9.105 Y-12.510 Z0.400 F5400 A47.51085; Infill 
G1 X9.060 Y-13.025 Z0.400 F5400 A47.52893; Connection 
G1 X9.700 Y-13.665 Z0.400 F5400 A47.56058; Infill 
G1 X9.482 Y-14.007 Z0.400 F5400 A47.57476; Connection 
G1 X9.015 Y-13.540 Z0.400 F5400 A47.59784; Infill 
G1 X8.970 Y-14.055 Z0.400 F5400 A47.61592; Connection 
G1 X9.293 Y-14.378 Z0.400 F5400 A47.63186; Infill 
G1 X8.925 Y-14.571 Z0.400 F5400 A47.64636; Connection 
G1 X9.127 Y-14.772 Z0.400 F5400 A47.65631; Infill 
G1 X8.881 Y-15.086 Z0.400 F5400 A47.67026; Connection 
G1 X9.006 Y-15.211 Z0.400 F5400 A47.67644; Infill 
G1 X8.836 Y-15.601 Z0.400 F5400 A47.69132; Connection 
G1 X8.908 Y-15.673 Z0.400 F5400 A47.69488; Infill 
G1 X8.791 Y-16.116 Z0.400 F5400 A47.71090; Connection 
G1 X8.863 Y-16.188 Z0.400 F5400 A47.71447; Infill 
G1 X8.746 Y-16.632 Z0.400 F5400 A47.73049; Connection 
G1 X8.818 Y-16.704 Z0.400 F5400 A47.73405; Infill 
G1 X8.701 Y-17.147 Z0.400 F5400 A47.75007; Connection 
G1 X8.773 Y-17.219 Z0.400 F5400 A47.75364; Infill 
G1 X8.656 Y-17.662 Z0.400 F5400 A47.76966; Connection 
G1 X8.729 Y-17.734 Z0.400 F5400 A47.77322; Infill 
G1 X8.612 Y-18.177 Z0.400 F5400 A47.78924; Connection 
G1 X8.684 Y-18.249 Z0.400 F5400 A47.79281; Infill 
G1 X8.567 Y-18.692 Z0.400 F5400 A47.80883; Connection 
G1 X8.639 Y-18.764 Z0.400 F5400 A47.81239; Infill 
G1 X8.522 Y-19.208 Z0.400 F5400 A47.82841; Connection 
G1 X8.594 Y-19.280 Z0.400 F5400 A47.83198; Infill 
G1 X8.477 Y-19.723 Z0.400 F5400 A47.84800; Connection 
G1 X8.549 Y-19.795 Z0.400 F5400 A47.85156; Infill 
G1 X8.549 Y-19.795 Z0.400 F1500 A46.55156; Retract 
G1 X8.549 Y-19.795 Z0.400 F3000; Retract 
G1 X11.169 Y-12.334 Z0.400 F9000; Travel Move 
G1 X11.169 Y-12.334 Z0.400 F1500 A47.85156; Restart 
G1 X3.888 Y-5.053 Z0.400 F5400 A48.21155; Infill 
G1 X4.447 Y-5.052 Z0.400 F5400 A48.23109; Connection 
G1 X11.534 Y-12.139 Z0.400 F5400 A48.58146; Infill 
G1 X11.945 Y-11.990 Z0.400 F5400 A48.59675; Connection 
G1 X5.006 Y-5.051 Z0.400 F5400 A48.93983; Infill 
G1 X5.565 Y-5.050 Z0.400 F5400 A48.95937; Connection 
G1 X12.368 Y-11.853 Z0.400 F5400 A49.29573; Infill 
G1 X12.853 Y-11.778 Z0.400 F5400 A49.31289; Connection 
G1 X6.124 Y-5.049 Z0.400 F5400 A49.64559; Infill 
G1 X6.683 Y-5.048 Z0.400 F5400 A49.66513; Connection 
G1 X13.374 Y-11.739 Z0.400 F5400 A49.99593; Infill 
G1 X13.965 Y-11.770 Z0.400 F5400 A50.01664; Connection 
G1 X7.242 Y-5.047 Z0.400 F5400 A50.34906; Infill 
M73 P9; Update Progress 
G1 X7.801 Y-5.046 Z0.400 F5400 A50.36860; Connection 
G1 X14.665 Y-11.910 Z0.400 F5400 A50.70800; Infill 
G1 X15.659 Y-12.344 Z0.400 F5400 A50.74590; Connection 
G1 X8.360 Y-5.045 Z0.400 F5400 A51.10678; Infill 
G1 X8.919 Y-5.044 Z0.400 F5400 A51.12633; Connection 
G1 X20.918 Y-17.043 Z0.400 F5400 A51.71960; Infill 
G1 X21.247 Y-16.812 Z0.400 F5400 A51.73365; Connection 
G1 X14.215 Y-9.780 Z0.400 F5400 A52.08131; Infill 
G1 X14.992 Y-9.997 Z0.400 F5400 A52.10950; Connection 
G1 X18.183 Y-13.188 Z0.400 F5400 A52.26725; Infill 
G1 X18.056 Y-12.500 Z0.400 F5400 A52.29168; Connection 
G1 X15.556 Y-10.001 Z0.400 F5400 A52.41525; Infill 
G1 X16.042 Y-9.927 Z0.400 F5400 A52.43244; Connection 
G1 X17.929 Y-11.813 Z0.400 F5400 A52.52569; Infill 
G1 X17.801 Y-11.126 Z0.400 F5400 A52.55012; Connection 
G1 X16.461 Y-9.786 Z0.400 F5400 A52.61637; Infill 
G1 X16.820 Y-9.585 Z0.400 F5400 A52.63075; Connection 
G1 X17.674 Y-10.439 Z0.400 F5400 A52.67298; Infill 
G1 X17.547 Y-9.752 Z0.400 F5400 A52.69741; Connection 
G1 X17.156 Y-9.360 Z0.400 F5400 A52.71677; Infill 
G1 X17.156 Y-9.360 Z0.400 F1500 A51.41677; Retract 
G1 X17.156 Y-9.360 Z0.400 F3000; Retract 
G1 X12.826 Y-8.391 Z0.400 F9000; Travel Move 
G1 X12.826 Y-8.391 Z0.400 F1500 A52.71677; Restart 
G1 X9.478 Y-5.042 Z0.400 F5400 A52.88234; Infill 
G1 X10.037 Y-5.041 Z0.400 F5400 A52.90188; Connection 
G1 X12.588 Y-7.593 Z0.400 F5400 A53.02803; Infill 
G1 X12.582 Y-7.027 Z0.400 F5400 A53.04782; Connection 
G1 X10.596 Y-5.040 Z0.400 F5400 A53.14602; Infill 
G1 X11.155 Y-5.039 Z0.400 F5400 A53.16557; Connection 
G1 X12.646 Y-6.531 Z0.400 F5400 A53.23931; Infill 
G1 X12.807 Y-6.131 Z0.400 F5400 A53.25436; Connection 
G1 X11.714 Y-5.038 Z0.400 F5400 A53.30841; Infill 
G1 X12.272 Y-5.037 Z0.400 F5400 A53.32795; Connection 
G1 X12.994 Y-5.758 Z0.400 F5400 A53.36361; Infill 
G1 X13.234 Y-5.438 Z0.400 F5400 A53.37759; Connection 
G1 X12.831 Y-5.036 Z0.400 F5400 A53.39748; Infill 
G1 X13.390 Y-5.035 Z0.400 F5400 A53.41702; Connection 
G1 X13.525 Y-5.169 Z0.400 F5400 A53.42366; Infill 
G1 X13.525 Y-5.169 Z0.400 F1500 A52.12366; Retract 
G1 X13.525 Y-5.169 Z0.400 F3000; Retract 
G1 X17.328 Y-14.013 Z0.400 F9000; Travel Move 
G1 X17.328 Y-14.013 Z0.400 F1500 A53.42366; Restart 
G1 X20.578 Y-17.263 Z0.400 F5400 A53.58433; Infill 
G1 X20.199 Y-17.444 Z0.400 F5400 A53.59900; Connection 
G1 X17.769 Y-15.013 Z0.400 F5400 A53.71918; Infill 
G1 X17.899 Y-15.704 Z0.400 F5400 A53.74376; Connection 
G1 X19.821 Y-17.626 Z0.400 F5400 A53.83877; Infill 
G1 X19.443 Y-17.808 Z0.400 F5400 A53.85344; Connection 
G1 X17.933 Y-16.298 Z0.400 F5400 A53.92807; Infill 
G1 X17.913 Y-16.838 Z0.400 F5400 A53.94695; Connection 
G1 X19.064 Y-17.989 Z0.400 F5400 A54.00389; Infill 
G1 X18.686 Y-18.171 Z0.400 F5400 A54.01856; Connection 
G1 X17.868 Y-17.353 Z0.400 F5400 A54.05900; Infill 
G1 X17.823 Y-17.868 Z0.400 F5400 A54.07708; Connection 
G1 X18.308 Y-18.353 Z0.400 F5400 A54.10103; Infill 
G1 X18.032 Y-18.637 Z0.400 F5400 A54.11488; Connection 
G1 X17.778 Y-18.383 Z0.400 F5400 A54.12743; Infill 
G1 X17.733 Y-18.899 Z0.400 F5400 A54.14551; Connection 
G1 X17.811 Y-18.976 Z0.400 F5400 A54.14932; Infill 
G1 X17.689 Y-19.414 Z0.400 F5400 A54.16522; Connection 
G1 X17.757 Y-19.482 Z0.400 F5400 A54.16858; Infill 
G1 X17.644 Y-19.929 Z0.400 F5400 A54.18470; Connection 
G1 X17.710 Y-19.995 Z0.400 F5400 A54.18798; Infill 
G1 X17.599 Y-20.444 Z0.400 F5400 A54.20415; Connection 
G1 X17.664 Y-20.509 Z0.400 F5400 A54.20734; Infill 
G1 X17.554 Y-20.959 Z0.400 F5400 A54.22355; Connection 
G1 X17.615 Y-21.021 Z0.400 F5400 A54.22657; Infill 
G1 X17.615 Y-21.021 Z0.400 F1500 A52.92657; Retract 
G1 X17.615 Y-21.021 Z0.400 F3000; Retract 
G1 X21.547 Y-16.552 Z0.400 F9000; Travel Move 
G1 X21.547 Y-16.552 Z0.400 F1500 A54.22657; Restart 
G1 X20.699 Y-15.704 Z0.400 F5400 A54.26848; Infill 
G1 X20.699 Y-15.704 Z0.400 F1500 A52.96848; Retract 
G1 X20.699 Y-15.704 Z0.400 F3000; Retract 
G1 X17.509 Y-21.475 Z0.400 F9000; Travel Move 
G1 X17.509 Y-21.475 Z0.400 F1500 A54.26848; Restart 
G1 X17.570 Y-21.536 Z0.400 F5400 A54.27149; Infill 
G1 X17.465 Y-21.990 Z0.400 F5400 A54.28780; Connection 
G1 X17.524 Y-22.049 Z0.400 F5400 A54.29072; Infill 
; Chunk 4 
; Lower Position  0.4 
; Upper Position  0.6 
; Thickness       0.2 
; Width           0.4 
G1 X17.524 Y-22.049 Z0.400 F1500 A52.99072; Retract 
G1 X17.524 Y-22.049 Z0.400 F3000; Retract 
G1 X17.524 Y-22.049 Z0.600 F1380; Travel Move 
G1 X-5.602 Y-9.850 Z0.600 F9000; Travel Move 
G1 X-5.602 Y-9.850 Z0.600 F1500 A54.29072; Restart 
G1 X-5.074 Y-10.160 Z0.600 F5400 A54.31214; Inset 
G1 X-4.116 Y-10.528 Z0.600 F5400 A54.34801; Inset 
G1 X-3.441 Y-10.166 Z0.600 F5400 A54.37481; Inset 
G1 X-2.764 Y-10.526 Z0.600 F5400 A54.40161; Inset 
G1 X-1.808 Y-10.154 Z0.600 F5400 A54.43748; Inset 
G1 X-1.215 Y-9.795 Z0.600 F5400 A54.46169; Inset 
G1 X-0.762 Y-9.399 Z0.600 F5400 A54.48272; Inset 
G1 X-0.378 Y-8.936 Z0.600 F5400 A54.50374; Inset 
G1 X-0.068 Y-8.408 Z0.600 F5400 A54.52516; Inset 
G1 X0.291 Y-7.474 Z0.600 F5400 A54.56014; Inset 
G1 X-0.054 Y-6.759 Z0.600 F5400 A54.58788; Inset 
G1 X0.297 Y-6.098 Z0.600 F5400 A54.61408; Inset 
G1 X-0.075 Y-5.142 Z0.600 F5400 A54.64994; Inset 
G1 X-0.386 Y-4.614 Z0.600 F5400 A54.67136; Inset 
G1 X-0.772 Y-4.153 Z0.600 F5400 A54.69239; Inset 
G1 X-1.227 Y-3.759 Z0.600 F5400 A54.71341; Inset 
G1 X-1.820 Y-3.402 Z0.600 F5400 A54.73763; Inset 
G1 X-2.754 Y-3.043 Z0.600 F5400 A54.77261; Inset 
G1 X-3.454 Y-3.381 Z0.600 F5400 A54.79976; Inset 
G1 X-4.154 Y-3.046 Z0.600 F5400 A54.82690; Inset 
G1 X-5.087 Y-3.409 Z0.600 F5400 A54.86189; Inset 
G1 X-5.614 Y-3.720 Z0.600 F5400 A54.88331; Inset 
G1 X-6.076 Y-4.106 Z0.600 F5400 A54.90433; Inset 
G1 X-6.469 Y-4.561 Z0.600 F5400 A54.92535; Inset 
G1 X-6.826 Y-5.154 Z0.600 F5400 A54.94957; Inset 
G1 X-7.185 Y-6.088 Z0.600 F5400 A54.98455; Inset 
G1 X-6.847 Y-6.788 Z0.600 F5400 A55.01170; Inset 
G1 X-7.182 Y-7.488 Z0.600 F5400 A55.03885; Inset 
G1 X-6.820 Y-8.421 Z0.600 F5400 A55.07383; Inset 
G1 X-6.461 Y-9.013 Z0.600 F5400 A55.09805; Inset 
G1 X-6.065 Y-9.466 Z0.600 F5400 A55.11907; Inset 
G1 X-5.602 Y-9.850 Z0.600 F5400 A55.14009; Inset 
G1 X-5.602 Y-9.850 Z0.600 F1500 A53.84009; Retract 
G1 X-5.602 Y-9.850 Z0.600 F3000; Retract 
G1 X-5.382 Y-9.516 Z0.600 F9000; Travel Move 
G1 X-5.382 Y-9.516 Z0.600 F1500 A55.14009; Restart 
G1 X-4.914 Y-9.793 Z0.600 F5400 A55.15911; Inset 
G1 X-4.144 Y-10.089 Z0.600 F5400 A55.18796; Inset 
G1 X-3.659 Y-9.829 Z0.600 F5400 A55.20718; Inset 
G1 X-3.555 Y-9.447 Z0.600 F5400 A55.22104; Inset 
G1 X-3.478 Y-9.394 Z0.600 F5400 A55.22431; Inset 
G1 X-3.372 Y-9.405 Z0.600 F5400 A55.22801; Inset 
G1 X-3.295 Y-9.511 Z0.600 F5400 A55.23259; Inset 
G1 X-3.223 Y-9.828 Z0.600 F5400 A55.24395; Inset 
G1 X-2.738 Y-10.086 Z0.600 F5400 A55.26318; Inset 
G1 X-1.969 Y-9.787 Z0.600 F5400 A55.29202; Inset 
G1 X-1.463 Y-9.480 Z0.600 F5400 A55.31272; Inset 
G1 X-1.057 Y-9.128 Z0.600 F5400 A55.33150; Inset 
G1 X-0.712 Y-8.716 Z0.600 F5400 A55.35028; Inset 
G1 X-0.435 Y-8.248 Z0.600 F5400 A55.36930; Inset 
G1 X-0.145 Y-7.492 Z0.600 F5400 A55.39761; Inset 
G1 X-0.371 Y-7.024 Z0.600 F5400 A55.41577; Inset 
G1 X-0.761 Y-6.902 Z0.600 F5400 A55.43009; Inset 
G1 X-0.826 Y-6.834 Z0.600 F5400 A55.43336; Inset 
G1 X-0.841 Y-6.776 Z0.600 F5400 A55.43545; Inset 
G1 X-0.823 Y-6.706 Z0.600 F5400 A55.43797; Inset 
G1 X-0.717 Y-6.629 Z0.600 F5400 A55.44255; Inset 
G1 X-0.400 Y-6.557 Z0.600 F5400 A55.45392; Inset 
G1 X-0.142 Y-6.072 Z0.600 F5400 A55.47314; Inset 
G1 X-0.441 Y-5.303 Z0.600 F5400 A55.50199; Inset 
G1 X-0.720 Y-4.836 Z0.600 F5400 A55.52100; Inset 
G1 X-1.066 Y-4.425 Z0.600 F5400 A55.53978; Inset 
G1 X-1.473 Y-4.074 Z0.600 F5400 A55.55856; Inset 
G1 X-1.980 Y-3.769 Z0.600 F5400 A55.57926; Inset 
G1 X-2.736 Y-3.479 Z0.600 F5400 A55.60757; Inset 
G1 X-3.204 Y-3.705 Z0.600 F5400 A55.62574; Inset 
G1 X-3.327 Y-4.095 Z0.600 F5400 A55.64005; Inset 
G1 X-3.362 Y-4.143 Z0.600 F5400 A55.64214; Inset 
G1 X-3.417 Y-4.168 Z0.600 F5400 A55.64423; Inset 
G1 X-3.510 Y-4.160 Z0.600 F5400 A55.64750; Inset 
G1 X-3.578 Y-4.096 Z0.600 F5400 A55.65077; Inset 
G1 X-3.702 Y-3.706 Z0.600 F5400 A55.66509; Inset 
G1 X-4.171 Y-3.481 Z0.600 F5400 A55.68325; Inset 
G1 X-4.925 Y-3.775 Z0.600 F5400 A55.71156; Inset 
G1 X-5.432 Y-4.082 Z0.600 F5400 A55.73226; Inset 
G1 X-5.837 Y-4.434 Z0.600 F5400 A55.75104; Inset 
G1 X-6.182 Y-4.846 Z0.600 F5400 A55.76982; Inset 
G1 X-6.459 Y-5.314 Z0.600 F5400 A55.78884; Inset 
G1 X-6.750 Y-6.070 Z0.600 F5400 A55.81715; Inset 
G1 X-6.524 Y-6.538 Z0.600 F5400 A55.83532; Inset 
G1 X-6.133 Y-6.661 Z0.600 F5400 A55.84963; Inset 
G1 X-6.085 Y-6.696 Z0.600 F5400 A55.85172; Inset 
G1 X-6.056 Y-6.798 Z0.600 F5400 A55.85541; Inset 
G1 X-6.071 Y-6.856 Z0.600 F5400 A55.85750; Inset 
G1 X-6.121 Y-6.908 Z0.600 F5400 A55.86002; Inset 
G1 X-6.523 Y-7.036 Z0.600 F5400 A55.87477; Inset 
G1 X-6.747 Y-7.505 Z0.600 F5400 A55.89293; Inset 
G1 X-6.453 Y-8.259 Z0.600 F5400 A55.92124; Inset 
G1 X-6.146 Y-8.766 Z0.600 F5400 A55.94194; Inset 
G1 X-5.794 Y-9.171 Z0.600 F5400 A55.96072; Inset 
G1 X-5.382 Y-9.516 Z0.600 F5400 A55.97950; Inset 
G1 X-5.382 Y-9.516 Z0.600 F1500 A54.67950; Retract 
G1 X-5.382 Y-9.516 Z0.600 F3000; Retract 
G1 X-5.169 Y-9.178 Z0.600 F9000; Travel Move 
G1 X-5.169 Y-9.178 Z0.600 F1500 A55.97950; Restart 
G1 X-4.762 Y-9.423 Z0.600 F2400 A55.99610; Inset 
G1 X-4.040 Y-9.700 Z0.600 F2400 A56.02313; Inset 
G1 X-3.968 Y-9.375 Z0.600 F2400 A56.03477; Inset 
G1 X-3.880 Y-9.204 Z0.600 F2400 A56.04150; Inset 
G1 X-3.747 Y-9.077 Z0.600 F2400 A56.04792; Inset 
G1 X-3.580 Y-9.002 Z0.600 F2400 A56.05435; Inset 
G1 X-3.397 Y-8.986 Z0.600 F2400 A56.06077; Inset 
G1 X-3.144 Y-9.070 Z0.600 F2400 A56.07007; Inset 
G1 X-3.005 Y-9.202 Z0.600 F2400 A56.07680; Inset 
G1 X-2.917 Y-9.373 Z0.600 F2400 A56.08352; Inset 
G1 X-2.843 Y-9.698 Z0.600 F2400 A56.09516; Inset 
G1 X-2.122 Y-9.418 Z0.600 F2400 A56.12220; Inset 
G1 X-1.717 Y-9.171 Z0.600 F2400 A56.13879; Inset 
G1 X-1.357 Y-8.864 Z0.600 F2400 A56.15533; Inset 
G1 X-1.051 Y-8.503 Z0.600 F2400 A56.17188; Inset 
G1 X-0.806 Y-8.096 Z0.600 F2400 A56.18847; Inset 
G1 X-0.535 Y-7.392 Z0.600 F2400 A56.21485; Inset 
G1 X-0.946 Y-7.263 Z0.600 F2400 A56.22991; Inset 
G1 X-1.093 Y-7.153 Z0.600 F2400 A56.23633; Inset 
G1 X-1.196 Y-7.001 Z0.600 F2400 A56.24276; Inset 
G1 X-1.245 Y-6.739 Z0.600 F2400 A56.25206; Inset 
G1 X-1.195 Y-6.545 Z0.600 F2400 A56.25909; Inset 
G1 X-1.026 Y-6.339 Z0.600 F2400 A56.26839; Inset 
G1 X-0.855 Y-6.250 Z0.600 F2400 A56.27512; Inset 
G1 X-0.530 Y-6.177 Z0.600 F2400 A56.28676; Inset 
G1 X-0.811 Y-5.456 Z0.600 F2400 A56.31380; Inset 
G1 X-1.057 Y-5.051 Z0.600 F2400 A56.33039; Inset 
G1 X-1.365 Y-4.691 Z0.600 F2400 A56.34693; Inset 
G1 X-1.726 Y-4.385 Z0.600 F2400 A56.36347; Inset 
G1 X-2.132 Y-4.140 Z0.600 F2400 A56.38006; Inset 
G1 X-2.836 Y-3.869 Z0.600 F2400 A56.40644; Inset 
G1 X-2.965 Y-4.280 Z0.600 F2400 A56.42151; Inset 
G1 X-3.080 Y-4.434 Z0.600 F2400 A56.42823; Inset 
G1 X-3.314 Y-4.561 Z0.600 F2400 A56.43754; Inset 
G1 X-3.497 Y-4.576 Z0.600 F2400 A56.44396; Inset 
G1 X-3.675 Y-4.531 Z0.600 F2400 A56.45038; Inset 
G1 X-3.828 Y-4.429 Z0.600 F2400 A56.45681; Inset 
G1 X-3.939 Y-4.282 Z0.600 F2400 A56.46323; Inset 
G1 X-4.069 Y-3.871 Z0.600 F2400 A56.47829; Inset 
G1 X-4.772 Y-4.145 Z0.600 F2400 A56.50467; Inset 
G1 X-5.178 Y-4.391 Z0.600 F2400 A56.52127; Inset 
G1 X-5.538 Y-4.699 Z0.600 F2400 A56.53781; Inset 
G1 X-5.844 Y-5.060 Z0.600 F2400 A56.55435; Inset 
G1 X-6.089 Y-5.466 Z0.600 F2400 A56.57094; Inset 
G1 X-6.359 Y-6.170 Z0.600 F2400 A56.59732; Inset 
G1 X-5.948 Y-6.299 Z0.600 F2400 A56.61239; Inset 
G1 X-5.794 Y-6.414 Z0.600 F2400 A56.61911; Inset 
G1 X-5.668 Y-6.648 Z0.600 F2400 A56.62842; Inset 
G1 X-5.652 Y-6.831 Z0.600 F2400 A56.63484; Inset 
G1 X-5.736 Y-7.084 Z0.600 F2400 A56.64414; Inset 
G1 X-5.938 Y-7.270 Z0.600 F2400 A56.65375; Inset 
G1 X-6.357 Y-7.403 Z0.600 F2400 A56.66911; Inset 
G1 X-6.084 Y-8.106 Z0.600 F2400 A56.69549; Inset 
G1 X-5.837 Y-8.512 Z0.600 F2400 A56.71208; Inset 
G1 X-5.530 Y-8.872 Z0.600 F2400 A56.72863; Inset 
G1 X-5.169 Y-9.178 Z0.600 F2400 A56.74517; Inset 
G1 X-5.169 Y-9.178 Z0.600 F1500 A55.44517; Retract 
G1 X-5.169 Y-9.178 Z0.600 F3000; Retract 
G1 X-6.456 Y-10.772 Z0.600 F9000; Travel Move 
G1 X-6.456 Y-10.772 Z0.600 F1500 A56.74517; Restart 
G1 X-6.898 Y-10.397 Z0.600 F5400 A56.76542; Inset 
G1 X-7.293 Y-9.974 Z0.600 F5400 A56.78567; Inset 
G1 X-7.637 Y-9.507 Z0.600 F5400 A56.80592; Inset 
G1 X-7.924 Y-9.004 Z0.600 F5400 A56.82617; Inset 
G1 X-8.151 Y-8.471 Z0.600 F5400 A56.84642; Inset 
G1 X-8.315 Y-7.916 Z0.600 F5400 A56.86667; Inset 
G1 X-8.414 Y-7.345 Z0.600 F5400 A56.88692; Inset 
G1 X-8.445 Y-6.767 Z0.600 F5400 A56.90717; Inset 
G1 X-8.410 Y-6.188 Z0.600 F5400 A56.92743; Inset 
G1 X-8.308 Y-5.618 Z0.600 F5400 A56.94768; Inset 
G1 X-8.141 Y-5.064 Z0.600 F5400 A56.96793; Inset 
G1 X-7.911 Y-4.532 Z0.600 F5400 A56.98818; Inset 
G1 X-7.621 Y-4.031 Z0.600 F5400 A57.00843; Inset 
G1 X-7.274 Y-3.566 Z0.600 F5400 A57.02868; Inset 
G1 X-6.877 Y-3.145 Z0.600 F5400 A57.04893; Inset 
G1 X-6.433 Y-2.773 Z0.600 F5400 A57.06918; Inset 
G1 X-5.949 Y-2.454 Z0.600 F5400 A57.08944; Inset 
G1 X-5.432 Y-2.194 Z0.600 F5400 A57.10968; Inset 
G1 X-4.888 Y-1.995 Z0.600 F5400 A57.12993; Inset 
G1 X-4.324 Y-1.860 Z0.600 F5400 A57.15019; Inset 
G1 X-3.749 Y-1.792 Z0.600 F5400 A57.17044; Inset 
G1 X-3.170 Y-1.791 Z0.600 F5400 A57.19069; Inset 
G1 X-2.594 Y-1.856 Z0.600 F5400 A57.21094; Inset 
G1 X-2.030 Y-1.988 Z0.600 F5400 A57.23119; Inset 
G1 X-1.485 Y-2.184 Z0.600 F5400 A57.25144; Inset 
G1 X-0.967 Y-2.442 Z0.600 F5400 A57.27169; Inset 
G1 X-0.481 Y-2.758 Z0.600 F5400 A57.29195; Inset 
G1 X-0.036 Y-3.128 Z0.600 F5400 A57.31219; Inset 
G1 X0.353 Y-3.536 Z0.600 F5400 A57.33190; Inset 
G1 X1.067 Y-4.547 Z0.600 F5400 A57.37517; Inset 
G1 X1.501 Y-4.772 Z0.600 F5400 A57.39225; Inset 
G1 X15.207 Y-4.746 Z0.600 F5400 A57.87142; Inset 
G1 X15.280 Y-4.751 Z0.600 F5400 A57.87396; Inset 
G1 X15.018 Y-4.768 Z0.600 F5400 A57.88311; Inset 
G1 X14.405 Y-4.929 Z0.600 F5400 A57.90529; Inset 
G1 X13.953 Y-5.163 Z0.600 F5400 A57.92308; Inset 
G1 X13.378 Y-5.694 Z0.600 F5400 A57.95043; Inset 
G1 X13.277 Y-5.831 Z0.600 F5400 A57.95639; Inset 
G1 X12.973 Y-6.436 Z0.600 F5400 A57.98006; Inset 
G1 X12.924 Y-6.599 Z0.600 F5400 A57.98601; Inset 
G1 X12.842 Y-7.250 Z0.600 F5400 A58.00894; Inset 
G1 X12.891 Y-7.756 Z0.600 F5400 A58.02673; Inset 
G1 X13.161 Y-8.468 Z0.600 F5400 A58.05334; Inset 
G1 X13.452 Y-8.886 Z0.600 F5400 A58.07112; Inset 
G1 X14.051 Y-9.389 Z0.600 F5400 A58.09848; Inset 
G1 X14.200 Y-9.472 Z0.600 F5400 A58.10443; Inset 
G1 X14.819 Y-9.689 Z0.600 F5400 A58.12736; Inset 
G1 X15.324 Y-9.747 Z0.600 F5400 A58.14515; Inset 
G1 X16.098 Y-9.629 Z0.600 F5400 A58.17250; Inset 
G1 X16.258 Y-9.572 Z0.600 F5400 A58.17846; Inset 
G1 X16.849 Y-9.241 Z0.600 F5400 A58.20213; Inset 
G1 X16.981 Y-9.134 Z0.600 F5400 A58.20808; Inset 
G1 X17.427 Y-8.625 Z0.600 F5400 A58.23176; Inset 
G1 X17.575 Y-8.332 Z0.600 F5400 A58.24323; Inset 
G1 X18.483 Y-13.236 Z0.600 F5400 A58.41761; Inset 
G1 X18.656 Y-13.737 Z0.600 F5400 A58.43612; Inset 
G1 X18.736 Y-13.880 Z0.600 F5400 A58.44185; Inset 
G1 X19.162 Y-14.371 Z0.600 F5400 A58.46458; Inset 
G1 X22.222 Y-16.346 Z0.600 F5400 A58.59191; Inset 
G1 X21.357 Y-17.095 Z0.600 F5400 A58.63188; Inset 
G1 X20.759 Y-17.493 Z0.600 F5400 A58.65700; Inset 
G1 X18.383 Y-18.634 Z0.600 F5400 A58.74916; Inset 
G1 X18.081 Y-19.068 Z0.600 F5400 A58.76762; Inset 
G1 X17.748 Y-22.739 Z0.600 F5400 A58.89650; Inset 
G1 X17.121 Y-22.641 Z0.600 F5400 A58.91870; Inset 
G1 X17.650 Y-16.557 Z0.600 F5400 A59.13221; Inset 
G1 X17.642 Y-15.886 Z0.600 F5400 A59.15567; Inset 
G1 X17.494 Y-15.094 Z0.600 F5400 A59.18386; Inset 
G1 X17.236 Y-14.419 Z0.600 F5400 A59.20910; Inset 
G1 X16.868 Y-13.798 Z0.600 F5400 A59.23433; Inset 
G1 X16.461 Y-13.309 Z0.600 F5400 A59.25660; Inset 
G1 X15.916 Y-12.835 Z0.600 F5400 A59.28184; Inset 
G1 X15.299 Y-12.460 Z0.600 F5400 A59.30708; Inset 
G1 X14.546 Y-12.171 Z0.600 F5400 A59.33527; Inset 
G1 X13.837 Y-12.037 Z0.600 F5400 A59.36051; Inset 
G1 X13.200 Y-12.020 Z0.600 F5400 A59.38278; Inset 
G1 X12.485 Y-12.116 Z0.600 F5400 A59.40801; Inset 
G1 X11.717 Y-12.365 Z0.600 F5400 A59.43621; Inset 
G1 X11.082 Y-12.706 Z0.600 F5400 A59.46144; Inset 
G1 X10.513 Y-13.150 Z0.600 F5400 A59.48668; Inset 
G1 X10.027 Y-13.684 Z0.600 F5400 A59.51192; Inset 
G1 X9.639 Y-14.293 Z0.600 F5400 A59.53715; Inset 
G1 X9.359 Y-14.958 Z0.600 F5400 A59.56239; Inset 
G1 X9.197 Y-15.648 Z0.600 F5400 A59.58714; Inset 
G1 X8.789 Y-20.336 Z0.600 F5400 A59.75167; Inset 
G1 X8.170 Y-20.085 Z0.600 F5400 A59.77504; Inset 
G1 X8.165 Y-20.014 Z0.600 F5400 A59.77752; Inset 
G1 X8.913 Y-11.407 Z0.600 F5400 A60.07955; Inset 
G1 X8.317 Y-10.759 Z0.600 F5400 A60.11034; Inset 
G1 X-0.246 Y-10.775 Z0.600 F5400 A60.40973; Inset 
G1 X-0.485 Y-10.835 Z0.600 F5400 A60.41835; Inset 
G1 X-1.530 Y-11.396 Z0.600 F5400 A60.45978; Inset 
G1 X-2.058 Y-11.583 Z0.600 F5400 A60.47939; Inset 
G1 X-2.623 Y-11.711 Z0.600 F5400 A60.49963; Inset 
G1 X-3.199 Y-11.773 Z0.600 F5400 A60.51988; Inset 
G1 X-3.778 Y-11.768 Z0.600 F5400 A60.54014; Inset 
G1 X-4.353 Y-11.697 Z0.600 F5400 A60.56039; Inset 
G1 X-4.916 Y-11.559 Z0.600 F5400 A60.58064; Inset 
G1 X-5.459 Y-11.357 Z0.600 F5400 A60.60089; Inset 
G1 X-5.974 Y-11.093 Z0.600 F5400 A60.62114; Inset 
G1 X-6.456 Y-10.772 Z0.600 F5400 A60.64139; Inset 
G1 X-6.456 Y-10.772 Z0.600 F1500 A59.34139; Retract 
G1 X-6.456 Y-10.772 Z0.600 F3000; Retract 
G1 X14.275 Y-9.056 Z0.600 F9000; Travel Move 
G1 X14.275 Y-9.056 Z0.600 F1500 A60.64139; Restart 
G1 X14.365 Y-9.105 Z0.600 F5400 A60.64496; Inset 
G1 X15.002 Y-9.319 Z0.600 F5400 A60.66846; Inset 
G1 X15.408 Y-9.343 Z0.600 F5400 A60.68269; Inset 
G1 X16.092 Y-9.207 Z0.600 F5400 A60.70707; Inset 
G1 X16.703 Y-8.844 Z0.600 F5400 A60.73189; Inset 
M73 P10; Update Progress 
G1 X17.158 Y-8.299 Z0.600 F5400 A60.75671; Inset 
G1 X17.405 Y-7.634 Z0.600 F5400 A60.78153; Inset 
G1 X17.430 Y-7.025 Z0.600 F5400 A60.80283; Inset 
G1 X17.237 Y-6.342 Z0.600 F5400 A60.82765; Inset 
G1 X16.828 Y-5.762 Z0.600 F5400 A60.85247; Inset 
G1 X16.248 Y-5.351 Z0.600 F5400 A60.87730; Inset 
G1 X15.578 Y-5.160 Z0.600 F5400 A60.90167; Inset 
G1 X15.095 Y-5.161 Z0.600 F5400 A60.91855; Inset 
G1 X14.460 Y-5.338 Z0.600 F5400 A60.94160; Inset 
G1 X14.110 Y-5.545 Z0.600 F5400 A60.95583; Inset 
G1 X13.619 Y-6.041 Z0.600 F5400 A60.98020; Inset 
G1 X13.317 Y-6.683 Z0.600 F5400 A61.00503; Inset 
G1 X13.242 Y-7.351 Z0.600 F5400 A61.02853; Inset 
G1 X13.304 Y-7.753 Z0.600 F5400 A61.04276; Inset 
G1 X13.523 Y-8.294 Z0.600 F5400 A61.06316; Inset 
G1 X13.758 Y-8.627 Z0.600 F5400 A61.07738; Inset 
G1 X14.275 Y-9.056 Z0.600 F5400 A61.10089; Inset 
G1 X14.275 Y-9.056 Z0.600 F1500 A59.80089; Retract 
G1 X14.275 Y-9.056 Z0.600 F3000; Retract 
G1 X14.513 Y-8.734 Z0.600 F9000; Travel Move 
G1 X14.513 Y-8.734 Z0.600 F1500 A61.10089; Restart 
G1 X15.048 Y-8.921 Z0.600 F2400 A61.12071; Inset 
G1 X15.352 Y-8.947 Z0.600 F2400 A61.13139; Inset 
G1 X15.911 Y-8.850 Z0.600 F2400 A61.15121; Inset 
G1 X16.413 Y-8.568 Z0.600 F2400 A61.17133; Inset 
G1 X16.792 Y-8.135 Z0.600 F2400 A61.19146; Inset 
G1 X17.006 Y-7.601 Z0.600 F2400 A61.21158; Inset 
G1 X17.029 Y-7.026 Z0.600 F2400 A61.23170; Inset 
G1 X16.860 Y-6.476 Z0.600 F2400 A61.25182; Inset 
G1 X16.517 Y-6.014 Z0.600 F2400 A61.27195; Inset 
G1 X16.039 Y-5.692 Z0.600 F2400 A61.29207; Inset 
G1 X15.490 Y-5.550 Z0.600 F2400 A61.31189; Inset 
G1 X15.184 Y-5.551 Z0.600 F2400 A61.32257; Inset 
G1 X14.645 Y-5.693 Z0.600 F2400 A61.34209; Inset 
G1 X14.378 Y-5.842 Z0.600 F2400 A61.35278; Inset 
G1 X13.969 Y-6.235 Z0.600 F2400 A61.37260; Inset 
G1 X13.711 Y-6.750 Z0.600 F2400 A61.39272; Inset 
G1 X13.640 Y-7.312 Z0.600 F2400 A61.41254; Inset 
G1 X13.680 Y-7.615 Z0.600 F2400 A61.42322; Inset 
G1 X13.889 Y-8.133 Z0.600 F2400 A61.44274; Inset 
G1 X14.071 Y-8.378 Z0.600 F2400 A61.45342; Inset 
G1 X14.513 Y-8.734 Z0.600 F2400 A61.47324; Inset 
G1 X14.513 Y-8.734 Z0.600 F1500 A60.17324; Retract 
G1 X14.513 Y-8.734 Z0.600 F3000; Retract 
G1 X-6.698 Y-11.092 Z0.600 F9000; Travel Move 
G1 X-6.698 Y-11.092 Z0.600 F1500 A61.47324; Restart 
G1 X-7.174 Y-10.687 Z0.600 F5400 A61.49511; Inset 
G1 X-7.601 Y-10.230 Z0.600 F5400 A61.51698; Inset 
G1 X-7.972 Y-9.726 Z0.600 F5400 A61.53886; Inset 
G1 X-8.283 Y-9.182 Z0.600 F5400 A61.56073; Inset 
G1 X-8.528 Y-8.607 Z0.600 F5400 A61.58261; Inset 
G1 X-8.705 Y-8.007 Z0.600 F5400 A61.60448; Inset 
G1 X-8.812 Y-7.390 Z0.600 F5400 A61.62636; Inset 
G1 X-8.846 Y-6.765 Z0.600 F5400 A61.64823; Inset 
G1 X-8.808 Y-6.141 Z0.600 F5400 A61.67011; Inset 
G1 X-8.698 Y-5.525 Z0.600 F5400 A61.69198; Inset 
G1 X-8.517 Y-4.926 Z0.600 F5400 A61.71385; Inset 
G1 X-8.269 Y-4.352 Z0.600 F5400 A61.73572; Inset 
G1 X-7.955 Y-3.810 Z0.600 F5400 A61.75760; Inset 
G1 X-7.581 Y-3.309 Z0.600 F5400 A61.77947; Inset 
G1 X-7.152 Y-2.854 Z0.600 F5400 A61.80135; Inset 
G1 X-6.672 Y-2.451 Z0.600 F5400 A61.82322; Inset 
G1 X-6.150 Y-2.107 Z0.600 F5400 A61.84510; Inset 
G1 X-5.591 Y-1.826 Z0.600 F5400 A61.86697; Inset 
G1 X-5.003 Y-1.611 Z0.600 F5400 A61.88885; Inset 
G1 X-4.395 Y-1.466 Z0.600 F5400 A61.91072; Inset 
G1 X-3.773 Y-1.392 Z0.600 F5400 A61.93259; Inset 
G1 X-3.148 Y-1.390 Z0.600 F5400 A61.95446; Inset 
G1 X-2.526 Y-1.461 Z0.600 F5400 A61.97634; Inset 
G1 X-1.917 Y-1.604 Z0.600 F5400 A61.99821; Inset 
G1 X-1.328 Y-1.815 Z0.600 F5400 A62.02009; Inset 
G1 X-0.768 Y-2.094 Z0.600 F5400 A62.04197; Inset 
G1 X-0.243 Y-2.435 Z0.600 F5400 A62.06384; Inset 
G1 X0.238 Y-2.835 Z0.600 F5400 A62.08571; Inset 
G1 X0.663 Y-3.281 Z0.600 F5400 A62.10726; Inset 
G1 X1.338 Y-4.237 Z0.600 F5400 A62.14815; Inset 
G1 X1.598 Y-4.372 Z0.600 F5400 A62.15839; Inset 
G1 X15.221 Y-4.346 Z0.600 F5400 A62.63467; Inset 
G1 X15.592 Y-4.372 Z0.600 F5400 A62.64765; Inset 
G1 X15.966 Y-4.458 Z0.600 F5400 A62.66109; Inset 
G1 X16.289 Y-4.586 Z0.600 F5400 A62.67322; Inset 
G1 X16.632 Y-4.787 Z0.600 F5400 A62.68712; Inset 
G1 X16.905 Y-5.012 Z0.600 F5400 A62.69950; Inset 
G1 X17.168 Y-5.309 Z0.600 F5400 A62.71335; Inset 
G1 X17.359 Y-5.607 Z0.600 F5400 A62.72573; Inset 
G1 X17.516 Y-5.966 Z0.600 F5400 A62.73943; Inset 
G1 X17.612 Y-6.331 Z0.600 F5400 A62.75263; Inset 
G1 X18.873 Y-13.148 Z0.600 F5400 A62.99498; Inset 
G1 X19.069 Y-13.656 Z0.600 F5400 A63.01403; Inset 
G1 X19.406 Y-14.053 Z0.600 F5400 A63.03222; Inset 
G1 X22.887 Y-16.300 Z0.600 F5400 A63.17707; Inset 
G1 X21.600 Y-17.414 Z0.600 F5400 A63.23657; Inset 
G1 X20.957 Y-17.841 Z0.600 F5400 A63.26356; Inset 
G1 X18.651 Y-18.949 Z0.600 F5400 A63.35300; Inset 
G1 X18.470 Y-19.209 Z0.600 F5400 A63.36408; Inset 
G1 X18.140 Y-22.849 Z0.600 F5400 A63.49184; Inset 
G1 X18.088 Y-22.967 Z0.600 F5400 A63.49635; Inset 
G1 X18.002 Y-23.061 Z0.600 F5400 A63.50082; Inset 
G1 X17.852 Y-23.138 Z0.600 F5400 A63.50670; Inset 
G1 X17.654 Y-23.140 Z0.600 F5400 A63.51362; Inset 
G1 X16.691 Y-22.973 Z0.600 F5400 A63.54782; Inset 
G1 X17.251 Y-16.533 Z0.600 F5400 A63.77381; Inset 
G1 X17.238 Y-15.859 Z0.600 F5400 A63.79738; Inset 
G1 X17.113 Y-15.217 Z0.600 F5400 A63.82024; Inset 
G1 X16.903 Y-14.651 Z0.600 F5400 A63.84133; Inset 
G1 X16.579 Y-14.083 Z0.600 F5400 A63.86419; Inset 
G1 X16.164 Y-13.578 Z0.600 F5400 A63.88705; Inset 
G1 X15.669 Y-13.150 Z0.600 F5400 A63.90991; Inset 
G1 X15.110 Y-12.812 Z0.600 F5400 A63.93278; Inset 
G1 X14.501 Y-12.574 Z0.600 F5400 A63.95564; Inset 
G1 X13.860 Y-12.442 Z0.600 F5400 A63.97850; Inset 
G1 X13.206 Y-12.421 Z0.600 F5400 A64.00136; Inset 
G1 X12.559 Y-12.510 Z0.600 F5400 A64.02422; Inset 
G1 X11.935 Y-12.707 Z0.600 F5400 A64.04708; Inset 
G1 X11.354 Y-13.007 Z0.600 F5400 A64.06995; Inset 
G1 X10.794 Y-13.435 Z0.600 F5400 A64.09458; Inset 
G1 X10.353 Y-13.917 Z0.600 F5400 A64.11745; Inset 
G1 X9.999 Y-14.467 Z0.600 F5400 A64.14031; Inset 
G1 X9.743 Y-15.069 Z0.600 F5400 A64.16317; Inset 
G1 X9.594 Y-15.697 Z0.600 F5400 A64.18574; Inset 
G1 X9.142 Y-20.902 Z0.600 F5400 A64.36836; Inset 
G1 X8.041 Y-20.475 Z0.600 F5400 A64.40964; Inset 
G1 X7.902 Y-20.389 Z0.600 F5400 A64.41535; Inset 
G1 X7.822 Y-20.295 Z0.600 F5400 A64.41966; Inset 
G1 X7.776 Y-20.181 Z0.600 F5400 A64.42396; Inset 
G1 X7.764 Y-20.011 Z0.600 F5400 A64.42993; Inset 
G1 X8.500 Y-11.548 Z0.600 F5400 A64.72690; Inset 
G1 X8.142 Y-11.159 Z0.600 F5400 A64.74538; Inset 
G1 X-0.196 Y-11.175 Z0.600 F5400 A65.03688; Inset 
G1 X-0.340 Y-11.211 Z0.600 F5400 A65.04205; Inset 
G1 X-1.368 Y-11.763 Z0.600 F5400 A65.08284; Inset 
G1 X-1.947 Y-11.967 Z0.600 F5400 A65.10432; Inset 
G1 X-2.557 Y-12.106 Z0.600 F5400 A65.12620; Inset 
G1 X-3.179 Y-12.173 Z0.600 F5400 A65.14807; Inset 
G1 X-3.805 Y-12.168 Z0.600 F5400 A65.16994; Inset 
G1 X-4.426 Y-12.091 Z0.600 F5400 A65.19181; Inset 
G1 X-5.033 Y-11.942 Z0.600 F5400 A65.21369; Inset 
G1 X-5.620 Y-11.724 Z0.600 F5400 A65.23557; Inset 
G1 X-6.177 Y-11.439 Z0.600 F5400 A65.25744; Inset 
G1 X-6.698 Y-11.092 Z0.600 F5400 A65.27932; Inset 
G1 X-6.698 Y-11.092 Z0.600 F1500 A63.97932; Retract 
G1 X-6.698 Y-11.092 Z0.600 F3000; Retract 
G1 X-6.939 Y-11.412 Z0.600 F9000; Travel Move 
G1 X-6.939 Y-11.412 Z0.600 F1500 A65.27932; Restart 
G1 X-7.451 Y-10.977 Z0.600 F2400 A65.30281; Inset 
G1 X-7.910 Y-10.485 Z0.600 F2400 A65.32631; Inset 
G1 X-8.308 Y-9.944 Z0.600 F2400 A65.34981; Inset 
G1 X-8.642 Y-9.361 Z0.600 F2400 A65.37331; Inset 
G1 X-8.905 Y-8.742 Z0.600 F2400 A65.39681; Inset 
G1 X-9.095 Y-8.098 Z0.600 F2400 A65.42030; Inset 
G1 X-9.210 Y-7.435 Z0.600 F2400 A65.44380; Inset 
G1 X-9.247 Y-6.764 Z0.600 F2400 A65.46730; Inset 
G1 X-9.206 Y-6.093 Z0.600 F2400 A65.49079; Inset 
G1 X-9.088 Y-5.432 Z0.600 F2400 A65.51429; Inset 
G1 X-8.894 Y-4.788 Z0.600 F2400 A65.53779; Inset 
G1 X-8.627 Y-4.171 Z0.600 F2400 A65.56129; Inset 
G1 X-8.290 Y-3.590 Z0.600 F2400 A65.58478; Inset 
G1 X-7.888 Y-3.051 Z0.600 F2400 A65.60828; Inset 
G1 X-7.427 Y-2.562 Z0.600 F2400 A65.63178; Inset 
G1 X-6.912 Y-2.130 Z0.600 F2400 A65.65527; Inset 
G1 X-6.350 Y-1.760 Z0.600 F2400 A65.67878; Inset 
G1 X-5.750 Y-1.458 Z0.600 F2400 A65.70227; Inset 
G1 X-5.119 Y-1.228 Z0.600 F2400 A65.72577; Inset 
G1 X-4.465 Y-1.072 Z0.600 F2400 A65.74927; Inset 
G1 X-3.798 Y-0.992 Z0.600 F2400 A65.77276; Inset 
G1 X-3.126 Y-0.990 Z0.600 F2400 A65.79626; Inset 
G1 X-2.458 Y-1.067 Z0.600 F2400 A65.81976; Inset 
G1 X-1.803 Y-1.219 Z0.600 F2400 A65.84325; Inset 
G1 X-1.171 Y-1.447 Z0.600 F2400 A65.86675; Inset 
G1 X-0.569 Y-1.746 Z0.600 F2400 A65.89025; Inset 
G1 X-0.006 Y-2.113 Z0.600 F2400 A65.91375; Inset 
G1 X0.511 Y-2.542 Z0.600 F2400 A65.93725; Inset 
G1 X0.973 Y-3.027 Z0.600 F2400 A65.96063; Inset 
G1 X1.640 Y-3.971 Z0.600 F2400 A66.00106; Inset 
G1 X15.235 Y-3.945 Z0.600 F2400 A66.47636; Inset 
G1 X15.651 Y-3.976 Z0.600 F2400 A66.49092; Inset 
G1 X16.085 Y-4.074 Z0.600 F2400 A66.50651; Inset 
G1 X16.465 Y-4.225 Z0.600 F2400 A66.52079; Inset 
G1 X16.862 Y-4.458 Z0.600 F2400 A66.53687; Inset 
G1 X17.184 Y-4.723 Z0.600 F2400 A66.55145; Inset 
G1 X17.488 Y-5.067 Z0.600 F2400 A66.56749; Inset 
G1 X17.713 Y-5.418 Z0.600 F2400 A66.58207; Inset 
G1 X17.895 Y-5.834 Z0.600 F2400 A66.59795; Inset 
G1 X18.003 Y-6.244 Z0.600 F2400 A66.61275; Inset 
G1 X19.265 Y-13.067 Z0.600 F2400 A66.85534; Inset 
G1 X19.392 Y-13.419 Z0.600 F2400 A66.86844; Inset 
G1 X19.636 Y-13.725 Z0.600 F2400 A66.88213; Inset 
G1 X23.209 Y-16.031 Z0.600 F2400 A67.03079; Inset 
G1 X23.338 Y-16.188 Z0.600 F2400 A67.03788; Inset 
G1 X23.351 Y-16.341 Z0.600 F2400 A67.04326; Inset 
G1 X23.290 Y-16.480 Z0.600 F2400 A67.04855; Inset 
G1 X21.843 Y-17.733 Z0.600 F2400 A67.11547; Inset 
G1 X21.156 Y-18.190 Z0.600 F2400 A67.14432; Inset 
G1 X18.865 Y-19.290 Z0.600 F2400 A67.23317; Inset 
G1 X18.533 Y-22.950 Z0.600 F2400 A67.36165; Inset 
G1 X18.428 Y-23.188 Z0.600 F2400 A67.37076; Inset 
G1 X18.252 Y-23.380 Z0.600 F2400 A67.37986; Inset 
G1 X18.016 Y-23.509 Z0.600 F2400 A67.38925; Inset 
G1 X17.905 Y-23.538 Z0.600 F2400 A67.39325; Inset 
G1 X17.622 Y-23.540 Z0.600 F2400 A67.40316; Inset 
G1 X16.260 Y-23.304 Z0.600 F2400 A67.45146; Inset 
G1 X16.852 Y-16.503 Z0.600 F2400 A67.69012; Inset 
G1 X16.843 Y-15.924 Z0.600 F2400 A67.71037; Inset 
G1 X16.735 Y-15.348 Z0.600 F2400 A67.73087; Inset 
G1 X16.531 Y-14.798 Z0.600 F2400 A67.75136; Inset 
G1 X16.238 Y-14.291 Z0.600 F2400 A67.77185; Inset 
G1 X15.862 Y-13.841 Z0.600 F2400 A67.79234; Inset 
G1 X15.416 Y-13.460 Z0.600 F2400 A67.81284; Inset 
G1 X14.912 Y-13.161 Z0.600 F2400 A67.83333; Inset 
G1 X14.365 Y-12.951 Z0.600 F2400 A67.85382; Inset 
G1 X13.790 Y-12.836 Z0.600 F2400 A67.87432; Inset 
G1 X13.204 Y-12.821 Z0.600 F2400 A67.89481; Inset 
G1 X12.624 Y-12.904 Z0.600 F2400 A67.91530; Inset 
G1 X12.066 Y-13.085 Z0.600 F2400 A67.93579; Inset 
G1 X11.547 Y-13.357 Z0.600 F2400 A67.95629; Inset 
G1 X11.082 Y-13.713 Z0.600 F2400 A67.97678; Inset 
G1 X10.683 Y-14.143 Z0.600 F2400 A67.99727; Inset 
G1 X10.363 Y-14.634 Z0.600 F2400 A68.01776; Inset 
G1 X10.130 Y-15.172 Z0.600 F2400 A68.03826; Inset 
G1 X9.992 Y-15.740 Z0.600 F2400 A68.05868; Inset 
G1 X9.494 Y-21.467 Z0.600 F2400 A68.25966; Inset 
G1 X7.862 Y-20.835 Z0.600 F2400 A68.32085; Inset 
G1 X7.637 Y-20.696 Z0.600 F2400 A68.33007; Inset 
G1 X7.476 Y-20.505 Z0.600 F2400 A68.33883; Inset 
G1 X7.381 Y-20.273 Z0.600 F2400 A68.34758; Inset 
G1 X7.362 Y-20.008 Z0.600 F2400 A68.35689; Inset 
G1 X8.097 Y-11.559 Z0.600 F2400 A68.65336; Inset 
M73 P11; Update Progress 
G1 X-0.171 Y-11.575 Z0.600 F2400 A68.94243; Inset 
G1 X-1.205 Y-12.130 Z0.600 F2400 A68.98346; Inset 
G1 X-1.836 Y-12.352 Z0.600 F2400 A69.00682; Inset 
G1 X-2.491 Y-12.501 Z0.600 F2400 A69.03032; Inset 
G1 X-3.159 Y-12.574 Z0.600 F2400 A69.05382; Inset 
G1 X-3.831 Y-12.568 Z0.600 F2400 A69.07732; Inset 
G1 X-4.498 Y-12.485 Z0.600 F2400 A69.10081; Inset 
G1 X-5.151 Y-12.325 Z0.600 F2400 A69.12431; Inset 
G1 X-5.781 Y-12.091 Z0.600 F2400 A69.14780; Inset 
G1 X-6.380 Y-11.785 Z0.600 F2400 A69.17130; Inset 
G1 X-6.939 Y-11.412 Z0.600 F2400 A69.19480; Inset 
G1 X-6.939 Y-11.412 Z0.600 F1500 A67.89480; Retract 
G1 X-6.939 Y-11.412 Z0.600 F3000; Retract 
G1 X-6.238 Y-10.574 Z0.600 F9000; Travel Move 
G1 X-6.238 Y-10.574 Z0.600 F1500 A69.19480; Restart 
G1 X-5.755 Y-10.092 Z0.600 F5400 A69.21864; Infill 
G1 X-6.063 Y-9.840 Z0.600 F5400 A69.23255; Connection 
G1 X-6.545 Y-10.322 Z0.600 F5400 A69.25638; Infill 
G1 X-6.832 Y-10.049 Z0.600 F5400 A69.27023; Connection 
G1 X-6.354 Y-9.571 Z0.600 F5400 A69.29387; Infill 
G1 X-6.615 Y-9.272 Z0.600 F5400 A69.30774; Connection 
G1 X-7.099 Y-9.755 Z0.600 F5400 A69.33166; Infill 
G1 X-7.336 Y-9.433 Z0.600 F5400 A69.34566; Connection 
G1 X-6.841 Y-8.938 Z0.600 F5400 A69.37015; Infill 
G1 X-7.052 Y-8.589 Z0.600 F5400 A69.38440; Connection 
G1 X-7.548 Y-9.085 Z0.600 F5400 A69.40893; Infill 
G1 X-7.737 Y-8.713 Z0.600 F5400 A69.42350; Connection 
G1 X-7.216 Y-8.192 Z0.600 F5400 A69.44927; Infill 
G1 X-7.372 Y-7.789 Z0.600 F5400 A69.46440; Connection 
G1 X-7.899 Y-8.315 Z0.600 F5400 A69.49043; Infill 
G1 X-8.026 Y-7.883 Z0.600 F5400 A69.50619; Connection 
G1 X-7.378 Y-7.235 Z0.600 F5400 A69.53825; Infill 
G1 X-7.271 Y-6.568 Z0.600 F5400 A69.56186; Connection 
G1 X-8.112 Y-7.409 Z0.600 F5400 A69.60345; Infill 
G1 X-8.152 Y-6.889 Z0.600 F5400 A69.62169; Connection 
G1 X-7.454 Y-6.190 Z0.600 F5400 A69.65623; Infill 
G1 X-8.131 Y-6.307 Z0.600 F5400 A69.68026; Connection 
G1 X-7.229 Y-5.405 Z0.600 F5400 A69.72486; Infill 
G1 X-8.013 Y-5.629 Z0.600 F5400 A69.75338; Connection 
G1 X-4.605 Y-2.222 Z0.600 F5400 A69.92186; Infill 
G1 X-3.924 Y-2.101 Z0.600 F5400 A69.94603; Connection 
G1 X-4.823 Y-2.999 Z0.600 F5400 A69.99043; Infill 
G1 X-4.045 Y-2.781 Z0.600 F5400 A70.01867; Connection 
G1 X-3.341 Y-2.077 Z0.600 F5400 A70.05349; Infill 
G1 X-2.822 Y-2.118 Z0.600 F5400 A70.07169; Connection 
G1 X-3.666 Y-2.962 Z0.600 F5400 A70.11343; Infill 
G1 X-2.976 Y-2.833 Z0.600 F5400 A70.13796; Connection 
G1 X-2.350 Y-2.207 Z0.600 F5400 A70.16892; Infill 
G1 X-1.916 Y-2.333 Z0.600 F5400 A70.18472; Connection 
G1 X-2.441 Y-2.857 Z0.600 F5400 A70.21065; Infill 
G1 X-2.036 Y-3.013 Z0.600 F5400 A70.22580; Connection 
G1 X-1.513 Y-2.490 Z0.600 F5400 A70.25168; Infill 
G1 X-1.139 Y-2.675 Z0.600 F5400 A70.26628; Connection 
G1 X-1.640 Y-3.177 Z0.600 F5400 A70.29107; Infill 
G1 X-1.290 Y-3.387 Z0.600 F5400 A70.30534; Connection 
G1 X-0.797 Y-2.894 Z0.600 F5400 A70.32974; Infill 
G1 X-0.477 Y-3.133 Z0.600 F5400 A70.34372; Connection 
G1 X-0.957 Y-3.614 Z0.600 F5400 A70.36748; Infill 
G1 X-0.657 Y-3.874 Z0.600 F5400 A70.38136; Connection 
G1 X-0.177 Y-3.394 Z0.600 F5400 A70.40509; Infill 
G1 X0.096 Y-3.681 Z0.600 F5400 A70.41894; Connection 
G1 X-0.389 Y-4.165 Z0.600 F5400 A70.44290; Infill 
G1 X-0.137 Y-4.474 Z0.600 F5400 A70.45682; Connection 
G1 X0.333 Y-4.004 Z0.600 F5400 A70.48007; Infill 
G1 X0.565 Y-4.332 Z0.600 F5400 A70.49412; Connection 
G1 X0.071 Y-4.826 Z0.600 F5400 A70.51854; Infill 
G1 X0.255 Y-5.201 Z0.600 F5400 A70.53316; Connection 
G1 X0.797 Y-4.660 Z0.600 F5400 A70.55992; Infill 
G1 X1.120 Y-4.897 Z0.600 F5400 A70.57393; Connection 
G1 X0.412 Y-5.604 Z0.600 F5400 A70.60892; Infill 
G1 X0.569 Y-6.008 Z0.600 F5400 A70.62404; Connection 
G1 X1.519 Y-5.058 Z0.600 F5400 A70.67101; Infill 
G1 X2.080 Y-5.057 Z0.600 F5400 A70.69063; Connection 
G1 X0.300 Y-6.836 Z0.600 F5400 A70.77862; Infill 
G1 X0.483 Y-7.214 Z0.600 F5400 A70.79329; Connection 
G1 X2.641 Y-5.056 Z0.600 F5400 A70.90000; Infill 
G1 X3.202 Y-5.054 Z0.600 F5400 A70.91962; Connection 
G1 X0.481 Y-7.776 Z0.600 F5400 A71.05417; Infill 
G1 X0.056 Y-8.760 Z0.600 F5400 A71.09165; Connection 
G1 X3.764 Y-5.053 Z0.600 F5400 A71.27493; Infill 
G1 X4.325 Y-5.052 Z0.600 F5400 A71.29454; Connection 
G1 X-1.817 Y-11.194 Z0.600 F5400 A71.59820; Infill 
G1 X-2.594 Y-11.411 Z0.600 F5400 A71.62641; Connection 
G1 X-1.462 Y-10.279 Z0.600 F5400 A71.68241; Infill 
G1 X-2.456 Y-10.713 Z0.600 F5400 A71.72033; Connection 
G1 X-3.230 Y-11.487 Z0.600 F5400 A71.75862; Infill 
G1 X-3.783 Y-11.480 Z0.600 F5400 A71.77794; Connection 
G1 X-3.018 Y-10.714 Z0.600 F5400 A71.81577; Infill 
G1 X-3.383 Y-10.520 Z0.600 F5400 A71.83025; Connection 
G1 X-4.281 Y-11.418 Z0.600 F5400 A71.87462; Infill 
G1 X-4.732 Y-11.309 Z0.600 F5400 A71.89086; Connection 
G1 X-4.218 Y-10.795 Z0.600 F5400 A71.91628; Infill 
G1 X-4.623 Y-10.640 Z0.600 F5400 A71.93143; Connection 
G1 X-5.150 Y-11.167 Z0.600 F5400 A71.95748; Infill 
G1 X-5.538 Y-10.995 Z0.600 F5400 A71.97232; Connection 
G1 X-5.027 Y-10.484 Z0.600 F5400 A71.99758; Infill 
G1 X-5.402 Y-10.299 Z0.600 F5400 A72.01219; Connection 
G1 X-5.902 Y-10.798 Z0.600 F5400 A72.03688; Infill 
G1 X-5.902 Y-10.798 Z0.600 F1500 A70.73688; Retract 
G1 X-5.902 Y-10.798 Z0.600 F3000; Retract 
G1 X-0.676 Y-10.613 Z0.600 F9000; Travel Move 
G1 X-0.676 Y-10.613 Z0.600 F1500 A72.03688; Restart 
G1 X4.886 Y-5.051 Z0.600 F5400 A72.31188; Infill 
G1 X5.447 Y-5.050 Z0.600 F5400 A72.33149; Connection 
G1 X0.008 Y-10.489 Z0.600 F5400 A72.60037; Infill 
G1 X0.570 Y-10.487 Z0.600 F5400 A72.61999; Connection 
G1 X6.008 Y-5.049 Z0.600 F5400 A72.88886; Infill 
G1 X6.569 Y-5.048 Z0.600 F5400 A72.90848; Connection 
G1 X1.131 Y-10.486 Z0.600 F5400 A73.17736; Infill 
G1 X1.692 Y-10.485 Z0.600 F5400 A73.19697; Connection 
G1 X7.130 Y-5.047 Z0.600 F5400 A73.46585; Infill 
G1 X7.691 Y-5.046 Z0.600 F5400 A73.48547; Connection 
G1 X2.253 Y-10.484 Z0.600 F5400 A73.75434; Infill 
G1 X2.814 Y-10.483 Z0.600 F5400 A73.77396; Connection 
G1 X8.252 Y-5.045 Z0.600 F5400 A74.04284; Infill 
G1 X8.813 Y-5.044 Z0.600 F5400 A74.06245; Connection 
G1 X3.375 Y-10.482 Z0.600 F5400 A74.33133; Infill 
G1 X3.936 Y-10.481 Z0.600 F5400 A74.35095; Connection 
G1 X9.375 Y-5.043 Z0.600 F5400 A74.61982; Infill 
G1 X9.936 Y-5.042 Z0.600 F5400 A74.63944; Connection 
G1 X4.497 Y-10.480 Z0.600 F5400 A74.90832; Infill 
G1 X5.058 Y-10.479 Z0.600 F5400 A74.92793; Connection 
G1 X10.497 Y-5.041 Z0.600 F5400 A75.19681; Infill 
G1 X11.058 Y-5.039 Z0.600 F5400 A75.21643; Connection 
G1 X5.619 Y-10.478 Z0.600 F5400 A75.48531; Infill 
G1 X6.181 Y-10.477 Z0.600 F5400 A75.50492; Connection 
G1 X11.619 Y-5.038 Z0.600 F5400 A75.77380; Infill 
G1 X12.180 Y-5.037 Z0.600 F5400 A75.79341; Connection 
G1 X6.742 Y-10.476 Z0.600 F5400 A76.06229; Infill 
G1 X7.303 Y-10.475 Z0.600 F5400 A76.08191; Connection 
G1 X12.741 Y-5.036 Z0.600 F5400 A76.35079; Infill 
G1 X13.302 Y-5.035 Z0.600 F5400 A76.37040; Connection 
G1 X7.864 Y-10.474 Z0.600 F5400 A76.63928; Infill 
G1 X8.410 Y-10.487 Z0.600 F5400 A76.65839; Connection 
G1 X12.847 Y-6.050 Z0.600 F5400 A76.87776; Infill 
G1 X12.604 Y-6.854 Z0.600 F5400 A76.90712; Connection 
G1 X8.702 Y-10.755 Z0.600 F5400 A77.10000; Infill 
G1 X8.971 Y-11.047 Z0.600 F5400 A77.11386; Connection 
G1 X12.573 Y-7.444 Z0.600 F5400 A77.29199; Infill 
G1 X12.650 Y-7.927 Z0.600 F5400 A77.30909; Connection 
G1 X9.203 Y-11.374 Z0.600 F5400 A77.47952; Infill 
G1 X9.150 Y-11.988 Z0.600 F5400 A77.50104; Connection 
G1 X12.804 Y-8.333 Z0.600 F5400 A77.68172; Infill 
G1 X12.984 Y-8.714 Z0.600 F5400 A77.69643; Connection 
G1 X9.097 Y-12.601 Z0.600 F5400 A77.88862; Infill 
G1 X9.043 Y-13.214 Z0.600 F5400 A77.91014; Connection 
G1 X13.213 Y-9.044 Z0.600 F5400 A78.11632; Infill 
G1 X13.510 Y-9.308 Z0.600 F5400 A78.13018; Connection 
G1 X8.990 Y-13.828 Z0.600 F5400 A78.35364; Infill 
G1 X8.937 Y-14.441 Z0.600 F5400 A78.37517; Connection 
G1 X9.678 Y-13.700 Z0.600 F5400 A78.41182; Infill 
G1 X9.098 Y-14.839 Z0.600 F5400 A78.45651; Connection 
G1 X8.883 Y-15.054 Z0.600 F5400 A78.46714; Infill 
G1 X8.920 Y-15.578 Z0.600 F5400 A78.48550; Connection 
G1 X8.830 Y-15.668 Z0.600 F5400 A78.48993; Infill 
G1 X8.862 Y-16.195 Z0.600 F5400 A78.50841; Connection 
G1 X8.777 Y-16.281 Z0.600 F5400 A78.51265; Infill 
G1 X8.809 Y-16.809 Z0.600 F5400 A78.53113; Connection 
G1 X8.723 Y-16.895 Z0.600 F5400 A78.53537; Infill 
G1 X8.756 Y-17.422 Z0.600 F5400 A78.55385; Connection 
G1 X8.670 Y-17.508 Z0.600 F5400 A78.55809; Infill 
G1 X8.702 Y-18.035 Z0.600 F5400 A78.57657; Connection 
G1 X8.617 Y-18.121 Z0.600 F5400 A78.58081; Infill 
G1 X8.649 Y-18.649 Z0.600 F5400 A78.59929; Connection 
G1 X8.563 Y-18.735 Z0.600 F5400 A78.60353; Infill 
G1 X8.596 Y-19.262 Z0.600 F5400 A78.62201; Connection 
G1 X8.510 Y-19.348 Z0.600 F5400 A78.62625; Infill 
G1 X8.542 Y-19.876 Z0.600 F5400 A78.64473; Connection 
G1 X8.506 Y-19.912 Z0.600 F5400 A78.64655; Infill 
G1 X8.506 Y-19.912 Z0.600 F1500 A77.34655; Retract 
G1 X8.506 Y-19.912 Z0.600 F3000; Retract 
G1 X10.866 Y-12.512 Z0.600 F9000; Travel Move 
G1 X10.866 Y-12.512 Z0.600 F1500 A78.64655; Restart 
G1 X13.814 Y-9.563 Z0.600 F5400 A78.79231; Infill 
G1 X14.173 Y-9.765 Z0.600 F5400 A78.80669; Connection 
G1 X11.949 Y-11.989 Z0.600 F5400 A78.91665; Infill 
G1 X12.699 Y-11.799 Z0.600 F5400 A78.94371; Connection 
G1 X14.587 Y-9.911 Z0.600 F5400 A79.03706; Infill 
G1 X15.054 Y-10.004 Z0.600 F5400 A79.05370; Connection 
G1 X13.320 Y-11.737 Z0.600 F5400 A79.13940; Infill 
G1 X13.865 Y-11.753 Z0.600 F5400 A79.15845; Connection 
G1 X15.628 Y-9.990 Z0.600 F5400 A79.24558; Infill 
G1 X16.326 Y-9.852 Z0.600 F5400 A79.27048; Connection 
G1 X14.337 Y-11.841 Z0.600 F5400 A79.36880; Infill 
G1 X14.783 Y-11.955 Z0.600 F5400 A79.38488; Connection 
G1 X17.460 Y-9.278 Z0.600 F5400 A79.51723; Infill 
G1 X17.547 Y-9.751 Z0.600 F5400 A79.53404; Connection 
G1 X15.187 Y-12.111 Z0.600 F5400 A79.65071; Infill 
G1 X15.569 Y-12.289 Z0.600 F5400 A79.66543; Connection 
G1 X17.634 Y-10.223 Z0.600 F5400 A79.76756; Infill 
G1 X17.722 Y-10.696 Z0.600 F5400 A79.78436; Connection 
G1 X15.917 Y-12.501 Z0.600 F5400 A79.87360; Infill 
G1 X16.240 Y-12.738 Z0.600 F5400 A79.88760; Connection 
G1 X17.809 Y-11.169 Z0.600 F5400 A79.96518; Infill 
G1 X17.897 Y-11.641 Z0.600 F5400 A79.98199; Connection 
G1 X16.540 Y-12.998 Z0.600 F5400 A80.04909; Infill 
G1 X16.813 Y-13.285 Z0.600 F5400 A80.06293; Connection 
G1 X17.984 Y-12.114 Z0.600 F5400 A80.12083; Infill 
G1 X18.072 Y-12.586 Z0.600 F5400 A80.13764; Connection 
G1 X17.068 Y-13.590 Z0.600 F5400 A80.18727; Infill 
G1 X17.282 Y-13.936 Z0.600 F5400 A80.20149; Connection 
G1 X18.159 Y-13.059 Z0.600 F5400 A80.24483; Infill 
G1 X18.273 Y-13.505 Z0.600 F5400 A80.26092; Connection 
G1 X17.490 Y-14.288 Z0.600 F5400 A80.29962; Infill 
G1 X17.647 Y-14.692 Z0.600 F5400 A80.31476; Connection 
G1 X18.426 Y-13.912 Z0.600 F5400 A80.35330; Infill 
G1 X18.664 Y-14.234 Z0.600 F5400 A80.36730; Connection 
G1 X17.788 Y-15.110 Z0.600 F5400 A80.41062; Infill 
G1 X17.876 Y-15.582 Z0.600 F5400 A80.42740; Connection 
G1 X18.924 Y-14.534 Z0.600 F5400 A80.47921; Infill 
G1 X19.250 Y-14.768 Z0.600 F5400 A80.49323; Connection 
G1 X17.931 Y-16.087 Z0.600 F5400 A80.55844; Infill 
G1 X17.929 Y-16.649 Z0.600 F5400 A80.57808; Connection 
G1 X19.590 Y-14.988 Z0.600 F5400 A80.66020; Infill 
M73 P12; Update Progress 
G1 X19.930 Y-15.208 Z0.600 F5400 A80.67436; Connection 
G1 X17.876 Y-17.262 Z0.600 F5400 A80.77594; Infill 
G1 X17.822 Y-17.876 Z0.600 F5400 A80.79747; Connection 
G1 X20.271 Y-15.428 Z0.600 F5400 A80.91851; Infill 
G1 X20.611 Y-15.647 Z0.600 F5400 A80.93267; Connection 
G1 X17.769 Y-18.489 Z0.600 F5400 A81.07319; Infill 
G1 X17.799 Y-19.020 Z0.600 F5400 A81.09176; Connection 
G1 X17.716 Y-19.103 Z0.600 F5400 A81.09586; Infill 
G1 X17.743 Y-19.636 Z0.600 F5400 A81.11452; Connection 
G1 X17.662 Y-19.716 Z0.600 F5400 A81.11849; Infill 
G1 X17.687 Y-20.252 Z0.600 F5400 A81.13723; Connection 
G1 X17.609 Y-20.329 Z0.600 F5400 A81.14108; Infill 
G1 X17.631 Y-20.867 Z0.600 F5400 A81.15991; Connection 
G1 X17.556 Y-20.943 Z0.600 F5400 A81.16363; Infill 
G1 X17.556 Y-20.943 Z0.600 F1500 A79.86363; Retract 
G1 X17.556 Y-20.943 Z0.600 F3000; Retract 
G1 X18.612 Y-18.206 Z0.600 F9000; Travel Move 
G1 X18.612 Y-18.206 Z0.600 F1500 A81.16363; Restart 
G1 X20.951 Y-15.867 Z0.600 F5400 A81.27930; Infill 
G1 X21.292 Y-16.087 Z0.600 F5400 A81.29346; Connection 
G1 X19.689 Y-17.689 Z0.600 F5400 A81.37270; Infill 
G1 X20.849 Y-17.089 Z0.600 F5400 A81.41835; Connection 
G1 X21.632 Y-16.306 Z0.600 F5400 A81.45707; Infill 
G1 X21.632 Y-16.306 Z0.600 F1500 A80.15707; Retract 
G1 X21.632 Y-16.306 Z0.600 F3000; Retract 
G1 X-5.484 Y-2.540 Z0.600 F9000; Travel Move 
G1 X-5.484 Y-2.540 Z0.600 F1500 A81.45707; Restart 
G1 X-7.694 Y-4.750 Z0.600 F5400 A81.56632; Infill 
G1 X-7.694 Y-4.750 Z0.600 F1500 A80.26632; Retract 
G1 X-7.694 Y-4.750 Z0.600 F3000; Retract 
G1 X17.502 Y-21.556 Z0.600 F9000; Travel Move 
G1 X17.502 Y-21.556 Z0.600 F1500 A81.56632; Restart 
G1 X17.575 Y-21.483 Z0.600 F5400 A81.56991; Infill 
G1 X17.519 Y-22.099 Z0.600 F5400 A81.59153; Connection 
G1 X17.449 Y-22.169 Z0.600 F5400 A81.59501; Infill 
; Chunk 5 
; Lower Position  0.4 
; Upper Position  0.6 
; Thickness       0.2 
; Width           0.4 
G1 X17.449 Y-22.169 Z0.600 F1500 A80.29501; Retract 
G1 X17.449 Y-22.169 Z0.600 F3000; Retract 
G1 X18.632 Y-6.323 Z0.600 F9000; Travel Move 
G1 X18.632 Y-6.323 Z0.600 F1500 A81.59501; Restart 
G1 X18.632 Y-5.622 Z0.600 F5400 A81.61952; Support 
G1 X18.632 Y-5.622 Z0.600 F1500 A80.31952; Retract 
G1 X18.632 Y-5.622 Z0.600 F3000; Retract 
G1 X16.652 Y-3.638 Z0.600 F9000; Travel Move 
G1 X16.652 Y-3.638 Z0.600 F1500 A81.61952; Restart 
G1 X16.652 Y-3.594 Z0.600 F5400 A81.62106; Support 
G1 X16.652 Y-3.594 Z0.600 F1500 A80.32106; Retract 
G1 X16.652 Y-3.594 Z0.600 F3000; Retract 
G1 X14.672 Y-6.433 Z0.600 F9000; Travel Move 
G1 X14.672 Y-6.433 Z0.600 F1500 A81.62106; Restart 
G1 X14.672 Y-8.062 Z0.600 F5400 A81.67798; Support 
; Chunk 6 
; Lower Position  0.6 
; Upper Position  0.8 
; Thickness       0.2 
; Width           0.4 
G1 X14.672 Y-8.062 Z0.600 F1500 A80.37798; Retract 
G1 X14.672 Y-8.062 Z0.600 F3000; Retract 
G1 X14.672 Y-8.062 Z0.800 F1380; Travel Move 
G1 X14.672 Y-8.062 Z0.800 F9000; Travel Move 
G1 X14.672 Y-8.062 Z0.800 F1500 A81.67798; Restart 
G1 X14.672 Y-6.433 Z0.800 F5400 A81.73491; Support 
G1 X14.672 Y-6.433 Z0.800 F1500 A80.43491; Retract 
G1 X14.672 Y-6.433 Z0.800 F3000; Retract 
G1 X16.652 Y-3.640 Z0.800 F9000; Travel Move 
G1 X16.652 Y-3.640 Z0.800 F1500 A81.73491; Restart 
G1 X16.652 Y-3.594 Z0.800 F5400 A81.73652; Support 
G1 X16.652 Y-3.594 Z0.800 F1500 A80.43652; Retract 
G1 X16.652 Y-3.594 Z0.800 F3000; Retract 
G1 X18.632 Y-5.622 Z0.800 F9000; Travel Move 
G1 X18.632 Y-5.622 Z0.800 F1500 A81.73652; Restart 
G1 X18.632 Y-6.326 Z0.800 F5400 A81.76112; Support 
; Chunk 7 
; Lower Position  0.6 
; Upper Position  0.8 
; Thickness       0.2 
; Width           0.4 
G1 X18.632 Y-6.326 Z0.800 F1500 A80.46112; Retract 
G1 X18.632 Y-6.326 Z0.800 F3000; Retract 
G1 X-5.602 Y-9.850 Z0.800 F9000; Travel Move 
G1 X-5.602 Y-9.850 Z0.800 F1500 A81.76112; Restart 
G1 X-5.074 Y-10.160 Z0.800 F5400 A81.78254; Inset 
G1 X-4.116 Y-10.528 Z0.800 F5400 A81.81841; Inset 
G1 X-3.441 Y-10.166 Z0.800 F5400 A81.84521; Inset 
G1 X-2.764 Y-10.526 Z0.800 F5400 A81.87201; Inset 
G1 X-1.808 Y-10.154 Z0.800 F5400 A81.90787; Inset 
G1 X-1.215 Y-9.795 Z0.800 F5400 A81.93209; Inset 
G1 X-0.762 Y-9.399 Z0.800 F5400 A81.95311; Inset 
G1 X-0.378 Y-8.936 Z0.800 F5400 A81.97414; Inset 
G1 X-0.068 Y-8.408 Z0.800 F5400 A81.99556; Inset 
G1 X0.291 Y-7.474 Z0.800 F5400 A82.03054; Inset 
G1 X-0.054 Y-6.759 Z0.800 F5400 A82.05828; Inset 
G1 X0.297 Y-6.098 Z0.800 F5400 A82.08447; Inset 
G1 X-0.075 Y-5.142 Z0.800 F5400 A82.12034; Inset 
G1 X-0.386 Y-4.614 Z0.800 F5400 A82.14176; Inset 
G1 X-0.772 Y-4.153 Z0.800 F5400 A82.16278; Inset 
G1 X-1.227 Y-3.759 Z0.800 F5400 A82.18381; Inset 
G1 X-1.820 Y-3.402 Z0.800 F5400 A82.20802; Inset 
G1 X-2.754 Y-3.043 Z0.800 F5400 A82.24300; Inset 
G1 X-3.469 Y-3.388 Z0.800 F5400 A82.27074; Inset 
G1 X-4.131 Y-3.037 Z0.800 F5400 A82.29694; Inset 
G1 X-5.087 Y-3.409 Z0.800 F5400 A82.33281; Inset 
G1 X-5.614 Y-3.720 Z0.800 F5400 A82.35423; Inset 
G1 X-6.076 Y-4.106 Z0.800 F5400 A82.37525; Inset 
G1 X-6.469 Y-4.561 Z0.800 F5400 A82.39627; Inset 
G1 X-6.826 Y-5.154 Z0.800 F5400 A82.42049; Inset 
G1 X-7.185 Y-6.088 Z0.800 F5400 A82.45547; Inset 
G1 X-6.847 Y-6.788 Z0.800 F5400 A82.48262; Inset 
G1 X-7.182 Y-7.488 Z0.800 F5400 A82.50977; Inset 
G1 X-6.820 Y-8.421 Z0.800 F5400 A82.54475; Inset 
G1 X-6.461 Y-9.013 Z0.800 F5400 A82.56897; Inset 
G1 X-6.065 Y-9.466 Z0.800 F5400 A82.58999; Inset 
G1 X-5.602 Y-9.850 Z0.800 F5400 A82.61102; Inset 
G1 X-5.602 Y-9.850 Z0.800 F1500 A81.31102; Retract 
G1 X-5.602 Y-9.850 Z0.800 F3000; Retract 
G1 X-5.382 Y-9.516 Z0.800 F9000; Travel Move 
G1 X-5.382 Y-9.516 Z0.800 F1500 A82.61102; Restart 
G1 X-4.914 Y-9.793 Z0.800 F5400 A82.63003; Inset 
G1 X-4.144 Y-10.089 Z0.800 F5400 A82.65888; Inset 
G1 X-3.659 Y-9.829 Z0.800 F5400 A82.67810; Inset 
G1 X-3.555 Y-9.447 Z0.800 F5400 A82.69196; Inset 
G1 X-3.478 Y-9.394 Z0.800 F5400 A82.69523; Inset 
G1 X-3.372 Y-9.405 Z0.800 F5400 A82.69893; Inset 
G1 X-3.295 Y-9.511 Z0.800 F5400 A82.70351; Inset 
G1 X-3.223 Y-9.828 Z0.800 F5400 A82.71488; Inset 
G1 X-2.738 Y-10.086 Z0.800 F5400 A82.73410; Inset 
G1 X-1.969 Y-9.787 Z0.800 F5400 A82.76294; Inset 
G1 X-1.463 Y-9.480 Z0.800 F5400 A82.78364; Inset 
G1 X-1.057 Y-9.128 Z0.800 F5400 A82.80242; Inset 
G1 X-0.712 Y-8.716 Z0.800 F5400 A82.82120; Inset 
G1 X-0.435 Y-8.248 Z0.800 F5400 A82.84022; Inset 
G1 X-0.145 Y-7.492 Z0.800 F5400 A82.86853; Inset 
G1 X-0.371 Y-7.024 Z0.800 F5400 A82.88669; Inset 
G1 X-0.761 Y-6.902 Z0.800 F5400 A82.90101; Inset 
G1 X-0.826 Y-6.834 Z0.800 F5400 A82.90428; Inset 
G1 X-0.841 Y-6.776 Z0.800 F5400 A82.90637; Inset 
G1 X-0.823 Y-6.706 Z0.800 F5400 A82.90889; Inset 
G1 X-0.717 Y-6.629 Z0.800 F5400 A82.91348; Inset 
G1 X-0.400 Y-6.557 Z0.800 F5400 A82.92484; Inset 
G1 X-0.142 Y-6.072 Z0.800 F5400 A82.94406; Inset 
G1 X-0.441 Y-5.303 Z0.800 F5400 A82.97291; Inset 
G1 X-0.720 Y-4.836 Z0.800 F5400 A82.99192; Inset 
G1 X-1.066 Y-4.425 Z0.800 F5400 A83.01070; Inset 
G1 X-1.473 Y-4.074 Z0.800 F5400 A83.02948; Inset 
G1 X-1.980 Y-3.769 Z0.800 F5400 A83.05018; Inset 
G1 X-2.736 Y-3.479 Z0.800 F5400 A83.07850; Inset 
G1 X-3.204 Y-3.705 Z0.800 F5400 A83.09666; Inset 
G1 X-3.327 Y-4.095 Z0.800 F5400 A83.11097; Inset 
G1 X-3.362 Y-4.143 Z0.800 F5400 A83.11306; Inset 
G1 X-3.417 Y-4.168 Z0.800 F5400 A83.11515; Inset 
G1 X-3.510 Y-4.160 Z0.800 F5400 A83.11842; Inset 
G1 X-3.560 Y-4.127 Z0.800 F5400 A83.12051; Inset 
G1 X-3.599 Y-4.051 Z0.800 F5400 A83.12351; Inset 
G1 X-3.671 Y-3.734 Z0.800 F5400 A83.13487; Inset 
G1 X-4.156 Y-3.476 Z0.800 F5400 A83.15409; Inset 
G1 X-4.925 Y-3.775 Z0.800 F5400 A83.18293; Inset 
G1 X-5.432 Y-4.082 Z0.800 F5400 A83.20363; Inset 
G1 X-5.837 Y-4.434 Z0.800 F5400 A83.22241; Inset 
G1 X-6.182 Y-4.846 Z0.800 F5400 A83.24119; Inset 
G1 X-6.459 Y-5.314 Z0.800 F5400 A83.26021; Inset 
G1 X-6.750 Y-6.070 Z0.800 F5400 A83.28852; Inset 
G1 X-6.524 Y-6.538 Z0.800 F5400 A83.30669; Inset 
G1 X-6.133 Y-6.661 Z0.800 F5400 A83.32100; Inset 
G1 X-6.085 Y-6.696 Z0.800 F5400 A83.32309; Inset 
G1 X-6.056 Y-6.798 Z0.800 F5400 A83.32679; Inset 
G1 X-6.071 Y-6.856 Z0.800 F5400 A83.32888; Inset 
G1 X-6.121 Y-6.908 Z0.800 F5400 A83.33139; Inset 
G1 X-6.523 Y-7.036 Z0.800 F5400 A83.34614; Inset 
G1 X-6.747 Y-7.505 Z0.800 F5400 A83.36430; Inset 
G1 X-6.453 Y-8.259 Z0.800 F5400 A83.39262; Inset 
G1 X-6.146 Y-8.766 Z0.800 F5400 A83.41331; Inset 
G1 X-5.794 Y-9.171 Z0.800 F5400 A83.43209; Inset 
G1 X-5.382 Y-9.516 Z0.800 F5400 A83.45087; Inset 
G1 X-5.382 Y-9.516 Z0.800 F1500 A82.15087; Retract 
G1 X-5.382 Y-9.516 Z0.800 F3000; Retract 
G1 X-5.169 Y-9.178 Z0.800 F9000; Travel Move 
G1 X-5.169 Y-9.178 Z0.800 F1500 A83.45087; Restart 
G1 X-4.762 Y-9.423 Z0.800 F2400 A83.46747; Inset 
G1 X-4.040 Y-9.700 Z0.800 F2400 A83.49450; Inset 
G1 X-3.968 Y-9.375 Z0.800 F2400 A83.50614; Inset 
G1 X-3.880 Y-9.204 Z0.800 F2400 A83.51287; Inset 
G1 X-3.747 Y-9.077 Z0.800 F2400 A83.51929; Inset 
G1 X-3.580 Y-9.002 Z0.800 F2400 A83.52572; Inset 
G1 X-3.397 Y-8.986 Z0.800 F2400 A83.53214; Inset 
G1 X-3.144 Y-9.070 Z0.800 F2400 A83.54144; Inset 
G1 X-3.005 Y-9.202 Z0.800 F2400 A83.54817; Inset 
G1 X-2.917 Y-9.373 Z0.800 F2400 A83.55489; Inset 
G1 X-2.843 Y-9.698 Z0.800 F2400 A83.56653; Inset 
G1 X-2.122 Y-9.418 Z0.800 F2400 A83.59357; Inset 
G1 X-1.717 Y-9.171 Z0.800 F2400 A83.61016; Inset 
G1 X-1.357 Y-8.864 Z0.800 F2400 A83.62670; Inset 
G1 X-1.051 Y-8.503 Z0.800 F2400 A83.64325; Inset 
G1 X-0.806 Y-8.096 Z0.800 F2400 A83.65984; Inset 
G1 X-0.535 Y-7.392 Z0.800 F2400 A83.68622; Inset 
G1 X-0.946 Y-7.263 Z0.800 F2400 A83.70128; Inset 
G1 X-1.093 Y-7.153 Z0.800 F2400 A83.70770; Inset 
G1 X-1.196 Y-7.001 Z0.800 F2400 A83.71413; Inset 
G1 X-1.245 Y-6.739 Z0.800 F2400 A83.72343; Inset 
G1 X-1.195 Y-6.545 Z0.800 F2400 A83.73046; Inset 
G1 X-1.026 Y-6.339 Z0.800 F2400 A83.73976; Inset 
G1 X-0.855 Y-6.250 Z0.800 F2400 A83.74649; Inset 
G1 X-0.530 Y-6.177 Z0.800 F2400 A83.75813; Inset 
G1 X-0.811 Y-5.456 Z0.800 F2400 A83.78517; Inset 
G1 X-1.057 Y-5.051 Z0.800 F2400 A83.80176; Inset 
G1 X-1.365 Y-4.691 Z0.800 F2400 A83.81830; Inset 
G1 X-1.726 Y-4.385 Z0.800 F2400 A83.83484; Inset 
G1 X-2.132 Y-4.140 Z0.800 F2400 A83.85143; Inset 
G1 X-2.836 Y-3.869 Z0.800 F2400 A83.87781; Inset 
G1 X-2.965 Y-4.280 Z0.800 F2400 A83.89288; Inset 
G1 X-3.080 Y-4.434 Z0.800 F2400 A83.89960; Inset 
G1 X-3.314 Y-4.561 Z0.800 F2400 A83.90891; Inset 
G1 X-3.497 Y-4.576 Z0.800 F2400 A83.91533; Inset 
G1 X-3.675 Y-4.531 Z0.800 F2400 A83.92175; Inset 
G1 X-3.886 Y-4.368 Z0.800 F2400 A83.93106; Inset 
G1 X-3.978 Y-4.189 Z0.800 F2400 A83.93808; Inset 
G1 X-4.051 Y-3.864 Z0.800 F2400 A83.94972; Inset 
G1 X-4.772 Y-4.145 Z0.800 F2400 A83.97676; Inset 
G1 X-5.178 Y-4.391 Z0.800 F2400 A83.99335; Inset 
G1 X-5.538 Y-4.699 Z0.800 F2400 A84.00990; Inset 
G1 X-5.844 Y-5.060 Z0.800 F2400 A84.02644; Inset 
G1 X-6.089 Y-5.466 Z0.800 F2400 A84.04303; Inset 
G1 X-6.359 Y-6.170 Z0.800 F2400 A84.06941; Inset 
G1 X-5.948 Y-6.299 Z0.800 F2400 A84.08447; Inset 
G1 X-5.794 Y-6.414 Z0.800 F2400 A84.09120; Inset 
G1 X-5.668 Y-6.648 Z0.800 F2400 A84.10050; Inset 
G1 X-5.652 Y-6.831 Z0.800 F2400 A84.10693; Inset 
G1 X-5.736 Y-7.084 Z0.800 F2400 A84.11623; Inset 
G1 X-5.938 Y-7.270 Z0.800 F2400 A84.12583; Inset 
G1 X-6.357 Y-7.403 Z0.800 F2400 A84.14120; Inset 
G1 X-6.084 Y-8.106 Z0.800 F2400 A84.16758; Inset 
G1 X-5.837 Y-8.512 Z0.800 F2400 A84.18417; Inset 
G1 X-5.530 Y-8.872 Z0.800 F2400 A84.20072; Inset 
G1 X-5.169 Y-9.178 Z0.800 F2400 A84.21726; Inset 
G1 X-5.169 Y-9.178 Z0.800 F1500 A82.91726; Retract 
G1 X-5.169 Y-9.178 Z0.800 F3000; Retract 
G1 X-6.456 Y-10.772 Z0.800 F9000; Travel Move 
G1 X-6.456 Y-10.772 Z0.800 F1500 A84.21726; Restart 
G1 X-6.898 Y-10.397 Z0.800 F5400 A84.23751; Inset 
G1 X-7.293 Y-9.974 Z0.800 F5400 A84.25776; Inset 
G1 X-7.637 Y-9.507 Z0.800 F5400 A84.27801; Inset 
G1 X-7.924 Y-9.004 Z0.800 F5400 A84.29826; Inset 
G1 X-8.151 Y-8.471 Z0.800 F5400 A84.31851; Inset 
G1 X-8.315 Y-7.916 Z0.800 F5400 A84.33876; Inset 
G1 X-8.414 Y-7.345 Z0.800 F5400 A84.35901; Inset 
G1 X-8.445 Y-6.767 Z0.800 F5400 A84.37926; Inset 
G1 X-8.410 Y-6.188 Z0.800 F5400 A84.39952; Inset 
G1 X-8.308 Y-5.618 Z0.800 F5400 A84.41977; Inset 
G1 X-8.141 Y-5.064 Z0.800 F5400 A84.44001; Inset 
G1 X-7.911 Y-4.532 Z0.800 F5400 A84.46027; Inset 
G1 X-7.621 Y-4.031 Z0.800 F5400 A84.48052; Inset 
G1 X-7.274 Y-3.566 Z0.800 F5400 A84.50077; Inset 
G1 X-6.877 Y-3.145 Z0.800 F5400 A84.52102; Inset 
G1 X-6.433 Y-2.773 Z0.800 F5400 A84.54127; Inset 
G1 X-5.949 Y-2.454 Z0.800 F5400 A84.56152; Inset 
G1 X-5.432 Y-2.194 Z0.800 F5400 A84.58177; Inset 
G1 X-4.888 Y-1.995 Z0.800 F5400 A84.60202; Inset 
G1 X-4.324 Y-1.860 Z0.800 F5400 A84.62227; Inset 
G1 X-3.749 Y-1.792 Z0.800 F5400 A84.64252; Inset 
G1 X-3.170 Y-1.791 Z0.800 F5400 A84.66277; Inset 
G1 X-2.594 Y-1.856 Z0.800 F5400 A84.68303; Inset 
G1 X-2.030 Y-1.988 Z0.800 F5400 A84.70327; Inset 
G1 X-1.485 Y-2.184 Z0.800 F5400 A84.72353; Inset 
G1 X-0.967 Y-2.442 Z0.800 F5400 A84.74378; Inset 
G1 X-0.481 Y-2.758 Z0.800 F5400 A84.76403; Inset 
G1 X-0.036 Y-3.128 Z0.800 F5400 A84.78428; Inset 
G1 X0.353 Y-3.536 Z0.800 F5400 A84.80399; Inset 
G1 X1.067 Y-4.547 Z0.800 F5400 A84.84726; Inset 
G1 X1.501 Y-4.772 Z0.800 F5400 A84.86434; Inset 
G1 X15.283 Y-4.751 Z0.800 F5400 A85.34617; Inset 
G1 X15.018 Y-4.768 Z0.800 F5400 A85.35546; Inset 
G1 X14.405 Y-4.929 Z0.800 F5400 A85.37764; Inset 
G1 X13.953 Y-5.163 Z0.800 F5400 A85.39543; Inset 
G1 X13.378 Y-5.694 Z0.800 F5400 A85.42278; Inset 
G1 X13.277 Y-5.831 Z0.800 F5400 A85.42874; Inset 
G1 X12.973 Y-6.436 Z0.800 F5400 A85.45241; Inset 
G1 X12.924 Y-6.599 Z0.800 F5400 A85.45836; Inset 
G1 X12.842 Y-7.250 Z0.800 F5400 A85.48129; Inset 
G1 X12.891 Y-7.756 Z0.800 F5400 A85.49908; Inset 
G1 X13.161 Y-8.468 Z0.800 F5400 A85.52569; Inset 
G1 X13.452 Y-8.886 Z0.800 F5400 A85.54347; Inset 
G1 X14.051 Y-9.389 Z0.800 F5400 A85.57083; Inset 
G1 X14.200 Y-9.472 Z0.800 F5400 A85.57678; Inset 
G1 X14.819 Y-9.689 Z0.800 F5400 A85.59971; Inset 
G1 X15.324 Y-9.747 Z0.800 F5400 A85.61750; Inset 
G1 X16.098 Y-9.629 Z0.800 F5400 A85.64485; Inset 
G1 X16.258 Y-9.572 Z0.800 F5400 A85.65081; Inset 
G1 X16.849 Y-9.241 Z0.800 F5400 A85.67448; Inset 
G1 X16.981 Y-9.134 Z0.800 F5400 A85.68043; Inset 
G1 X17.427 Y-8.625 Z0.800 F5400 A85.70411; Inset 
G1 X17.575 Y-8.332 Z0.800 F5400 A85.71558; Inset 
G1 X18.483 Y-13.236 Z0.800 F5400 A85.88996; Inset 
G1 X18.656 Y-13.736 Z0.800 F5400 A85.90845; Inset 
G1 X18.736 Y-13.879 Z0.800 F5400 A85.91418; Inset 
G1 X19.161 Y-14.371 Z0.800 F5400 A85.93692; Inset 
G1 X22.222 Y-16.346 Z0.800 F5400 A86.06426; Inset 
G1 X21.357 Y-17.095 Z0.800 F5400 A86.10423; Inset 
G1 X20.759 Y-17.493 Z0.800 F5400 A86.12935; Inset 
G1 X18.383 Y-18.634 Z0.800 F5400 A86.22151; Inset 
G1 X18.081 Y-19.068 Z0.800 F5400 A86.23997; Inset 
G1 X17.748 Y-22.739 Z0.800 F5400 A86.36885; Inset 
G1 X17.121 Y-22.641 Z0.800 F5400 A86.39105; Inset 
G1 X17.650 Y-16.557 Z0.800 F5400 A86.60456; Inset 
G1 X17.642 Y-15.886 Z0.800 F5400 A86.62802; Inset 
G1 X17.494 Y-15.094 Z0.800 F5400 A86.65621; Inset 
G1 X17.236 Y-14.419 Z0.800 F5400 A86.68145; Inset 
G1 X16.868 Y-13.798 Z0.800 F5400 A86.70668; Inset 
G1 X16.461 Y-13.309 Z0.800 F5400 A86.72895; Inset 
G1 X15.916 Y-12.835 Z0.800 F5400 A86.75419; Inset 
G1 X15.299 Y-12.460 Z0.800 F5400 A86.77943; Inset 
G1 X14.546 Y-12.171 Z0.800 F5400 A86.80762; Inset 
G1 X13.837 Y-12.037 Z0.800 F5400 A86.83286; Inset 
G1 X13.200 Y-12.020 Z0.800 F5400 A86.85513; Inset 
G1 X12.485 Y-12.116 Z0.800 F5400 A86.88036; Inset 
G1 X11.717 Y-12.365 Z0.800 F5400 A86.90856; Inset 
G1 X11.082 Y-12.706 Z0.800 F5400 A86.93379; Inset 
G1 X10.513 Y-13.150 Z0.800 F5400 A86.95903; Inset 
G1 X10.027 Y-13.684 Z0.800 F5400 A86.98426; Inset 
G1 X9.639 Y-14.293 Z0.800 F5400 A87.00950; Inset 
G1 X9.359 Y-14.958 Z0.800 F5400 A87.03474; Inset 
G1 X9.197 Y-15.648 Z0.800 F5400 A87.05949; Inset 
G1 X8.789 Y-20.336 Z0.800 F5400 A87.22402; Inset 
G1 X8.170 Y-20.085 Z0.800 F5400 A87.24739; Inset 
G1 X8.165 Y-20.015 Z0.800 F5400 A87.24986; Inset 
G1 X8.913 Y-11.407 Z0.800 F5400 A87.55190; Inset 
G1 X8.317 Y-10.759 Z0.800 F5400 A87.58269; Inset 
G1 X-0.246 Y-10.775 Z0.800 F5400 A87.88208; Inset 
G1 X-0.485 Y-10.835 Z0.800 F5400 A87.89070; Inset 
G1 X-1.530 Y-11.396 Z0.800 F5400 A87.93213; Inset 
G1 X-2.058 Y-11.583 Z0.800 F5400 A87.95174; Inset 
G1 X-2.623 Y-11.711 Z0.800 F5400 A87.97198; Inset 
G1 X-3.199 Y-11.773 Z0.800 F5400 A87.99224; Inset 
G1 X-3.778 Y-11.768 Z0.800 F5400 A88.01249; Inset 
G1 X-4.353 Y-11.697 Z0.800 F5400 A88.03274; Inset 
G1 X-4.916 Y-11.559 Z0.800 F5400 A88.05299; Inset 
G1 X-5.459 Y-11.357 Z0.800 F5400 A88.07324; Inset 
G1 X-5.974 Y-11.093 Z0.800 F5400 A88.09349; Inset 
G1 X-6.456 Y-10.772 Z0.800 F5400 A88.11374; Inset 
G1 X-6.456 Y-10.772 Z0.800 F1500 A86.81374; Retract 
G1 X-6.456 Y-10.772 Z0.800 F3000; Retract 
G1 X14.275 Y-9.056 Z0.800 F9000; Travel Move 
G1 X14.275 Y-9.056 Z0.800 F1500 A88.11374; Restart 
G1 X14.365 Y-9.105 Z0.800 F5400 A88.11731; Inset 
G1 X15.002 Y-9.319 Z0.800 F5400 A88.14082; Inset 
G1 X15.408 Y-9.343 Z0.800 F5400 A88.15504; Inset 
G1 X16.092 Y-9.207 Z0.800 F5400 A88.17942; Inset 
G1 X16.703 Y-8.844 Z0.800 F5400 A88.20424; Inset 
G1 X17.158 Y-8.299 Z0.800 F5400 A88.22906; Inset 
G1 X17.405 Y-7.634 Z0.800 F5400 A88.25388; Inset 
G1 X17.430 Y-7.025 Z0.800 F5400 A88.27518; Inset 
G1 X17.237 Y-6.342 Z0.800 F5400 A88.30000; Inset 
G1 X16.828 Y-5.762 Z0.800 F5400 A88.32482; Inset 
G1 X16.248 Y-5.351 Z0.800 F5400 A88.34965; Inset 
G1 X15.578 Y-5.160 Z0.800 F5400 A88.37402; Inset 
G1 X15.095 Y-5.161 Z0.800 F5400 A88.39090; Inset 
G1 X14.460 Y-5.338 Z0.800 F5400 A88.41395; Inset 
G1 X14.110 Y-5.545 Z0.800 F5400 A88.42818; Inset 
G1 X13.619 Y-6.041 Z0.800 F5400 A88.45255; Inset 
G1 X13.317 Y-6.683 Z0.800 F5400 A88.47738; Inset 
G1 X13.242 Y-7.351 Z0.800 F5400 A88.50088; Inset 
G1 X13.304 Y-7.753 Z0.800 F5400 A88.51511; Inset 
G1 X13.523 Y-8.294 Z0.800 F5400 A88.53551; Inset 
G1 X13.758 Y-8.627 Z0.800 F5400 A88.54973; Inset 
G1 X14.275 Y-9.056 Z0.800 F5400 A88.57324; Inset 
G1 X14.275 Y-9.056 Z0.800 F1500 A87.27324; Retract 
G1 X14.275 Y-9.056 Z0.800 F3000; Retract 
G1 X14.513 Y-8.734 Z0.800 F9000; Travel Move 
G1 X14.513 Y-8.734 Z0.800 F1500 A88.57324; Restart 
G1 X15.048 Y-8.921 Z0.800 F2400 A88.59306; Inset 
G1 X15.352 Y-8.947 Z0.800 F2400 A88.60374; Inset 
G1 X15.911 Y-8.850 Z0.800 F2400 A88.62356; Inset 
G1 X16.413 Y-8.568 Z0.800 F2400 A88.64368; Inset 
G1 X16.792 Y-8.135 Z0.800 F2400 A88.66381; Inset 
G1 X17.006 Y-7.601 Z0.800 F2400 A88.68393; Inset 
G1 X17.029 Y-7.026 Z0.800 F2400 A88.70405; Inset 
G1 X16.860 Y-6.476 Z0.800 F2400 A88.72418; Inset 
G1 X16.517 Y-6.014 Z0.800 F2400 A88.74430; Inset 
G1 X16.039 Y-5.692 Z0.800 F2400 A88.76442; Inset 
G1 X15.490 Y-5.550 Z0.800 F2400 A88.78424; Inset 
G1 X15.184 Y-5.551 Z0.800 F2400 A88.79493; Inset 
G1 X14.645 Y-5.693 Z0.800 F2400 A88.81444; Inset 
G1 X14.378 Y-5.842 Z0.800 F2400 A88.82513; Inset 
G1 X13.969 Y-6.235 Z0.800 F2400 A88.84495; Inset 
G1 X13.711 Y-6.750 Z0.800 F2400 A88.86507; Inset 
G1 X13.640 Y-7.312 Z0.800 F2400 A88.88489; Inset 
G1 X13.680 Y-7.615 Z0.800 F2400 A88.89557; Inset 
G1 X13.889 Y-8.133 Z0.800 F2400 A88.91509; Inset 
G1 X14.071 Y-8.378 Z0.800 F2400 A88.92577; Inset 
G1 X14.513 Y-8.734 Z0.800 F2400 A88.94559; Inset 
G1 X14.513 Y-8.734 Z0.800 F1500 A87.64559; Retract 
G1 X14.513 Y-8.734 Z0.800 F3000; Retract 
G1 X-6.698 Y-11.092 Z0.800 F9000; Travel Move 
M73 P13; Update Progress 
G1 X-6.698 Y-11.092 Z0.800 F1500 A88.94559; Restart 
G1 X-7.174 Y-10.687 Z0.800 F5400 A88.96746; Inset 
G1 X-7.601 Y-10.230 Z0.800 F5400 A88.98934; Inset 
G1 X-7.972 Y-9.726 Z0.800 F5400 A89.01121; Inset 
G1 X-8.283 Y-9.182 Z0.800 F5400 A89.03308; Inset 
G1 X-8.528 Y-8.607 Z0.800 F5400 A89.05496; Inset 
G1 X-8.705 Y-8.007 Z0.800 F5400 A89.07683; Inset 
G1 X-8.812 Y-7.390 Z0.800 F5400 A89.09871; Inset 
G1 X-8.846 Y-6.765 Z0.800 F5400 A89.12058; Inset 
G1 X-8.808 Y-6.141 Z0.800 F5400 A89.14246; Inset 
G1 X-8.698 Y-5.525 Z0.800 F5400 A89.16433; Inset 
G1 X-8.517 Y-4.926 Z0.800 F5400 A89.18620; Inset 
G1 X-8.269 Y-4.352 Z0.800 F5400 A89.20807; Inset 
G1 X-7.955 Y-3.810 Z0.800 F5400 A89.22995; Inset 
G1 X-7.581 Y-3.309 Z0.800 F5400 A89.25183; Inset 
G1 X-7.152 Y-2.854 Z0.800 F5400 A89.27370; Inset 
G1 X-6.672 Y-2.451 Z0.800 F5400 A89.29557; Inset 
G1 X-6.150 Y-2.107 Z0.800 F5400 A89.31745; Inset 
G1 X-5.591 Y-1.826 Z0.800 F5400 A89.33932; Inset 
G1 X-5.003 Y-1.611 Z0.800 F5400 A89.36120; Inset 
G1 X-4.395 Y-1.466 Z0.800 F5400 A89.38307; Inset 
G1 X-3.773 Y-1.392 Z0.800 F5400 A89.40495; Inset 
G1 X-3.148 Y-1.390 Z0.800 F5400 A89.42681; Inset 
G1 X-2.526 Y-1.461 Z0.800 F5400 A89.44870; Inset 
G1 X-1.917 Y-1.604 Z0.800 F5400 A89.47056; Inset 
G1 X-1.328 Y-1.815 Z0.800 F5400 A89.49244; Inset 
G1 X-0.768 Y-2.094 Z0.800 F5400 A89.51432; Inset 
G1 X-0.243 Y-2.435 Z0.800 F5400 A89.53619; Inset 
G1 X0.238 Y-2.835 Z0.800 F5400 A89.55806; Inset 
G1 X0.663 Y-3.281 Z0.800 F5400 A89.57961; Inset 
G1 X1.338 Y-4.237 Z0.800 F5400 A89.62050; Inset 
G1 X1.598 Y-4.372 Z0.800 F5400 A89.63074; Inset 
G1 X15.222 Y-4.346 Z0.800 F5400 A90.10705; Inset 
G1 X15.575 Y-4.370 Z0.800 F5400 A90.11942; Inset 
G1 X15.962 Y-4.456 Z0.800 F5400 A90.13326; Inset 
G1 X16.268 Y-4.576 Z0.800 F5400 A90.14475; Inset 
G1 X16.631 Y-4.786 Z0.800 F5400 A90.15941; Inset 
G1 X16.895 Y-5.003 Z0.800 F5400 A90.17136; Inset 
G1 X17.172 Y-5.314 Z0.800 F5400 A90.18594; Inset 
G1 X17.356 Y-5.602 Z0.800 F5400 A90.19787; Inset 
G1 X17.520 Y-5.978 Z0.800 F5400 A90.21220; Inset 
G1 X17.612 Y-6.330 Z0.800 F5400 A90.22495; Inset 
G1 X18.873 Y-13.148 Z0.800 F5400 A90.46732; Inset 
G1 X19.069 Y-13.656 Z0.800 F5400 A90.48635; Inset 
G1 X19.406 Y-14.053 Z0.800 F5400 A90.50456; Inset 
G1 X22.887 Y-16.300 Z0.800 F5400 A90.64941; Inset 
G1 X21.600 Y-17.414 Z0.800 F5400 A90.70891; Inset 
G1 X20.957 Y-17.841 Z0.800 F5400 A90.73590; Inset 
G1 X18.651 Y-18.949 Z0.800 F5400 A90.82534; Inset 
G1 X18.470 Y-19.209 Z0.800 F5400 A90.83642; Inset 
G1 X18.140 Y-22.849 Z0.800 F5400 A90.96418; Inset 
G1 X18.088 Y-22.967 Z0.800 F5400 A90.96870; Inset 
G1 X18.002 Y-23.061 Z0.800 F5400 A90.97317; Inset 
G1 X17.852 Y-23.138 Z0.800 F5400 A90.97904; Inset 
G1 X17.654 Y-23.140 Z0.800 F5400 A90.98596; Inset 
G1 X16.691 Y-22.973 Z0.800 F5400 A91.02016; Inset 
G1 X17.251 Y-16.533 Z0.800 F5400 A91.24615; Inset 
G1 X17.238 Y-15.859 Z0.800 F5400 A91.26972; Inset 
G1 X17.113 Y-15.217 Z0.800 F5400 A91.29259; Inset 
G1 X16.903 Y-14.651 Z0.800 F5400 A91.31367; Inset 
G1 X16.579 Y-14.083 Z0.800 F5400 A91.33653; Inset 
G1 X16.164 Y-13.578 Z0.800 F5400 A91.35939; Inset 
G1 X15.669 Y-13.150 Z0.800 F5400 A91.38226; Inset 
G1 X15.110 Y-12.812 Z0.800 F5400 A91.40512; Inset 
G1 X14.501 Y-12.574 Z0.800 F5400 A91.42798; Inset 
G1 X13.860 Y-12.442 Z0.800 F5400 A91.45084; Inset 
G1 X13.206 Y-12.421 Z0.800 F5400 A91.47370; Inset 
G1 X12.559 Y-12.510 Z0.800 F5400 A91.49656; Inset 
G1 X11.935 Y-12.707 Z0.800 F5400 A91.51943; Inset 
G1 X11.354 Y-13.007 Z0.800 F5400 A91.54229; Inset 
G1 X10.794 Y-13.435 Z0.800 F5400 A91.56693; Inset 
G1 X10.353 Y-13.917 Z0.800 F5400 A91.58979; Inset 
G1 X9.999 Y-14.467 Z0.800 F5400 A91.61265; Inset 
G1 X9.743 Y-15.069 Z0.800 F5400 A91.63551; Inset 
G1 X9.594 Y-15.697 Z0.800 F5400 A91.65809; Inset 
G1 X9.142 Y-20.902 Z0.800 F5400 A91.84071; Inset 
G1 X8.041 Y-20.475 Z0.800 F5400 A91.88198; Inset 
G1 X7.902 Y-20.389 Z0.800 F5400 A91.88769; Inset 
G1 X7.822 Y-20.295 Z0.800 F5400 A91.89201; Inset 
G1 X7.776 Y-20.181 Z0.800 F5400 A91.89631; Inset 
G1 X7.764 Y-20.011 Z0.800 F5400 A91.90226; Inset 
G1 X8.500 Y-11.548 Z0.800 F5400 A92.19925; Inset 
G1 X8.142 Y-11.159 Z0.800 F5400 A92.21772; Inset 
G1 X-0.196 Y-11.175 Z0.800 F5400 A92.50923; Inset 
G1 X-0.340 Y-11.211 Z0.800 F5400 A92.51440; Inset 
G1 X-1.368 Y-11.763 Z0.800 F5400 A92.55518; Inset 
G1 X-1.947 Y-11.967 Z0.800 F5400 A92.57666; Inset 
G1 X-2.557 Y-12.106 Z0.800 F5400 A92.59854; Inset 
G1 X-3.179 Y-12.173 Z0.800 F5400 A92.62042; Inset 
G1 X-3.805 Y-12.168 Z0.800 F5400 A92.64229; Inset 
G1 X-4.426 Y-12.091 Z0.800 F5400 A92.66416; Inset 
G1 X-5.033 Y-11.942 Z0.800 F5400 A92.68604; Inset 
G1 X-5.620 Y-11.724 Z0.800 F5400 A92.70791; Inset 
G1 X-6.177 Y-11.439 Z0.800 F5400 A92.72978; Inset 
G1 X-6.698 Y-11.092 Z0.800 F5400 A92.75166; Inset 
G1 X-6.698 Y-11.092 Z0.800 F1500 A91.45166; Retract 
G1 X-6.698 Y-11.092 Z0.800 F3000; Retract 
G1 X-6.939 Y-11.412 Z0.800 F9000; Travel Move 
G1 X-6.939 Y-11.412 Z0.800 F1500 A92.75166; Restart 
G1 X-7.451 Y-10.977 Z0.800 F2400 A92.77516; Inset 
G1 X-7.910 Y-10.485 Z0.800 F2400 A92.79865; Inset 
G1 X-8.308 Y-9.944 Z0.800 F2400 A92.82215; Inset 
G1 X-8.642 Y-9.361 Z0.800 F2400 A92.84565; Inset 
G1 X-8.905 Y-8.742 Z0.800 F2400 A92.86915; Inset 
G1 X-9.095 Y-8.098 Z0.800 F2400 A92.89265; Inset 
G1 X-9.210 Y-7.435 Z0.800 F2400 A92.91614; Inset 
G1 X-9.247 Y-6.764 Z0.800 F2400 A92.93964; Inset 
G1 X-9.206 Y-6.093 Z0.800 F2400 A92.96314; Inset 
G1 X-9.088 Y-5.432 Z0.800 F2400 A92.98664; Inset 
G1 X-8.894 Y-4.788 Z0.800 F2400 A93.01013; Inset 
G1 X-8.627 Y-4.171 Z0.800 F2400 A93.03363; Inset 
G1 X-8.290 Y-3.590 Z0.800 F2400 A93.05713; Inset 
G1 X-7.888 Y-3.051 Z0.800 F2400 A93.08063; Inset 
G1 X-7.427 Y-2.562 Z0.800 F2400 A93.10412; Inset 
G1 X-6.912 Y-2.130 Z0.800 F2400 A93.12762; Inset 
G1 X-6.350 Y-1.760 Z0.800 F2400 A93.15112; Inset 
G1 X-5.750 Y-1.458 Z0.800 F2400 A93.17461; Inset 
G1 X-5.119 Y-1.228 Z0.800 F2400 A93.19811; Inset 
G1 X-4.465 Y-1.072 Z0.800 F2400 A93.22161; Inset 
G1 X-3.798 Y-0.992 Z0.800 F2400 A93.24511; Inset 
G1 X-3.126 Y-0.990 Z0.800 F2400 A93.26860; Inset 
G1 X-2.458 Y-1.067 Z0.800 F2400 A93.29211; Inset 
G1 X-1.803 Y-1.219 Z0.800 F2400 A93.31560; Inset 
G1 X-1.171 Y-1.447 Z0.800 F2400 A93.33910; Inset 
G1 X-0.569 Y-1.746 Z0.800 F2400 A93.36259; Inset 
G1 X-0.006 Y-2.113 Z0.800 F2400 A93.38610; Inset 
G1 X0.511 Y-2.542 Z0.800 F2400 A93.40959; Inset 
G1 X0.973 Y-3.027 Z0.800 F2400 A93.43298; Inset 
G1 X1.640 Y-3.971 Z0.800 F2400 A93.47341; Inset 
G1 X15.236 Y-3.945 Z0.800 F2400 A93.94872; Inset 
G1 X15.633 Y-3.973 Z0.800 F2400 A93.96263; Inset 
G1 X16.079 Y-4.072 Z0.800 F2400 A93.97860; Inset 
G1 X16.442 Y-4.215 Z0.800 F2400 A93.99224; Inset 
G1 X16.859 Y-4.456 Z0.800 F2400 A94.00909; Inset 
G1 X17.173 Y-4.713 Z0.800 F2400 A94.02327; Inset 
G1 X17.492 Y-5.072 Z0.800 F2400 A94.04006; Inset 
G1 X17.710 Y-5.413 Z0.800 F2400 A94.05422; Inset 
G1 X17.899 Y-5.846 Z0.800 F2400 A94.07073; Inset 
G1 X18.003 Y-6.243 Z0.800 F2400 A94.08509; Inset 
G1 X19.265 Y-13.067 Z0.800 F2400 A94.32768; Inset 
G1 X19.392 Y-13.419 Z0.800 F2400 A94.34076; Inset 
G1 X19.636 Y-13.725 Z0.800 F2400 A94.35446; Inset 
G1 X23.209 Y-16.031 Z0.800 F2400 A94.50312; Inset 
G1 X23.338 Y-16.188 Z0.800 F2400 A94.51022; Inset 
G1 X23.351 Y-16.341 Z0.800 F2400 A94.51560; Inset 
G1 X23.290 Y-16.480 Z0.800 F2400 A94.52089; Inset 
G1 X21.843 Y-17.733 Z0.800 F2400 A94.58781; Inset 
G1 X21.156 Y-18.190 Z0.800 F2400 A94.61665; Inset 
G1 X18.865 Y-19.290 Z0.800 F2400 A94.70551; Inset 
G1 X18.533 Y-22.950 Z0.800 F2400 A94.83399; Inset 
G1 X18.428 Y-23.188 Z0.800 F2400 A94.84310; Inset 
G1 X18.252 Y-23.380 Z0.800 F2400 A94.85219; Inset 
G1 X18.016 Y-23.509 Z0.800 F2400 A94.86159; Inset 
G1 X17.905 Y-23.538 Z0.800 F2400 A94.86558; Inset 
G1 X17.622 Y-23.540 Z0.800 F2400 A94.87550; Inset 
G1 X16.260 Y-23.304 Z0.800 F2400 A94.92380; Inset 
G1 X16.852 Y-16.503 Z0.800 F2400 A95.16246; Inset 
G1 X16.843 Y-15.924 Z0.800 F2400 A95.18271; Inset 
G1 X16.735 Y-15.348 Z0.800 F2400 A95.20320; Inset 
G1 X16.531 Y-14.798 Z0.800 F2400 A95.22369; Inset 
G1 X16.238 Y-14.291 Z0.800 F2400 A95.24419; Inset 
G1 X15.862 Y-13.841 Z0.800 F2400 A95.26468; Inset 
G1 X15.416 Y-13.460 Z0.800 F2400 A95.28517; Inset 
G1 X14.912 Y-13.161 Z0.800 F2400 A95.30566; Inset 
G1 X14.365 Y-12.951 Z0.800 F2400 A95.32616; Inset 
G1 X13.790 Y-12.836 Z0.800 F2400 A95.34665; Inset 
G1 X13.204 Y-12.821 Z0.800 F2400 A95.36714; Inset 
G1 X12.624 Y-12.904 Z0.800 F2400 A95.38764; Inset 
G1 X12.066 Y-13.085 Z0.800 F2400 A95.40813; Inset 
G1 X11.547 Y-13.357 Z0.800 F2400 A95.42862; Inset 
G1 X11.082 Y-13.713 Z0.800 F2400 A95.44911; Inset 
G1 X10.683 Y-14.143 Z0.800 F2400 A95.46961; Inset 
G1 X10.363 Y-14.634 Z0.800 F2400 A95.49010; Inset 
G1 X10.130 Y-15.172 Z0.800 F2400 A95.51059; Inset 
G1 X9.992 Y-15.740 Z0.800 F2400 A95.53102; Inset 
G1 X9.494 Y-21.467 Z0.800 F2400 A95.73200; Inset 
G1 X7.862 Y-20.835 Z0.800 F2400 A95.79319; Inset 
G1 X7.637 Y-20.696 Z0.800 F2400 A95.80241; Inset 
G1 X7.476 Y-20.505 Z0.800 F2400 A95.81117; Inset 
G1 X7.381 Y-20.273 Z0.800 F2400 A95.81992; Inset 
G1 X7.362 Y-20.008 Z0.800 F2400 A95.82921; Inset 
G1 X8.097 Y-11.559 Z0.800 F2400 A96.12570; Inset 
G1 X-0.171 Y-11.575 Z0.800 F2400 A96.41477; Inset 
G1 X-1.205 Y-12.130 Z0.800 F2400 A96.45579; Inset 
G1 X-1.836 Y-12.352 Z0.800 F2400 A96.47916; Inset 
G1 X-2.491 Y-12.501 Z0.800 F2400 A96.50266; Inset 
G1 X-3.159 Y-12.574 Z0.800 F2400 A96.52615; Inset 
G1 X-3.831 Y-12.568 Z0.800 F2400 A96.54966; Inset 
G1 X-4.498 Y-12.485 Z0.800 F2400 A96.57315; Inset 
G1 X-5.151 Y-12.325 Z0.800 F2400 A96.59665; Inset 
G1 X-5.781 Y-12.091 Z0.800 F2400 A96.62014; Inset 
G1 X-6.380 Y-11.785 Z0.800 F2400 A96.64364; Inset 
G1 X-6.939 Y-11.412 Z0.800 F2400 A96.66714; Inset 
G1 X-6.939 Y-11.412 Z0.800 F1500 A95.36714; Retract 
G1 X-6.939 Y-11.412 Z0.800 F3000; Retract 
G1 X-6.408 Y-10.438 Z0.800 F9000; Travel Move 
G1 X-6.408 Y-10.438 Z0.800 F1500 A96.66714; Restart 
G1 X-7.121 Y-9.725 Z0.800 F5400 A96.70243; Infill 
G1 X-7.859 Y-8.427 Z0.800 F5400 A96.75462; Connection 
G1 X-5.101 Y-11.185 Z0.800 F5400 A96.89097; Infill 
M73 P14; Update Progress 
G1 X-4.314 Y-11.412 Z0.800 F5400 A96.91961; Connection 
G1 X-5.462 Y-10.264 Z0.800 F5400 A96.97636; Infill 
G1 X-4.466 Y-10.700 Z0.800 F5400 A97.01437; Connection 
G1 X-3.683 Y-11.483 Z0.800 F5400 A97.05309; Infill 
G1 X-3.128 Y-11.478 Z0.800 F5400 A97.07248; Connection 
G1 X-3.880 Y-10.726 Z0.800 F5400 A97.10966; Infill 
G1 X-3.515 Y-10.530 Z0.800 F5400 A97.12412; Connection 
G1 X-2.627 Y-11.419 Z0.800 F5400 A97.16804; Infill 
G1 X-2.171 Y-11.315 Z0.800 F5400 A97.18440; Connection 
G1 X-2.684 Y-10.801 Z0.800 F5400 A97.20978; Infill 
G1 X-2.281 Y-10.645 Z0.800 F5400 A97.22491; Connection 
G1 X-1.754 Y-11.172 Z0.800 F5400 A97.25097; Infill 
G1 X-1.377 Y-10.989 Z0.800 F5400 A97.26563; Connection 
G1 X-1.878 Y-10.488 Z0.800 F5400 A97.29041; Infill 
G1 X-1.502 Y-10.303 Z0.800 F5400 A97.30503; Connection 
G1 X-1.012 Y-10.794 Z0.800 F5400 A97.32927; Infill 
G1 X-0.648 Y-10.598 Z0.800 F5400 A97.34373; Connection 
G1 X-1.154 Y-10.092 Z0.800 F5400 A97.36875; Infill 
G1 X-0.839 Y-9.846 Z0.800 F5400 A97.38270; Connection 
G1 X-0.197 Y-10.489 Z0.800 F5400 A97.41447; Infill 
G1 X0.362 Y-10.488 Z0.800 F5400 A97.43401; Connection 
G1 X-0.543 Y-9.583 Z0.800 F5400 A97.47876; Infill 
G1 X-0.289 Y-9.277 Z0.800 F5400 A97.49266; Connection 
G1 X0.921 Y-10.487 Z0.800 F5400 A97.55249; Infill 
G1 X1.480 Y-10.486 Z0.800 F5400 A97.57203; Connection 
G1 X-0.055 Y-8.951 Z0.800 F5400 A97.64793; Infill 
G1 X0.152 Y-8.597 Z0.800 F5400 A97.66224; Connection 
G1 X2.039 Y-10.485 Z0.800 F5400 A97.75555; Infill 
G1 X2.598 Y-10.484 Z0.800 F5400 A97.77509; Connection 
G1 X0.317 Y-8.202 Z0.800 F5400 A97.88787; Infill 
G1 X0.473 Y-7.798 Z0.800 F5400 A97.90302; Connection 
G1 X3.157 Y-10.483 Z0.800 F5400 A98.03575; Infill 
G1 X3.716 Y-10.481 Z0.800 F5400 A98.05529; Connection 
G1 X0.515 Y-7.280 Z0.800 F5400 A98.21357; Infill 
G1 X0.368 Y-6.574 Z0.800 F5400 A98.23880; Connection 
G1 X4.275 Y-10.480 Z0.800 F5400 A98.43195; Infill 
G1 X4.834 Y-10.479 Z0.800 F5400 A98.45149; Connection 
G1 X0.563 Y-6.208 Z0.800 F5400 A98.66268; Infill 
G1 X0.344 Y-5.430 Z0.800 F5400 A98.69094; Connection 
G1 X5.393 Y-10.478 Z0.800 F5400 A98.94055; Infill 
G1 X5.952 Y-10.477 Z0.800 F5400 A98.96009; Connection 
G1 X-2.309 Y-2.217 Z0.800 F5400 A99.36851; Infill 
G1 X-2.986 Y-2.099 Z0.800 F5400 A99.39253; Connection 
G1 X-2.095 Y-2.990 Z0.800 F5400 A99.43659; Infill 
G1 X-2.866 Y-2.779 Z0.800 F5400 A99.46453; Connection 
G1 X-3.568 Y-2.078 Z0.800 F5400 A99.49924; Infill 
G1 X-4.085 Y-2.120 Z0.800 F5400 A99.51739; Connection 
G1 X-3.243 Y-2.962 Z0.800 F5400 A99.55902; Infill 
G1 X-3.964 Y-2.801 Z0.800 F5400 A99.58482; Connection 
G1 X-4.556 Y-2.210 Z0.800 F5400 A99.61408; Infill 
G1 X-4.989 Y-2.336 Z0.800 F5400 A99.62986; Connection 
G1 X-4.465 Y-2.860 Z0.800 F5400 A99.65575; Infill 
G1 X-4.869 Y-3.017 Z0.800 F5400 A99.67088; Connection 
G1 X-5.392 Y-2.494 Z0.800 F5400 A99.69674; Infill 
G1 X-5.764 Y-2.681 Z0.800 F5400 A99.71132; Connection 
G1 X-5.264 Y-3.181 Z0.800 F5400 A99.73604; Infill 
G1 X-5.616 Y-3.389 Z0.800 F5400 A99.75033; Connection 
G1 X-6.106 Y-2.900 Z0.800 F5400 A99.77454; Infill 
G1 X-6.426 Y-3.140 Z0.800 F5400 A99.78853; Connection 
G1 X-5.943 Y-3.623 Z0.800 F5400 A99.81239; Infill 
G1 X-6.248 Y-3.878 Z0.800 F5400 A99.82629; Connection 
G1 X-6.725 Y-3.401 Z0.800 F5400 A99.84986; Infill 
G1 X-6.997 Y-3.689 Z0.800 F5400 A99.86371; Connection 
G1 X-6.512 Y-4.173 Z0.800 F5400 A99.88767; Infill 
G1 X-6.759 Y-4.487 Z0.800 F5400 A99.90161; Connection 
G1 X-7.243 Y-4.003 Z0.800 F5400 A99.92555; Infill 
G1 X-7.468 Y-4.338 Z0.800 F5400 A99.93966; Connection 
G1 X-6.969 Y-4.837 Z0.800 F5400 A99.96434; Infill 
G1 X-7.154 Y-5.211 Z0.800 F5400 A99.97895; Connection 
G1 X-7.670 Y-4.696 Z0.800 F5400 A100.00445; Infill 
G1 X-7.839 Y-5.086 Z0.800 F5400 A100.01934; Connection 
G1 X-7.310 Y-5.616 Z0.800 F5400 A100.04552; Infill 
G1 X-7.465 Y-6.020 Z0.800 F5400 A100.06067; Connection 
G1 X-7.977 Y-5.509 Z0.800 F5400 A100.08595; Infill 
G1 X-8.080 Y-5.966 Z0.800 F5400 A100.10232; Connection 
G1 X-7.195 Y-6.851 Z0.800 F5400 A100.14609; Infill 
G1 X-7.376 Y-7.230 Z0.800 F5400 A100.16077; Connection 
G1 X-8.141 Y-6.465 Z0.800 F5400 A100.19858; Infill 
G1 X-8.145 Y-7.021 Z0.800 F5400 A100.21800; Connection 
G1 X-7.369 Y-7.796 Z0.800 F5400 A100.25635; Infill 
G1 X-8.070 Y-7.656 Z0.800 F5400 A100.28132; Connection 
G1 X-6.922 Y-8.804 Z0.800 F5400 A100.33805; Infill 
G1 X-6.922 Y-8.804 Z0.800 F1500 A99.03805; Retract 
G1 X-6.922 Y-8.804 Z0.800 F3000; Retract 
G1 X-1.439 Y-2.526 Z0.800 F9000; Travel Move 
G1 X-1.439 Y-2.526 Z0.800 F1500 A100.33805; Restart 
G1 X6.511 Y-10.476 Z0.800 F5400 A100.73109; Infill 
G1 X7.070 Y-10.475 Z0.800 F5400 A100.75063; Connection 
G1 X1.652 Y-5.057 Z0.800 F5400 A101.01848; Infill 
G1 X2.211 Y-5.057 Z0.800 F5400 A101.03803; Connection 
G1 X7.629 Y-10.474 Z0.800 F5400 A101.30587; Infill 
G1 X8.188 Y-10.473 Z0.800 F5400 A101.32541; Connection 
G1 X2.771 Y-5.056 Z0.800 F5400 A101.59324; Infill 
G1 X3.330 Y-5.055 Z0.800 F5400 A101.61279; Connection 
G1 X10.821 Y-12.546 Z0.800 F5400 A101.98317; Infill 
G1 X10.507 Y-12.792 Z0.800 F5400 A101.99712; Connection 
G1 X9.194 Y-11.479 Z0.800 F5400 A102.06202; Infill 
G1 X9.149 Y-11.995 Z0.800 F5400 A102.08010; Connection 
G1 X10.211 Y-13.057 Z0.800 F5400 A102.13261; Infill 
G1 X9.945 Y-13.350 Z0.800 F5400 A102.14647; Connection 
G1 X9.105 Y-12.510 Z0.800 F5400 A102.18800; Infill 
G1 X9.060 Y-13.025 Z0.800 F5400 A102.20608; Connection 
G1 X9.700 Y-13.665 Z0.800 F5400 A102.23774; Infill 
G1 X9.482 Y-14.007 Z0.800 F5400 A102.25191; Connection 
G1 X9.015 Y-13.540 Z0.800 F5400 A102.27499; Infill 
G1 X8.970 Y-14.055 Z0.800 F5400 A102.29307; Connection 
G1 X9.293 Y-14.378 Z0.800 F5400 A102.30901; Infill 
G1 X8.925 Y-14.571 Z0.800 F5400 A102.32351; Connection 
G1 X9.127 Y-14.772 Z0.800 F5400 A102.33347; Infill 
G1 X8.881 Y-15.086 Z0.800 F5400 A102.34741; Connection 
G1 X9.006 Y-15.211 Z0.800 F5400 A102.35360; Infill 
G1 X8.836 Y-15.601 Z0.800 F5400 A102.36847; Connection 
G1 X8.908 Y-15.673 Z0.800 F5400 A102.37203; Infill 
G1 X8.791 Y-16.116 Z0.800 F5400 A102.38806; Connection 
G1 X8.863 Y-16.188 Z0.800 F5400 A102.39162; Infill 
G1 X8.746 Y-16.632 Z0.800 F5400 A102.40764; Connection 
G1 X8.818 Y-16.704 Z0.800 F5400 A102.41120; Infill 
G1 X8.701 Y-17.147 Z0.800 F5400 A102.42723; Connection 
G1 X8.773 Y-17.219 Z0.800 F5400 A102.43079; Infill 
G1 X8.656 Y-17.662 Z0.800 F5400 A102.44681; Connection 
G1 X8.729 Y-17.734 Z0.800 F5400 A102.45037; Infill 
G1 X8.612 Y-18.177 Z0.800 F5400 A102.46640; Connection 
G1 X8.684 Y-18.249 Z0.800 F5400 A102.46996; Infill 
G1 X8.567 Y-18.692 Z0.800 F5400 A102.48598; Connection 
G1 X8.639 Y-18.764 Z0.800 F5400 A102.48954; Infill 
G1 X8.522 Y-19.208 Z0.800 F5400 A102.50557; Connection 
G1 X8.594 Y-19.280 Z0.800 F5400 A102.50913; Infill 
G1 X8.477 Y-19.723 Z0.800 F5400 A102.52515; Connection 
G1 X8.549 Y-19.795 Z0.800 F5400 A102.52871; Infill 
G1 X8.549 Y-19.795 Z0.800 F1500 A101.22871; Retract 
G1 X8.549 Y-19.795 Z0.800 F3000; Retract 
G1 X11.169 Y-12.334 Z0.800 F9000; Travel Move 
G1 X11.169 Y-12.334 Z0.800 F1500 A102.52871; Restart 
G1 X3.889 Y-5.054 Z0.800 F5400 A102.88866; Infill 
G1 X4.448 Y-5.053 Z0.800 F5400 A102.90821; Connection 
G1 X11.534 Y-12.139 Z0.800 F5400 A103.25852; Infill 
G1 X11.945 Y-11.990 Z0.800 F5400 A103.27381; Connection 
G1 X5.007 Y-5.052 Z0.800 F5400 A103.61682; Infill 
G1 X5.567 Y-5.052 Z0.800 F5400 A103.63637; Connection 
G1 X12.368 Y-11.853 Z0.800 F5400 A103.97265; Infill 
G1 X12.853 Y-11.778 Z0.800 F5400 A103.98981; Connection 
G1 X6.126 Y-5.051 Z0.800 F5400 A104.32242; Infill 
G1 X6.685 Y-5.050 Z0.800 F5400 A104.34197; Connection 
G1 X13.374 Y-11.739 Z0.800 F5400 A104.67267; Infill 
G1 X13.965 Y-11.770 Z0.800 F5400 A104.69338; Connection 
G1 X7.244 Y-5.049 Z0.800 F5400 A105.02569; Infill 
G1 X7.803 Y-5.048 Z0.800 F5400 A105.04524; Connection 
G1 X14.665 Y-11.910 Z0.800 F5400 A105.38451; Infill 
G1 X15.659 Y-12.344 Z0.800 F5400 A105.42241; Connection 
G1 X8.362 Y-5.047 Z0.800 F5400 A105.78317; Infill 
G1 X8.922 Y-5.046 Z0.800 F5400 A105.80272; Connection 
G1 X20.918 Y-17.043 Z0.800 F5400 A106.39584; Infill 
G1 X21.247 Y-16.812 Z0.800 F5400 A106.40990; Connection 
G1 X14.215 Y-9.780 Z0.800 F5400 A106.75755; Infill 
G1 X14.992 Y-9.997 Z0.800 F5400 A106.78575; Connection 
G1 X18.183 Y-13.188 Z0.800 F5400 A106.94350; Infill 
G1 X18.056 Y-12.500 Z0.800 F5400 A106.96793; Connection 
G1 X15.556 Y-10.001 Z0.800 F5400 A107.09150; Infill 
G1 X16.042 Y-9.927 Z0.800 F5400 A107.10869; Connection 
G1 X17.929 Y-11.813 Z0.800 F5400 A107.20194; Infill 
G1 X17.801 Y-11.126 Z0.800 F5400 A107.22637; Connection 
G1 X16.461 Y-9.786 Z0.800 F5400 A107.29262; Infill 
G1 X16.820 Y-9.585 Z0.800 F5400 A107.30700; Connection 
G1 X17.674 Y-10.439 Z0.800 F5400 A107.34923; Infill 
G1 X17.547 Y-9.752 Z0.800 F5400 A107.37366; Connection 
G1 X17.156 Y-9.360 Z0.800 F5400 A107.39302; Infill 
G1 X17.156 Y-9.360 Z0.800 F1500 A106.09302; Retract 
G1 X17.156 Y-9.360 Z0.800 F3000; Retract 
G1 X12.826 Y-8.391 Z0.800 F9000; Travel Move 
G1 X12.826 Y-8.391 Z0.800 F1500 A107.39302; Restart 
G1 X9.481 Y-5.046 Z0.800 F5400 A107.55844; Infill 
G1 X10.040 Y-5.045 Z0.800 F5400 A107.57798; Connection 
G1 X12.588 Y-7.593 Z0.800 F5400 A107.70396; Infill 
G1 X12.582 Y-7.027 Z0.800 F5400 A107.72376; Connection 
G1 X10.599 Y-5.044 Z0.800 F5400 A107.82179; Infill 
G1 X11.158 Y-5.043 Z0.800 F5400 A107.84133; Connection 
G1 X12.646 Y-6.531 Z0.800 F5400 A107.91489; Infill 
G1 X12.807 Y-6.131 Z0.800 F5400 A107.92995; Connection 
G1 X11.717 Y-5.042 Z0.800 F5400 A107.98379; Infill 
G1 X12.277 Y-5.041 Z0.800 F5400 A108.00334; Connection 
G1 X12.994 Y-5.758 Z0.800 F5400 A108.03879; Infill 
G1 X13.234 Y-5.438 Z0.800 F5400 A108.05278; Connection 
G1 X12.836 Y-5.041 Z0.800 F5400 A108.07244; Infill 
G1 X13.395 Y-5.040 Z0.800 F5400 A108.09199; Connection 
G1 X13.525 Y-5.169 Z0.800 F5400 A108.09841; Infill 
G1 X13.525 Y-5.169 Z0.800 F1500 A106.79841; Retract 
G1 X13.525 Y-5.169 Z0.800 F3000; Retract 
G1 X17.328 Y-14.013 Z0.800 F9000; Travel Move 
G1 X17.328 Y-14.013 Z0.800 F1500 A108.09841; Restart 
G1 X20.578 Y-17.263 Z0.800 F5400 A108.25907; Infill 
G1 X20.199 Y-17.444 Z0.800 F5400 A108.27375; Connection 
G1 X17.769 Y-15.013 Z0.800 F5400 A108.39393; Infill 
G1 X17.899 Y-15.704 Z0.800 F5400 A108.41850; Connection 
G1 X19.821 Y-17.626 Z0.800 F5400 A108.51351; Infill 
G1 X19.443 Y-17.808 Z0.800 F5400 A108.52819; Connection 
G1 X17.933 Y-16.298 Z0.800 F5400 A108.60282; Infill 
G1 X17.913 Y-16.838 Z0.800 F5400 A108.62170; Connection 
G1 X19.064 Y-17.989 Z0.800 F5400 A108.67863; Infill 
G1 X18.686 Y-18.171 Z0.800 F5400 A108.69330; Connection 
G1 X17.868 Y-17.353 Z0.800 F5400 A108.73375; Infill 
G1 X17.823 Y-17.868 Z0.800 F5400 A108.75183; Connection 
G1 X18.308 Y-18.353 Z0.800 F5400 A108.77578; Infill 
G1 X18.032 Y-18.637 Z0.800 F5400 A108.78962; Connection 
G1 X17.778 Y-18.383 Z0.800 F5400 A108.80217; Infill 
G1 X17.733 Y-18.899 Z0.800 F5400 A108.82025; Connection 
G1 X17.811 Y-18.976 Z0.800 F5400 A108.82406; Infill 
G1 X17.689 Y-19.414 Z0.800 F5400 A108.83996; Connection 
G1 X17.757 Y-19.482 Z0.800 F5400 A108.84332; Infill 
G1 X17.644 Y-19.929 Z0.800 F5400 A108.85945; Connection 
G1 X17.710 Y-19.995 Z0.800 F5400 A108.86272; Infill 
G1 X17.599 Y-20.444 Z0.800 F5400 A108.87889; Connection 
G1 X17.664 Y-20.509 Z0.800 F5400 A108.88208; Infill 
G1 X17.554 Y-20.959 Z0.800 F5400 A108.89829; Connection 
G1 X17.615 Y-21.021 Z0.800 F5400 A108.90132; Infill 
G1 X17.615 Y-21.021 Z0.800 F1500 A107.60132; Retract 
G1 X17.615 Y-21.021 Z0.800 F3000; Retract 
G1 X21.547 Y-16.552 Z0.800 F9000; Travel Move 
G1 X21.547 Y-16.552 Z0.800 F1500 A108.90132; Restart 
G1 X20.699 Y-15.704 Z0.800 F5400 A108.94323; Infill 
G1 X20.699 Y-15.704 Z0.800 F1500 A107.64323; Retract 
G1 X20.699 Y-15.704 Z0.800 F3000; Retract 
G1 X17.509 Y-21.475 Z0.800 F9000; Travel Move 
M73 P15; Update Progress 
G1 X17.509 Y-21.475 Z0.800 F1500 A108.94323; Restart 
G1 X17.570 Y-21.536 Z0.800 F5400 A108.94624; Infill 
G1 X17.465 Y-21.990 Z0.800 F5400 A108.96255; Connection 
G1 X17.524 Y-22.049 Z0.800 F5400 A108.96547; Infill 
; Chunk 8 
; Lower Position  0.8 
; Upper Position  1 
; Thickness       0.2 
; Width           0.4 
G1 X17.524 Y-22.049 Z0.800 F1500 A107.66547; Retract 
G1 X17.524 Y-22.049 Z0.800 F3000; Retract 
G1 X17.524 Y-22.049 Z1.000 F1380; Travel Move 
G1 X-5.602 Y-9.850 Z1.000 F9000; Travel Move 
G1 X-5.602 Y-9.850 Z1.000 F1500 A108.96547; Restart 
G1 X-5.074 Y-10.160 Z1.000 F5400 A108.98689; Inset 
G1 X-4.116 Y-10.528 Z1.000 F5400 A109.02276; Inset 
G1 X-3.441 Y-10.166 Z1.000 F5400 A109.04956; Inset 
G1 X-2.764 Y-10.526 Z1.000 F5400 A109.07636; Inset 
G1 X-1.808 Y-10.154 Z1.000 F5400 A109.11223; Inset 
G1 X-1.215 Y-9.795 Z1.000 F5400 A109.13644; Inset 
G1 X-0.762 Y-9.399 Z1.000 F5400 A109.15746; Inset 
G1 X-0.378 Y-8.936 Z1.000 F5400 A109.17849; Inset 
G1 X-0.068 Y-8.408 Z1.000 F5400 A109.19991; Inset 
G1 X0.291 Y-7.474 Z1.000 F5400 A109.23489; Inset 
G1 X-0.054 Y-6.759 Z1.000 F5400 A109.26263; Inset 
G1 X0.297 Y-6.098 Z1.000 F5400 A109.28883; Inset 
G1 X-0.075 Y-5.142 Z1.000 F5400 A109.32469; Inset 
G1 X-0.386 Y-4.614 Z1.000 F5400 A109.34611; Inset 
G1 X-0.772 Y-4.153 Z1.000 F5400 A109.36714; Inset 
G1 X-1.227 Y-3.759 Z1.000 F5400 A109.38816; Inset 
G1 X-1.820 Y-3.402 Z1.000 F5400 A109.41237; Inset 
G1 X-2.754 Y-3.043 Z1.000 F5400 A109.44736; Inset 
G1 X-3.469 Y-3.388 Z1.000 F5400 A109.47509; Inset 
G1 X-4.131 Y-3.037 Z1.000 F5400 A109.50129; Inset 
G1 X-5.087 Y-3.409 Z1.000 F5400 A109.53716; Inset 
G1 X-5.614 Y-3.720 Z1.000 F5400 A109.55858; Inset 
G1 X-6.076 Y-4.106 Z1.000 F5400 A109.57960; Inset 
G1 X-6.469 Y-4.561 Z1.000 F5400 A109.60063; Inset 
G1 X-6.826 Y-5.154 Z1.000 F5400 A109.62484; Inset 
G1 X-7.185 Y-6.088 Z1.000 F5400 A109.65983; Inset 
G1 X-6.847 Y-6.788 Z1.000 F5400 A109.68697; Inset 
G1 X-7.182 Y-7.488 Z1.000 F5400 A109.71412; Inset 
G1 X-6.820 Y-8.421 Z1.000 F5400 A109.74910; Inset 
G1 X-6.461 Y-9.013 Z1.000 F5400 A109.77332; Inset 
G1 X-6.065 Y-9.466 Z1.000 F5400 A109.79434; Inset 
G1 X-5.602 Y-9.850 Z1.000 F5400 A109.81537; Inset 
G1 X-5.602 Y-9.850 Z1.000 F1500 A108.51537; Retract 
G1 X-5.602 Y-9.850 Z1.000 F3000; Retract 
G1 X-5.382 Y-9.516 Z1.000 F9000; Travel Move 
G1 X-5.382 Y-9.516 Z1.000 F1500 A109.81537; Restart 
G1 X-4.914 Y-9.793 Z1.000 F5400 A109.83438; Inset 
G1 X-4.144 Y-10.089 Z1.000 F5400 A109.86323; Inset 
G1 X-3.659 Y-9.829 Z1.000 F5400 A109.88245; Inset 
G1 X-3.555 Y-9.447 Z1.000 F5400 A109.89631; Inset 
G1 X-3.466 Y-9.389 Z1.000 F5400 A109.90001; Inset 
G1 X-3.407 Y-9.394 Z1.000 F5400 A109.90210; Inset 
G1 X-3.329 Y-9.446 Z1.000 F5400 A109.90537; Inset 
G1 X-3.223 Y-9.828 Z1.000 F5400 A109.91923; Inset 
G1 X-2.738 Y-10.086 Z1.000 F5400 A109.93845; Inset 
G1 X-1.969 Y-9.787 Z1.000 F5400 A109.96729; Inset 
G1 X-1.463 Y-9.480 Z1.000 F5400 A109.98799; Inset 
G1 X-1.057 Y-9.128 Z1.000 F5400 A110.00677; Inset 
G1 X-0.712 Y-8.716 Z1.000 F5400 A110.02555; Inset 
G1 X-0.435 Y-8.248 Z1.000 F5400 A110.04457; Inset 
G1 X-0.145 Y-7.492 Z1.000 F5400 A110.07288; Inset 
G1 X-0.371 Y-7.024 Z1.000 F5400 A110.09104; Inset 
G1 X-0.761 Y-6.902 Z1.000 F5400 A110.10536; Inset 
G1 X-0.826 Y-6.834 Z1.000 F5400 A110.10863; Inset 
G1 X-0.841 Y-6.776 Z1.000 F5400 A110.11072; Inset 
G1 X-0.823 Y-6.706 Z1.000 F5400 A110.11324; Inset 
G1 X-0.717 Y-6.629 Z1.000 F5400 A110.11783; Inset 
G1 X-0.400 Y-6.557 Z1.000 F5400 A110.12919; Inset 
G1 X-0.142 Y-6.072 Z1.000 F5400 A110.14841; Inset 
G1 X-0.441 Y-5.303 Z1.000 F5400 A110.17726; Inset 
G1 X-0.720 Y-4.836 Z1.000 F5400 A110.19627; Inset 
G1 X-1.066 Y-4.425 Z1.000 F5400 A110.21505; Inset 
G1 X-1.473 Y-4.074 Z1.000 F5400 A110.23383; Inset 
G1 X-1.980 Y-3.769 Z1.000 F5400 A110.25453; Inset 
G1 X-2.736 Y-3.479 Z1.000 F5400 A110.28285; Inset 
G1 X-3.204 Y-3.705 Z1.000 F5400 A110.30101; Inset 
G1 X-3.327 Y-4.095 Z1.000 F5400 A110.31532; Inset 
G1 X-3.362 Y-4.143 Z1.000 F5400 A110.31741; Inset 
G1 X-3.417 Y-4.168 Z1.000 F5400 A110.31950; Inset 
G1 X-3.510 Y-4.160 Z1.000 F5400 A110.32277; Inset 
G1 X-3.560 Y-4.127 Z1.000 F5400 A110.32486; Inset 
G1 X-3.599 Y-4.051 Z1.000 F5400 A110.32786; Inset 
G1 X-3.671 Y-3.734 Z1.000 F5400 A110.33922; Inset 
G1 X-4.156 Y-3.476 Z1.000 F5400 A110.35844; Inset 
G1 X-4.925 Y-3.775 Z1.000 F5400 A110.38728; Inset 
G1 X-5.432 Y-4.082 Z1.000 F5400 A110.40798; Inset 
G1 X-5.837 Y-4.434 Z1.000 F5400 A110.42676; Inset 
G1 X-6.182 Y-4.846 Z1.000 F5400 A110.44554; Inset 
G1 X-6.459 Y-5.314 Z1.000 F5400 A110.46456; Inset 
G1 X-6.750 Y-6.070 Z1.000 F5400 A110.49287; Inset 
G1 X-6.524 Y-6.538 Z1.000 F5400 A110.51104; Inset 
G1 X-6.133 Y-6.661 Z1.000 F5400 A110.52535; Inset 
G1 X-6.085 Y-6.696 Z1.000 F5400 A110.52744; Inset 
G1 X-6.056 Y-6.798 Z1.000 F5400 A110.53114; Inset 
G1 X-6.071 Y-6.856 Z1.000 F5400 A110.53323; Inset 
G1 X-6.121 Y-6.908 Z1.000 F5400 A110.53574; Inset 
G1 X-6.523 Y-7.036 Z1.000 F5400 A110.55049; Inset 
G1 X-6.747 Y-7.505 Z1.000 F5400 A110.56865; Inset 
G1 X-6.453 Y-8.259 Z1.000 F5400 A110.59697; Inset 
G1 X-6.146 Y-8.766 Z1.000 F5400 A110.61766; Inset 
G1 X-5.794 Y-9.171 Z1.000 F5400 A110.63644; Inset 
G1 X-5.382 Y-9.516 Z1.000 F5400 A110.65522; Inset 
G1 X-5.382 Y-9.516 Z1.000 F1500 A109.35522; Retract 
G1 X-5.382 Y-9.516 Z1.000 F3000; Retract 
G1 X-5.169 Y-9.178 Z1.000 F9000; Travel Move 
G1 X-5.169 Y-9.178 Z1.000 F1500 A110.65522; Restart 
G1 X-4.762 Y-9.423 Z1.000 F2400 A110.67182; Inset 
G1 X-4.040 Y-9.700 Z1.000 F2400 A110.69886; Inset 
G1 X-3.968 Y-9.375 Z1.000 F2400 A110.71049; Inset 
G1 X-3.880 Y-9.204 Z1.000 F2400 A110.71722; Inset 
G1 X-3.747 Y-9.077 Z1.000 F2400 A110.72364; Inset 
G1 X-3.572 Y-8.998 Z1.000 F2400 A110.73037; Inset 
G1 X-3.306 Y-9.001 Z1.000 F2400 A110.73967; Inset 
G1 X-3.138 Y-9.076 Z1.000 F2400 A110.74609; Inset 
G1 X-3.005 Y-9.202 Z1.000 F2400 A110.75252; Inset 
G1 X-2.917 Y-9.373 Z1.000 F2400 A110.75924; Inset 
G1 X-2.843 Y-9.698 Z1.000 F2400 A110.77088; Inset 
G1 X-2.122 Y-9.418 Z1.000 F2400 A110.79792; Inset 
G1 X-1.717 Y-9.171 Z1.000 F2400 A110.81451; Inset 
G1 X-1.357 Y-8.864 Z1.000 F2400 A110.83105; Inset 
G1 X-1.051 Y-8.503 Z1.000 F2400 A110.84760; Inset 
G1 X-0.806 Y-8.096 Z1.000 F2400 A110.86419; Inset 
G1 X-0.535 Y-7.392 Z1.000 F2400 A110.89057; Inset 
G1 X-0.946 Y-7.263 Z1.000 F2400 A110.90563; Inset 
G1 X-1.093 Y-7.153 Z1.000 F2400 A110.91206; Inset 
G1 X-1.196 Y-7.001 Z1.000 F2400 A110.91848; Inset 
G1 X-1.245 Y-6.739 Z1.000 F2400 A110.92778; Inset 
G1 X-1.195 Y-6.545 Z1.000 F2400 A110.93481; Inset 
G1 X-1.026 Y-6.339 Z1.000 F2400 A110.94411; Inset 
G1 X-0.855 Y-6.250 Z1.000 F2400 A110.95084; Inset 
G1 X-0.530 Y-6.177 Z1.000 F2400 A110.96248; Inset 
G1 X-0.811 Y-5.456 Z1.000 F2400 A110.98952; Inset 
G1 X-1.057 Y-5.051 Z1.000 F2400 A111.00611; Inset 
G1 X-1.365 Y-4.691 Z1.000 F2400 A111.02265; Inset 
G1 X-1.726 Y-4.385 Z1.000 F2400 A111.03919; Inset 
G1 X-2.132 Y-4.140 Z1.000 F2400 A111.05579; Inset 
G1 X-2.836 Y-3.869 Z1.000 F2400 A111.08217; Inset 
G1 X-2.965 Y-4.280 Z1.000 F2400 A111.09723; Inset 
G1 X-3.080 Y-4.434 Z1.000 F2400 A111.10396; Inset 
G1 X-3.314 Y-4.561 Z1.000 F2400 A111.11326; Inset 
G1 X-3.497 Y-4.576 Z1.000 F2400 A111.11968; Inset 
G1 X-3.675 Y-4.531 Z1.000 F2400 A111.12611; Inset 
G1 X-3.886 Y-4.368 Z1.000 F2400 A111.13541; Inset 
G1 X-3.978 Y-4.189 Z1.000 F2400 A111.14243; Inset 
G1 X-4.051 Y-3.864 Z1.000 F2400 A111.15407; Inset 
G1 X-4.772 Y-4.145 Z1.000 F2400 A111.18111; Inset 
G1 X-5.178 Y-4.391 Z1.000 F2400 A111.19770; Inset 
G1 X-5.538 Y-4.699 Z1.000 F2400 A111.21425; Inset 
G1 X-5.844 Y-5.060 Z1.000 F2400 A111.23079; Inset 
G1 X-6.089 Y-5.466 Z1.000 F2400 A111.24738; Inset 
G1 X-6.359 Y-6.170 Z1.000 F2400 A111.27376; Inset 
G1 X-5.948 Y-6.299 Z1.000 F2400 A111.28883; Inset 
G1 X-5.794 Y-6.414 Z1.000 F2400 A111.29555; Inset 
G1 X-5.668 Y-6.648 Z1.000 F2400 A111.30486; Inset 
G1 X-5.652 Y-6.831 Z1.000 F2400 A111.31128; Inset 
G1 X-5.736 Y-7.084 Z1.000 F2400 A111.32058; Inset 
G1 X-5.938 Y-7.270 Z1.000 F2400 A111.33018; Inset 
G1 X-6.357 Y-7.403 Z1.000 F2400 A111.34555; Inset 
G1 X-6.084 Y-8.106 Z1.000 F2400 A111.37193; Inset 
G1 X-5.837 Y-8.512 Z1.000 F2400 A111.38852; Inset 
G1 X-5.530 Y-8.872 Z1.000 F2400 A111.40507; Inset 
G1 X-5.169 Y-9.178 Z1.000 F2400 A111.42161; Inset 
G1 X-5.169 Y-9.178 Z1.000 F1500 A110.12161; Retract 
G1 X-5.169 Y-9.178 Z1.000 F3000; Retract 
G1 X-6.456 Y-10.772 Z1.000 F9000; Travel Move 
G1 X-6.456 Y-10.772 Z1.000 F1500 A111.42161; Restart 
G1 X-6.898 Y-10.397 Z1.000 F5400 A111.44186; Inset 
G1 X-7.293 Y-9.974 Z1.000 F5400 A111.46211; Inset 
G1 X-7.637 Y-9.507 Z1.000 F5400 A111.48236; Inset 
G1 X-7.924 Y-9.004 Z1.000 F5400 A111.50261; Inset 
G1 X-8.151 Y-8.471 Z1.000 F5400 A111.52286; Inset 
G1 X-8.315 Y-7.916 Z1.000 F5400 A111.54311; Inset 
G1 X-8.414 Y-7.345 Z1.000 F5400 A111.56336; Inset 
G1 X-8.445 Y-6.767 Z1.000 F5400 A111.58361; Inset 
G1 X-8.410 Y-6.188 Z1.000 F5400 A111.60387; Inset 
G1 X-8.308 Y-5.618 Z1.000 F5400 A111.62412; Inset 
G1 X-8.141 Y-5.064 Z1.000 F5400 A111.64436; Inset 
G1 X-7.911 Y-4.532 Z1.000 F5400 A111.66462; Inset 
G1 X-7.621 Y-4.031 Z1.000 F5400 A111.68487; Inset 
G1 X-7.274 Y-3.566 Z1.000 F5400 A111.70512; Inset 
G1 X-6.877 Y-3.145 Z1.000 F5400 A111.72537; Inset 
G1 X-6.433 Y-2.773 Z1.000 F5400 A111.74562; Inset 
G1 X-5.949 Y-2.454 Z1.000 F5400 A111.76587; Inset 
G1 X-5.432 Y-2.194 Z1.000 F5400 A111.78612; Inset 
G1 X-4.888 Y-1.995 Z1.000 F5400 A111.80637; Inset 
G1 X-4.324 Y-1.860 Z1.000 F5400 A111.82662; Inset 
G1 X-3.749 Y-1.792 Z1.000 F5400 A111.84687; Inset 
G1 X-3.170 Y-1.791 Z1.000 F5400 A111.86713; Inset 
G1 X-2.594 Y-1.856 Z1.000 F5400 A111.88738; Inset 
G1 X-2.030 Y-1.988 Z1.000 F5400 A111.90763; Inset 
G1 X-1.485 Y-2.184 Z1.000 F5400 A111.92788; Inset 
G1 X-0.967 Y-2.442 Z1.000 F5400 A111.94813; Inset 
G1 X-0.481 Y-2.758 Z1.000 F5400 A111.96838; Inset 
G1 X-0.036 Y-3.128 Z1.000 F5400 A111.98863; Inset 
G1 X0.353 Y-3.536 Z1.000 F5400 A112.00834; Inset 
G1 X1.067 Y-4.547 Z1.000 F5400 A112.05161; Inset 
G1 X1.501 Y-4.772 Z1.000 F5400 A112.06869; Inset 
G1 X15.288 Y-4.751 Z1.000 F5400 A112.55068; Inset 
G1 X15.018 Y-4.768 Z1.000 F5400 A112.56012; Inset 
G1 X14.405 Y-4.929 Z1.000 F5400 A112.58230; Inset 
G1 X13.953 Y-5.163 Z1.000 F5400 A112.60009; Inset 
G1 X13.378 Y-5.694 Z1.000 F5400 A112.62745; Inset 
G1 X13.277 Y-5.831 Z1.000 F5400 A112.63340; Inset 
G1 X12.973 Y-6.436 Z1.000 F5400 A112.65707; Inset 
G1 X12.924 Y-6.599 Z1.000 F5400 A112.66303; Inset 
G1 X12.842 Y-7.250 Z1.000 F5400 A112.68595; Inset 
G1 X12.891 Y-7.756 Z1.000 F5400 A112.70374; Inset 
G1 X13.161 Y-8.468 Z1.000 F5400 A112.73035; Inset 
G1 X13.452 Y-8.886 Z1.000 F5400 A112.74813; Inset 
G1 X14.051 Y-9.389 Z1.000 F5400 A112.77549; Inset 
G1 X14.200 Y-9.472 Z1.000 F5400 A112.78144; Inset 
G1 X14.839 Y-9.696 Z1.000 F5400 A112.80512; Inset 
G1 X15.007 Y-9.724 Z1.000 F5400 A112.81107; Inset 
G1 X15.789 Y-9.707 Z1.000 F5400 A112.83843; Inset 
G1 X16.277 Y-9.562 Z1.000 F5400 A112.85621; Inset 
G1 X16.849 Y-9.241 Z1.000 F5400 A112.87914; Inset 
G1 X16.981 Y-9.134 Z1.000 F5400 A112.88509; Inset 
G1 X17.427 Y-8.625 Z1.000 F5400 A112.90877; Inset 
G1 X17.575 Y-8.332 Z1.000 F5400 A112.92024; Inset 
G1 X18.483 Y-13.236 Z1.000 F5400 A113.09462; Inset 
G1 X18.655 Y-13.736 Z1.000 F5400 A113.11309; Inset 
G1 X18.735 Y-13.879 Z1.000 F5400 A113.11882; Inset 
G1 X19.161 Y-14.371 Z1.000 F5400 A113.14158; Inset 
G1 X22.222 Y-16.346 Z1.000 F5400 A113.26892; Inset 
G1 X21.357 Y-17.095 Z1.000 F5400 A113.30890; Inset 
G1 X20.759 Y-17.493 Z1.000 F5400 A113.33401; Inset 
G1 X18.383 Y-18.634 Z1.000 F5400 A113.42617; Inset 
G1 X18.081 Y-19.068 Z1.000 F5400 A113.44464; Inset 
G1 X17.748 Y-22.739 Z1.000 F5400 A113.57352; Inset 
G1 X17.121 Y-22.641 Z1.000 F5400 A113.59572; Inset 
G1 X17.650 Y-16.557 Z1.000 F5400 A113.80922; Inset 
G1 X17.642 Y-15.886 Z1.000 F5400 A113.83268; Inset 
G1 X17.494 Y-15.094 Z1.000 F5400 A113.86087; Inset 
G1 X17.236 Y-14.419 Z1.000 F5400 A113.88611; Inset 
G1 X16.868 Y-13.798 Z1.000 F5400 A113.91134; Inset 
G1 X16.461 Y-13.309 Z1.000 F5400 A113.93362; Inset 
G1 X15.916 Y-12.835 Z1.000 F5400 A113.95885; Inset 
G1 X15.299 Y-12.460 Z1.000 F5400 A113.98409; Inset 
G1 X14.546 Y-12.171 Z1.000 F5400 A114.01228; Inset 
G1 X13.837 Y-12.037 Z1.000 F5400 A114.03752; Inset 
G1 X13.200 Y-12.020 Z1.000 F5400 A114.05979; Inset 
G1 X12.485 Y-12.116 Z1.000 F5400 A114.08503; Inset 
G1 X11.717 Y-12.365 Z1.000 F5400 A114.11322; Inset 
G1 X11.082 Y-12.706 Z1.000 F5400 A114.13846; Inset 
G1 X10.513 Y-13.150 Z1.000 F5400 A114.16369; Inset 
G1 X10.027 Y-13.684 Z1.000 F5400 A114.18893; Inset 
G1 X9.639 Y-14.293 Z1.000 F5400 A114.21416; Inset 
G1 X9.359 Y-14.958 Z1.000 F5400 A114.23940; Inset 
G1 X9.197 Y-15.648 Z1.000 F5400 A114.26415; Inset 
G1 X8.789 Y-20.336 Z1.000 F5400 A114.42868; Inset 
G1 X8.170 Y-20.085 Z1.000 F5400 A114.45206; Inset 
G1 X8.165 Y-20.015 Z1.000 F5400 A114.45451; Inset 
G1 X8.913 Y-11.407 Z1.000 F5400 A114.75656; Inset 
G1 X8.317 Y-10.759 Z1.000 F5400 A114.78736; Inset 
G1 X-0.246 Y-10.775 Z1.000 F5400 A115.08674; Inset 
G1 X-0.485 Y-10.835 Z1.000 F5400 A115.09536; Inset 
G1 X-1.530 Y-11.396 Z1.000 F5400 A115.13680; Inset 
G1 X-2.058 Y-11.583 Z1.000 F5400 A115.15640; Inset 
G1 X-2.623 Y-11.711 Z1.000 F5400 A115.17665; Inset 
G1 X-3.199 Y-11.773 Z1.000 F5400 A115.19690; Inset 
G1 X-3.778 Y-11.768 Z1.000 F5400 A115.21715; Inset 
G1 X-4.353 Y-11.697 Z1.000 F5400 A115.23740; Inset 
G1 X-4.916 Y-11.559 Z1.000 F5400 A115.25765; Inset 
G1 X-5.459 Y-11.357 Z1.000 F5400 A115.27790; Inset 
G1 X-5.974 Y-11.093 Z1.000 F5400 A115.29815; Inset 
G1 X-6.456 Y-10.772 Z1.000 F5400 A115.31841; Inset 
G1 X-6.456 Y-10.772 Z1.000 F1500 A114.01841; Retract 
G1 X-6.456 Y-10.772 Z1.000 F3000; Retract 
G1 X14.275 Y-9.056 Z1.000 F9000; Travel Move 
G1 X14.275 Y-9.056 Z1.000 F1500 A115.31841; Restart 
G1 X14.939 Y-9.307 Z1.000 F5400 A115.34323; Inset 
G1 X15.636 Y-9.323 Z1.000 F5400 A115.36760; Inset 
G1 X16.032 Y-9.229 Z1.000 F5400 A115.38183; Inset 
G1 X16.623 Y-8.909 Z1.000 F5400 A115.40533; Inset 
G1 X16.703 Y-8.844 Z1.000 F5400 A115.40890; Inset 
G1 X17.158 Y-8.299 Z1.000 F5400 A115.43373; Inset 
G1 X17.405 Y-7.634 Z1.000 F5400 A115.45855; Inset 
G1 X17.430 Y-7.025 Z1.000 F5400 A115.47984; Inset 
G1 X17.237 Y-6.342 Z1.000 F5400 A115.50467; Inset 
G1 X16.828 Y-5.762 Z1.000 F5400 A115.52949; Inset 
G1 X16.248 Y-5.351 Z1.000 F5400 A115.55431; Inset 
G1 X15.578 Y-5.160 Z1.000 F5400 A115.57868; Inset 
G1 X15.095 Y-5.161 Z1.000 F5400 A115.59556; Inset 
G1 X14.460 Y-5.338 Z1.000 F5400 A115.61862; Inset 
G1 X14.110 Y-5.545 Z1.000 F5400 A115.63284; Inset 
G1 X13.619 Y-6.041 Z1.000 F5400 A115.65722; Inset 
G1 X13.317 Y-6.683 Z1.000 F5400 A115.68204; Inset 
G1 X13.242 Y-7.351 Z1.000 F5400 A115.70554; Inset 
G1 X13.304 Y-7.753 Z1.000 F5400 A115.71977; Inset 
G1 X13.523 Y-8.294 Z1.000 F5400 A115.74017; Inset 
G1 X13.758 Y-8.627 Z1.000 F5400 A115.75440; Inset 
G1 X14.275 Y-9.056 Z1.000 F5400 A115.77790; Inset 
G1 X14.275 Y-9.056 Z1.000 F1500 A114.47790; Retract 
G1 X14.275 Y-9.056 Z1.000 F3000; Retract 
G1 X14.513 Y-8.734 Z1.000 F9000; Travel Move 
G1 X14.513 Y-8.734 Z1.000 F1500 A115.77790; Restart 
G1 X15.056 Y-8.924 Z1.000 F2400 A115.79803; Inset 
G1 X15.623 Y-8.923 Z1.000 F2400 A115.81784; Inset 
G1 X15.919 Y-8.846 Z1.000 F2400 A115.82853; Inset 
G1 X16.413 Y-8.568 Z1.000 F2400 A115.84835; Inset 
G1 X16.792 Y-8.135 Z1.000 F2400 A115.86847; Inset 
G1 X17.006 Y-7.601 Z1.000 F2400 A115.88859; Inset 
G1 X17.029 Y-7.026 Z1.000 F2400 A115.90872; Inset 
G1 X16.860 Y-6.476 Z1.000 F2400 A115.92884; Inset 
G1 X16.517 Y-6.014 Z1.000 F2400 A115.94896; Inset 
G1 X16.039 Y-5.692 Z1.000 F2400 A115.96909; Inset 
G1 X15.490 Y-5.550 Z1.000 F2400 A115.98890; Inset 
G1 X15.184 Y-5.551 Z1.000 F2400 A115.99959; Inset 
G1 X14.645 Y-5.693 Z1.000 F2400 A116.01910; Inset 
G1 X14.378 Y-5.842 Z1.000 F2400 A116.02979; Inset 
G1 X13.969 Y-6.235 Z1.000 F2400 A116.04961; Inset 
G1 X13.711 Y-6.750 Z1.000 F2400 A116.06973; Inset 
G1 X13.640 Y-7.312 Z1.000 F2400 A116.08955; Inset 
G1 X13.680 Y-7.615 Z1.000 F2400 A116.10024; Inset 
G1 X13.889 Y-8.133 Z1.000 F2400 A116.11975; Inset 
G1 X14.071 Y-8.378 Z1.000 F2400 A116.13044; Inset 
G1 X14.513 Y-8.734 Z1.000 F2400 A116.15025; Inset 
G1 X14.513 Y-8.734 Z1.000 F1500 A114.85025; Retract 
G1 X14.513 Y-8.734 Z1.000 F3000; Retract 
G1 X-6.698 Y-11.092 Z1.000 F9000; Travel Move 
G1 X-6.698 Y-11.092 Z1.000 F1500 A116.15025; Restart 
G1 X-7.174 Y-10.687 Z1.000 F5400 A116.17212; Inset 
G1 X-7.601 Y-10.230 Z1.000 F5400 A116.19400; Inset 
G1 X-7.972 Y-9.726 Z1.000 F5400 A116.21587; Inset 
G1 X-8.283 Y-9.182 Z1.000 F5400 A116.23775; Inset 
G1 X-8.528 Y-8.607 Z1.000 F5400 A116.25963; Inset 
G1 X-8.705 Y-8.007 Z1.000 F5400 A116.28149; Inset 
G1 X-8.812 Y-7.390 Z1.000 F5400 A116.30337; Inset 
G1 X-8.846 Y-6.765 Z1.000 F5400 A116.32524; Inset 
G1 X-8.808 Y-6.141 Z1.000 F5400 A116.34712; Inset 
G1 X-8.698 Y-5.525 Z1.000 F5400 A116.36899; Inset 
G1 X-8.517 Y-4.926 Z1.000 F5400 A116.39087; Inset 
G1 X-8.269 Y-4.352 Z1.000 F5400 A116.41274; Inset 
G1 X-7.955 Y-3.810 Z1.000 F5400 A116.43462; Inset 
G1 X-7.581 Y-3.309 Z1.000 F5400 A116.45649; Inset 
G1 X-7.152 Y-2.854 Z1.000 F5400 A116.47836; Inset 
G1 X-6.672 Y-2.451 Z1.000 F5400 A116.50024; Inset 
G1 X-6.150 Y-2.107 Z1.000 F5400 A116.52211; Inset 
G1 X-5.591 Y-1.826 Z1.000 F5400 A116.54398; Inset 
G1 X-5.003 Y-1.611 Z1.000 F5400 A116.56586; Inset 
G1 X-4.395 Y-1.466 Z1.000 F5400 A116.58773; Inset 
G1 X-3.773 Y-1.392 Z1.000 F5400 A116.60961; Inset 
G1 X-3.148 Y-1.390 Z1.000 F5400 A116.63148; Inset 
G1 X-2.526 Y-1.461 Z1.000 F5400 A116.65336; Inset 
G1 X-1.917 Y-1.604 Z1.000 F5400 A116.67523; Inset 
G1 X-1.328 Y-1.815 Z1.000 F5400 A116.69711; Inset 
G1 X-0.768 Y-2.094 Z1.000 F5400 A116.71898; Inset 
G1 X-0.243 Y-2.435 Z1.000 F5400 A116.74085; Inset 
G1 X0.238 Y-2.835 Z1.000 F5400 A116.76272; Inset 
G1 X0.663 Y-3.281 Z1.000 F5400 A116.78427; Inset 
G1 X1.338 Y-4.237 Z1.000 F5400 A116.82516; Inset 
G1 X1.598 Y-4.372 Z1.000 F5400 A116.83541; Inset 
G1 X15.223 Y-4.346 Z1.000 F5400 A117.31174; Inset 
G1 X15.558 Y-4.368 Z1.000 F5400 A117.32350; Inset 
G1 X15.957 Y-4.454 Z1.000 F5400 A117.33774; Inset 
G1 X16.246 Y-4.566 Z1.000 F5400 A117.34859; Inset 
G1 X16.629 Y-4.785 Z1.000 F5400 A117.36402; Inset 
G1 X16.884 Y-4.993 Z1.000 F5400 A117.37552; Inset 
G1 X17.176 Y-5.320 Z1.000 F5400 A117.39084; Inset 
G1 X17.353 Y-5.597 Z1.000 F5400 A117.40233; Inset 
G1 X17.523 Y-5.989 Z1.000 F5400 A117.41727; Inset 
G1 X17.612 Y-6.330 Z1.000 F5400 A117.42959; Inset 
G1 X18.873 Y-13.148 Z1.000 F5400 A117.67198; Inset 
G1 X19.069 Y-13.655 Z1.000 F5400 A117.69099; Inset 
G1 X19.406 Y-14.053 Z1.000 F5400 A117.70921; Inset 
G1 X22.887 Y-16.300 Z1.000 F5400 A117.85407; Inset 
G1 X21.600 Y-17.414 Z1.000 F5400 A117.91357; Inset 
G1 X20.957 Y-17.841 Z1.000 F5400 A117.94056; Inset 
G1 X18.651 Y-18.949 Z1.000 F5400 A118.03000; Inset 
G1 X18.470 Y-19.209 Z1.000 F5400 A118.04108; Inset 
G1 X18.140 Y-22.849 Z1.000 F5400 A118.16884; Inset 
G1 X18.088 Y-22.967 Z1.000 F5400 A118.17335; Inset 
G1 X18.002 Y-23.061 Z1.000 F5400 A118.17782; Inset 
G1 X17.852 Y-23.138 Z1.000 F5400 A118.18370; Inset 
G1 X17.654 Y-23.140 Z1.000 F5400 A118.19062; Inset 
G1 X16.691 Y-22.973 Z1.000 F5400 A118.22482; Inset 
G1 X17.251 Y-16.533 Z1.000 F5400 A118.45081; Inset 
G1 X17.238 Y-15.859 Z1.000 F5400 A118.47438; Inset 
G1 X17.113 Y-15.217 Z1.000 F5400 A118.49724; Inset 
G1 X16.903 Y-14.651 Z1.000 F5400 A118.51833; Inset 
G1 X16.579 Y-14.083 Z1.000 F5400 A118.54119; Inset 
G1 X16.164 Y-13.578 Z1.000 F5400 A118.56405; Inset 
G1 X15.669 Y-13.150 Z1.000 F5400 A118.58691; Inset 
G1 X15.110 Y-12.812 Z1.000 F5400 A118.60977; Inset 
G1 X14.501 Y-12.574 Z1.000 F5400 A118.63264; Inset 
G1 X13.860 Y-12.442 Z1.000 F5400 A118.65550; Inset 
G1 X13.206 Y-12.421 Z1.000 F5400 A118.67836; Inset 
G1 X12.559 Y-12.510 Z1.000 F5400 A118.70122; Inset 
G1 X11.935 Y-12.707 Z1.000 F5400 A118.72408; Inset 
G1 X11.354 Y-13.007 Z1.000 F5400 A118.74695; Inset 
G1 X10.794 Y-13.435 Z1.000 F5400 A118.77158; Inset 
G1 X10.353 Y-13.917 Z1.000 F5400 A118.79444; Inset 
G1 X9.999 Y-14.467 Z1.000 F5400 A118.81731; Inset 
G1 X9.743 Y-15.069 Z1.000 F5400 A118.84017; Inset 
G1 X9.594 Y-15.697 Z1.000 F5400 A118.86274; Inset 
G1 X9.142 Y-20.902 Z1.000 F5400 A119.04536; Inset 
M73 P16; Update Progress 
G1 X8.041 Y-20.475 Z1.000 F5400 A119.08664; Inset 
G1 X7.902 Y-20.389 Z1.000 F5400 A119.09234; Inset 
G1 X7.822 Y-20.295 Z1.000 F5400 A119.09667; Inset 
G1 X7.776 Y-20.181 Z1.000 F5400 A119.10096; Inset 
G1 X7.764 Y-20.012 Z1.000 F5400 A119.10691; Inset 
G1 X8.500 Y-11.548 Z1.000 F5400 A119.40390; Inset 
G1 X8.142 Y-11.159 Z1.000 F5400 A119.42238; Inset 
G1 X-0.196 Y-11.175 Z1.000 F5400 A119.71388; Inset 
G1 X-0.340 Y-11.211 Z1.000 F5400 A119.71906; Inset 
G1 X-1.368 Y-11.763 Z1.000 F5400 A119.75984; Inset 
G1 X-1.947 Y-11.967 Z1.000 F5400 A119.78132; Inset 
G1 X-2.557 Y-12.106 Z1.000 F5400 A119.80320; Inset 
G1 X-3.179 Y-12.173 Z1.000 F5400 A119.82507; Inset 
G1 X-3.805 Y-12.168 Z1.000 F5400 A119.84695; Inset 
G1 X-4.426 Y-12.091 Z1.000 F5400 A119.86882; Inset 
G1 X-5.033 Y-11.942 Z1.000 F5400 A119.89070; Inset 
G1 X-5.620 Y-11.724 Z1.000 F5400 A119.91257; Inset 
G1 X-6.177 Y-11.439 Z1.000 F5400 A119.93444; Inset 
G1 X-6.698 Y-11.092 Z1.000 F5400 A119.95632; Inset 
G1 X-6.698 Y-11.092 Z1.000 F1500 A118.65632; Retract 
G1 X-6.698 Y-11.092 Z1.000 F3000; Retract 
G1 X-6.939 Y-11.412 Z1.000 F9000; Travel Move 
G1 X-6.939 Y-11.412 Z1.000 F1500 A119.95632; Restart 
G1 X-7.451 Y-10.977 Z1.000 F2400 A119.97982; Inset 
G1 X-7.910 Y-10.485 Z1.000 F2400 A120.00331; Inset 
G1 X-8.308 Y-9.944 Z1.000 F2400 A120.02681; Inset 
G1 X-8.642 Y-9.361 Z1.000 F2400 A120.05031; Inset 
G1 X-8.905 Y-8.742 Z1.000 F2400 A120.07381; Inset 
G1 X-9.095 Y-8.098 Z1.000 F2400 A120.09730; Inset 
G1 X-9.210 Y-7.435 Z1.000 F2400 A120.12080; Inset 
G1 X-9.247 Y-6.764 Z1.000 F2400 A120.14430; Inset 
G1 X-9.206 Y-6.093 Z1.000 F2400 A120.16780; Inset 
G1 X-9.088 Y-5.432 Z1.000 F2400 A120.19129; Inset 
G1 X-8.894 Y-4.788 Z1.000 F2400 A120.21479; Inset 
G1 X-8.627 Y-4.171 Z1.000 F2400 A120.23829; Inset 
G1 X-8.290 Y-3.590 Z1.000 F2400 A120.26179; Inset 
G1 X-7.888 Y-3.051 Z1.000 F2400 A120.28528; Inset 
G1 X-7.427 Y-2.562 Z1.000 F2400 A120.30878; Inset 
G1 X-6.912 Y-2.130 Z1.000 F2400 A120.33228; Inset 
G1 X-6.350 Y-1.760 Z1.000 F2400 A120.35578; Inset 
G1 X-5.750 Y-1.458 Z1.000 F2400 A120.37927; Inset 
G1 X-5.119 Y-1.228 Z1.000 F2400 A120.40277; Inset 
G1 X-4.465 Y-1.072 Z1.000 F2400 A120.42627; Inset 
G1 X-3.798 Y-0.992 Z1.000 F2400 A120.44977; Inset 
G1 X-3.126 Y-0.990 Z1.000 F2400 A120.47326; Inset 
G1 X-2.458 Y-1.067 Z1.000 F2400 A120.49676; Inset 
G1 X-1.803 Y-1.219 Z1.000 F2400 A120.52026; Inset 
G1 X-1.171 Y-1.447 Z1.000 F2400 A120.54376; Inset 
G1 X-0.569 Y-1.746 Z1.000 F2400 A120.56725; Inset 
G1 X-0.006 Y-2.113 Z1.000 F2400 A120.59075; Inset 
G1 X0.511 Y-2.542 Z1.000 F2400 A120.61425; Inset 
G1 X0.973 Y-3.027 Z1.000 F2400 A120.63763; Inset 
G1 X1.640 Y-3.971 Z1.000 F2400 A120.67806; Inset 
G1 X15.236 Y-3.945 Z1.000 F2400 A121.15338; Inset 
G1 X15.614 Y-3.971 Z1.000 F2400 A121.16665; Inset 
G1 X16.072 Y-4.070 Z1.000 F2400 A121.18302; Inset 
G1 X16.418 Y-4.204 Z1.000 F2400 A121.19600; Inset 
G1 X16.856 Y-4.454 Z1.000 F2400 A121.21363; Inset 
G1 X17.162 Y-4.703 Z1.000 F2400 A121.22740; Inset 
G1 X17.496 Y-5.077 Z1.000 F2400 A121.24495; Inset 
G1 X17.707 Y-5.408 Z1.000 F2400 A121.25868; Inset 
G1 X17.903 Y-5.858 Z1.000 F2400 A121.27582; Inset 
G1 X18.003 Y-6.243 Z1.000 F2400 A121.28973; Inset 
G1 X19.265 Y-13.067 Z1.000 F2400 A121.53233; Inset 
G1 X19.392 Y-13.418 Z1.000 F2400 A121.54540; Inset 
G1 X19.636 Y-13.725 Z1.000 F2400 A121.55911; Inset 
G1 X23.209 Y-16.031 Z1.000 F2400 A121.70777; Inset 
G1 X23.338 Y-16.188 Z1.000 F2400 A121.71487; Inset 
G1 X23.351 Y-16.341 Z1.000 F2400 A121.72025; Inset 
G1 X23.290 Y-16.480 Z1.000 F2400 A121.72554; Inset 
G1 X21.843 Y-17.733 Z1.000 F2400 A121.79246; Inset 
G1 X21.156 Y-18.190 Z1.000 F2400 A121.82131; Inset 
G1 X18.865 Y-19.290 Z1.000 F2400 A121.91016; Inset 
G1 X18.533 Y-22.950 Z1.000 F2400 A122.03864; Inset 
G1 X18.428 Y-23.188 Z1.000 F2400 A122.04775; Inset 
G1 X18.252 Y-23.380 Z1.000 F2400 A122.05685; Inset 
G1 X18.016 Y-23.509 Z1.000 F2400 A122.06624; Inset 
G1 X17.905 Y-23.538 Z1.000 F2400 A122.07023; Inset 
G1 X17.622 Y-23.540 Z1.000 F2400 A122.08015; Inset 
G1 X16.260 Y-23.304 Z1.000 F2400 A122.12845; Inset 
G1 X16.852 Y-16.503 Z1.000 F2400 A122.36711; Inset 
G1 X16.843 Y-15.924 Z1.000 F2400 A122.38736; Inset 
G1 X16.735 Y-15.348 Z1.000 F2400 A122.40785; Inset 
G1 X16.531 Y-14.798 Z1.000 F2400 A122.42835; Inset 
G1 X16.238 Y-14.291 Z1.000 F2400 A122.44884; Inset 
G1 X15.862 Y-13.841 Z1.000 F2400 A122.46933; Inset 
G1 X15.416 Y-13.460 Z1.000 F2400 A122.48983; Inset 
G1 X14.912 Y-13.161 Z1.000 F2400 A122.51032; Inset 
G1 X14.365 Y-12.951 Z1.000 F2400 A122.53081; Inset 
G1 X13.790 Y-12.836 Z1.000 F2400 A122.55131; Inset 
G1 X13.204 Y-12.821 Z1.000 F2400 A122.57179; Inset 
G1 X12.624 Y-12.904 Z1.000 F2400 A122.59229; Inset 
G1 X12.066 Y-13.085 Z1.000 F2400 A122.61278; Inset 
G1 X11.547 Y-13.357 Z1.000 F2400 A122.63327; Inset 
G1 X11.082 Y-13.713 Z1.000 F2400 A122.65377; Inset 
G1 X10.683 Y-14.143 Z1.000 F2400 A122.67426; Inset 
G1 X10.363 Y-14.634 Z1.000 F2400 A122.69475; Inset 
G1 X10.130 Y-15.172 Z1.000 F2400 A122.71524; Inset 
G1 X9.992 Y-15.740 Z1.000 F2400 A122.73567; Inset 
G1 X9.494 Y-21.467 Z1.000 F2400 A122.93665; Inset 
G1 X7.862 Y-20.835 Z1.000 F2400 A122.99784; Inset 
G1 X7.637 Y-20.696 Z1.000 F2400 A123.00706; Inset 
G1 X7.476 Y-20.505 Z1.000 F2400 A123.01582; Inset 
G1 X7.381 Y-20.273 Z1.000 F2400 A123.02457; Inset 
G1 X7.362 Y-20.008 Z1.000 F2400 A123.03385; Inset 
G1 X8.097 Y-11.559 Z1.000 F2400 A123.33035; Inset 
G1 X-0.171 Y-11.575 Z1.000 F2400 A123.61942; Inset 
G1 X-1.205 Y-12.130 Z1.000 F2400 A123.66045; Inset 
G1 X-1.836 Y-12.352 Z1.000 F2400 A123.68381; Inset 
G1 X-2.491 Y-12.501 Z1.000 F2400 A123.70731; Inset 
G1 X-3.159 Y-12.574 Z1.000 F2400 A123.73081; Inset 
G1 X-3.831 Y-12.568 Z1.000 F2400 A123.75431; Inset 
G1 X-4.498 Y-12.485 Z1.000 F2400 A123.77780; Inset 
G1 X-5.151 Y-12.325 Z1.000 F2400 A123.80130; Inset 
G1 X-5.781 Y-12.091 Z1.000 F2400 A123.82480; Inset 
G1 X-6.380 Y-11.785 Z1.000 F2400 A123.84829; Inset 
G1 X-6.939 Y-11.412 Z1.000 F2400 A123.87179; Inset 
G1 X-6.939 Y-11.412 Z1.000 F1500 A122.57179; Retract 
G1 X-6.939 Y-11.412 Z1.000 F3000; Retract 
G1 X-6.238 Y-10.574 Z1.000 F9000; Travel Move 
G1 X-6.238 Y-10.574 Z1.000 F1500 A123.87179; Restart 
G1 X-5.755 Y-10.092 Z1.000 F5400 A123.89563; Infill 
G1 X-6.063 Y-9.840 Z1.000 F5400 A123.90955; Connection 
G1 X-6.545 Y-10.322 Z1.000 F5400 A123.93337; Infill 
G1 X-6.832 Y-10.049 Z1.000 F5400 A123.94722; Connection 
G1 X-6.354 Y-9.571 Z1.000 F5400 A123.97086; Infill 
G1 X-6.615 Y-9.272 Z1.000 F5400 A123.98473; Connection 
G1 X-7.099 Y-9.755 Z1.000 F5400 A124.00865; Infill 
G1 X-7.336 Y-9.433 Z1.000 F5400 A124.02265; Connection 
G1 X-6.841 Y-8.938 Z1.000 F5400 A124.04714; Infill 
G1 X-7.052 Y-8.589 Z1.000 F5400 A124.06139; Connection 
G1 X-7.548 Y-9.085 Z1.000 F5400 A124.08592; Infill 
G1 X-7.737 Y-8.713 Z1.000 F5400 A124.10049; Connection 
G1 X-7.216 Y-8.192 Z1.000 F5400 A124.12627; Infill 
G1 X-7.372 Y-7.789 Z1.000 F5400 A124.14139; Connection 
G1 X-7.899 Y-8.315 Z1.000 F5400 A124.16742; Infill 
G1 X-8.026 Y-7.883 Z1.000 F5400 A124.18318; Connection 
G1 X-7.378 Y-7.235 Z1.000 F5400 A124.21524; Infill 
G1 X-7.271 Y-6.568 Z1.000 F5400 A124.23885; Connection 
G1 X-8.112 Y-7.409 Z1.000 F5400 A124.28044; Infill 
G1 X-8.152 Y-6.889 Z1.000 F5400 A124.29868; Connection 
G1 X-7.454 Y-6.190 Z1.000 F5400 A124.33322; Infill 
G1 X-8.131 Y-6.307 Z1.000 F5400 A124.35725; Connection 
G1 X-7.229 Y-5.405 Z1.000 F5400 A124.40185; Infill 
G1 X-7.694 Y-4.750 Z1.000 F5400 A124.42994; Connection 
G1 X-5.484 Y-2.540 Z1.000 F5400 A124.53919; Infill 
G1 X-4.823 Y-2.999 Z1.000 F5400 A124.56733; Connection 
G1 X-3.924 Y-2.101 Z1.000 F5400 A124.61173; Infill 
G1 X-3.341 Y-2.077 Z1.000 F5400 A124.63216; Connection 
G1 X-4.030 Y-2.766 Z1.000 F5400 A124.66625; Infill 
G1 X-3.664 Y-2.961 Z1.000 F5400 A124.68073; Connection 
G1 X-2.822 Y-2.118 Z1.000 F5400 A124.72239; Infill 
G1 X-2.350 Y-2.207 Z1.000 F5400 A124.73915; Connection 
G1 X-2.976 Y-2.833 Z1.000 F5400 A124.77011; Infill 
G1 X-2.441 Y-2.857 Z1.000 F5400 A124.78885; Connection 
G1 X-1.916 Y-2.333 Z1.000 F5400 A124.81478; Infill 
G1 X-1.513 Y-2.490 Z1.000 F5400 A124.82991; Connection 
G1 X-2.036 Y-3.013 Z1.000 F5400 A124.85578; Infill 
G1 X-1.640 Y-3.177 Z1.000 F5400 A124.87077; Connection 
G1 X-1.139 Y-2.676 Z1.000 F5400 A124.89556; Infill 
G1 X-0.797 Y-2.894 Z1.000 F5400 A124.90974; Connection 
G1 X-1.290 Y-3.387 Z1.000 F5400 A124.93413; Infill 
G1 X-0.957 Y-3.614 Z1.000 F5400 A124.94823; Connection 
G1 X-0.477 Y-3.133 Z1.000 F5400 A124.97198; Infill 
G1 X-0.177 Y-3.394 Z1.000 F5400 A124.98586; Connection 
G1 X-0.657 Y-3.874 Z1.000 F5400 A125.00959; Infill 
G1 X-0.389 Y-4.165 Z1.000 F5400 A125.02345; Connection 
G1 X0.096 Y-3.681 Z1.000 F5400 A125.04741; Infill 
G1 X0.333 Y-4.004 Z1.000 F5400 A125.06142; Connection 
G1 X-0.137 Y-4.474 Z1.000 F5400 A125.08467; Infill 
G1 X0.071 Y-4.826 Z1.000 F5400 A125.09896; Connection 
G1 X0.565 Y-4.332 Z1.000 F5400 A125.12338; Infill 
G1 X0.797 Y-4.660 Z1.000 F5400 A125.13743; Connection 
G1 X0.255 Y-5.201 Z1.000 F5400 A125.16419; Infill 
G1 X0.412 Y-5.604 Z1.000 F5400 A125.17931; Connection 
G1 X1.120 Y-4.897 Z1.000 F5400 A125.21430; Infill 
G1 X1.519 Y-5.058 Z1.000 F5400 A125.22935; Connection 
G1 X0.569 Y-6.008 Z1.000 F5400 A125.27632; Infill 
G1 X0.300 Y-6.836 Z1.000 F5400 A125.30677; Connection 
G1 X2.080 Y-5.057 Z1.000 F5400 A125.39476; Infill 
G1 X2.641 Y-5.056 Z1.000 F5400 A125.41437; Connection 
G1 X0.483 Y-7.214 Z1.000 F5400 A125.52106; Infill 
G1 X0.481 Y-7.776 Z1.000 F5400 A125.54070; Connection 
G1 X3.202 Y-5.055 Z1.000 F5400 A125.67522; Infill 
G1 X3.763 Y-5.054 Z1.000 F5400 A125.69483; Connection 
G1 X0.056 Y-8.760 Z1.000 F5400 A125.87806; Infill 
G1 X0.008 Y-10.489 Z1.000 F5400 A125.93850; Connection 
G1 X5.445 Y-5.052 Z1.000 F5400 A126.20730; Infill 
G1 X6.006 Y-5.051 Z1.000 F5400 A126.22691; Connection 
G1 X0.570 Y-10.487 Z1.000 F5400 A126.49570; Infill 
G1 X1.131 Y-10.486 Z1.000 F5400 A126.51532; Connection 
G1 X6.567 Y-5.050 Z1.000 F5400 A126.78410; Infill 
G1 X7.128 Y-5.049 Z1.000 F5400 A126.80371; Connection 
G1 X1.692 Y-10.485 Z1.000 F5400 A127.07248; Infill 
M73 P17; Update Progress 
G1 X2.253 Y-10.484 Z1.000 F5400 A127.09209; Connection 
G1 X7.689 Y-5.048 Z1.000 F5400 A127.36085; Infill 
G1 X8.250 Y-5.047 Z1.000 F5400 A127.38046; Connection 
G1 X2.814 Y-10.483 Z1.000 F5400 A127.64921; Infill 
G1 X3.375 Y-10.482 Z1.000 F5400 A127.66882; Connection 
G1 X8.811 Y-5.047 Z1.000 F5400 A127.93756; Infill 
G1 X9.371 Y-5.046 Z1.000 F5400 A127.95717; Connection 
G1 X3.936 Y-10.481 Z1.000 F5400 A128.22589; Infill 
G1 X4.497 Y-10.480 Z1.000 F5400 A128.24551; Connection 
G1 X9.932 Y-5.045 Z1.000 F5400 A128.51422; Infill 
G1 X10.493 Y-5.044 Z1.000 F5400 A128.53383; Connection 
G1 X5.058 Y-10.479 Z1.000 F5400 A128.80253; Infill 
G1 X5.619 Y-10.478 Z1.000 F5400 A128.82215; Connection 
G1 X11.054 Y-5.043 Z1.000 F5400 A129.09084; Infill 
G1 X11.615 Y-5.042 Z1.000 F5400 A129.11045; Connection 
G1 X6.181 Y-10.477 Z1.000 F5400 A129.37913; Infill 
G1 X6.742 Y-10.476 Z1.000 F5400 A129.39875; Connection 
G1 X12.176 Y-5.042 Z1.000 F5400 A129.66742; Infill 
G1 X12.737 Y-5.041 Z1.000 F5400 A129.68703; Connection 
G1 X7.303 Y-10.475 Z1.000 F5400 A129.95569; Infill 
G1 X7.864 Y-10.474 Z1.000 F5400 A129.97530; Connection 
G1 X13.298 Y-5.040 Z1.000 F5400 A130.24395; Infill 
G1 X12.847 Y-6.050 Z1.000 F5400 A130.28262; Connection 
G1 X8.410 Y-10.487 Z1.000 F5400 A130.50199; Infill 
G1 X8.702 Y-10.755 Z1.000 F5400 A130.51585; Connection 
G1 X12.604 Y-6.854 Z1.000 F5400 A130.70873; Infill 
G1 X12.573 Y-7.444 Z1.000 F5400 A130.72938; Connection 
G1 X8.971 Y-11.047 Z1.000 F5400 A130.90751; Infill 
G1 X9.203 Y-11.374 Z1.000 F5400 A130.92155; Connection 
G1 X12.650 Y-7.927 Z1.000 F5400 A131.09198; Infill 
G1 X12.804 Y-8.333 Z1.000 F5400 A131.10716; Connection 
G1 X9.150 Y-11.988 Z1.000 F5400 A131.28783; Infill 
G1 X9.097 Y-12.601 Z1.000 F5400 A131.30936; Connection 
G1 X12.984 Y-8.714 Z1.000 F5400 A131.50155; Infill 
G1 X13.213 Y-9.044 Z1.000 F5400 A131.51562; Connection 
G1 X9.043 Y-13.214 Z1.000 F5400 A131.72179; Infill 
G1 X8.990 Y-13.828 Z1.000 F5400 A131.74331; Connection 
G1 X13.510 Y-9.308 Z1.000 F5400 A131.96677; Infill 
G1 X13.814 Y-9.563 Z1.000 F5400 A131.98067; Connection 
G1 X10.866 Y-12.512 Z1.000 F5400 A132.12643; Infill 
G1 X11.949 Y-11.989 Z1.000 F5400 A132.16846; Connection 
G1 X14.173 Y-9.765 Z1.000 F5400 A132.27842; Infill 
G1 X14.587 Y-9.911 Z1.000 F5400 A132.29377; Connection 
G1 X12.699 Y-11.799 Z1.000 F5400 A132.38713; Infill 
G1 X13.320 Y-11.737 Z1.000 F5400 A132.40896; Connection 
G1 X15.048 Y-10.009 Z1.000 F5400 A132.49439; Infill 
G1 X15.621 Y-9.997 Z1.000 F5400 A132.51443; Connection 
G1 X13.865 Y-11.753 Z1.000 F5400 A132.60124; Infill 
G1 X14.337 Y-11.840 Z1.000 F5400 A132.61803; Connection 
G1 X16.335 Y-9.843 Z1.000 F5400 A132.71679; Infill 
G1 X17.547 Y-9.751 Z1.000 F5400 A132.75929; Connection 
G1 X15.187 Y-12.111 Z1.000 F5400 A132.87596; Infill 
G1 X15.569 Y-12.289 Z1.000 F5400 A132.89069; Connection 
G1 X17.634 Y-10.223 Z1.000 F5400 A132.99282; Infill 
G1 X17.722 Y-10.696 Z1.000 F5400 A133.00962; Connection 
G1 X15.917 Y-12.501 Z1.000 F5400 A133.09885; Infill 
G1 X16.240 Y-12.738 Z1.000 F5400 A133.11286; Connection 
G1 X17.809 Y-11.169 Z1.000 F5400 A133.19044; Infill 
G1 X17.897 Y-11.641 Z1.000 F5400 A133.20724; Connection 
G1 X16.540 Y-12.998 Z1.000 F5400 A133.27434; Infill 
G1 X16.813 Y-13.285 Z1.000 F5400 A133.28819; Connection 
G1 X17.984 Y-12.114 Z1.000 F5400 A133.34609; Infill 
G1 X18.072 Y-12.586 Z1.000 F5400 A133.36289; Connection 
G1 X17.068 Y-13.590 Z1.000 F5400 A133.41253; Infill 
G1 X17.282 Y-13.936 Z1.000 F5400 A133.42675; Connection 
G1 X18.159 Y-13.059 Z1.000 F5400 A133.47009; Infill 
G1 X18.273 Y-13.505 Z1.000 F5400 A133.48618; Connection 
G1 X17.490 Y-14.288 Z1.000 F5400 A133.52488; Infill 
G1 X17.647 Y-14.692 Z1.000 F5400 A133.54001; Connection 
G1 X18.426 Y-13.912 Z1.000 F5400 A133.57856; Infill 
G1 X18.664 Y-14.234 Z1.000 F5400 A133.59256; Connection 
G1 X17.788 Y-15.110 Z1.000 F5400 A133.63589; Infill 
G1 X17.876 Y-15.582 Z1.000 F5400 A133.65266; Connection 
G1 X18.924 Y-14.534 Z1.000 F5400 A133.70447; Infill 
G1 X19.250 Y-14.768 Z1.000 F5400 A133.71849; Connection 
G1 X17.931 Y-16.087 Z1.000 F5400 A133.78370; Infill 
G1 X17.929 Y-16.649 Z1.000 F5400 A133.80334; Connection 
G1 X19.590 Y-14.988 Z1.000 F5400 A133.88546; Infill 
G1 X19.930 Y-15.208 Z1.000 F5400 A133.89962; Connection 
G1 X17.876 Y-17.262 Z1.000 F5400 A134.00120; Infill 
G1 X17.822 Y-17.876 Z1.000 F5400 A134.02273; Connection 
G1 X20.271 Y-15.428 Z1.000 F5400 A134.14377; Infill 
G1 X20.611 Y-15.647 Z1.000 F5400 A134.15794; Connection 
G1 X17.769 Y-18.489 Z1.000 F5400 A134.29845; Infill 
G1 X17.799 Y-19.020 Z1.000 F5400 A134.31702; Connection 
G1 X17.716 Y-19.103 Z1.000 F5400 A134.32112; Infill 
G1 X17.743 Y-19.636 Z1.000 F5400 A134.33978; Connection 
G1 X17.662 Y-19.716 Z1.000 F5400 A134.34375; Infill 
G1 X17.687 Y-20.252 Z1.000 F5400 A134.36249; Connection 
G1 X17.609 Y-20.329 Z1.000 F5400 A134.36634; Infill 
G1 X17.631 Y-20.867 Z1.000 F5400 A134.38517; Connection 
G1 X17.556 Y-20.943 Z1.000 F5400 A134.38889; Infill 
G1 X17.575 Y-21.483 Z1.000 F5400 A134.40780; Connection 
G1 X17.502 Y-21.556 Z1.000 F5400 A134.41140; Infill 
G1 X17.519 Y-22.099 Z1.000 F5400 A134.43040; Connection 
G1 X17.449 Y-22.169 Z1.000 F5400 A134.43387; Infill 
G1 X17.449 Y-22.169 Z1.000 F1500 A133.13387; Retract 
G1 X17.449 Y-22.169 Z1.000 F3000; Retract 
G1 X18.612 Y-18.206 Z1.000 F9000; Travel Move 
G1 X18.612 Y-18.206 Z1.000 F1500 A134.43387; Restart 
G1 X20.951 Y-15.867 Z1.000 F5400 A134.54954; Infill 
G1 X21.292 Y-16.087 Z1.000 F5400 A134.56370; Connection 
G1 X19.689 Y-17.689 Z1.000 F5400 A134.64294; Infill 
G1 X20.849 Y-17.089 Z1.000 F5400 A134.68859; Connection 
G1 X21.632 Y-16.306 Z1.000 F5400 A134.72731; Infill 
G1 X14.783 Y-11.955 Z1.000 F5400 A135.01100; Connection 
G1 X17.460 Y-9.278 Z1.000 F5400 A135.14336; Infill 
G1 X17.460 Y-9.278 Z1.000 F1500 A133.84336; Retract 
G1 X17.460 Y-9.278 Z1.000 F3000; Retract 
G1 X9.678 Y-13.700 Z1.000 F9000; Travel Move 
G1 X9.678 Y-13.700 Z1.000 F1500 A135.14336; Restart 
G1 X8.937 Y-14.441 Z1.000 F5400 A135.18000; Infill 
G1 X9.098 Y-14.839 Z1.000 F5400 A135.19503; Connection 
G1 X8.883 Y-15.054 Z1.000 F5400 A135.20567; Infill 
G1 X8.920 Y-15.578 Z1.000 F5400 A135.22402; Connection 
G1 X8.830 Y-15.668 Z1.000 F5400 A135.22845; Infill 
G1 X8.862 Y-16.195 Z1.000 F5400 A135.24693; Connection 
G1 X8.777 Y-16.281 Z1.000 F5400 A135.25118; Infill 
G1 X8.809 Y-16.809 Z1.000 F5400 A135.26965; Connection 
G1 X8.723 Y-16.895 Z1.000 F5400 A135.27390; Infill 
G1 X8.756 Y-17.422 Z1.000 F5400 A135.29237; Connection 
G1 X8.670 Y-17.508 Z1.000 F5400 A135.29662; Infill 
G1 X8.702 Y-18.035 Z1.000 F5400 A135.31510; Connection 
G1 X8.617 Y-18.121 Z1.000 F5400 A135.31934; Infill 
G1 X8.649 Y-18.649 Z1.000 F5400 A135.33782; Connection 
G1 X8.563 Y-18.735 Z1.000 F5400 A135.34206; Infill 
G1 X8.596 Y-19.262 Z1.000 F5400 A135.36054; Connection 
G1 X8.510 Y-19.348 Z1.000 F5400 A135.36478; Infill 
G1 X8.542 Y-19.876 Z1.000 F5400 A135.38326; Connection 
G1 X8.506 Y-19.912 Z1.000 F5400 A135.38507; Infill 
G1 X8.506 Y-19.912 Z1.000 F1500 A134.08507; Retract 
G1 X8.506 Y-19.912 Z1.000 F3000; Retract 
G1 X-0.676 Y-10.613 Z1.000 F9000; Travel Move 
G1 X-0.676 Y-10.613 Z1.000 F1500 A135.38507; Restart 
G1 X4.884 Y-5.053 Z1.000 F5400 A135.66001; Infill 
G1 X4.324 Y-5.053 Z1.000 F5400 A135.67961; Connection 
G1 X-1.817 Y-11.194 Z1.000 F5400 A135.98322; Infill 
G1 X-2.456 Y-10.713 Z1.000 F5400 A136.01118; Connection 
G1 X-3.230 Y-11.487 Z1.000 F5400 A136.04946; Infill 
G1 X-3.783 Y-11.480 Z1.000 F5400 A136.06879; Connection 
G1 X-3.018 Y-10.714 Z1.000 F5400 A136.10662; Infill 
G1 X-3.383 Y-10.520 Z1.000 F5400 A136.12110; Connection 
G1 X-4.281 Y-11.417 Z1.000 F5400 A136.16546; Infill 
G1 X-4.732 Y-11.309 Z1.000 F5400 A136.18170; Connection 
G1 X-4.218 Y-10.795 Z1.000 F5400 A136.20712; Infill 
G1 X-4.623 Y-10.640 Z1.000 F5400 A136.22227; Connection 
G1 X-5.150 Y-11.167 Z1.000 F5400 A136.24832; Infill 
G1 X-5.538 Y-10.995 Z1.000 F5400 A136.26317; Connection 
G1 X-5.027 Y-10.484 Z1.000 F5400 A136.28842; Infill 
G1 X-5.402 Y-10.299 Z1.000 F5400 A136.30304; Connection 
G1 X-5.902 Y-10.798 Z1.000 F5400 A136.32773; Infill 
G1 X-2.594 Y-11.411 Z1.000 F5400 A136.44532; Connection 
G1 X-1.462 Y-10.278 Z1.000 F5400 A136.50132; Infill 
G1 X-1.462 Y-10.278 Z1.000 F1500 A135.20132; Retract 
G1 X-1.462 Y-10.278 Z1.000 F3000; Retract 
G1 X-8.013 Y-5.629 Z1.000 F9000; Travel Move 
G1 X-8.013 Y-5.629 Z1.000 F1500 A136.50132; Restart 
G1 X-4.605 Y-2.221 Z1.000 F5400 A136.66980; Infill 
; Chunk 9 
; Lower Position  0.8 
; Upper Position  1 
; Thickness       0.2 
; Width           0.4 
G1 X-4.605 Y-2.221 Z1.000 F1500 A135.36980; Retract 
G1 X-4.605 Y-2.221 Z1.000 F3000; Retract 
G1 X14.672 Y-6.433 Z1.000 F9000; Travel Move 
G1 X14.672 Y-6.433 Z1.000 F1500 A136.66980; Restart 
G1 X14.672 Y-8.062 Z1.000 F5400 A136.72673; Support 
G1 X14.672 Y-8.062 Z1.000 F1500 A135.42673; Retract 
G1 X14.672 Y-8.062 Z1.000 F3000; Retract 
G1 X18.632 Y-6.331 Z1.000 F9000; Travel Move 
G1 X18.632 Y-6.331 Z1.000 F1500 A136.72673; Restart 
G1 X18.632 Y-5.622 Z1.000 F5400 A136.75152; Support 
G1 X18.632 Y-5.622 Z1.000 F1500 A135.45152; Retract 
G1 X18.632 Y-5.622 Z1.000 F3000; Retract 
G1 X16.652 Y-3.644 Z1.000 F9000; Travel Move 
G1 X16.652 Y-3.644 Z1.000 F1500 A136.75152; Restart 
G1 X16.652 Y-3.594 Z1.000 F5400 A136.75326; Support 
; Chunk 10 
; Lower Position  1 
; Upper Position  1.2 
; Thickness       0.2 
; Width           0.4 
G1 X16.652 Y-3.594 Z1.000 F1500 A135.45326; Retract 
G1 X16.652 Y-3.594 Z1.000 F3000; Retract 
G1 X16.652 Y-3.594 Z1.200 F1380; Travel Move 
G1 X16.652 Y-3.594 Z1.200 F1500 A136.75326; Restart 
G1 X16.652 Y-3.645 Z1.200 F5400 A136.75501; Support 
G1 X16.652 Y-3.645 Z1.200 F1500 A135.45501; Retract 
G1 X16.652 Y-3.645 Z1.200 F3000; Retract 
G1 X18.632 Y-5.622 Z1.200 F9000; Travel Move 
G1 X18.632 Y-5.622 Z1.200 F1500 A136.75501; Restart 
G1 X18.632 Y-6.339 Z1.200 F5400 A136.78009; Support 
G1 X18.632 Y-6.339 Z1.200 F1500 A135.48009; Retract 
G1 X18.632 Y-6.339 Z1.200 F3000; Retract 
G1 X14.672 Y-6.433 Z1.200 F9000; Travel Move 
G1 X14.672 Y-6.433 Z1.200 F1500 A136.78009; Restart 
G1 X14.672 Y-8.062 Z1.200 F5400 A136.83702; Support 
; Chunk 11 
; Lower Position  1 
; Upper Position  1.2 
; Thickness       0.2 
; Width           0.4 
G1 X14.672 Y-8.062 Z1.200 F1500 A135.53702; Retract 
G1 X14.672 Y-8.062 Z1.200 F3000; Retract 
G1 X-5.602 Y-9.850 Z1.200 F9000; Travel Move 
G1 X-5.602 Y-9.850 Z1.200 F1500 A136.83702; Restart 
G1 X-5.074 Y-10.160 Z1.200 F5400 A136.85844; Inset 
G1 X-4.116 Y-10.528 Z1.200 F5400 A136.89430; Inset 
G1 X-3.441 Y-10.166 Z1.200 F5400 A136.92110; Inset 
G1 X-2.764 Y-10.526 Z1.200 F5400 A136.94790; Inset 
G1 X-1.808 Y-10.154 Z1.200 F5400 A136.98377; Inset 
G1 X-1.215 Y-9.795 Z1.200 F5400 A137.00799; Inset 
G1 X-0.762 Y-9.399 Z1.200 F5400 A137.02901; Inset 
G1 X-0.378 Y-8.936 Z1.200 F5400 A137.05003; Inset 
G1 X-0.068 Y-8.408 Z1.200 F5400 A137.07145; Inset 
G1 X0.291 Y-7.474 Z1.200 F5400 A137.10643; Inset 
G1 X-0.054 Y-6.759 Z1.200 F5400 A137.13417; Inset 
G1 X0.297 Y-6.098 Z1.200 F5400 A137.16037; Inset 
G1 X-0.075 Y-5.142 Z1.200 F5400 A137.19624; Inset 
G1 X-0.386 Y-4.614 Z1.200 F5400 A137.21766; Inset 
G1 X-0.772 Y-4.153 Z1.200 F5400 A137.23868; Inset 
G1 X-1.227 Y-3.759 Z1.200 F5400 A137.25970; Inset 
G1 X-1.820 Y-3.402 Z1.200 F5400 A137.28392; Inset 
G1 X-2.754 Y-3.043 Z1.200 F5400 A137.31890; Inset 
G1 X-3.469 Y-3.388 Z1.200 F5400 A137.34664; Inset 
G1 X-4.131 Y-3.037 Z1.200 F5400 A137.37284; Inset 
G1 X-5.087 Y-3.409 Z1.200 F5400 A137.40870; Inset 
G1 X-5.614 Y-3.720 Z1.200 F5400 A137.43012; Inset 
G1 X-6.076 Y-4.106 Z1.200 F5400 A137.45115; Inset 
G1 X-6.469 Y-4.561 Z1.200 F5400 A137.47217; Inset 
G1 X-6.826 Y-5.154 Z1.200 F5400 A137.49639; Inset 
G1 X-7.185 Y-6.088 Z1.200 F5400 A137.53137; Inset 
G1 X-6.847 Y-6.788 Z1.200 F5400 A137.55852; Inset 
G1 X-7.182 Y-7.488 Z1.200 F5400 A137.58566; Inset 
G1 X-6.820 Y-8.421 Z1.200 F5400 A137.62065; Inset 
G1 X-6.461 Y-9.013 Z1.200 F5400 A137.64486; Inset 
G1 X-6.065 Y-9.466 Z1.200 F5400 A137.66589; Inset 
G1 X-5.602 Y-9.850 Z1.200 F5400 A137.68691; Inset 
G1 X-5.602 Y-9.850 Z1.200 F1500 A136.38691; Retract 
G1 X-5.602 Y-9.850 Z1.200 F3000; Retract 
G1 X-5.382 Y-9.516 Z1.200 F9000; Travel Move 
G1 X-5.382 Y-9.516 Z1.200 F1500 A137.68691; Restart 
G1 X-4.914 Y-9.793 Z1.200 F5400 A137.70593; Inset 
G1 X-4.144 Y-10.089 Z1.200 F5400 A137.73477; Inset 
G1 X-3.659 Y-9.829 Z1.200 F5400 A137.75400; Inset 
G1 X-3.555 Y-9.447 Z1.200 F5400 A137.76785; Inset 
G1 X-3.466 Y-9.389 Z1.200 F5400 A137.77155; Inset 
G1 X-3.407 Y-9.394 Z1.200 F5400 A137.77364; Inset 
G1 X-3.329 Y-9.446 Z1.200 F5400 A137.77691; Inset 
G1 X-3.223 Y-9.828 Z1.200 F5400 A137.79077; Inset 
G1 X-2.738 Y-10.086 Z1.200 F5400 A137.80999; Inset 
G1 X-1.969 Y-9.787 Z1.200 F5400 A137.83884; Inset 
G1 X-1.463 Y-9.480 Z1.200 F5400 A137.85953; Inset 
G1 X-1.057 Y-9.128 Z1.200 F5400 A137.87831; Inset 
G1 X-0.712 Y-8.716 Z1.200 F5400 A137.89710; Inset 
G1 X-0.435 Y-8.248 Z1.200 F5400 A137.91611; Inset 
G1 X-0.145 Y-7.492 Z1.200 F5400 A137.94443; Inset 
G1 X-0.371 Y-7.024 Z1.200 F5400 A137.96259; Inset 
G1 X-0.761 Y-6.902 Z1.200 F5400 A137.97690; Inset 
G1 X-0.826 Y-6.834 Z1.200 F5400 A137.98017; Inset 
G1 X-0.841 Y-6.776 Z1.200 F5400 A137.98226; Inset 
G1 X-0.823 Y-6.706 Z1.200 F5400 A137.98478; Inset 
G1 X-0.717 Y-6.629 Z1.200 F5400 A137.98937; Inset 
G1 X-0.400 Y-6.557 Z1.200 F5400 A138.00073; Inset 
G1 X-0.142 Y-6.072 Z1.200 F5400 A138.01996; Inset 
G1 X-0.441 Y-5.303 Z1.200 F5400 A138.04880; Inset 
G1 X-0.720 Y-4.836 Z1.200 F5400 A138.06782; Inset 
G1 X-1.066 Y-4.425 Z1.200 F5400 A138.08660; Inset 
M73 P18; Update Progress 
G1 X-1.473 Y-4.074 Z1.200 F5400 A138.10538; Inset 
G1 X-1.980 Y-3.769 Z1.200 F5400 A138.12608; Inset 
G1 X-2.736 Y-3.479 Z1.200 F5400 A138.15439; Inset 
G1 X-3.204 Y-3.705 Z1.200 F5400 A138.17255; Inset 
G1 X-3.327 Y-4.095 Z1.200 F5400 A138.18687; Inset 
G1 X-3.362 Y-4.143 Z1.200 F5400 A138.18896; Inset 
G1 X-3.417 Y-4.168 Z1.200 F5400 A138.19105; Inset 
G1 X-3.510 Y-4.160 Z1.200 F5400 A138.19432; Inset 
G1 X-3.560 Y-4.127 Z1.200 F5400 A138.19641; Inset 
G1 X-3.599 Y-4.051 Z1.200 F5400 A138.19940; Inset 
G1 X-3.671 Y-3.734 Z1.200 F5400 A138.21076; Inset 
G1 X-4.156 Y-3.476 Z1.200 F5400 A138.22998; Inset 
G1 X-4.925 Y-3.775 Z1.200 F5400 A138.25883; Inset 
G1 X-5.432 Y-4.082 Z1.200 F5400 A138.27953; Inset 
G1 X-5.837 Y-4.434 Z1.200 F5400 A138.29831; Inset 
G1 X-6.182 Y-4.846 Z1.200 F5400 A138.31709; Inset 
G1 X-6.459 Y-5.314 Z1.200 F5400 A138.33610; Inset 
G1 X-6.750 Y-6.070 Z1.200 F5400 A138.36442; Inset 
G1 X-6.524 Y-6.538 Z1.200 F5400 A138.38258; Inset 
G1 X-6.133 Y-6.661 Z1.200 F5400 A138.39690; Inset 
G1 X-6.085 Y-6.696 Z1.200 F5400 A138.39898; Inset 
G1 X-6.056 Y-6.798 Z1.200 F5400 A138.40268; Inset 
G1 X-6.071 Y-6.856 Z1.200 F5400 A138.40477; Inset 
G1 X-6.121 Y-6.908 Z1.200 F5400 A138.40729; Inset 
G1 X-6.523 Y-7.036 Z1.200 F5400 A138.42203; Inset 
G1 X-6.747 Y-7.505 Z1.200 F5400 A138.44020; Inset 
G1 X-6.453 Y-8.259 Z1.200 F5400 A138.46851; Inset 
G1 X-6.146 Y-8.766 Z1.200 F5400 A138.48921; Inset 
G1 X-5.794 Y-9.171 Z1.200 F5400 A138.50799; Inset 
G1 X-5.382 Y-9.516 Z1.200 F5400 A138.52677; Inset 
G1 X-5.382 Y-9.516 Z1.200 F1500 A137.22677; Retract 
G1 X-5.382 Y-9.516 Z1.200 F3000; Retract 
G1 X-5.169 Y-9.178 Z1.200 F9000; Travel Move 
G1 X-5.169 Y-9.178 Z1.200 F1500 A138.52677; Restart 
G1 X-4.762 Y-9.423 Z1.200 F2400 A138.54336; Inset 
G1 X-4.040 Y-9.700 Z1.200 F2400 A138.57040; Inset 
G1 X-3.968 Y-9.375 Z1.200 F2400 A138.58204; Inset 
G1 X-3.880 Y-9.204 Z1.200 F2400 A138.58876; Inset 
G1 X-3.747 Y-9.077 Z1.200 F2400 A138.59519; Inset 
G1 X-3.572 Y-8.998 Z1.200 F2400 A138.60191; Inset 
G1 X-3.306 Y-9.001 Z1.200 F2400 A138.61121; Inset 
G1 X-3.138 Y-9.076 Z1.200 F2400 A138.61764; Inset 
G1 X-3.005 Y-9.202 Z1.200 F2400 A138.62406; Inset 
G1 X-2.917 Y-9.373 Z1.200 F2400 A138.63079; Inset 
G1 X-2.843 Y-9.698 Z1.200 F2400 A138.64242; Inset 
G1 X-2.122 Y-9.418 Z1.200 F2400 A138.66946; Inset 
G1 X-1.717 Y-9.171 Z1.200 F2400 A138.68606; Inset 
G1 X-1.357 Y-8.864 Z1.200 F2400 A138.70260; Inset 
G1 X-1.051 Y-8.503 Z1.200 F2400 A138.71914; Inset 
G1 X-0.806 Y-8.096 Z1.200 F2400 A138.73573; Inset 
G1 X-0.535 Y-7.392 Z1.200 F2400 A138.76211; Inset 
G1 X-0.946 Y-7.263 Z1.200 F2400 A138.77718; Inset 
G1 X-1.093 Y-7.153 Z1.200 F2400 A138.78360; Inset 
G1 X-1.196 Y-7.001 Z1.200 F2400 A138.79002; Inset 
G1 X-1.245 Y-6.739 Z1.200 F2400 A138.79933; Inset 
G1 X-1.195 Y-6.545 Z1.200 F2400 A138.80635; Inset 
G1 X-1.026 Y-6.339 Z1.200 F2400 A138.81566; Inset 
G1 X-0.855 Y-6.250 Z1.200 F2400 A138.82238; Inset 
G1 X-0.530 Y-6.177 Z1.200 F2400 A138.83402; Inset 
G1 X-0.811 Y-5.456 Z1.200 F2400 A138.86106; Inset 
G1 X-1.057 Y-5.051 Z1.200 F2400 A138.87765; Inset 
G1 X-1.365 Y-4.691 Z1.200 F2400 A138.89420; Inset 
G1 X-1.726 Y-4.385 Z1.200 F2400 A138.91074; Inset 
G1 X-2.132 Y-4.140 Z1.200 F2400 A138.92733; Inset 
G1 X-2.836 Y-3.869 Z1.200 F2400 A138.95371; Inset 
G1 X-2.965 Y-4.280 Z1.200 F2400 A138.96877; Inset 
G1 X-3.080 Y-4.434 Z1.200 F2400 A138.97550; Inset 
G1 X-3.314 Y-4.561 Z1.200 F2400 A138.98480; Inset 
G1 X-3.497 Y-4.576 Z1.200 F2400 A138.99123; Inset 
G1 X-3.675 Y-4.531 Z1.200 F2400 A138.99765; Inset 
G1 X-3.886 Y-4.368 Z1.200 F2400 A139.00695; Inset 
G1 X-3.978 Y-4.189 Z1.200 F2400 A139.01398; Inset 
G1 X-4.051 Y-3.864 Z1.200 F2400 A139.02562; Inset 
G1 X-4.772 Y-4.145 Z1.200 F2400 A139.05266; Inset 
G1 X-5.178 Y-4.391 Z1.200 F2400 A139.06925; Inset 
G1 X-5.538 Y-4.699 Z1.200 F2400 A139.08579; Inset 
G1 X-5.844 Y-5.060 Z1.200 F2400 A139.10233; Inset 
G1 X-6.089 Y-5.466 Z1.200 F2400 A139.11893; Inset 
G1 X-6.359 Y-6.170 Z1.200 F2400 A139.14531; Inset 
G1 X-5.948 Y-6.299 Z1.200 F2400 A139.16037; Inset 
G1 X-5.794 Y-6.414 Z1.200 F2400 A139.16710; Inset 
G1 X-5.668 Y-6.648 Z1.200 F2400 A139.17640; Inset 
G1 X-5.652 Y-6.831 Z1.200 F2400 A139.18282; Inset 
G1 X-5.736 Y-7.084 Z1.200 F2400 A139.19213; Inset 
G1 X-5.938 Y-7.270 Z1.200 F2400 A139.20173; Inset 
G1 X-6.357 Y-7.403 Z1.200 F2400 A139.21710; Inset 
G1 X-6.084 Y-8.106 Z1.200 F2400 A139.24348; Inset 
G1 X-5.837 Y-8.512 Z1.200 F2400 A139.26007; Inset 
G1 X-5.530 Y-8.872 Z1.200 F2400 A139.27661; Inset 
G1 X-5.169 Y-9.178 Z1.200 F2400 A139.29315; Inset 
G1 X-5.169 Y-9.178 Z1.200 F1500 A137.99315; Retract 
G1 X-5.169 Y-9.178 Z1.200 F3000; Retract 
G1 X-6.456 Y-10.772 Z1.200 F9000; Travel Move 
G1 X-6.456 Y-10.772 Z1.200 F1500 A139.29315; Restart 
G1 X-6.898 Y-10.397 Z1.200 F5400 A139.31340; Inset 
G1 X-7.293 Y-9.974 Z1.200 F5400 A139.33365; Inset 
G1 X-7.637 Y-9.507 Z1.200 F5400 A139.35390; Inset 
G1 X-7.924 Y-9.004 Z1.200 F5400 A139.37415; Inset 
G1 X-8.151 Y-8.471 Z1.200 F5400 A139.39441; Inset 
G1 X-8.315 Y-7.916 Z1.200 F5400 A139.41466; Inset 
G1 X-8.414 Y-7.345 Z1.200 F5400 A139.43491; Inset 
G1 X-8.445 Y-6.767 Z1.200 F5400 A139.45516; Inset 
G1 X-8.410 Y-6.188 Z1.200 F5400 A139.47541; Inset 
G1 X-8.308 Y-5.618 Z1.200 F5400 A139.49566; Inset 
G1 X-8.141 Y-5.064 Z1.200 F5400 A139.51591; Inset 
G1 X-7.911 Y-4.532 Z1.200 F5400 A139.53616; Inset 
G1 X-7.621 Y-4.031 Z1.200 F5400 A139.55641; Inset 
G1 X-7.274 Y-3.566 Z1.200 F5400 A139.57666; Inset 
G1 X-6.877 Y-3.145 Z1.200 F5400 A139.59692; Inset 
G1 X-6.433 Y-2.773 Z1.200 F5400 A139.61716; Inset 
G1 X-5.949 Y-2.454 Z1.200 F5400 A139.63742; Inset 
G1 X-5.432 Y-2.194 Z1.200 F5400 A139.65766; Inset 
G1 X-4.888 Y-1.995 Z1.200 F5400 A139.67792; Inset 
G1 X-4.324 Y-1.860 Z1.200 F5400 A139.69817; Inset 
G1 X-3.749 Y-1.792 Z1.200 F5400 A139.71842; Inset 
G1 X-3.170 Y-1.791 Z1.200 F5400 A139.73867; Inset 
G1 X-2.594 Y-1.856 Z1.200 F5400 A139.75892; Inset 
G1 X-2.030 Y-1.988 Z1.200 F5400 A139.77917; Inset 
G1 X-1.485 Y-2.184 Z1.200 F5400 A139.79942; Inset 
G1 X-0.967 Y-2.442 Z1.200 F5400 A139.81967; Inset 
G1 X-0.481 Y-2.758 Z1.200 F5400 A139.83993; Inset 
G1 X-0.036 Y-3.128 Z1.200 F5400 A139.86017; Inset 
G1 X0.353 Y-3.536 Z1.200 F5400 A139.87988; Inset 
G1 X1.067 Y-4.547 Z1.200 F5400 A139.92315; Inset 
G1 X1.501 Y-4.772 Z1.200 F5400 A139.94023; Inset 
G1 X15.293 Y-4.751 Z1.200 F5400 A140.42240; Inset 
G1 X15.018 Y-4.768 Z1.200 F5400 A140.43201; Inset 
G1 X14.405 Y-4.929 Z1.200 F5400 A140.45420; Inset 
G1 X13.953 Y-5.163 Z1.200 F5400 A140.47198; Inset 
G1 X13.378 Y-5.694 Z1.200 F5400 A140.49934; Inset 
G1 X13.277 Y-5.831 Z1.200 F5400 A140.50529; Inset 
G1 X12.973 Y-6.436 Z1.200 F5400 A140.52897; Inset 
G1 X12.924 Y-6.599 Z1.200 F5400 A140.53492; Inset 
G1 X12.842 Y-7.250 Z1.200 F5400 A140.55785; Inset 
G1 X12.891 Y-7.756 Z1.200 F5400 A140.57563; Inset 
G1 X13.161 Y-8.468 Z1.200 F5400 A140.60224; Inset 
G1 X13.452 Y-8.886 Z1.200 F5400 A140.62003; Inset 
G1 X14.051 Y-9.389 Z1.200 F5400 A140.64738; Inset 
G1 X14.200 Y-9.472 Z1.200 F5400 A140.65334; Inset 
G1 X14.839 Y-9.696 Z1.200 F5400 A140.67701; Inset 
G1 X15.007 Y-9.724 Z1.200 F5400 A140.68296; Inset 
G1 X15.789 Y-9.707 Z1.200 F5400 A140.71032; Inset 
G1 X16.277 Y-9.562 Z1.200 F5400 A140.72811; Inset 
G1 X16.849 Y-9.241 Z1.200 F5400 A140.75104; Inset 
G1 X16.981 Y-9.134 Z1.200 F5400 A140.75699; Inset 
G1 X17.427 Y-8.625 Z1.200 F5400 A140.78066; Inset 
G1 X17.575 Y-8.332 Z1.200 F5400 A140.79213; Inset 
G1 X18.483 Y-13.236 Z1.200 F5400 A140.96651; Inset 
G1 X18.655 Y-13.735 Z1.200 F5400 A140.98496; Inset 
G1 X18.735 Y-13.878 Z1.200 F5400 A140.99069; Inset 
G1 X19.161 Y-14.371 Z1.200 F5400 A141.01346; Inset 
G1 X22.222 Y-16.346 Z1.200 F5400 A141.14081; Inset 
G1 X21.357 Y-17.095 Z1.200 F5400 A141.18079; Inset 
G1 X20.759 Y-17.493 Z1.200 F5400 A141.20590; Inset 
G1 X18.383 Y-18.634 Z1.200 F5400 A141.29806; Inset 
G1 X18.081 Y-19.068 Z1.200 F5400 A141.31653; Inset 
G1 X17.748 Y-22.739 Z1.200 F5400 A141.44541; Inset 
G1 X17.121 Y-22.641 Z1.200 F5400 A141.46761; Inset 
G1 X17.650 Y-16.557 Z1.200 F5400 A141.68111; Inset 
G1 X17.642 Y-15.886 Z1.200 F5400 A141.70457; Inset 
G1 X17.494 Y-15.094 Z1.200 F5400 A141.73277; Inset 
G1 X17.236 Y-14.419 Z1.200 F5400 A141.75800; Inset 
G1 X16.868 Y-13.798 Z1.200 F5400 A141.78324; Inset 
G1 X16.461 Y-13.309 Z1.200 F5400 A141.80551; Inset 
G1 X15.916 Y-12.835 Z1.200 F5400 A141.83074; Inset 
G1 X15.299 Y-12.460 Z1.200 F5400 A141.85598; Inset 
G1 X14.546 Y-12.171 Z1.200 F5400 A141.88417; Inset 
G1 X13.837 Y-12.037 Z1.200 F5400 A141.90941; Inset 
G1 X13.200 Y-12.020 Z1.200 F5400 A141.93168; Inset 
G1 X12.485 Y-12.116 Z1.200 F5400 A141.95692; Inset 
G1 X11.717 Y-12.365 Z1.200 F5400 A141.98511; Inset 
G1 X11.082 Y-12.706 Z1.200 F5400 A142.01035; Inset 
G1 X10.513 Y-13.150 Z1.200 F5400 A142.03558; Inset 
G1 X10.027 Y-13.684 Z1.200 F5400 A142.06082; Inset 
G1 X9.639 Y-14.293 Z1.200 F5400 A142.08605; Inset 
G1 X9.359 Y-14.958 Z1.200 F5400 A142.11129; Inset 
G1 X9.197 Y-15.648 Z1.200 F5400 A142.13605; Inset 
G1 X8.789 Y-20.336 Z1.200 F5400 A142.30057; Inset 
G1 X8.170 Y-20.085 Z1.200 F5400 A142.32395; Inset 
G1 X8.165 Y-20.016 Z1.200 F5400 A142.32638; Inset 
G1 X8.913 Y-11.407 Z1.200 F5400 A142.62845; Inset 
G1 X8.317 Y-10.759 Z1.200 F5400 A142.65925; Inset 
G1 X-0.246 Y-10.775 Z1.200 F5400 A142.95864; Inset 
G1 X-0.485 Y-10.835 Z1.200 F5400 A142.96725; Inset 
G1 X-1.530 Y-11.396 Z1.200 F5400 A143.00869; Inset 
G1 X-2.058 Y-11.583 Z1.200 F5400 A143.02829; Inset 
G1 X-2.623 Y-11.711 Z1.200 F5400 A143.04854; Inset 
G1 X-3.199 Y-11.773 Z1.200 F5400 A143.06879; Inset 
G1 X-3.778 Y-11.768 Z1.200 F5400 A143.08904; Inset 
G1 X-4.353 Y-11.697 Z1.200 F5400 A143.10930; Inset 
G1 X-4.916 Y-11.559 Z1.200 F5400 A143.12954; Inset 
G1 X-5.459 Y-11.357 Z1.200 F5400 A143.14980; Inset 
G1 X-5.974 Y-11.093 Z1.200 F5400 A143.17005; Inset 
G1 X-6.456 Y-10.772 Z1.200 F5400 A143.19030; Inset 
G1 X-6.456 Y-10.772 Z1.200 F1500 A141.89030; Retract 
G1 X-6.456 Y-10.772 Z1.200 F3000; Retract 
G1 X14.275 Y-9.056 Z1.200 F9000; Travel Move 
G1 X14.275 Y-9.056 Z1.200 F1500 A143.19030; Restart 
G1 X14.939 Y-9.307 Z1.200 F5400 A143.21512; Inset 
G1 X15.636 Y-9.323 Z1.200 F5400 A143.23950; Inset 
G1 X16.032 Y-9.229 Z1.200 F5400 A143.25372; Inset 
G1 X16.623 Y-8.909 Z1.200 F5400 A143.27723; Inset 
G1 X16.703 Y-8.844 Z1.200 F5400 A143.28080; Inset 
G1 X17.158 Y-8.299 Z1.200 F5400 A143.30562; Inset 
G1 X17.405 Y-7.634 Z1.200 F5400 A143.33044; Inset 
G1 X17.430 Y-7.025 Z1.200 F5400 A143.35174; Inset 
G1 X17.237 Y-6.342 Z1.200 F5400 A143.37656; Inset 
G1 X16.828 Y-5.762 Z1.200 F5400 A143.40138; Inset 
G1 X16.248 Y-5.351 Z1.200 F5400 A143.42620; Inset 
G1 X15.578 Y-5.160 Z1.200 F5400 A143.45058; Inset 
G1 X15.095 Y-5.161 Z1.200 F5400 A143.46745; Inset 
G1 X14.460 Y-5.338 Z1.200 F5400 A143.49051; Inset 
G1 X14.110 Y-5.545 Z1.200 F5400 A143.50474; Inset 
G1 X13.619 Y-6.041 Z1.200 F5400 A143.52911; Inset 
G1 X13.317 Y-6.683 Z1.200 F5400 A143.55393; Inset 
G1 X13.242 Y-7.351 Z1.200 F5400 A143.57744; Inset 
G1 X13.304 Y-7.753 Z1.200 F5400 A143.59166; Inset 
G1 X13.523 Y-8.294 Z1.200 F5400 A143.61206; Inset 
G1 X13.758 Y-8.627 Z1.200 F5400 A143.62629; Inset 
G1 X14.275 Y-9.056 Z1.200 F5400 A143.64979; Inset 
G1 X14.275 Y-9.056 Z1.200 F1500 A142.34979; Retract 
G1 X14.275 Y-9.056 Z1.200 F3000; Retract 
G1 X14.513 Y-8.734 Z1.200 F9000; Travel Move 
G1 X14.513 Y-8.734 Z1.200 F1500 A143.64979; Restart 
G1 X15.056 Y-8.924 Z1.200 F2400 A143.66992; Inset 
G1 X15.623 Y-8.923 Z1.200 F2400 A143.68974; Inset 
G1 X15.919 Y-8.846 Z1.200 F2400 A143.70042; Inset 
G1 X16.413 Y-8.568 Z1.200 F2400 A143.72024; Inset 
G1 X16.792 Y-8.135 Z1.200 F2400 A143.74037; Inset 
G1 X17.006 Y-7.601 Z1.200 F2400 A143.76049; Inset 
G1 X17.029 Y-7.026 Z1.200 F2400 A143.78061; Inset 
G1 X16.860 Y-6.476 Z1.200 F2400 A143.80073; Inset 
G1 X16.517 Y-6.014 Z1.200 F2400 A143.82085; Inset 
G1 X16.039 Y-5.692 Z1.200 F2400 A143.84098; Inset 
G1 X15.490 Y-5.550 Z1.200 F2400 A143.86080; Inset 
G1 X15.184 Y-5.551 Z1.200 F2400 A143.87148; Inset 
G1 X14.645 Y-5.693 Z1.200 F2400 A143.89100; Inset 
G1 X14.378 Y-5.842 Z1.200 F2400 A143.90168; Inset 
G1 X13.969 Y-6.235 Z1.200 F2400 A143.92150; Inset 
G1 X13.711 Y-6.750 Z1.200 F2400 A143.94162; Inset 
G1 X13.640 Y-7.312 Z1.200 F2400 A143.96145; Inset 
G1 X13.680 Y-7.615 Z1.200 F2400 A143.97213; Inset 
G1 X13.889 Y-8.133 Z1.200 F2400 A143.99164; Inset 
G1 X14.071 Y-8.378 Z1.200 F2400 A144.00233; Inset 
G1 X14.513 Y-8.734 Z1.200 F2400 A144.02215; Inset 
G1 X14.513 Y-8.734 Z1.200 F1500 A142.72215; Retract 
G1 X14.513 Y-8.734 Z1.200 F3000; Retract 
G1 X-6.698 Y-11.092 Z1.200 F9000; Travel Move 
G1 X-6.698 Y-11.092 Z1.200 F1500 A144.02215; Restart 
G1 X-7.174 Y-10.687 Z1.200 F5400 A144.04402; Inset 
G1 X-7.601 Y-10.230 Z1.200 F5400 A144.06589; Inset 
G1 X-7.972 Y-9.726 Z1.200 F5400 A144.08776; Inset 
G1 X-8.283 Y-9.182 Z1.200 F5400 A144.10964; Inset 
G1 X-8.528 Y-8.607 Z1.200 F5400 A144.13152; Inset 
G1 X-8.705 Y-8.007 Z1.200 F5400 A144.15338; Inset 
G1 X-8.812 Y-7.390 Z1.200 F5400 A144.17526; Inset 
G1 X-8.846 Y-6.765 Z1.200 F5400 A144.19714; Inset 
G1 X-8.808 Y-6.141 Z1.200 F5400 A144.21901; Inset 
G1 X-8.698 Y-5.525 Z1.200 F5400 A144.24089; Inset 
G1 X-8.517 Y-4.926 Z1.200 F5400 A144.26276; Inset 
G1 X-8.269 Y-4.352 Z1.200 F5400 A144.28463; Inset 
G1 X-7.955 Y-3.810 Z1.200 F5400 A144.30651; Inset 
G1 X-7.581 Y-3.309 Z1.200 F5400 A144.32838; Inset 
G1 X-7.152 Y-2.854 Z1.200 F5400 A144.35026; Inset 
G1 X-6.672 Y-2.451 Z1.200 F5400 A144.37213; Inset 
G1 X-6.150 Y-2.107 Z1.200 F5400 A144.39400; Inset 
G1 X-5.591 Y-1.826 Z1.200 F5400 A144.41588; Inset 
G1 X-5.003 Y-1.611 Z1.200 F5400 A144.43775; Inset 
G1 X-4.395 Y-1.466 Z1.200 F5400 A144.45963; Inset 
G1 X-3.773 Y-1.392 Z1.200 F5400 A144.48150; Inset 
G1 X-3.148 Y-1.390 Z1.200 F5400 A144.50337; Inset 
G1 X-2.526 Y-1.461 Z1.200 F5400 A144.52525; Inset 
G1 X-1.917 Y-1.604 Z1.200 F5400 A144.54712; Inset 
G1 X-1.328 Y-1.815 Z1.200 F5400 A144.56900; Inset 
G1 X-0.768 Y-2.094 Z1.200 F5400 A144.59087; Inset 
G1 X-0.243 Y-2.435 Z1.200 F5400 A144.61274; Inset 
G1 X0.238 Y-2.835 Z1.200 F5400 A144.63462; Inset 
G1 X0.663 Y-3.281 Z1.200 F5400 A144.65617; Inset 
G1 X1.338 Y-4.237 Z1.200 F5400 A144.69706; Inset 
G1 X1.598 Y-4.372 Z1.200 F5400 A144.70730; Inset 
G1 X15.224 Y-4.346 Z1.200 F5400 A145.18366; Inset 
G1 X15.542 Y-4.366 Z1.200 F5400 A145.19480; Inset 
G1 X15.952 Y-4.453 Z1.200 F5400 A145.20946; Inset 
G1 X16.225 Y-4.557 Z1.200 F5400 A145.21966; Inset 
G1 X16.628 Y-4.784 Z1.200 F5400 A145.23585; Inset 
G1 X16.874 Y-4.984 Z1.200 F5400 A145.24693; Inset 
G1 X17.180 Y-5.325 Z1.200 F5400 A145.26297; Inset 
G1 X17.350 Y-5.592 Z1.200 F5400 A145.27402; Inset 
G1 X17.527 Y-6.000 Z1.200 F5400 A145.28958; Inset 
G1 X17.612 Y-6.329 Z1.200 F5400 A145.30145; Inset 
G1 X18.873 Y-13.148 Z1.200 F5400 A145.54386; Inset 
G1 X19.068 Y-13.655 Z1.200 F5400 A145.56286; Inset 
G1 X19.405 Y-14.052 Z1.200 F5400 A145.58109; Inset 
G1 X22.887 Y-16.300 Z1.200 F5400 A145.72595; Inset 
G1 X21.600 Y-17.414 Z1.200 F5400 A145.78546; Inset 
G1 X20.957 Y-17.841 Z1.200 F5400 A145.81245; Inset 
G1 X18.651 Y-18.949 Z1.200 F5400 A145.90189; Inset 
G1 X18.470 Y-19.209 Z1.200 F5400 A145.91297; Inset 
G1 X18.140 Y-22.849 Z1.200 F5400 A146.04073; Inset 
G1 X18.088 Y-22.967 Z1.200 F5400 A146.04524; Inset 
G1 X18.002 Y-23.061 Z1.200 F5400 A146.04971; Inset 
G1 X17.852 Y-23.138 Z1.200 F5400 A146.05559; Inset 
G1 X17.654 Y-23.140 Z1.200 F5400 A146.06251; Inset 
G1 X16.691 Y-22.973 Z1.200 F5400 A146.09671; Inset 
G1 X17.251 Y-16.533 Z1.200 F5400 A146.32270; Inset 
G1 X17.238 Y-15.859 Z1.200 F5400 A146.34627; Inset 
G1 X17.113 Y-15.217 Z1.200 F5400 A146.36913; Inset 
G1 X16.903 Y-14.651 Z1.200 F5400 A146.39022; Inset 
G1 X16.579 Y-14.083 Z1.200 F5400 A146.41308; Inset 
G1 X16.164 Y-13.578 Z1.200 F5400 A146.43594; Inset 
G1 X15.669 Y-13.150 Z1.200 F5400 A146.45880; Inset 
G1 X15.110 Y-12.812 Z1.200 F5400 A146.48166; Inset 
G1 X14.501 Y-12.574 Z1.200 F5400 A146.50452; Inset 
G1 X13.860 Y-12.442 Z1.200 F5400 A146.52739; Inset 
G1 X13.206 Y-12.421 Z1.200 F5400 A146.55025; Inset 
G1 X12.559 Y-12.510 Z1.200 F5400 A146.57311; Inset 
G1 X11.935 Y-12.707 Z1.200 F5400 A146.59597; Inset 
G1 X11.354 Y-13.007 Z1.200 F5400 A146.61883; Inset 
G1 X10.794 Y-13.435 Z1.200 F5400 A146.64347; Inset 
G1 X10.353 Y-13.917 Z1.200 F5400 A146.66633; Inset 
G1 X9.999 Y-14.467 Z1.200 F5400 A146.68919; Inset 
G1 X9.743 Y-15.069 Z1.200 F5400 A146.71205; Inset 
G1 X9.594 Y-15.697 Z1.200 F5400 A146.73463; Inset 
G1 X9.142 Y-20.902 Z1.200 F5400 A146.91725; Inset 
G1 X8.041 Y-20.475 Z1.200 F5400 A146.95852; Inset 
G1 X7.902 Y-20.389 Z1.200 F5400 A146.96423; Inset 
G1 X7.822 Y-20.295 Z1.200 F5400 A146.96856; Inset 
G1 X7.775 Y-20.181 Z1.200 F5400 A146.97285; Inset 
G1 X7.764 Y-20.012 Z1.200 F5400 A146.97878; Inset 
G1 X8.500 Y-11.548 Z1.200 F5400 A147.27579; Inset 
G1 X8.142 Y-11.159 Z1.200 F5400 A147.29427; Inset 
G1 X-0.196 Y-11.175 Z1.200 F5400 A147.58577; Inset 
G1 X-0.340 Y-11.211 Z1.200 F5400 A147.59094; Inset 
G1 X-1.368 Y-11.763 Z1.200 F5400 A147.63173; Inset 
G1 X-1.947 Y-11.967 Z1.200 F5400 A147.65321; Inset 
G1 X-2.557 Y-12.106 Z1.200 F5400 A147.67509; Inset 
G1 X-3.179 Y-12.173 Z1.200 F5400 A147.69696; Inset 
G1 X-3.805 Y-12.168 Z1.200 F5400 A147.71884; Inset 
G1 X-4.426 Y-12.091 Z1.200 F5400 A147.74071; Inset 
G1 X-5.033 Y-11.942 Z1.200 F5400 A147.76258; Inset 
G1 X-5.620 Y-11.724 Z1.200 F5400 A147.78446; Inset 
G1 X-6.177 Y-11.439 Z1.200 F5400 A147.80633; Inset 
G1 X-6.698 Y-11.092 Z1.200 F5400 A147.82821; Inset 
G1 X-6.698 Y-11.092 Z1.200 F1500 A146.52821; Retract 
G1 X-6.698 Y-11.092 Z1.200 F3000; Retract 
G1 X-6.939 Y-11.412 Z1.200 F9000; Travel Move 
G1 X-6.939 Y-11.412 Z1.200 F1500 A147.82821; Restart 
G1 X-7.451 Y-10.977 Z1.200 F2400 A147.85170; Inset 
G1 X-7.910 Y-10.485 Z1.200 F2400 A147.87520; Inset 
G1 X-8.308 Y-9.944 Z1.200 F2400 A147.89870; Inset 
G1 X-8.642 Y-9.361 Z1.200 F2400 A147.92220; Inset 
G1 X-8.905 Y-8.742 Z1.200 F2400 A147.94570; Inset 
G1 X-9.095 Y-8.098 Z1.200 F2400 A147.96919; Inset 
G1 X-9.210 Y-7.435 Z1.200 F2400 A147.99269; Inset 
G1 X-9.247 Y-6.764 Z1.200 F2400 A148.01619; Inset 
G1 X-9.206 Y-6.093 Z1.200 F2400 A148.03969; Inset 
G1 X-9.088 Y-5.432 Z1.200 F2400 A148.06318; Inset 
G1 X-8.894 Y-4.788 Z1.200 F2400 A148.08668; Inset 
G1 X-8.627 Y-4.171 Z1.200 F2400 A148.11018; Inset 
G1 X-8.290 Y-3.590 Z1.200 F2400 A148.13367; Inset 
G1 X-7.888 Y-3.051 Z1.200 F2400 A148.15717; Inset 
G1 X-7.427 Y-2.562 Z1.200 F2400 A148.18067; Inset 
G1 X-6.912 Y-2.130 Z1.200 F2400 A148.20417; Inset 
G1 X-6.350 Y-1.760 Z1.200 F2400 A148.22767; Inset 
M73 P19; Update Progress 
G1 X-5.750 Y-1.458 Z1.200 F2400 A148.25116; Inset 
G1 X-5.119 Y-1.228 Z1.200 F2400 A148.27466; Inset 
G1 X-4.465 Y-1.072 Z1.200 F2400 A148.29816; Inset 
G1 X-3.798 Y-0.992 Z1.200 F2400 A148.32166; Inset 
G1 X-3.126 Y-0.990 Z1.200 F2400 A148.34515; Inset 
G1 X-2.458 Y-1.067 Z1.200 F2400 A148.36865; Inset 
G1 X-1.803 Y-1.219 Z1.200 F2400 A148.39215; Inset 
G1 X-1.171 Y-1.447 Z1.200 F2400 A148.41565; Inset 
G1 X-0.569 Y-1.746 Z1.200 F2400 A148.43914; Inset 
G1 X-0.006 Y-2.113 Z1.200 F2400 A148.46264; Inset 
G1 X0.511 Y-2.542 Z1.200 F2400 A148.48614; Inset 
G1 X0.973 Y-3.027 Z1.200 F2400 A148.50952; Inset 
G1 X1.640 Y-3.971 Z1.200 F2400 A148.54995; Inset 
G1 X15.236 Y-3.945 Z1.200 F2400 A149.02529; Inset 
G1 X15.596 Y-3.969 Z1.200 F2400 A149.03790; Inset 
G1 X16.065 Y-4.068 Z1.200 F2400 A149.05466; Inset 
G1 X16.395 Y-4.194 Z1.200 F2400 A149.06700; Inset 
G1 X16.853 Y-4.452 Z1.200 F2400 A149.08540; Inset 
G1 X17.151 Y-4.693 Z1.200 F2400 A149.09877; Inset 
G1 X17.500 Y-5.083 Z1.200 F2400 A149.11707; Inset 
G1 X17.705 Y-5.404 Z1.200 F2400 A149.13038; Inset 
G1 X17.907 Y-5.870 Z1.200 F2400 A149.14815; Inset 
G1 X18.003 Y-6.243 Z1.200 F2400 A149.16160; Inset 
G1 X19.265 Y-13.067 Z1.200 F2400 A149.40421; Inset 
G1 X19.391 Y-13.418 Z1.200 F2400 A149.41726; Inset 
G1 X19.636 Y-13.725 Z1.200 F2400 A149.43099; Inset 
G1 X23.209 Y-16.031 Z1.200 F2400 A149.57966; Inset 
G1 X23.338 Y-16.188 Z1.200 F2400 A149.58675; Inset 
G1 X23.351 Y-16.341 Z1.200 F2400 A149.59213; Inset 
G1 X23.290 Y-16.480 Z1.200 F2400 A149.59742; Inset 
G1 X21.843 Y-17.733 Z1.200 F2400 A149.66434; Inset 
G1 X21.156 Y-18.190 Z1.200 F2400 A149.69319; Inset 
G1 X18.865 Y-19.290 Z1.200 F2400 A149.78204; Inset 
G1 X18.533 Y-22.950 Z1.200 F2400 A149.91052; Inset 
G1 X18.428 Y-23.188 Z1.200 F2400 A149.91963; Inset 
G1 X18.252 Y-23.380 Z1.200 F2400 A149.92873; Inset 
G1 X18.016 Y-23.509 Z1.200 F2400 A149.93812; Inset 
G1 X17.905 Y-23.538 Z1.200 F2400 A149.94212; Inset 
G1 X17.622 Y-23.540 Z1.200 F2400 A149.95203; Inset 
G1 X16.260 Y-23.304 Z1.200 F2400 A150.00034; Inset 
G1 X16.852 Y-16.503 Z1.200 F2400 A150.23899; Inset 
G1 X16.843 Y-15.924 Z1.200 F2400 A150.25925; Inset 
G1 X16.735 Y-15.348 Z1.200 F2400 A150.27974; Inset 
G1 X16.531 Y-14.798 Z1.200 F2400 A150.30023; Inset 
G1 X16.238 Y-14.291 Z1.200 F2400 A150.32072; Inset 
G1 X15.862 Y-13.841 Z1.200 F2400 A150.34121; Inset 
G1 X15.416 Y-13.460 Z1.200 F2400 A150.36171; Inset 
G1 X14.912 Y-13.161 Z1.200 F2400 A150.38220; Inset 
G1 X14.365 Y-12.951 Z1.200 F2400 A150.40269; Inset 
G1 X13.790 Y-12.836 Z1.200 F2400 A150.42319; Inset 
G1 X13.204 Y-12.821 Z1.200 F2400 A150.44368; Inset 
G1 X12.624 Y-12.904 Z1.200 F2400 A150.46417; Inset 
G1 X12.066 Y-13.085 Z1.200 F2400 A150.48466; Inset 
G1 X11.547 Y-13.357 Z1.200 F2400 A150.50516; Inset 
G1 X11.082 Y-13.713 Z1.200 F2400 A150.52565; Inset 
G1 X10.683 Y-14.143 Z1.200 F2400 A150.54614; Inset 
G1 X10.363 Y-14.634 Z1.200 F2400 A150.56664; Inset 
G1 X10.130 Y-15.172 Z1.200 F2400 A150.58713; Inset 
G1 X9.992 Y-15.740 Z1.200 F2400 A150.60755; Inset 
G1 X9.494 Y-21.467 Z1.200 F2400 A150.80854; Inset 
G1 X7.862 Y-20.835 Z1.200 F2400 A150.86972; Inset 
G1 X7.637 Y-20.696 Z1.200 F2400 A150.87894; Inset 
G1 X7.476 Y-20.505 Z1.200 F2400 A150.88771; Inset 
G1 X7.381 Y-20.273 Z1.200 F2400 A150.89645; Inset 
G1 X7.362 Y-20.009 Z1.200 F2400 A150.90572; Inset 
G1 X8.097 Y-11.559 Z1.200 F2400 A151.20224; Inset 
G1 X-0.171 Y-11.575 Z1.200 F2400 A151.49131; Inset 
G1 X-1.205 Y-12.130 Z1.200 F2400 A151.53233; Inset 
G1 X-1.836 Y-12.352 Z1.200 F2400 A151.55570; Inset 
G1 X-2.491 Y-12.501 Z1.200 F2400 A151.57920; Inset 
G1 X-3.159 Y-12.574 Z1.200 F2400 A151.60269; Inset 
G1 X-3.831 Y-12.568 Z1.200 F2400 A151.62619; Inset 
G1 X-4.498 Y-12.485 Z1.200 F2400 A151.64969; Inset 
G1 X-5.151 Y-12.325 Z1.200 F2400 A151.67319; Inset 
G1 X-5.781 Y-12.091 Z1.200 F2400 A151.69668; Inset 
G1 X-6.380 Y-11.785 Z1.200 F2400 A151.72018; Inset 
G1 X-6.939 Y-11.412 Z1.200 F2400 A151.74368; Inset 
G1 X-6.939 Y-11.412 Z1.200 F1500 A150.44368; Retract 
G1 X-6.939 Y-11.412 Z1.200 F3000; Retract 
G1 X-6.408 Y-10.438 Z1.200 F9000; Travel Move 
G1 X-6.408 Y-10.438 Z1.200 F1500 A151.74368; Restart 
G1 X-7.121 Y-9.725 Z1.200 F5400 A151.77896; Infill 
G1 X-6.922 Y-8.804 Z1.200 F5400 A151.81190; Connection 
G1 X-8.070 Y-7.656 Z1.200 F5400 A151.86864; Infill 
G1 X-8.145 Y-7.021 Z1.200 F5400 A151.89101; Connection 
G1 X-7.369 Y-7.796 Z1.200 F5400 A151.92936; Infill 
G1 X-7.376 Y-7.230 Z1.200 F5400 A151.94917; Connection 
G1 X-8.141 Y-6.465 Z1.200 F5400 A151.98697; Infill 
G1 X-8.080 Y-5.966 Z1.200 F5400 A152.00456; Connection 
G1 X-7.195 Y-6.851 Z1.200 F5400 A152.04833; Infill 
G1 X-7.465 Y-6.020 Z1.200 F5400 A152.07887; Connection 
G1 X-7.977 Y-5.509 Z1.200 F5400 A152.10415; Infill 
G1 X-7.839 Y-5.086 Z1.200 F5400 A152.11969; Connection 
G1 X-7.310 Y-5.616 Z1.200 F5400 A152.14587; Infill 
G1 X-7.154 Y-5.211 Z1.200 F5400 A152.16102; Connection 
G1 X-7.670 Y-4.696 Z1.200 F5400 A152.18652; Infill 
G1 X-7.468 Y-4.338 Z1.200 F5400 A152.20089; Connection 
G1 X-6.969 Y-4.837 Z1.200 F5400 A152.22556; Infill 
G1 X-6.759 Y-4.487 Z1.200 F5400 A152.23983; Connection 
G1 X-7.243 Y-4.003 Z1.200 F5400 A152.26378; Infill 
G1 X-6.997 Y-3.689 Z1.200 F5400 A152.27772; Connection 
G1 X-6.512 Y-4.173 Z1.200 F5400 A152.30168; Infill 
G1 X-6.248 Y-3.878 Z1.200 F5400 A152.31555; Connection 
G1 X-6.725 Y-3.401 Z1.200 F5400 A152.33912; Infill 
G1 X-6.426 Y-3.140 Z1.200 F5400 A152.35300; Connection 
G1 X-5.943 Y-3.623 Z1.200 F5400 A152.37686; Infill 
G1 X-5.616 Y-3.389 Z1.200 F5400 A152.39089; Connection 
G1 X-6.106 Y-2.900 Z1.200 F5400 A152.41510; Infill 
G1 X-5.764 Y-2.681 Z1.200 F5400 A152.42928; Connection 
G1 X-5.264 Y-3.181 Z1.200 F5400 A152.45400; Infill 
G1 X-4.869 Y-3.017 Z1.200 F5400 A152.46898; Connection 
G1 X-5.392 Y-2.494 Z1.200 F5400 A152.49484; Infill 
G1 X-4.989 Y-2.336 Z1.200 F5400 A152.50996; Connection 
G1 X-4.465 Y-2.860 Z1.200 F5400 A152.53584; Infill 
G1 X-3.964 Y-2.801 Z1.200 F5400 A152.55349; Connection 
G1 X-4.556 Y-2.210 Z1.200 F5400 A152.58275; Infill 
G1 X-4.085 Y-2.120 Z1.200 F5400 A152.59949; Connection 
G1 X-3.243 Y-2.962 Z1.200 F5400 A152.64111; Infill 
G1 X-2.866 Y-2.779 Z1.200 F5400 A152.65577; Connection 
G1 X-3.568 Y-2.078 Z1.200 F5400 A152.69048; Infill 
G1 X-2.986 Y-2.099 Z1.200 F5400 A152.71083; Connection 
G1 X-2.095 Y-2.990 Z1.200 F5400 A152.75489; Infill 
G1 X-2.309 Y-2.217 Z1.200 F5400 A152.78296; Connection 
G1 X5.952 Y-10.477 Z1.200 F5400 A153.19138; Infill 
G1 X6.511 Y-10.476 Z1.200 F5400 A153.21092; Connection 
G1 X-1.439 Y-2.526 Z1.200 F5400 A153.60396; Infill 
G1 X0.344 Y-5.430 Z1.200 F5400 A153.72306; Connection 
G1 X5.393 Y-10.478 Z1.200 F5400 A153.97267; Infill 
G1 X4.834 Y-10.479 Z1.200 F5400 A153.99222; Connection 
G1 X0.563 Y-6.208 Z1.200 F5400 A154.20340; Infill 
G1 X0.368 Y-6.574 Z1.200 F5400 A154.21788; Connection 
G1 X4.275 Y-10.480 Z1.200 F5400 A154.41103; Infill 
G1 X3.716 Y-10.481 Z1.200 F5400 A154.43058; Connection 
G1 X0.515 Y-7.280 Z1.200 F5400 A154.58885; Infill 
G1 X0.473 Y-7.798 Z1.200 F5400 A154.60702; Connection 
G1 X3.157 Y-10.483 Z1.200 F5400 A154.73974; Infill 
G1 X2.598 Y-10.484 Z1.200 F5400 A154.75928; Connection 
G1 X0.317 Y-8.202 Z1.200 F5400 A154.87207; Infill 
G1 X0.152 Y-8.597 Z1.200 F5400 A154.88703; Connection 
G1 X2.039 Y-10.485 Z1.200 F5400 A154.98034; Infill 
G1 X1.480 Y-10.486 Z1.200 F5400 A154.99988; Connection 
G1 X-0.055 Y-8.951 Z1.200 F5400 A155.07578; Infill 
G1 X-0.289 Y-9.277 Z1.200 F5400 A155.08981; Connection 
G1 X0.921 Y-10.487 Z1.200 F5400 A155.14964; Infill 
G1 X0.362 Y-10.488 Z1.200 F5400 A155.16918; Connection 
G1 X-0.543 Y-9.583 Z1.200 F5400 A155.21393; Infill 
G1 X-0.839 Y-9.846 Z1.200 F5400 A155.22780; Connection 
G1 X-0.197 Y-10.489 Z1.200 F5400 A155.25957; Infill 
G1 X-0.648 Y-10.598 Z1.200 F5400 A155.27579; Connection 
G1 X-1.154 Y-10.092 Z1.200 F5400 A155.30081; Infill 
G1 X-1.502 Y-10.303 Z1.200 F5400 A155.31506; Connection 
G1 X-1.012 Y-10.794 Z1.200 F5400 A155.33930; Infill 
G1 X-1.377 Y-10.989 Z1.200 F5400 A155.35376; Connection 
G1 X-1.878 Y-10.488 Z1.200 F5400 A155.37855; Infill 
G1 X-2.281 Y-10.645 Z1.200 F5400 A155.39367; Connection 
G1 X-1.754 Y-11.172 Z1.200 F5400 A155.41973; Infill 
G1 X-2.171 Y-11.315 Z1.200 F5400 A155.43514; Connection 
G1 X-2.684 Y-10.801 Z1.200 F5400 A155.46053; Infill 
G1 X-2.627 Y-11.419 Z1.200 F5400 A155.48220; Connection 
G1 X-3.515 Y-10.530 Z1.200 F5400 A155.52611; Infill 
G1 X-3.880 Y-10.726 Z1.200 F5400 A155.54058; Connection 
G1 X-3.128 Y-11.478 Z1.200 F5400 A155.57776; Infill 
G1 X-3.683 Y-11.483 Z1.200 F5400 A155.59715; Connection 
G1 X-4.466 Y-10.700 Z1.200 F5400 A155.63587; Infill 
G1 X-4.314 Y-11.412 Z1.200 F5400 A155.66130; Connection 
G1 X-5.462 Y-10.264 Z1.200 F5400 A155.71804; Infill 
G1 X-5.101 Y-11.185 Z1.200 F5400 A155.75261; Connection 
G1 X-7.859 Y-8.427 Z1.200 F5400 A155.88896; Infill 
G1 X-7.859 Y-8.427 Z1.200 F1500 A154.58896; Retract 
G1 X-7.859 Y-8.427 Z1.200 F3000; Retract 
G1 X1.652 Y-5.057 Z1.200 F9000; Travel Move 
G1 X1.652 Y-5.057 Z1.200 F1500 A155.88896; Restart 
G1 X7.070 Y-10.475 Z1.200 F5400 A156.15681; Infill 
G1 X7.629 Y-10.474 Z1.200 F5400 A156.17635; Connection 
G1 X2.211 Y-5.057 Z1.200 F5400 A156.44419; Infill 
G1 X2.771 Y-5.056 Z1.200 F5400 A156.46374; Connection 
G1 X10.507 Y-12.792 Z1.200 F5400 A156.84623; Infill 
M73 P20; Update Progress 
G1 X10.211 Y-13.057 Z1.200 F5400 A156.86010; Connection 
G1 X9.149 Y-11.995 Z1.200 F5400 A156.91260; Infill 
G1 X9.105 Y-12.510 Z1.200 F5400 A156.93068; Connection 
G1 X9.945 Y-13.350 Z1.200 F5400 A156.97221; Infill 
G1 X9.700 Y-13.665 Z1.200 F5400 A156.98617; Connection 
G1 X9.060 Y-13.025 Z1.200 F5400 A157.01782; Infill 
G1 X9.015 Y-13.540 Z1.200 F5400 A157.03590; Connection 
G1 X9.482 Y-14.007 Z1.200 F5400 A157.05898; Infill 
G1 X9.293 Y-14.378 Z1.200 F5400 A157.07353; Connection 
G1 X8.970 Y-14.055 Z1.200 F5400 A157.08947; Infill 
G1 X8.925 Y-14.571 Z1.200 F5400 A157.10755; Connection 
G1 X9.127 Y-14.772 Z1.200 F5400 A157.11751; Infill 
G1 X8.881 Y-15.086 Z1.200 F5400 A157.13145; Connection 
G1 X9.006 Y-15.211 Z1.200 F5400 A157.13764; Infill 
G1 X8.836 Y-15.601 Z1.200 F5400 A157.15251; Connection 
G1 X8.908 Y-15.673 Z1.200 F5400 A157.15607; Infill 
G1 X8.791 Y-16.116 Z1.200 F5400 A157.17210; Connection 
G1 X8.863 Y-16.188 Z1.200 F5400 A157.17566; Infill 
G1 X8.746 Y-16.632 Z1.200 F5400 A157.19168; Connection 
G1 X8.818 Y-16.704 Z1.200 F5400 A157.19524; Infill 
G1 X8.701 Y-17.147 Z1.200 F5400 A157.21127; Connection 
G1 X8.773 Y-17.219 Z1.200 F5400 A157.21483; Infill 
G1 X8.656 Y-17.662 Z1.200 F5400 A157.23085; Connection 
G1 X8.729 Y-17.734 Z1.200 F5400 A157.23441; Infill 
G1 X8.612 Y-18.177 Z1.200 F5400 A157.25044; Connection 
G1 X8.684 Y-18.249 Z1.200 F5400 A157.25400; Infill 
G1 X8.567 Y-18.692 Z1.200 F5400 A157.27002; Connection 
G1 X8.639 Y-18.764 Z1.200 F5400 A157.27358; Infill 
G1 X8.522 Y-19.208 Z1.200 F5400 A157.28961; Connection 
G1 X8.594 Y-19.280 Z1.200 F5400 A157.29317; Infill 
G1 X8.477 Y-19.723 Z1.200 F5400 A157.30919; Connection 
G1 X8.549 Y-19.795 Z1.200 F5400 A157.31275; Infill 
G1 X8.549 Y-19.795 Z1.200 F1500 A156.01275; Retract 
G1 X8.549 Y-19.795 Z1.200 F3000; Retract 
G1 X10.821 Y-12.546 Z1.200 F9000; Travel Move 
G1 X10.821 Y-12.546 Z1.200 F1500 A157.31275; Restart 
G1 X3.330 Y-5.055 Z1.200 F5400 A157.68314; Infill 
G1 X3.889 Y-5.054 Z1.200 F5400 A157.70269; Connection 
G1 X11.169 Y-12.334 Z1.200 F5400 A158.06264; Infill 
G1 X11.534 Y-12.139 Z1.200 F5400 A158.07709; Connection 
G1 X4.448 Y-5.053 Z1.200 F5400 A158.42740; Infill 
G1 X5.007 Y-5.052 Z1.200 F5400 A158.44695; Connection 
G1 X11.945 Y-11.990 Z1.200 F5400 A158.78996; Infill 
G1 X12.368 Y-11.853 Z1.200 F5400 A158.80551; Connection 
G1 X5.567 Y-5.052 Z1.200 F5400 A159.14179; Infill 
G1 X6.126 Y-5.051 Z1.200 F5400 A159.16134; Connection 
G1 X12.853 Y-11.778 Z1.200 F5400 A159.49395; Infill 
G1 X13.374 Y-11.739 Z1.200 F5400 A159.51220; Connection 
G1 X6.685 Y-5.050 Z1.200 F5400 A159.84290; Infill 
G1 X7.244 Y-5.049 Z1.200 F5400 A159.86245; Connection 
G1 X13.965 Y-11.770 Z1.200 F5400 A160.19476; Infill 
G1 X14.665 Y-11.910 Z1.200 F5400 A160.21972; Connection 
G1 X7.803 Y-5.048 Z1.200 F5400 A160.55900; Infill 
G1 X8.362 Y-5.047 Z1.200 F5400 A160.57854; Connection 
G1 X15.659 Y-12.344 Z1.200 F5400 A160.93930; Infill 
G1 X17.929 Y-11.813 Z1.200 F5400 A161.02078; Connection 
G1 X16.044 Y-9.929 Z1.200 F5400 A161.11393; Infill 
G1 X16.461 Y-9.786 Z1.200 F5400 A161.12934; Connection 
G1 X17.801 Y-11.126 Z1.200 F5400 A161.19559; Infill 
G1 X17.674 Y-10.439 Z1.200 F5400 A161.22002; Connection 
G1 X16.820 Y-9.585 Z1.200 F5400 A161.26225; Infill 
G1 X17.156 Y-9.360 Z1.200 F5400 A161.27636; Connection 
G1 X17.547 Y-9.752 Z1.200 F5400 A161.29573; Infill 
G1 X15.553 Y-9.998 Z1.200 F5400 A161.36596; Connection 
G1 X18.056 Y-12.500 Z1.200 F5400 A161.48968; Infill 
G1 X18.183 Y-13.188 Z1.200 F5400 A161.51411; Connection 
G1 X15.006 Y-10.010 Z1.200 F5400 A161.67119; Infill 
G1 X14.215 Y-9.780 Z1.200 F5400 A161.69997; Connection 
G1 X21.247 Y-16.812 Z1.200 F5400 A162.04763; Infill 
G1 X21.547 Y-16.552 Z1.200 F5400 A162.06151; Connection 
G1 X20.699 Y-15.704 Z1.200 F5400 A162.10343; Infill 
G1 X20.918 Y-17.043 Z1.200 F5400 A162.15087; Connection 
G1 X8.922 Y-5.046 Z1.200 F5400 A162.74400; Infill 
G1 X9.481 Y-5.046 Z1.200 F5400 A162.76355; Connection 
G1 X12.826 Y-8.391 Z1.200 F5400 A162.92896; Infill 
G1 X12.588 Y-7.593 Z1.200 F5400 A162.95810; Connection 
G1 X10.040 Y-5.045 Z1.200 F5400 A163.08408; Infill 
G1 X10.599 Y-5.044 Z1.200 F5400 A163.10362; Connection 
G1 X12.582 Y-7.027 Z1.200 F5400 A163.20165; Infill 
G1 X12.646 Y-6.531 Z1.200 F5400 A163.21913; Connection 
G1 X11.158 Y-5.043 Z1.200 F5400 A163.29269; Infill 
G1 X11.717 Y-5.042 Z1.200 F5400 A163.31223; Connection 
G1 X12.807 Y-6.131 Z1.200 F5400 A163.36608; Infill 
G1 X12.994 Y-5.758 Z1.200 F5400 A163.38067; Connection 
G1 X12.277 Y-5.041 Z1.200 F5400 A163.41612; Infill 
G1 X12.836 Y-5.040 Z1.200 F5400 A163.43567; Connection 
G1 X13.234 Y-5.438 Z1.200 F5400 A163.45533; Infill 
G1 X13.525 Y-5.169 Z1.200 F5400 A163.46919; Connection 
G1 X13.395 Y-5.040 Z1.200 F5400 A163.47561; Infill 
G1 X13.395 Y-5.040 Z1.200 F1500 A162.17561; Retract 
G1 X13.395 Y-5.040 Z1.200 F3000; Retract 
G1 X17.328 Y-14.013 Z1.200 F9000; Travel Move 
G1 X17.328 Y-14.013 Z1.200 F1500 A163.47561; Restart 
G1 X20.578 Y-17.263 Z1.200 F5400 A163.63627; Infill 
G1 X20.199 Y-17.444 Z1.200 F5400 A163.65094; Connection 
G1 X17.769 Y-15.013 Z1.200 F5400 A163.77112; Infill 
G1 X17.899 Y-15.704 Z1.200 F5400 A163.79570; Connection 
G1 X19.821 Y-17.626 Z1.200 F5400 A163.89071; Infill 
G1 X19.443 Y-17.808 Z1.200 F5400 A163.90538; Connection 
G1 X17.933 Y-16.298 Z1.200 F5400 A163.98002; Infill 
G1 X17.913 Y-16.838 Z1.200 F5400 A163.99889; Connection 
G1 X19.064 Y-17.989 Z1.200 F5400 A164.05583; Infill 
G1 X18.686 Y-18.171 Z1.200 F5400 A164.07050; Connection 
G1 X17.868 Y-17.353 Z1.200 F5400 A164.11094; Infill 
G1 X17.823 Y-17.868 Z1.200 F5400 A164.12902; Connection 
G1 X18.308 Y-18.353 Z1.200 F5400 A164.15298; Infill 
G1 X18.032 Y-18.637 Z1.200 F5400 A164.16682; Connection 
G1 X17.778 Y-18.383 Z1.200 F5400 A164.17937; Infill 
G1 X17.733 Y-18.899 Z1.200 F5400 A164.19745; Connection 
G1 X17.811 Y-18.976 Z1.200 F5400 A164.20126; Infill 
G1 X17.689 Y-19.414 Z1.200 F5400 A164.21716; Connection 
G1 X17.757 Y-19.482 Z1.200 F5400 A164.22052; Infill 
G1 X17.644 Y-19.929 Z1.200 F5400 A164.23665; Connection 
G1 X17.710 Y-19.995 Z1.200 F5400 A164.23992; Infill 
G1 X17.599 Y-20.444 Z1.200 F5400 A164.25609; Connection 
G1 X17.664 Y-20.509 Z1.200 F5400 A164.25928; Infill 
G1 X17.554 Y-20.959 Z1.200 F5400 A164.27549; Connection 
G1 X17.617 Y-21.022 Z1.200 F5400 A164.27859; Infill 
G1 X17.509 Y-21.475 Z1.200 F5400 A164.29485; Connection 
G1 X17.570 Y-21.536 Z1.200 F5400 A164.29787; Infill 
G1 X17.465 Y-21.990 Z1.200 F5400 A164.31417; Connection 
G1 X17.524 Y-22.049 Z1.200 F5400 A164.31710; Infill 
; Chunk 12 
; Lower Position  1.2 
; Upper Position  1.4 
; Thickness       0.2 
; Width           0.4 
G1 X17.524 Y-22.049 Z1.200 F1500 A163.01710; Retract 
G1 X17.524 Y-22.049 Z1.200 F3000; Retract 
G1 X17.524 Y-22.049 Z1.400 F1380; Travel Move 
G1 X-5.602 Y-9.850 Z1.400 F9000; Travel Move 
G1 X-5.602 Y-9.850 Z1.400 F1500 A164.31710; Restart 
G1 X-5.074 Y-10.160 Z1.400 F5400 A164.33852; Inset 
G1 X-4.116 Y-10.528 Z1.400 F5400 A164.37438; Inset 
G1 X-3.441 Y-10.166 Z1.400 F5400 A164.40118; Inset 
G1 X-2.764 Y-10.526 Z1.400 F5400 A164.42798; Inset 
G1 X-1.808 Y-10.154 Z1.400 F5400 A164.46385; Inset 
G1 X-1.215 Y-9.795 Z1.400 F5400 A164.48807; Inset 
G1 X-0.762 Y-9.399 Z1.400 F5400 A164.50909; Inset 
G1 X-0.378 Y-8.936 Z1.400 F5400 A164.53011; Inset 
G1 X-0.068 Y-8.408 Z1.400 F5400 A164.55153; Inset 
G1 X0.291 Y-7.474 Z1.400 F5400 A164.58651; Inset 
G1 X-0.054 Y-6.759 Z1.400 F5400 A164.61425; Inset 
G1 X0.297 Y-6.098 Z1.400 F5400 A164.64045; Inset 
G1 X-0.075 Y-5.142 Z1.400 F5400 A164.67632; Inset 
G1 X-0.386 Y-4.614 Z1.400 F5400 A164.69774; Inset 
G1 X-0.772 Y-4.153 Z1.400 F5400 A164.71876; Inset 
G1 X-1.227 Y-3.759 Z1.400 F5400 A164.73978; Inset 
G1 X-1.820 Y-3.402 Z1.400 F5400 A164.76400; Inset 
G1 X-2.754 Y-3.043 Z1.400 F5400 A164.79898; Inset 
G1 X-3.469 Y-3.388 Z1.400 F5400 A164.82672; Inset 
G1 X-4.131 Y-3.037 Z1.400 F5400 A164.85292; Inset 
G1 X-5.087 Y-3.409 Z1.400 F5400 A164.88878; Inset 
G1 X-5.614 Y-3.720 Z1.400 F5400 A164.91020; Inset 
G1 X-6.076 Y-4.106 Z1.400 F5400 A164.93123; Inset 
G1 X-6.469 Y-4.561 Z1.400 F5400 A164.95225; Inset 
G1 X-6.826 Y-5.154 Z1.400 F5400 A164.97647; Inset 
G1 X-7.185 Y-6.088 Z1.400 F5400 A165.01145; Inset 
G1 X-6.847 Y-6.788 Z1.400 F5400 A165.03860; Inset 
G1 X-7.182 Y-7.488 Z1.400 F5400 A165.06574; Inset 
G1 X-6.820 Y-8.421 Z1.400 F5400 A165.10073; Inset 
G1 X-6.461 Y-9.013 Z1.400 F5400 A165.12494; Inset 
G1 X-6.065 Y-9.466 Z1.400 F5400 A165.14597; Inset 
G1 X-5.602 Y-9.850 Z1.400 F5400 A165.16699; Inset 
G1 X-5.602 Y-9.850 Z1.400 F1500 A163.86699; Retract 
G1 X-5.602 Y-9.850 Z1.400 F3000; Retract 
G1 X-5.382 Y-9.516 Z1.400 F9000; Travel Move 
G1 X-5.382 Y-9.516 Z1.400 F1500 A165.16699; Restart 
G1 X-4.914 Y-9.793 Z1.400 F5400 A165.18601; Inset 
G1 X-4.144 Y-10.089 Z1.400 F5400 A165.21485; Inset 
G1 X-3.659 Y-9.829 Z1.400 F5400 A165.23408; Inset 
G1 X-3.555 Y-9.447 Z1.400 F5400 A165.24793; Inset 
G1 X-3.466 Y-9.389 Z1.400 F5400 A165.25163; Inset 
G1 X-3.407 Y-9.394 Z1.400 F5400 A165.25372; Inset 
G1 X-3.329 Y-9.446 Z1.400 F5400 A165.25699; Inset 
G1 X-3.223 Y-9.828 Z1.400 F5400 A165.27085; Inset 
G1 X-2.738 Y-10.086 Z1.400 F5400 A165.29007; Inset 
G1 X-1.969 Y-9.787 Z1.400 F5400 A165.31892; Inset 
G1 X-1.463 Y-9.480 Z1.400 F5400 A165.33961; Inset 
G1 X-1.057 Y-9.128 Z1.400 F5400 A165.35839; Inset 
G1 X-0.712 Y-8.716 Z1.400 F5400 A165.37718; Inset 
G1 X-0.435 Y-8.248 Z1.400 F5400 A165.39619; Inset 
G1 X-0.145 Y-7.492 Z1.400 F5400 A165.42451; Inset 
G1 X-0.371 Y-7.024 Z1.400 F5400 A165.44267; Inset 
G1 X-0.761 Y-6.902 Z1.400 F5400 A165.45698; Inset 
G1 X-0.826 Y-6.834 Z1.400 F5400 A165.46025; Inset 
G1 X-0.841 Y-6.776 Z1.400 F5400 A165.46234; Inset 
G1 X-0.823 Y-6.706 Z1.400 F5400 A165.46486; Inset 
G1 X-0.717 Y-6.629 Z1.400 F5400 A165.46945; Inset 
G1 X-0.400 Y-6.557 Z1.400 F5400 A165.48081; Inset 
G1 X-0.142 Y-6.072 Z1.400 F5400 A165.50004; Inset 
G1 X-0.441 Y-5.303 Z1.400 F5400 A165.52888; Inset 
G1 X-0.720 Y-4.836 Z1.400 F5400 A165.54790; Inset 
G1 X-1.066 Y-4.425 Z1.400 F5400 A165.56668; Inset 
G1 X-1.473 Y-4.074 Z1.400 F5400 A165.58546; Inset 
G1 X-1.980 Y-3.769 Z1.400 F5400 A165.60616; Inset 
G1 X-2.736 Y-3.479 Z1.400 F5400 A165.63447; Inset 
G1 X-3.204 Y-3.705 Z1.400 F5400 A165.65263; Inset 
G1 X-3.327 Y-4.095 Z1.400 F5400 A165.66695; Inset 
G1 X-3.362 Y-4.143 Z1.400 F5400 A165.66904; Inset 
G1 X-3.417 Y-4.168 Z1.400 F5400 A165.67113; Inset 
G1 X-3.510 Y-4.160 Z1.400 F5400 A165.67440; Inset 
G1 X-3.560 Y-4.127 Z1.400 F5400 A165.67649; Inset 
G1 X-3.599 Y-4.051 Z1.400 F5400 A165.67948; Inset 
G1 X-3.671 Y-3.734 Z1.400 F5400 A165.69084; Inset 
G1 X-4.156 Y-3.476 Z1.400 F5400 A165.71006; Inset 
G1 X-4.925 Y-3.775 Z1.400 F5400 A165.73891; Inset 
G1 X-5.432 Y-4.082 Z1.400 F5400 A165.75961; Inset 
G1 X-5.837 Y-4.434 Z1.400 F5400 A165.77839; Inset 
G1 X-6.182 Y-4.846 Z1.400 F5400 A165.79717; Inset 
G1 X-6.459 Y-5.314 Z1.400 F5400 A165.81618; Inset 
G1 X-6.750 Y-6.070 Z1.400 F5400 A165.84450; Inset 
G1 X-6.524 Y-6.538 Z1.400 F5400 A165.86266; Inset 
G1 X-6.133 Y-6.661 Z1.400 F5400 A165.87698; Inset 
G1 X-6.085 Y-6.696 Z1.400 F5400 A165.87906; Inset 
G1 X-6.056 Y-6.798 Z1.400 F5400 A165.88276; Inset 
G1 X-6.071 Y-6.856 Z1.400 F5400 A165.88485; Inset 
G1 X-6.121 Y-6.908 Z1.400 F5400 A165.88737; Inset 
G1 X-6.523 Y-7.036 Z1.400 F5400 A165.90211; Inset 
G1 X-6.747 Y-7.505 Z1.400 F5400 A165.92028; Inset 
G1 X-6.453 Y-8.259 Z1.400 F5400 A165.94859; Inset 
G1 X-6.146 Y-8.766 Z1.400 F5400 A165.96929; Inset 
G1 X-5.794 Y-9.171 Z1.400 F5400 A165.98807; Inset 
G1 X-5.382 Y-9.516 Z1.400 F5400 A166.00685; Inset 
G1 X-5.382 Y-9.516 Z1.400 F1500 A164.70685; Retract 
G1 X-5.382 Y-9.516 Z1.400 F3000; Retract 
G1 X-5.169 Y-9.178 Z1.400 F9000; Travel Move 
G1 X-5.169 Y-9.178 Z1.400 F1500 A166.00685; Restart 
G1 X-4.762 Y-9.423 Z1.400 F2400 A166.02344; Inset 
G1 X-4.040 Y-9.700 Z1.400 F2400 A166.05048; Inset 
G1 X-3.968 Y-9.375 Z1.400 F2400 A166.06212; Inset 
G1 X-3.880 Y-9.204 Z1.400 F2400 A166.06884; Inset 
G1 X-3.747 Y-9.077 Z1.400 F2400 A166.07527; Inset 
G1 X-3.572 Y-8.998 Z1.400 F2400 A166.08199; Inset 
G1 X-3.306 Y-9.001 Z1.400 F2400 A166.09130; Inset 
G1 X-3.138 Y-9.076 Z1.400 F2400 A166.09772; Inset 
G1 X-3.005 Y-9.202 Z1.400 F2400 A166.10414; Inset 
G1 X-2.917 Y-9.373 Z1.400 F2400 A166.11087; Inset 
G1 X-2.843 Y-9.698 Z1.400 F2400 A166.12250; Inset 
G1 X-2.122 Y-9.418 Z1.400 F2400 A166.14954; Inset 
G1 X-1.717 Y-9.171 Z1.400 F2400 A166.16614; Inset 
G1 X-1.357 Y-8.864 Z1.400 F2400 A166.18268; Inset 
G1 X-1.051 Y-8.503 Z1.400 F2400 A166.19922; Inset 
G1 X-0.806 Y-8.096 Z1.400 F2400 A166.21581; Inset 
G1 X-0.535 Y-7.392 Z1.400 F2400 A166.24219; Inset 
G1 X-0.946 Y-7.263 Z1.400 F2400 A166.25726; Inset 
G1 X-1.093 Y-7.153 Z1.400 F2400 A166.26368; Inset 
G1 X-1.196 Y-7.001 Z1.400 F2400 A166.27010; Inset 
G1 X-1.245 Y-6.739 Z1.400 F2400 A166.27941; Inset 
G1 X-1.195 Y-6.545 Z1.400 F2400 A166.28643; Inset 
G1 X-1.026 Y-6.339 Z1.400 F2400 A166.29574; Inset 
G1 X-0.855 Y-6.250 Z1.400 F2400 A166.30246; Inset 
G1 X-0.530 Y-6.177 Z1.400 F2400 A166.31410; Inset 
G1 X-0.811 Y-5.456 Z1.400 F2400 A166.34114; Inset 
G1 X-1.057 Y-5.051 Z1.400 F2400 A166.35773; Inset 
G1 X-1.365 Y-4.691 Z1.400 F2400 A166.37428; Inset 
G1 X-1.726 Y-4.385 Z1.400 F2400 A166.39082; Inset 
G1 X-2.132 Y-4.140 Z1.400 F2400 A166.40741; Inset 
G1 X-2.836 Y-3.869 Z1.400 F2400 A166.43379; Inset 
G1 X-2.965 Y-4.280 Z1.400 F2400 A166.44885; Inset 
G1 X-3.080 Y-4.434 Z1.400 F2400 A166.45558; Inset 
G1 X-3.314 Y-4.561 Z1.400 F2400 A166.46488; Inset 
G1 X-3.497 Y-4.576 Z1.400 F2400 A166.47131; Inset 
G1 X-3.675 Y-4.531 Z1.400 F2400 A166.47773; Inset 
G1 X-3.886 Y-4.368 Z1.400 F2400 A166.48703; Inset 
G1 X-3.978 Y-4.189 Z1.400 F2400 A166.49406; Inset 
G1 X-4.051 Y-3.864 Z1.400 F2400 A166.50570; Inset 
G1 X-4.772 Y-4.145 Z1.400 F2400 A166.53274; Inset 
G1 X-5.178 Y-4.391 Z1.400 F2400 A166.54933; Inset 
G1 X-5.538 Y-4.699 Z1.400 F2400 A166.56587; Inset 
G1 X-5.844 Y-5.060 Z1.400 F2400 A166.58241; Inset 
G1 X-6.089 Y-5.466 Z1.400 F2400 A166.59901; Inset 
G1 X-6.359 Y-6.170 Z1.400 F2400 A166.62539; Inset 
G1 X-5.948 Y-6.299 Z1.400 F2400 A166.64045; Inset 
G1 X-5.794 Y-6.414 Z1.400 F2400 A166.64718; Inset 
G1 X-5.668 Y-6.648 Z1.400 F2400 A166.65648; Inset 
G1 X-5.652 Y-6.831 Z1.400 F2400 A166.66290; Inset 
G1 X-5.736 Y-7.084 Z1.400 F2400 A166.67221; Inset 
G1 X-5.938 Y-7.270 Z1.400 F2400 A166.68181; Inset 
G1 X-6.357 Y-7.403 Z1.400 F2400 A166.69718; Inset 
G1 X-6.084 Y-8.106 Z1.400 F2400 A166.72356; Inset 
G1 X-5.837 Y-8.512 Z1.400 F2400 A166.74015; Inset 
G1 X-5.530 Y-8.872 Z1.400 F2400 A166.75669; Inset 
G1 X-5.169 Y-9.178 Z1.400 F2400 A166.77323; Inset 
G1 X-5.169 Y-9.178 Z1.400 F1500 A165.47323; Retract 
G1 X-5.169 Y-9.178 Z1.400 F3000; Retract 
G1 X-6.456 Y-10.772 Z1.400 F9000; Travel Move 
G1 X-6.456 Y-10.772 Z1.400 F1500 A166.77323; Restart 
G1 X-6.898 Y-10.397 Z1.400 F5400 A166.79348; Inset 
G1 X-7.293 Y-9.974 Z1.400 F5400 A166.81373; Inset 
G1 X-7.637 Y-9.507 Z1.400 F5400 A166.83398; Inset 
G1 X-7.924 Y-9.004 Z1.400 F5400 A166.85423; Inset 
G1 X-8.151 Y-8.471 Z1.400 F5400 A166.87449; Inset 
G1 X-8.315 Y-7.916 Z1.400 F5400 A166.89474; Inset 
G1 X-8.414 Y-7.345 Z1.400 F5400 A166.91499; Inset 
G1 X-8.445 Y-6.767 Z1.400 F5400 A166.93524; Inset 
G1 X-8.410 Y-6.188 Z1.400 F5400 A166.95549; Inset 
G1 X-8.308 Y-5.618 Z1.400 F5400 A166.97574; Inset 
G1 X-8.141 Y-5.064 Z1.400 F5400 A166.99599; Inset 
G1 X-7.911 Y-4.532 Z1.400 F5400 A167.01624; Inset 
G1 X-7.621 Y-4.031 Z1.400 F5400 A167.03649; Inset 
G1 X-7.274 Y-3.566 Z1.400 F5400 A167.05674; Inset 
G1 X-6.877 Y-3.145 Z1.400 F5400 A167.07700; Inset 
G1 X-6.433 Y-2.773 Z1.400 F5400 A167.09724; Inset 
G1 X-5.949 Y-2.454 Z1.400 F5400 A167.11750; Inset 
G1 X-5.432 Y-2.194 Z1.400 F5400 A167.13774; Inset 
G1 X-4.888 Y-1.995 Z1.400 F5400 A167.15800; Inset 
G1 X-4.324 Y-1.860 Z1.400 F5400 A167.17825; Inset 
G1 X-3.749 Y-1.792 Z1.400 F5400 A167.19850; Inset 
G1 X-3.170 Y-1.791 Z1.400 F5400 A167.21875; Inset 
G1 X-2.594 Y-1.856 Z1.400 F5400 A167.23900; Inset 
G1 X-2.030 Y-1.988 Z1.400 F5400 A167.25925; Inset 
G1 X-1.485 Y-2.184 Z1.400 F5400 A167.27950; Inset 
G1 X-0.967 Y-2.442 Z1.400 F5400 A167.29975; Inset 
G1 X-0.481 Y-2.758 Z1.400 F5400 A167.32001; Inset 
G1 X-0.036 Y-3.128 Z1.400 F5400 A167.34025; Inset 
G1 X0.353 Y-3.536 Z1.400 F5400 A167.35996; Inset 
G1 X1.067 Y-4.547 Z1.400 F5400 A167.40323; Inset 
G1 X1.501 Y-4.772 Z1.400 F5400 A167.42031; Inset 
G1 X15.299 Y-4.751 Z1.400 F5400 A167.90270; Inset 
M73 P21; Update Progress 
G1 X15.018 Y-4.768 Z1.400 F5400 A167.91253; Inset 
G1 X14.405 Y-4.929 Z1.400 F5400 A167.93472; Inset 
G1 X13.953 Y-5.163 Z1.400 F5400 A167.95250; Inset 
G1 X13.378 Y-5.694 Z1.400 F5400 A167.97986; Inset 
G1 X13.277 Y-5.831 Z1.400 F5400 A167.98581; Inset 
G1 X12.973 Y-6.436 Z1.400 F5400 A168.00949; Inset 
G1 X12.924 Y-6.599 Z1.400 F5400 A168.01544; Inset 
G1 X12.842 Y-7.250 Z1.400 F5400 A168.03837; Inset 
G1 X12.891 Y-7.756 Z1.400 F5400 A168.05615; Inset 
G1 X13.161 Y-8.468 Z1.400 F5400 A168.08276; Inset 
G1 X13.452 Y-8.886 Z1.400 F5400 A168.10055; Inset 
G1 X14.051 Y-9.389 Z1.400 F5400 A168.12791; Inset 
G1 X14.200 Y-9.472 Z1.400 F5400 A168.13386; Inset 
G1 X14.839 Y-9.696 Z1.400 F5400 A168.15753; Inset 
G1 X15.007 Y-9.724 Z1.400 F5400 A168.16348; Inset 
G1 X15.789 Y-9.707 Z1.400 F5400 A168.19084; Inset 
G1 X16.277 Y-9.562 Z1.400 F5400 A168.20863; Inset 
G1 X16.849 Y-9.241 Z1.400 F5400 A168.23156; Inset 
G1 X16.981 Y-9.134 Z1.400 F5400 A168.23751; Inset 
G1 X17.427 Y-8.625 Z1.400 F5400 A168.26118; Inset 
G1 X17.575 Y-8.332 Z1.400 F5400 A168.27266; Inset 
G1 X18.483 Y-13.236 Z1.400 F5400 A168.44703; Inset 
G1 X18.655 Y-13.735 Z1.400 F5400 A168.46546; Inset 
G1 X18.735 Y-13.878 Z1.400 F5400 A168.47119; Inset 
G1 X19.161 Y-14.371 Z1.400 F5400 A168.49398; Inset 
G1 X22.222 Y-16.346 Z1.400 F5400 A168.62133; Inset 
G1 X21.357 Y-17.095 Z1.400 F5400 A168.66131; Inset 
G1 X20.759 Y-17.493 Z1.400 F5400 A168.68643; Inset 
G1 X18.383 Y-18.634 Z1.400 F5400 A168.77859; Inset 
G1 X18.081 Y-19.068 Z1.400 F5400 A168.79705; Inset 
G1 X17.748 Y-22.739 Z1.400 F5400 A168.92593; Inset 
G1 X17.121 Y-22.641 Z1.400 F5400 A168.94813; Inset 
G1 X17.650 Y-16.557 Z1.400 F5400 A169.16163; Inset 
G1 X17.642 Y-15.886 Z1.400 F5400 A169.18509; Inset 
G1 X17.494 Y-15.094 Z1.400 F5400 A169.21329; Inset 
G1 X17.236 Y-14.419 Z1.400 F5400 A169.23852; Inset 
G1 X16.868 Y-13.798 Z1.400 F5400 A169.26376; Inset 
G1 X16.461 Y-13.309 Z1.400 F5400 A169.28603; Inset 
G1 X15.916 Y-12.835 Z1.400 F5400 A169.31127; Inset 
G1 X15.299 Y-12.460 Z1.400 F5400 A169.33650; Inset 
G1 X14.546 Y-12.171 Z1.400 F5400 A169.36470; Inset 
G1 X13.837 Y-12.037 Z1.400 F5400 A169.38993; Inset 
G1 X13.200 Y-12.020 Z1.400 F5400 A169.41221; Inset 
G1 X12.485 Y-12.116 Z1.400 F5400 A169.43744; Inset 
G1 X11.717 Y-12.365 Z1.400 F5400 A169.46563; Inset 
G1 X11.082 Y-12.706 Z1.400 F5400 A169.49087; Inset 
G1 X10.513 Y-13.150 Z1.400 F5400 A169.51611; Inset 
G1 X10.027 Y-13.684 Z1.400 F5400 A169.54134; Inset 
G1 X9.639 Y-14.293 Z1.400 F5400 A169.56658; Inset 
G1 X9.359 Y-14.958 Z1.400 F5400 A169.59181; Inset 
G1 X9.197 Y-15.648 Z1.400 F5400 A169.61657; Inset 
G1 X8.789 Y-20.336 Z1.400 F5400 A169.78110; Inset 
G1 X8.170 Y-20.085 Z1.400 F5400 A169.80448; Inset 
G1 X8.165 Y-20.016 Z1.400 F5400 A169.80689; Inset 
G1 X8.913 Y-11.407 Z1.400 F5400 A170.10898; Inset 
G1 X8.317 Y-10.759 Z1.400 F5400 A170.13977; Inset 
G1 X-0.246 Y-10.775 Z1.400 F5400 A170.43916; Inset 
G1 X-0.485 Y-10.835 Z1.400 F5400 A170.44778; Inset 
G1 X-1.530 Y-11.396 Z1.400 F5400 A170.48921; Inset 
G1 X-2.058 Y-11.583 Z1.400 F5400 A170.50882; Inset 
G1 X-2.623 Y-11.711 Z1.400 F5400 A170.52906; Inset 
G1 X-3.199 Y-11.773 Z1.400 F5400 A170.54932; Inset 
G1 X-3.778 Y-11.768 Z1.400 F5400 A170.56957; Inset 
G1 X-4.353 Y-11.697 Z1.400 F5400 A170.58982; Inset 
G1 X-4.916 Y-11.559 Z1.400 F5400 A170.61007; Inset 
G1 X-5.459 Y-11.357 Z1.400 F5400 A170.63032; Inset 
G1 X-5.974 Y-11.093 Z1.400 F5400 A170.65057; Inset 
G1 X-6.456 Y-10.772 Z1.400 F5400 A170.67082; Inset 
G1 X-6.456 Y-10.772 Z1.400 F1500 A169.37082; Retract 
G1 X-6.456 Y-10.772 Z1.400 F3000; Retract 
G1 X14.275 Y-9.056 Z1.400 F9000; Travel Move 
G1 X14.275 Y-9.056 Z1.400 F1500 A170.67082; Restart 
G1 X14.939 Y-9.307 Z1.400 F5400 A170.69564; Inset 
G1 X15.636 Y-9.323 Z1.400 F5400 A170.72002; Inset 
G1 X16.032 Y-9.229 Z1.400 F5400 A170.73425; Inset 
G1 X16.623 Y-8.909 Z1.400 F5400 A170.75775; Inset 
G1 X16.703 Y-8.844 Z1.400 F5400 A170.76132; Inset 
G1 X17.158 Y-8.299 Z1.400 F5400 A170.78614; Inset 
G1 X17.405 Y-7.634 Z1.400 F5400 A170.81096; Inset 
G1 X17.430 Y-7.025 Z1.400 F5400 A170.83226; Inset 
G1 X17.237 Y-6.342 Z1.400 F5400 A170.85708; Inset 
G1 X16.828 Y-5.762 Z1.400 F5400 A170.88190; Inset 
G1 X16.248 Y-5.351 Z1.400 F5400 A170.90673; Inset 
G1 X15.578 Y-5.160 Z1.400 F5400 A170.93110; Inset 
G1 X15.095 Y-5.161 Z1.400 F5400 A170.94798; Inset 
G1 X14.460 Y-5.338 Z1.400 F5400 A170.97103; Inset 
G1 X14.110 Y-5.545 Z1.400 F5400 A170.98526; Inset 
G1 X13.619 Y-6.041 Z1.400 F5400 A171.00964; Inset 
G1 X13.317 Y-6.683 Z1.400 F5400 A171.03446; Inset 
G1 X13.242 Y-7.351 Z1.400 F5400 A171.05796; Inset 
G1 X13.304 Y-7.753 Z1.400 F5400 A171.07219; Inset 
G1 X13.523 Y-8.294 Z1.400 F5400 A171.09259; Inset 
G1 X13.758 Y-8.627 Z1.400 F5400 A171.10681; Inset 
G1 X14.275 Y-9.056 Z1.400 F5400 A171.13032; Inset 
G1 X14.275 Y-9.056 Z1.400 F1500 A169.83032; Retract 
G1 X14.275 Y-9.056 Z1.400 F3000; Retract 
G1 X14.513 Y-8.734 Z1.400 F9000; Travel Move 
G1 X14.513 Y-8.734 Z1.400 F1500 A171.13032; Restart 
G1 X15.056 Y-8.924 Z1.400 F2400 A171.15044; Inset 
G1 X15.623 Y-8.923 Z1.400 F2400 A171.17026; Inset 
G1 X15.919 Y-8.846 Z1.400 F2400 A171.18095; Inset 
G1 X16.413 Y-8.568 Z1.400 F2400 A171.20076; Inset 
G1 X16.792 Y-8.135 Z1.400 F2400 A171.22089; Inset 
G1 X17.006 Y-7.601 Z1.400 F2400 A171.24101; Inset 
G1 X17.029 Y-7.026 Z1.400 F2400 A171.26113; Inset 
G1 X16.860 Y-6.476 Z1.400 F2400 A171.28126; Inset 
G1 X16.517 Y-6.014 Z1.400 F2400 A171.30138; Inset 
G1 X16.039 Y-5.692 Z1.400 F2400 A171.32150; Inset 
G1 X15.490 Y-5.550 Z1.400 F2400 A171.34132; Inset 
G1 X15.184 Y-5.551 Z1.400 F2400 A171.35201; Inset 
G1 X14.645 Y-5.693 Z1.400 F2400 A171.37152; Inset 
G1 X14.378 Y-5.842 Z1.400 F2400 A171.38221; Inset 
G1 X13.969 Y-6.235 Z1.400 F2400 A171.40203; Inset 
G1 X13.711 Y-6.750 Z1.400 F2400 A171.42215; Inset 
G1 X13.640 Y-7.312 Z1.400 F2400 A171.44197; Inset 
G1 X13.680 Y-7.615 Z1.400 F2400 A171.45265; Inset 
G1 X13.889 Y-8.133 Z1.400 F2400 A171.47217; Inset 
G1 X14.071 Y-8.378 Z1.400 F2400 A171.48285; Inset 
G1 X14.513 Y-8.734 Z1.400 F2400 A171.50267; Inset 
G1 X14.513 Y-8.734 Z1.400 F1500 A170.20267; Retract 
G1 X14.513 Y-8.734 Z1.400 F3000; Retract 
G1 X-6.698 Y-11.092 Z1.400 F9000; Travel Move 
G1 X-6.698 Y-11.092 Z1.400 F1500 A171.50267; Restart 
G1 X-7.174 Y-10.687 Z1.400 F5400 A171.52454; Inset 
G1 X-7.601 Y-10.230 Z1.400 F5400 A171.54642; Inset 
G1 X-7.972 Y-9.726 Z1.400 F5400 A171.56829; Inset 
G1 X-8.283 Y-9.182 Z1.400 F5400 A171.59016; Inset 
G1 X-8.528 Y-8.607 Z1.400 F5400 A171.61204; Inset 
G1 X-8.705 Y-8.007 Z1.400 F5400 A171.63391; Inset 
G1 X-8.812 Y-7.390 Z1.400 F5400 A171.65579; Inset 
G1 X-8.846 Y-6.765 Z1.400 F5400 A171.67766; Inset 
G1 X-8.808 Y-6.141 Z1.400 F5400 A171.69954; Inset 
G1 X-8.698 Y-5.525 Z1.400 F5400 A171.72141; Inset 
G1 X-8.517 Y-4.926 Z1.400 F5400 A171.74328; Inset 
G1 X-8.269 Y-4.352 Z1.400 F5400 A171.76515; Inset 
G1 X-7.955 Y-3.810 Z1.400 F5400 A171.78703; Inset 
G1 X-7.581 Y-3.309 Z1.400 F5400 A171.80891; Inset 
G1 X-7.152 Y-2.854 Z1.400 F5400 A171.83078; Inset 
G1 X-6.672 Y-2.451 Z1.400 F5400 A171.85265; Inset 
G1 X-6.150 Y-2.107 Z1.400 F5400 A171.87453; Inset 
G1 X-5.591 Y-1.826 Z1.400 F5400 A171.89640; Inset 
G1 X-5.003 Y-1.611 Z1.400 F5400 A171.91828; Inset 
G1 X-4.395 Y-1.466 Z1.400 F5400 A171.94015; Inset 
G1 X-3.773 Y-1.392 Z1.400 F5400 A171.96203; Inset 
G1 X-3.148 Y-1.390 Z1.400 F5400 A171.98389; Inset 
G1 X-2.526 Y-1.461 Z1.400 F5400 A172.00578; Inset 
G1 X-1.917 Y-1.604 Z1.400 F5400 A172.02764; Inset 
G1 X-1.328 Y-1.815 Z1.400 F5400 A172.04952; Inset 
G1 X-0.768 Y-2.094 Z1.400 F5400 A172.07140; Inset 
G1 X-0.243 Y-2.435 Z1.400 F5400 A172.09327; Inset 
G1 X0.238 Y-2.835 Z1.400 F5400 A172.11514; Inset 
G1 X0.663 Y-3.281 Z1.400 F5400 A172.13669; Inset 
G1 X1.338 Y-4.237 Z1.400 F5400 A172.17758; Inset 
G1 X1.598 Y-4.372 Z1.400 F5400 A172.18782; Inset 
G1 X15.225 Y-4.346 Z1.400 F5400 A172.66423; Inset 
G1 X15.947 Y-4.451 Z1.400 F5400 A172.68975; Inset 
G1 X16.203 Y-4.547 Z1.400 F5400 A172.69930; Inset 
G1 X16.626 Y-4.783 Z1.400 F5400 A172.71625; Inset 
G1 X16.864 Y-4.974 Z1.400 F5400 A172.72690; Inset 
G1 X17.184 Y-5.331 Z1.400 F5400 A172.74367; Inset 
G1 X17.348 Y-5.587 Z1.400 F5400 A172.75428; Inset 
G1 X17.531 Y-6.012 Z1.400 F5400 A172.77045; Inset 
G1 X17.612 Y-6.329 Z1.400 F5400 A172.78189; Inset 
G1 X18.873 Y-13.147 Z1.400 F5400 A173.02432; Inset 
G1 X19.068 Y-13.654 Z1.400 F5400 A173.04330; Inset 
G1 X19.405 Y-14.052 Z1.400 F5400 A173.06154; Inset 
G1 X22.887 Y-16.300 Z1.400 F5400 A173.20641; Inset 
G1 X21.600 Y-17.414 Z1.400 F5400 A173.26591; Inset 
G1 X20.957 Y-17.841 Z1.400 F5400 A173.29290; Inset 
G1 X18.651 Y-18.949 Z1.400 F5400 A173.38234; Inset 
G1 X18.470 Y-19.209 Z1.400 F5400 A173.39342; Inset 
G1 X18.140 Y-22.849 Z1.400 F5400 A173.52118; Inset 
G1 X18.088 Y-22.967 Z1.400 F5400 A173.52570; Inset 
G1 X18.002 Y-23.061 Z1.400 F5400 A173.53017; Inset 
G1 X17.852 Y-23.138 Z1.400 F5400 A173.53604; Inset 
G1 X17.654 Y-23.140 Z1.400 F5400 A173.54296; Inset 
G1 X16.691 Y-22.973 Z1.400 F5400 A173.57716; Inset 
G1 X17.251 Y-16.533 Z1.400 F5400 A173.80315; Inset 
G1 X17.238 Y-15.859 Z1.400 F5400 A173.82672; Inset 
G1 X17.113 Y-15.217 Z1.400 F5400 A173.84959; Inset 
G1 X16.903 Y-14.651 Z1.400 F5400 A173.87067; Inset 
G1 X16.579 Y-14.083 Z1.400 F5400 A173.89353; Inset 
G1 X16.164 Y-13.578 Z1.400 F5400 A173.91639; Inset 
G1 X15.669 Y-13.150 Z1.400 F5400 A173.93926; Inset 
G1 X15.110 Y-12.812 Z1.400 F5400 A173.96212; Inset 
G1 X14.501 Y-12.574 Z1.400 F5400 A173.98498; Inset 
G1 X13.860 Y-12.442 Z1.400 F5400 A174.00784; Inset 
G1 X13.206 Y-12.421 Z1.400 F5400 A174.03070; Inset 
G1 X12.559 Y-12.510 Z1.400 F5400 A174.05356; Inset 
G1 X11.935 Y-12.707 Z1.400 F5400 A174.07643; Inset 
G1 X11.354 Y-13.007 Z1.400 F5400 A174.09929; Inset 
G1 X10.794 Y-13.435 Z1.400 F5400 A174.12393; Inset 
G1 X10.353 Y-13.917 Z1.400 F5400 A174.14679; Inset 
G1 X9.999 Y-14.467 Z1.400 F5400 A174.16965; Inset 
G1 X9.743 Y-15.069 Z1.400 F5400 A174.19251; Inset 
G1 X9.594 Y-15.697 Z1.400 F5400 A174.21509; Inset 
G1 X9.142 Y-20.902 Z1.400 F5400 A174.39771; Inset 
G1 X8.041 Y-20.475 Z1.400 F5400 A174.43898; Inset 
G1 X7.902 Y-20.389 Z1.400 F5400 A174.44469; Inset 
G1 X7.822 Y-20.295 Z1.400 F5400 A174.44902; Inset 
G1 X7.775 Y-20.181 Z1.400 F5400 A174.45330; Inset 
G1 X7.763 Y-20.013 Z1.400 F5400 A174.45922; Inset 
G1 X8.500 Y-11.548 Z1.400 F5400 A174.75625; Inset 
G1 X8.142 Y-11.159 Z1.400 F5400 A174.77473; Inset 
G1 X-0.196 Y-11.175 Z1.400 F5400 A175.06623; Inset 
G1 X-0.340 Y-11.211 Z1.400 F5400 A175.07140; Inset 
G1 X-1.368 Y-11.763 Z1.400 F5400 A175.11219; Inset 
G1 X-1.947 Y-11.967 Z1.400 F5400 A175.13367; Inset 
G1 X-2.557 Y-12.106 Z1.400 F5400 A175.15554; Inset 
G1 X-3.179 Y-12.173 Z1.400 F5400 A175.17742; Inset 
G1 X-3.805 Y-12.168 Z1.400 F5400 A175.19929; Inset 
G1 X-4.426 Y-12.091 Z1.400 F5400 A175.22116; Inset 
G1 X-5.033 Y-11.942 Z1.400 F5400 A175.24304; Inset 
G1 X-5.620 Y-11.724 Z1.400 F5400 A175.26492; Inset 
G1 X-6.177 Y-11.439 Z1.400 F5400 A175.28679; Inset 
G1 X-6.698 Y-11.092 Z1.400 F5400 A175.30867; Inset 
G1 X-6.698 Y-11.092 Z1.400 F1500 A174.00867; Retract 
G1 X-6.698 Y-11.092 Z1.400 F3000; Retract 
G1 X-6.939 Y-11.412 Z1.400 F9000; Travel Move 
G1 X-6.939 Y-11.412 Z1.400 F1500 A175.30867; Restart 
G1 X-7.451 Y-10.977 Z1.400 F2400 A175.33216; Inset 
G1 X-7.910 Y-10.485 Z1.400 F2400 A175.35566; Inset 
G1 X-8.308 Y-9.944 Z1.400 F2400 A175.37916; Inset 
G1 X-8.642 Y-9.361 Z1.400 F2400 A175.40266; Inset 
G1 X-8.905 Y-8.742 Z1.400 F2400 A175.42615; Inset 
G1 X-9.095 Y-8.098 Z1.400 F2400 A175.44965; Inset 
G1 X-9.210 Y-7.435 Z1.400 F2400 A175.47315; Inset 
G1 X-9.247 Y-6.764 Z1.400 F2400 A175.49664; Inset 
G1 X-9.206 Y-6.093 Z1.400 F2400 A175.52014; Inset 
G1 X-9.088 Y-5.432 Z1.400 F2400 A175.54364; Inset 
G1 X-8.894 Y-4.788 Z1.400 F2400 A175.56713; Inset 
G1 X-8.627 Y-4.171 Z1.400 F2400 A175.59064; Inset 
G1 X-8.290 Y-3.590 Z1.400 F2400 A175.61413; Inset 
G1 X-7.888 Y-3.051 Z1.400 F2400 A175.63763; Inset 
G1 X-7.427 Y-2.562 Z1.400 F2400 A175.66113; Inset 
G1 X-6.912 Y-2.130 Z1.400 F2400 A175.68462; Inset 
G1 X-6.350 Y-1.760 Z1.400 F2400 A175.70812; Inset 
G1 X-5.750 Y-1.458 Z1.400 F2400 A175.73162; Inset 
G1 X-5.119 Y-1.228 Z1.400 F2400 A175.75512; Inset 
G1 X-4.465 Y-1.072 Z1.400 F2400 A175.77862; Inset 
G1 X-3.798 Y-0.992 Z1.400 F2400 A175.80211; Inset 
G1 X-3.126 Y-0.990 Z1.400 F2400 A175.82561; Inset 
G1 X-2.458 Y-1.067 Z1.400 F2400 A175.84911; Inset 
G1 X-1.803 Y-1.219 Z1.400 F2400 A175.87260; Inset 
G1 X-1.171 Y-1.447 Z1.400 F2400 A175.89610; Inset 
G1 X-0.569 Y-1.746 Z1.400 F2400 A175.91960; Inset 
G1 X-0.006 Y-2.113 Z1.400 F2400 A175.94310; Inset 
G1 X0.511 Y-2.542 Z1.400 F2400 A175.96659; Inset 
G1 X0.973 Y-3.027 Z1.400 F2400 A175.98998; Inset 
G1 X1.640 Y-3.971 Z1.400 F2400 A176.03041; Inset 
G1 X15.236 Y-3.945 Z1.400 F2400 A176.50575; Inset 
G1 X15.578 Y-3.966 Z1.400 F2400 A176.51772; Inset 
G1 X16.059 Y-4.066 Z1.400 F2400 A176.53487; Inset 
G1 X16.372 Y-4.183 Z1.400 F2400 A176.54656; Inset 
G1 X16.851 Y-4.450 Z1.400 F2400 A176.56574; Inset 
G1 X17.140 Y-4.683 Z1.400 F2400 A176.57870; Inset 
G1 X17.504 Y-5.088 Z1.400 F2400 A176.59776; Inset 
G1 X17.702 Y-5.399 Z1.400 F2400 A176.61065; Inset 
G1 X17.911 Y-5.882 Z1.400 F2400 A176.62905; Inset 
G1 X18.003 Y-6.243 Z1.400 F2400 A176.64205; Inset 
G1 X19.265 Y-13.067 Z1.400 F2400 A176.88466; Inset 
G1 X19.391 Y-13.418 Z1.400 F2400 A176.89770; Inset 
G1 X19.636 Y-13.725 Z1.400 F2400 A176.91144; Inset 
G1 X23.209 Y-16.031 Z1.400 F2400 A177.06011; Inset 
M73 P22; Update Progress 
G1 X23.338 Y-16.188 Z1.400 F2400 A177.06720; Inset 
G1 X23.351 Y-16.341 Z1.400 F2400 A177.07259; Inset 
G1 X23.290 Y-16.480 Z1.400 F2400 A177.07787; Inset 
G1 X21.843 Y-17.733 Z1.400 F2400 A177.14480; Inset 
G1 X21.156 Y-18.190 Z1.400 F2400 A177.17364; Inset 
G1 X18.865 Y-19.290 Z1.400 F2400 A177.26249; Inset 
G1 X18.533 Y-22.950 Z1.400 F2400 A177.39098; Inset 
G1 X18.428 Y-23.188 Z1.400 F2400 A177.40008; Inset 
G1 X18.252 Y-23.380 Z1.400 F2400 A177.40918; Inset 
G1 X18.016 Y-23.509 Z1.400 F2400 A177.41857; Inset 
G1 X17.905 Y-23.538 Z1.400 F2400 A177.42257; Inset 
G1 X17.622 Y-23.540 Z1.400 F2400 A177.43249; Inset 
G1 X16.260 Y-23.304 Z1.400 F2400 A177.48079; Inset 
G1 X16.852 Y-16.503 Z1.400 F2400 A177.71944; Inset 
G1 X16.843 Y-15.924 Z1.400 F2400 A177.73970; Inset 
G1 X16.735 Y-15.348 Z1.400 F2400 A177.76019; Inset 
G1 X16.531 Y-14.798 Z1.400 F2400 A177.78068; Inset 
G1 X16.238 Y-14.291 Z1.400 F2400 A177.80118; Inset 
G1 X15.862 Y-13.841 Z1.400 F2400 A177.82167; Inset 
G1 X15.416 Y-13.460 Z1.400 F2400 A177.84216; Inset 
G1 X14.912 Y-13.161 Z1.400 F2400 A177.86265; Inset 
G1 X14.365 Y-12.951 Z1.400 F2400 A177.88315; Inset 
G1 X13.790 Y-12.836 Z1.400 F2400 A177.90364; Inset 
G1 X13.204 Y-12.821 Z1.400 F2400 A177.92413; Inset 
G1 X12.624 Y-12.904 Z1.400 F2400 A177.94463; Inset 
G1 X12.066 Y-13.085 Z1.400 F2400 A177.96512; Inset 
G1 X11.547 Y-13.357 Z1.400 F2400 A177.98561; Inset 
G1 X11.082 Y-13.713 Z1.400 F2400 A178.00610; Inset 
G1 X10.683 Y-14.143 Z1.400 F2400 A178.02660; Inset 
G1 X10.363 Y-14.634 Z1.400 F2400 A178.04709; Inset 
G1 X10.130 Y-15.172 Z1.400 F2400 A178.06758; Inset 
G1 X9.992 Y-15.740 Z1.400 F2400 A178.08801; Inset 
G1 X9.494 Y-21.467 Z1.400 F2400 A178.28899; Inset 
G1 X7.862 Y-20.835 Z1.400 F2400 A178.35018; Inset 
G1 X7.637 Y-20.696 Z1.400 F2400 A178.35940; Inset 
G1 X7.476 Y-20.505 Z1.400 F2400 A178.36816; Inset 
G1 X7.381 Y-20.274 Z1.400 F2400 A178.37690; Inset 
G1 X7.362 Y-20.009 Z1.400 F2400 A178.38616; Inset 
G1 X8.097 Y-11.559 Z1.400 F2400 A178.68269; Inset 
G1 X-0.171 Y-11.575 Z1.400 F2400 A178.97177; Inset 
G1 X-1.205 Y-12.130 Z1.400 F2400 A179.01279; Inset 
G1 X-1.836 Y-12.352 Z1.400 F2400 A179.03615; Inset 
G1 X-2.491 Y-12.501 Z1.400 F2400 A179.05965; Inset 
G1 X-3.159 Y-12.574 Z1.400 F2400 A179.08315; Inset 
G1 X-3.831 Y-12.568 Z1.400 F2400 A179.10665; Inset 
G1 X-4.498 Y-12.485 Z1.400 F2400 A179.13014; Inset 
G1 X-5.151 Y-12.325 Z1.400 F2400 A179.15364; Inset 
G1 X-5.781 Y-12.091 Z1.400 F2400 A179.17714; Inset 
G1 X-6.380 Y-11.785 Z1.400 F2400 A179.20064; Inset 
G1 X-6.939 Y-11.412 Z1.400 F2400 A179.22413; Inset 
G1 X-6.939 Y-11.412 Z1.400 F1500 A177.92413; Retract 
G1 X-6.939 Y-11.412 Z1.400 F3000; Retract 
G1 X-6.238 Y-10.574 Z1.400 F9000; Travel Move 
G1 X-6.238 Y-10.574 Z1.400 F1500 A179.22413; Restart 
G1 X-5.755 Y-10.092 Z1.400 F5400 A179.24797; Infill 
G1 X-6.063 Y-9.840 Z1.400 F5400 A179.26189; Connection 
G1 X-6.545 Y-10.322 Z1.400 F5400 A179.28571; Infill 
G1 X-6.832 Y-10.049 Z1.400 F5400 A179.29956; Connection 
G1 X-6.354 Y-9.571 Z1.400 F5400 A179.32320; Infill 
G1 X-6.615 Y-9.272 Z1.400 F5400 A179.33707; Connection 
G1 X-7.099 Y-9.755 Z1.400 F5400 A179.36099; Infill 
G1 X-7.336 Y-9.433 Z1.400 F5400 A179.37499; Connection 
G1 X-6.841 Y-8.938 Z1.400 F5400 A179.39948; Infill 
G1 X-7.052 Y-8.589 Z1.400 F5400 A179.41373; Connection 
G1 X-7.548 Y-9.085 Z1.400 F5400 A179.43826; Infill 
G1 X-7.737 Y-8.713 Z1.400 F5400 A179.45283; Connection 
G1 X-7.216 Y-8.192 Z1.400 F5400 A179.47861; Infill 
G1 X-7.372 Y-7.789 Z1.400 F5400 A179.49373; Connection 
G1 X-7.899 Y-8.315 Z1.400 F5400 A179.51976; Infill 
G1 X-8.026 Y-7.883 Z1.400 F5400 A179.53553; Connection 
G1 X-7.378 Y-7.235 Z1.400 F5400 A179.56758; Infill 
G1 X-7.271 Y-6.568 Z1.400 F5400 A179.59120; Connection 
G1 X-8.112 Y-7.409 Z1.400 F5400 A179.63278; Infill 
G1 X-8.152 Y-6.889 Z1.400 F5400 A179.65102; Connection 
G1 X-7.454 Y-6.190 Z1.400 F5400 A179.68556; Infill 
G1 X-8.131 Y-6.307 Z1.400 F5400 A179.70959; Connection 
G1 X-7.229 Y-5.405 Z1.400 F5400 A179.75419; Infill 
G1 X-8.013 Y-5.629 Z1.400 F5400 A179.78271; Connection 
G1 X-4.605 Y-2.221 Z1.400 F5400 A179.95119; Infill 
G1 X-3.924 Y-2.101 Z1.400 F5400 A179.97536; Connection 
G1 X-4.823 Y-2.999 Z1.400 F5400 A180.01976; Infill 
G1 X-4.030 Y-2.766 Z1.400 F5400 A180.04864; Connection 
G1 X-3.341 Y-2.077 Z1.400 F5400 A180.08273; Infill 
G1 X-2.822 Y-2.118 Z1.400 F5400 A180.10093; Connection 
G1 X-3.664 Y-2.961 Z1.400 F5400 A180.14258; Infill 
G1 X-2.976 Y-2.833 Z1.400 F5400 A180.16704; Connection 
G1 X-2.350 Y-2.207 Z1.400 F5400 A180.19800; Infill 
G1 X-1.916 Y-2.333 Z1.400 F5400 A180.21380; Connection 
G1 X-2.441 Y-2.857 Z1.400 F5400 A180.23973; Infill 
G1 X-2.036 Y-3.013 Z1.400 F5400 A180.25488; Connection 
G1 X-1.513 Y-2.490 Z1.400 F5400 A180.28076; Infill 
G1 X-1.139 Y-2.676 Z1.400 F5400 A180.29536; Connection 
G1 X-1.640 Y-3.177 Z1.400 F5400 A180.32015; Infill 
G1 X-1.290 Y-3.387 Z1.400 F5400 A180.33442; Connection 
G1 X-0.797 Y-2.894 Z1.400 F5400 A180.35882; Infill 
G1 X-0.477 Y-3.133 Z1.400 F5400 A180.37281; Connection 
G1 X-0.957 Y-3.614 Z1.400 F5400 A180.39656; Infill 
G1 X-0.657 Y-3.874 Z1.400 F5400 A180.41044; Connection 
G1 X-0.177 Y-3.394 Z1.400 F5400 A180.43417; Infill 
G1 X0.096 Y-3.681 Z1.400 F5400 A180.44802; Connection 
G1 X-0.389 Y-4.165 Z1.400 F5400 A180.47199; Infill 
G1 X-0.137 Y-4.474 Z1.400 F5400 A180.48590; Connection 
G1 X0.333 Y-4.004 Z1.400 F5400 A180.50915; Infill 
G1 X0.565 Y-4.332 Z1.400 F5400 A180.52320; Connection 
G1 X0.071 Y-4.826 Z1.400 F5400 A180.54762; Infill 
G1 X0.255 Y-5.201 Z1.400 F5400 A180.56225; Connection 
G1 X0.797 Y-4.660 Z1.400 F5400 A180.58900; Infill 
G1 X1.120 Y-4.897 Z1.400 F5400 A180.60301; Connection 
G1 X0.412 Y-5.604 Z1.400 F5400 A180.63800; Infill 
G1 X0.569 Y-6.008 Z1.400 F5400 A180.65313; Connection 
G1 X1.519 Y-5.058 Z1.400 F5400 A180.70010; Infill 
G1 X2.080 Y-5.057 Z1.400 F5400 A180.71971; Connection 
G1 X0.300 Y-6.836 Z1.400 F5400 A180.80769; Infill 
G1 X0.483 Y-7.214 Z1.400 F5400 A180.82235; Connection 
G1 X2.641 Y-5.056 Z1.400 F5400 A180.92905; Infill 
G1 X3.202 Y-5.055 Z1.400 F5400 A180.94866; Connection 
G1 X0.481 Y-7.776 Z1.400 F5400 A181.08317; Infill 
G1 X0.056 Y-8.760 Z1.400 F5400 A181.12066; Connection 
G1 X3.763 Y-5.054 Z1.400 F5400 A181.30389; Infill 
G1 X4.324 Y-5.053 Z1.400 F5400 A181.32350; Connection 
G1 X-1.817 Y-11.194 Z1.400 F5400 A181.62710; Infill 
G1 X-2.594 Y-11.411 Z1.400 F5400 A181.65531; Connection 
G1 X-1.462 Y-10.278 Z1.400 F5400 A181.71131; Infill 
G1 X-2.456 Y-10.713 Z1.400 F5400 A181.74924; Connection 
G1 X-3.230 Y-11.487 Z1.400 F5400 A181.78752; Infill 
G1 X-3.783 Y-11.480 Z1.400 F5400 A181.80685; Connection 
G1 X-3.018 Y-10.714 Z1.400 F5400 A181.84468; Infill 
G1 X-3.383 Y-10.520 Z1.400 F5400 A181.85916; Connection 
G1 X-4.281 Y-11.417 Z1.400 F5400 A181.90352; Infill 
G1 X-4.732 Y-11.309 Z1.400 F5400 A181.91977; Connection 
G1 X-4.218 Y-10.795 Z1.400 F5400 A181.94518; Infill 
G1 X-4.623 Y-10.640 Z1.400 F5400 A181.96033; Connection 
G1 X-5.150 Y-11.167 Z1.400 F5400 A181.98638; Infill 
G1 X-5.538 Y-10.995 Z1.400 F5400 A182.00123; Connection 
G1 X-5.027 Y-10.484 Z1.400 F5400 A182.02649; Infill 
G1 X-5.402 Y-10.299 Z1.400 F5400 A182.04110; Connection 
G1 X-5.902 Y-10.798 Z1.400 F5400 A182.06579; Infill 
G1 X-5.902 Y-10.798 Z1.400 F1500 A180.76579; Retract 
G1 X-5.902 Y-10.798 Z1.400 F3000; Retract 
G1 X-0.676 Y-10.613 Z1.400 F9000; Travel Move 
G1 X-0.676 Y-10.613 Z1.400 F1500 A182.06579; Restart 
G1 X4.884 Y-5.053 Z1.400 F5400 A182.34072; Infill 
G1 X5.445 Y-5.052 Z1.400 F5400 A182.36033; Connection 
G1 X0.008 Y-10.489 Z1.400 F5400 A182.62913; Infill 
G1 X0.570 Y-10.487 Z1.400 F5400 A182.64874; Connection 
G1 X6.006 Y-5.051 Z1.400 F5400 A182.91754; Infill 
G1 X6.567 Y-5.050 Z1.400 F5400 A182.93714; Connection 
G1 X1.131 Y-10.486 Z1.400 F5400 A183.20592; Infill 
G1 X1.692 Y-10.485 Z1.400 F5400 A183.22554; Connection 
G1 X7.128 Y-5.049 Z1.400 F5400 A183.49431; Infill 
G1 X7.689 Y-5.048 Z1.400 F5400 A183.51392; Connection 
G1 X2.253 Y-10.484 Z1.400 F5400 A183.78268; Infill 
G1 X2.814 Y-10.483 Z1.400 F5400 A183.80229; Connection 
G1 X8.250 Y-5.047 Z1.400 F5400 A184.07104; Infill 
G1 X8.811 Y-5.047 Z1.400 F5400 A184.09065; Connection 
G1 X3.375 Y-10.482 Z1.400 F5400 A184.35938; Infill 
G1 X3.936 Y-10.481 Z1.400 F5400 A184.37900; Connection 
G1 X9.371 Y-5.046 Z1.400 F5400 A184.64772; Infill 
G1 X9.932 Y-5.045 Z1.400 F5400 A184.66733; Connection 
G1 X4.497 Y-10.480 Z1.400 F5400 A184.93605; Infill 
G1 X5.058 Y-10.479 Z1.400 F5400 A184.95566; Connection 
G1 X10.493 Y-5.044 Z1.400 F5400 A185.22437; Infill 
G1 X11.054 Y-5.043 Z1.400 F5400 A185.24398; Connection 
G1 X5.619 Y-10.478 Z1.400 F5400 A185.51267; Infill 
G1 X6.181 Y-10.477 Z1.400 F5400 A185.53228; Connection 
G1 X11.615 Y-5.042 Z1.400 F5400 A185.80097; Infill 
G1 X12.176 Y-5.042 Z1.400 F5400 A185.82057; Connection 
G1 X6.742 Y-10.476 Z1.400 F5400 A186.08925; Infill 
G1 X7.303 Y-10.475 Z1.400 F5400 A186.10886; Connection 
G1 X8.491 Y-9.287 Z1.400 F5400 A186.16759; Infill 
G1 X9.016 Y-9.321 Z1.400 F5400 A186.18600; Connection 
G1 X13.298 Y-5.040 Z1.400 F5400 A186.39768; Infill 
G1 X12.737 Y-5.041 Z1.400 F5400 A186.41729; Connection 
G1 X8.870 Y-8.907 Z1.400 F5400 A186.60845; Infill 
G1 X8.437 Y-9.900 Z1.400 F5400 A186.64633; Connection 
G1 X7.864 Y-10.474 Z1.400 F5400 A186.67467; Infill 
G1 X9.162 Y-9.736 Z1.400 F5400 A186.72686; Connection 
G1 X12.847 Y-6.050 Z1.400 F5400 A186.90909; Infill 
G1 X12.604 Y-6.854 Z1.400 F5400 A186.93845; Connection 
G1 X9.440 Y-10.018 Z1.400 F5400 A187.09487; Infill 
G1 X9.846 Y-10.172 Z1.400 F5400 A187.11006; Connection 
G1 X12.573 Y-7.444 Z1.400 F5400 A187.24491; Infill 
M73 P23; Update Progress 
G1 X12.650 Y-7.927 Z1.400 F5400 A187.26202; Connection 
G1 X10.252 Y-10.325 Z1.400 F5400 A187.38059; Infill 
G1 X10.658 Y-10.479 Z1.400 F5400 A187.39578; Connection 
G1 X12.804 Y-8.333 Z1.400 F5400 A187.50189; Infill 
G1 X12.984 Y-8.714 Z1.400 F5400 A187.51660; Connection 
G1 X11.064 Y-10.633 Z1.400 F5400 A187.61150; Infill 
G1 X11.470 Y-10.787 Z1.400 F5400 A187.62669; Connection 
G1 X13.213 Y-9.044 Z1.400 F5400 A187.71286; Infill 
G1 X13.510 Y-9.308 Z1.400 F5400 A187.72673; Connection 
G1 X11.877 Y-10.941 Z1.400 F5400 A187.80747; Infill 
G1 X12.283 Y-11.095 Z1.400 F5400 A187.82265; Connection 
G1 X13.814 Y-9.563 Z1.400 F5400 A187.89837; Infill 
G1 X14.173 Y-9.765 Z1.400 F5400 A187.91275; Connection 
G1 X12.689 Y-11.249 Z1.400 F5400 A187.98611; Infill 
G1 X13.095 Y-11.403 Z1.400 F5400 A188.00129; Connection 
G1 X14.587 Y-9.911 Z1.400 F5400 A188.07506; Infill 
G1 X15.048 Y-10.009 Z1.400 F5400 A188.09155; Connection 
G1 X13.501 Y-11.557 Z1.400 F5400 A188.16804; Infill 
G1 X13.907 Y-11.710 Z1.400 F5400 A188.18322; Connection 
G1 X15.621 Y-9.997 Z1.400 F5400 A188.26796; Infill 
G1 X16.335 Y-9.843 Z1.400 F5400 A188.29348; Connection 
G1 X14.337 Y-11.841 Z1.400 F5400 A188.39224; Infill 
G1 X14.783 Y-11.955 Z1.400 F5400 A188.40831; Connection 
G1 X17.460 Y-9.278 Z1.400 F5400 A188.54067; Infill 
G1 X17.547 Y-9.751 Z1.400 F5400 A188.55747; Connection 
G1 X15.187 Y-12.111 Z1.400 F5400 A188.67414; Infill 
G1 X15.569 Y-12.289 Z1.400 F5400 A188.68887; Connection 
G1 X17.634 Y-10.223 Z1.400 F5400 A188.79100; Infill 
G1 X17.722 Y-10.696 Z1.400 F5400 A188.80780; Connection 
G1 X15.938 Y-12.480 Z1.400 F5400 A188.89600; Infill 
G1 X16.344 Y-12.634 Z1.400 F5400 A188.91118; Connection 
G1 X17.809 Y-11.169 Z1.400 F5400 A188.98362; Infill 
G1 X17.897 Y-11.641 Z1.400 F5400 A189.00042; Connection 
G1 X16.750 Y-12.788 Z1.400 F5400 A189.05710; Infill 
G1 X17.156 Y-12.942 Z1.400 F5400 A189.07229; Connection 
G1 X17.984 Y-12.114 Z1.400 F5400 A189.11321; Infill 
G1 X18.072 Y-12.586 Z1.400 F5400 A189.13001; Connection 
G1 X17.563 Y-13.095 Z1.400 F5400 A189.15518; Infill 
G1 X17.969 Y-13.249 Z1.400 F5400 A189.17036; Connection 
G1 X18.159 Y-13.059 Z1.400 F5400 A189.17977; Infill 
G1 X18.159 Y-13.059 Z1.400 F1500 A187.87977; Retract 
G1 X18.159 Y-13.059 Z1.400 F3000; Retract 
G1 X-5.484 Y-2.540 Z1.400 F9000; Travel Move 
G1 X-5.484 Y-2.540 Z1.400 F1500 A189.17977; Restart 
G1 X-7.694 Y-4.750 Z1.400 F5400 A189.28902; Infill 
G1 X-7.694 Y-4.750 Z1.400 F1500 A187.98902; Retract 
G1 X-7.694 Y-4.750 Z1.400 F3000; Retract 
G1 X8.758 Y-9.579 Z1.400 F9000; Travel Move 
G1 X8.758 Y-9.579 Z1.400 F1500 A189.28902; Restart 
G1 X8.787 Y-9.550 Z1.400 F5400 A189.29044; Infill 
G1 X8.933 Y-9.965 Z1.400 F5400 A189.30580; Connection 
G1 X8.705 Y-10.193 Z1.400 F5400 A189.31706; Infill 
G1 X9.213 Y-10.244 Z1.400 F5400 A189.33493; Connection 
G1 X8.702 Y-10.755 Z1.400 F5400 A189.36018; Infill 
G1 X8.971 Y-11.047 Z1.400 F5400 A189.37404; Connection 
G1 X9.619 Y-10.398 Z1.400 F5400 A189.40612; Infill 
G1 X10.026 Y-10.552 Z1.400 F5400 A189.42131; Connection 
G1 X9.203 Y-11.374 Z1.400 F5400 A189.46196; Infill 
G1 X9.150 Y-11.988 Z1.400 F5400 A189.48348; Connection 
G1 X10.432 Y-10.706 Z1.400 F5400 A189.54685; Infill 
G1 X10.838 Y-10.860 Z1.400 F5400 A189.56204; Connection 
G1 X9.097 Y-12.601 Z1.400 F5400 A189.64813; Infill 
G1 X9.043 Y-13.214 Z1.400 F5400 A189.66965; Connection 
G1 X11.244 Y-11.014 Z1.400 F5400 A189.77846; Infill 
G1 X11.650 Y-11.167 Z1.400 F5400 A189.79364; Connection 
G1 X8.990 Y-13.828 Z1.400 F5400 A189.92516; Infill 
G1 X8.937 Y-14.441 Z1.400 F5400 A189.94669; Connection 
G1 X9.678 Y-13.700 Z1.400 F5400 A189.98333; Infill 
G1 X9.098 Y-14.839 Z1.400 F5400 A190.02802; Connection 
G1 X8.883 Y-15.054 Z1.400 F5400 A190.03866; Infill 
G1 X8.920 Y-15.578 Z1.400 F5400 A190.05701; Connection 
G1 X8.830 Y-15.668 Z1.400 F5400 A190.06145; Infill 
G1 X8.862 Y-16.195 Z1.400 F5400 A190.07993; Connection 
G1 X8.777 Y-16.281 Z1.400 F5400 A190.08417; Infill 
G1 X8.809 Y-16.809 Z1.400 F5400 A190.10265; Connection 
G1 X8.723 Y-16.895 Z1.400 F5400 A190.10689; Infill 
G1 X8.756 Y-17.422 Z1.400 F5400 A190.12537; Connection 
G1 X8.670 Y-17.508 Z1.400 F5400 A190.12961; Infill 
G1 X8.702 Y-18.035 Z1.400 F5400 A190.14809; Connection 
G1 X8.617 Y-18.121 Z1.400 F5400 A190.15233; Infill 
G1 X8.649 Y-18.649 Z1.400 F5400 A190.17081; Connection 
G1 X8.563 Y-18.735 Z1.400 F5400 A190.17505; Infill 
G1 X8.596 Y-19.262 Z1.400 F5400 A190.19353; Connection 
G1 X8.510 Y-19.348 Z1.400 F5400 A190.19777; Infill 
G1 X8.542 Y-19.876 Z1.400 F5400 A190.21625; Connection 
G1 X8.506 Y-19.912 Z1.400 F5400 A190.21807; Infill 
G1 X8.506 Y-19.912 Z1.400 F1500 A188.91807; Retract 
G1 X8.506 Y-19.912 Z1.400 F3000; Retract 
G1 X10.866 Y-12.512 Z1.400 F9000; Travel Move 
G1 X10.866 Y-12.512 Z1.400 F1500 A190.21807; Restart 
G1 X12.056 Y-11.321 Z1.400 F5400 A190.27692; Infill 
G1 X12.462 Y-11.475 Z1.400 F5400 A190.29210; Connection 
G1 X11.949 Y-11.989 Z1.400 F5400 A190.31750; Infill 
G1 X12.699 Y-11.799 Z1.400 F5400 A190.34456; Connection 
G1 X12.869 Y-11.629 Z1.400 F5400 A190.35295; Infill 
G1 X12.869 Y-11.629 Z1.400 F1500 A189.05295; Retract 
G1 X12.869 Y-11.629 Z1.400 F3000; Retract 
G1 X16.813 Y-13.285 Z1.400 F9000; Travel Move 
G1 X16.813 Y-13.285 Z1.400 F1500 A190.35295; Restart 
G1 X16.930 Y-13.168 Z1.400 F5400 A190.35874; Infill 
G1 X17.336 Y-13.322 Z1.400 F5400 A190.37392; Connection 
G1 X17.068 Y-13.590 Z1.400 F5400 A190.38720; Infill 
G1 X17.282 Y-13.936 Z1.400 F5400 A190.40141; Connection 
G1 X17.742 Y-13.476 Z1.400 F5400 A190.42415; Infill 
G1 X18.156 Y-13.622 Z1.400 F5400 A190.43949; Connection 
G1 X17.490 Y-14.288 Z1.400 F5400 A190.47238; Infill 
G1 X17.647 Y-14.692 Z1.400 F5400 A190.48752; Connection 
G1 X18.426 Y-13.912 Z1.400 F5400 A190.52607; Infill 
G1 X18.664 Y-14.234 Z1.400 F5400 A190.54007; Connection 
G1 X17.788 Y-15.110 Z1.400 F5400 A190.58339; Infill 
G1 X17.876 Y-15.582 Z1.400 F5400 A190.60017; Connection 
G1 X18.776 Y-14.682 Z1.400 F5400 A190.64465; Infill 
G1 X18.723 Y-15.295 Z1.400 F5400 A190.66618; Connection 
G1 X17.931 Y-16.087 Z1.400 F5400 A190.70533; Infill 
G1 X17.929 Y-16.649 Z1.400 F5400 A190.72497; Connection 
G1 X18.669 Y-15.909 Z1.400 F5400 A190.76157; Infill 
G1 X18.616 Y-16.522 Z1.400 F5400 A190.78309; Connection 
G1 X17.876 Y-17.262 Z1.400 F5400 A190.81969; Infill 
G1 X17.822 Y-17.876 Z1.400 F5400 A190.84121; Connection 
G1 X18.563 Y-17.136 Z1.400 F5400 A190.87781; Infill 
G1 X18.509 Y-17.749 Z1.400 F5400 A190.89934; Connection 
G1 X17.769 Y-18.489 Z1.400 F5400 A190.93593; Infill 
G1 X17.799 Y-19.020 Z1.400 F5400 A190.95451; Connection 
G1 X17.716 Y-19.103 Z1.400 F5400 A190.95861; Infill 
G1 X17.743 Y-19.636 Z1.400 F5400 A190.97726; Connection 
G1 X17.662 Y-19.716 Z1.400 F5400 A190.98124; Infill 
G1 X17.687 Y-20.252 Z1.400 F5400 A190.99998; Connection 
G1 X17.609 Y-20.329 Z1.400 F5400 A191.00383; Infill 
G1 X17.631 Y-20.867 Z1.400 F5400 A191.02265; Connection 
G1 X17.556 Y-20.943 Z1.400 F5400 A191.02637; Infill 
G1 X17.575 Y-21.483 Z1.400 F5400 A191.04529; Connection 
G1 X17.502 Y-21.556 Z1.400 F5400 A191.04888; Infill 
G1 X17.519 Y-22.099 Z1.400 F5400 A191.06788; Connection 
G1 X17.449 Y-22.169 Z1.400 F5400 A191.07135; Infill 
G1 X17.449 Y-22.169 Z1.400 F1500 A189.77135; Retract 
G1 X17.449 Y-22.169 Z1.400 F3000; Retract 
G1 X18.777 Y-18.041 Z1.400 F9000; Travel Move 
G1 X18.777 Y-18.041 Z1.400 F1500 A191.07135; Restart 
G1 X20.951 Y-15.867 Z1.400 F5400 A191.17886; Infill 
G1 X20.611 Y-15.647 Z1.400 F5400 A191.19302; Connection 
G1 X18.830 Y-17.428 Z1.400 F5400 A191.28107; Infill 
G1 X18.884 Y-16.815 Z1.400 F5400 A191.30259; Connection 
G1 X20.271 Y-15.427 Z1.400 F5400 A191.37117; Infill 
G1 X19.930 Y-15.208 Z1.400 F5400 A191.38534; Connection 
G1 X18.937 Y-16.201 Z1.400 F5400 A191.43445; Infill 
G1 X18.990 Y-15.588 Z1.400 F5400 A191.45598; Connection 
G1 X19.590 Y-14.988 Z1.400 F5400 A191.48563; Infill 
G1 X19.250 Y-14.768 Z1.400 F5400 A191.49979; Connection 
G1 X19.044 Y-14.974 Z1.400 F5400 A191.50997; Infill 
G1 X19.044 Y-14.974 Z1.400 F1500 A190.20997; Retract 
G1 X19.044 Y-14.974 Z1.400 F3000; Retract 
G1 X21.292 Y-16.087 Z1.400 F9000; Travel Move 
G1 X21.292 Y-16.087 Z1.400 F1500 A191.50997; Restart 
G1 X19.689 Y-17.689 Z1.400 F5400 A191.58921; Infill 
G1 X20.849 Y-17.089 Z1.400 F5400 A191.63487; Connection 
G1 X21.632 Y-16.306 Z1.400 F5400 A191.67359; Infill 
; Chunk 13 
; Lower Position  1.2 
; Upper Position  1.4 
; Thickness       0.2 
; Width           0.4 
G1 X21.632 Y-16.306 Z1.400 F1500 A190.37359; Retract 
G1 X21.632 Y-16.306 Z1.400 F3000; Retract 
G1 X18.632 Y-6.353 Z1.400 F9000; Travel Move 
G1 X18.632 Y-6.353 Z1.400 F1500 A191.67359; Restart 
G1 X18.632 Y-5.622 Z1.400 F5400 A191.69912; Support 
G1 X18.632 Y-5.622 Z1.400 F1500 A190.39912; Retract 
G1 X18.632 Y-5.622 Z1.400 F3000; Retract 
G1 X16.652 Y-3.652 Z1.400 F9000; Travel Move 
G1 X16.652 Y-3.652 Z1.400 F1500 A191.69912; Restart 
G1 X16.652 Y-3.594 Z1.400 F5400 A191.70114; Support 
G1 X16.652 Y-3.594 Z1.400 F1500 A190.40114; Retract 
G1 X16.652 Y-3.594 Z1.400 F3000; Retract 
G1 X14.672 Y-6.424 Z1.400 F9000; Travel Move 
G1 X14.672 Y-6.424 Z1.400 F1500 A191.70114; Restart 
G1 X14.672 Y-8.069 Z1.400 F5400 A191.75866; Support 
; Chunk 14 
; Lower Position  1.4 
; Upper Position  1.6 
; Thickness       0.2 
; Width           0.4 
G1 X14.672 Y-8.069 Z1.400 F1500 A190.45866; Retract 
G1 X14.672 Y-8.069 Z1.400 F3000; Retract 
G1 X14.672 Y-8.069 Z1.600 F1380; Travel Move 
G1 X14.672 Y-8.070 Z1.600 F9000; Travel Move 
G1 X14.672 Y-8.070 Z1.600 F1500 A191.75866; Restart 
G1 X14.672 Y-6.421 Z1.600 F5400 A191.81631; Support 
G1 X14.672 Y-6.421 Z1.600 F1500 A190.51631; Retract 
G1 X14.672 Y-6.421 Z1.600 F3000; Retract 
G1 X16.652 Y-3.643 Z1.600 F9000; Travel Move 
G1 X16.652 Y-3.643 Z1.600 F1500 A191.81631; Restart 
G1 X16.652 Y-3.594 Z1.600 F5400 A191.81800; Support 
G1 X16.652 Y-3.594 Z1.600 F1500 A190.51800; Retract 
G1 X16.652 Y-3.594 Z1.600 F3000; Retract 
G1 X18.632 Y-5.622 Z1.600 F9000; Travel Move 
G1 X18.632 Y-5.622 Z1.600 F1500 A191.81800; Restart 
G1 X18.632 Y-6.373 Z1.600 F5400 A191.84426; Support 
; Chunk 15 
; Lower Position  1.4 
; Upper Position  1.6 
; Thickness       0.2 
; Width           0.4 
G1 X18.632 Y-6.373 Z1.600 F1500 A190.54426; Retract 
G1 X18.632 Y-6.373 Z1.600 F3000; Retract 
G1 X-5.602 Y-9.850 Z1.600 F9000; Travel Move 
G1 X-5.602 Y-9.850 Z1.600 F1500 A191.84426; Restart 
G1 X-5.074 Y-10.160 Z1.600 F5400 A191.86567; Inset 
G1 X-4.116 Y-10.528 Z1.600 F5400 A191.90154; Inset 
G1 X-3.441 Y-10.166 Z1.600 F5400 A191.92834; Inset 
G1 X-2.764 Y-10.526 Z1.600 F5400 A191.95514; Inset 
G1 X-1.808 Y-10.154 Z1.600 F5400 A191.99101; Inset 
G1 X-1.215 Y-9.795 Z1.600 F5400 A192.01523; Inset 
G1 X-0.762 Y-9.399 Z1.600 F5400 A192.03625; Inset 
G1 X-0.378 Y-8.936 Z1.600 F5400 A192.05727; Inset 
G1 X-0.068 Y-8.408 Z1.600 F5400 A192.07869; Inset 
G1 X0.291 Y-7.474 Z1.600 F5400 A192.11367; Inset 
G1 X-0.054 Y-6.759 Z1.600 F5400 A192.14141; Inset 
G1 X0.297 Y-6.098 Z1.600 F5400 A192.16761; Inset 
G1 X-0.075 Y-5.142 Z1.600 F5400 A192.20348; Inset 
G1 X-0.386 Y-4.614 Z1.600 F5400 A192.22489; Inset 
G1 X-0.772 Y-4.153 Z1.600 F5400 A192.24592; Inset 
G1 X-1.227 Y-3.759 Z1.600 F5400 A192.26694; Inset 
G1 X-1.820 Y-3.402 Z1.600 F5400 A192.29116; Inset 
G1 X-2.754 Y-3.043 Z1.600 F5400 A192.32614; Inset 
G1 X-3.469 Y-3.388 Z1.600 F5400 A192.35388; Inset 
G1 X-4.131 Y-3.037 Z1.600 F5400 A192.38008; Inset 
G1 X-5.087 Y-3.409 Z1.600 F5400 A192.41594; Inset 
G1 X-5.614 Y-3.720 Z1.600 F5400 A192.43736; Inset 
G1 X-6.076 Y-4.106 Z1.600 F5400 A192.45839; Inset 
G1 X-6.469 Y-4.561 Z1.600 F5400 A192.47941; Inset 
G1 X-6.826 Y-5.154 Z1.600 F5400 A192.50363; Inset 
G1 X-7.185 Y-6.088 Z1.600 F5400 A192.53861; Inset 
G1 X-6.847 Y-6.788 Z1.600 F5400 A192.56576; Inset 
G1 X-7.182 Y-7.488 Z1.600 F5400 A192.59290; Inset 
G1 X-6.820 Y-8.421 Z1.600 F5400 A192.62789; Inset 
G1 X-6.461 Y-9.013 Z1.600 F5400 A192.65210; Inset 
G1 X-6.065 Y-9.466 Z1.600 F5400 A192.67313; Inset 
G1 X-5.602 Y-9.850 Z1.600 F5400 A192.69415; Inset 
G1 X-5.602 Y-9.850 Z1.600 F1500 A191.39415; Retract 
G1 X-5.602 Y-9.850 Z1.600 F3000; Retract 
G1 X-5.382 Y-9.516 Z1.600 F9000; Travel Move 
G1 X-5.382 Y-9.516 Z1.600 F1500 A192.69415; Restart 
G1 X-4.914 Y-9.793 Z1.600 F5400 A192.71317; Inset 
G1 X-4.144 Y-10.089 Z1.600 F5400 A192.74201; Inset 
G1 X-3.659 Y-9.829 Z1.600 F5400 A192.76124; Inset 
G1 X-3.555 Y-9.447 Z1.600 F5400 A192.77509; Inset 
G1 X-3.466 Y-9.389 Z1.600 F5400 A192.77879; Inset 
G1 X-3.407 Y-9.394 Z1.600 F5400 A192.78088; Inset 
G1 X-3.329 Y-9.446 Z1.600 F5400 A192.78415; Inset 
G1 X-3.223 Y-9.828 Z1.600 F5400 A192.79801; Inset 
G1 X-2.738 Y-10.086 Z1.600 F5400 A192.81723; Inset 
G1 X-1.969 Y-9.787 Z1.600 F5400 A192.84608; Inset 
G1 X-1.463 Y-9.480 Z1.600 F5400 A192.86677; Inset 
G1 X-1.057 Y-9.128 Z1.600 F5400 A192.88555; Inset 
G1 X-0.712 Y-8.716 Z1.600 F5400 A192.90433; Inset 
G1 X-0.435 Y-8.248 Z1.600 F5400 A192.92335; Inset 
G1 X-0.145 Y-7.492 Z1.600 F5400 A192.95167; Inset 
G1 X-0.371 Y-7.024 Z1.600 F5400 A192.96983; Inset 
G1 X-0.761 Y-6.902 Z1.600 F5400 A192.98414; Inset 
G1 X-0.826 Y-6.834 Z1.600 F5400 A192.98741; Inset 
G1 X-0.841 Y-6.776 Z1.600 F5400 A192.98950; Inset 
G1 X-0.823 Y-6.706 Z1.600 F5400 A192.99202; Inset 
G1 X-0.717 Y-6.629 Z1.600 F5400 A192.99661; Inset 
G1 X-0.400 Y-6.557 Z1.600 F5400 A193.00797; Inset 
G1 X-0.142 Y-6.072 Z1.600 F5400 A193.02720; Inset 
G1 X-0.441 Y-5.303 Z1.600 F5400 A193.05604; Inset 
G1 X-0.720 Y-4.836 Z1.600 F5400 A193.07506; Inset 
G1 X-1.066 Y-4.425 Z1.600 F5400 A193.09384; Inset 
G1 X-1.473 Y-4.074 Z1.600 F5400 A193.11262; Inset 
G1 X-1.980 Y-3.769 Z1.600 F5400 A193.13332; Inset 
G1 X-2.736 Y-3.479 Z1.600 F5400 A193.16163; Inset 
G1 X-3.204 Y-3.705 Z1.600 F5400 A193.17979; Inset 
G1 X-3.327 Y-4.095 Z1.600 F5400 A193.19411; Inset 
G1 X-3.362 Y-4.143 Z1.600 F5400 A193.19620; Inset 
G1 X-3.464 Y-4.172 Z1.600 F5400 A193.19989; Inset 
G1 X-3.522 Y-4.157 Z1.600 F5400 A193.20198; Inset 
G1 X-3.599 Y-4.051 Z1.600 F5400 A193.20657; Inset 
G1 X-3.671 Y-3.734 Z1.600 F5400 A193.21793; Inset 
G1 X-4.156 Y-3.476 Z1.600 F5400 A193.23715; Inset 
G1 X-4.925 Y-3.775 Z1.600 F5400 A193.26600; Inset 
G1 X-5.432 Y-4.082 Z1.600 F5400 A193.28669; Inset 
G1 X-5.837 Y-4.434 Z1.600 F5400 A193.30547; Inset 
G1 X-6.182 Y-4.846 Z1.600 F5400 A193.32425; Inset 
G1 X-6.459 Y-5.314 Z1.600 F5400 A193.34327; Inset 
G1 X-6.750 Y-6.070 Z1.600 F5400 A193.37159; Inset 
G1 X-6.524 Y-6.538 Z1.600 F5400 A193.38975; Inset 
G1 X-6.133 Y-6.661 Z1.600 F5400 A193.40406; Inset 
G1 X-6.085 Y-6.696 Z1.600 F5400 A193.40615; Inset 
G1 X-6.056 Y-6.798 Z1.600 F5400 A193.40985; Inset 
G1 X-6.071 Y-6.856 Z1.600 F5400 A193.41194; Inset 
G1 X-6.121 Y-6.908 Z1.600 F5400 A193.41446; Inset 
G1 X-6.523 Y-7.036 Z1.600 F5400 A193.42920; Inset 
G1 X-6.747 Y-7.505 Z1.600 F5400 A193.44736; Inset 
G1 X-6.453 Y-8.259 Z1.600 F5400 A193.47568; Inset 
G1 X-6.146 Y-8.766 Z1.600 F5400 A193.49638; Inset 
G1 X-5.794 Y-9.171 Z1.600 F5400 A193.51516; Inset 
G1 X-5.382 Y-9.516 Z1.600 F5400 A193.53394; Inset 
G1 X-5.382 Y-9.516 Z1.600 F1500 A192.23394; Retract 
G1 X-5.382 Y-9.516 Z1.600 F3000; Retract 
G1 X-5.169 Y-9.178 Z1.600 F9000; Travel Move 
G1 X-5.169 Y-9.178 Z1.600 F1500 A193.53394; Restart 
G1 X-4.762 Y-9.423 Z1.600 F2400 A193.55053; Inset 
G1 X-4.040 Y-9.700 Z1.600 F2400 A193.57757; Inset 
G1 X-3.968 Y-9.375 Z1.600 F2400 A193.58921; Inset 
G1 X-3.880 Y-9.204 Z1.600 F2400 A193.59593; Inset 
G1 X-3.747 Y-9.077 Z1.600 F2400 A193.60235; Inset 
G1 X-3.572 Y-8.998 Z1.600 F2400 A193.60908; Inset 
G1 X-3.306 Y-9.001 Z1.600 F2400 A193.61838; Inset 
G1 X-3.138 Y-9.076 Z1.600 F2400 A193.62481; Inset 
G1 X-3.005 Y-9.202 Z1.600 F2400 A193.63123; Inset 
G1 X-2.917 Y-9.373 Z1.600 F2400 A193.63795; Inset 
G1 X-2.843 Y-9.698 Z1.600 F2400 A193.64959; Inset 
G1 X-2.122 Y-9.418 Z1.600 F2400 A193.67663; Inset 
G1 X-1.717 Y-9.171 Z1.600 F2400 A193.69322; Inset 
G1 X-1.357 Y-8.864 Z1.600 F2400 A193.70977; Inset 
G1 X-1.051 Y-8.503 Z1.600 F2400 A193.72631; Inset 
G1 X-0.806 Y-8.096 Z1.600 F2400 A193.74290; Inset 
G1 X-0.535 Y-7.392 Z1.600 F2400 A193.76928; Inset 
G1 X-0.946 Y-7.263 Z1.600 F2400 A193.78435; Inset 
G1 X-1.093 Y-7.153 Z1.600 F2400 A193.79077; Inset 
G1 X-1.196 Y-7.001 Z1.600 F2400 A193.79719; Inset 
G1 X-1.245 Y-6.739 Z1.600 F2400 A193.80649; Inset 
G1 X-1.195 Y-6.545 Z1.600 F2400 A193.81352; Inset 
G1 X-1.026 Y-6.339 Z1.600 F2400 A193.82283; Inset 
G1 X-0.855 Y-6.250 Z1.600 F2400 A193.82955; Inset 
G1 X-0.530 Y-6.177 Z1.600 F2400 A193.84119; Inset 
G1 X-0.811 Y-5.456 Z1.600 F2400 A193.86823; Inset 
G1 X-1.057 Y-5.051 Z1.600 F2400 A193.88482; Inset 
G1 X-1.365 Y-4.691 Z1.600 F2400 A193.90136; Inset 
G1 X-1.726 Y-4.385 Z1.600 F2400 A193.91791; Inset 
G1 X-2.132 Y-4.140 Z1.600 F2400 A193.93450; Inset 
G1 X-2.836 Y-3.869 Z1.600 F2400 A193.96088; Inset 
G1 X-2.965 Y-4.280 Z1.600 F2400 A193.97594; Inset 
G1 X-3.080 Y-4.434 Z1.600 F2400 A193.98267; Inset 
G1 X-3.314 Y-4.561 Z1.600 F2400 A193.99197; Inset 
G1 X-3.497 Y-4.576 Z1.600 F2400 A193.99839; Inset 
G1 X-3.750 Y-4.492 Z1.600 F2400 A194.00770; Inset 
G1 X-3.890 Y-4.360 Z1.600 F2400 A194.01442; Inset 
G1 X-3.978 Y-4.189 Z1.600 F2400 A194.02115; Inset 
G1 X-4.051 Y-3.864 Z1.600 F2400 A194.03279; Inset 
G1 X-4.772 Y-4.145 Z1.600 F2400 A194.05982; Inset 
G1 X-5.178 Y-4.391 Z1.600 F2400 A194.07642; Inset 
G1 X-5.538 Y-4.699 Z1.600 F2400 A194.09296; Inset 
G1 X-5.844 Y-5.060 Z1.600 F2400 A194.10950; Inset 
G1 X-6.089 Y-5.466 Z1.600 F2400 A194.12609; Inset 
G1 X-6.359 Y-6.170 Z1.600 F2400 A194.15247; Inset 
G1 X-5.948 Y-6.299 Z1.600 F2400 A194.16754; Inset 
G1 X-5.794 Y-6.414 Z1.600 F2400 A194.17426; Inset 
G1 X-5.668 Y-6.648 Z1.600 F2400 A194.18357; Inset 
G1 X-5.652 Y-6.831 Z1.600 F2400 A194.18999; Inset 
G1 X-5.736 Y-7.084 Z1.600 F2400 A194.19929; Inset 
G1 X-5.938 Y-7.270 Z1.600 F2400 A194.20890; Inset 
G1 X-6.357 Y-7.403 Z1.600 F2400 A194.22426; Inset 
G1 X-6.084 Y-8.106 Z1.600 F2400 A194.25064; Inset 
G1 X-5.837 Y-8.512 Z1.600 F2400 A194.26724; Inset 
G1 X-5.530 Y-8.872 Z1.600 F2400 A194.28378; Inset 
G1 X-5.169 Y-9.178 Z1.600 F2400 A194.30032; Inset 
G1 X-5.169 Y-9.178 Z1.600 F1500 A193.00032; Retract 
G1 X-5.169 Y-9.178 Z1.600 F3000; Retract 
G1 X-6.456 Y-10.772 Z1.600 F9000; Travel Move 
G1 X-6.456 Y-10.772 Z1.600 F1500 A194.30032; Restart 
G1 X-6.898 Y-10.397 Z1.600 F5400 A194.32057; Inset 
G1 X-7.293 Y-9.974 Z1.600 F5400 A194.34082; Inset 
G1 X-7.637 Y-9.507 Z1.600 F5400 A194.36107; Inset 
G1 X-7.924 Y-9.004 Z1.600 F5400 A194.38132; Inset 
G1 X-8.151 Y-8.471 Z1.600 F5400 A194.40158; Inset 
G1 X-8.315 Y-7.916 Z1.600 F5400 A194.42183; Inset 
G1 X-8.414 Y-7.345 Z1.600 F5400 A194.44208; Inset 
G1 X-8.445 Y-6.767 Z1.600 F5400 A194.46233; Inset 
G1 X-8.410 Y-6.188 Z1.600 F5400 A194.48258; Inset 
G1 X-8.308 Y-5.618 Z1.600 F5400 A194.50283; Inset 
G1 X-8.141 Y-5.064 Z1.600 F5400 A194.52308; Inset 
G1 X-7.911 Y-4.532 Z1.600 F5400 A194.54333; Inset 
G1 X-7.621 Y-4.031 Z1.600 F5400 A194.56358; Inset 
G1 X-7.274 Y-3.566 Z1.600 F5400 A194.58383; Inset 
G1 X-6.877 Y-3.145 Z1.600 F5400 A194.60408; Inset 
G1 X-6.433 Y-2.773 Z1.600 F5400 A194.62433; Inset 
G1 X-5.949 Y-2.454 Z1.600 F5400 A194.64459; Inset 
G1 X-5.432 Y-2.194 Z1.600 F5400 A194.66483; Inset 
G1 X-4.888 Y-1.995 Z1.600 F5400 A194.68509; Inset 
G1 X-4.324 Y-1.860 Z1.600 F5400 A194.70534; Inset 
G1 X-3.749 Y-1.792 Z1.600 F5400 A194.72559; Inset 
G1 X-3.170 Y-1.791 Z1.600 F5400 A194.74584; Inset 
G1 X-2.594 Y-1.856 Z1.600 F5400 A194.76609; Inset 
G1 X-2.030 Y-1.988 Z1.600 F5400 A194.78634; Inset 
G1 X-1.485 Y-2.184 Z1.600 F5400 A194.80659; Inset 
G1 X-0.967 Y-2.442 Z1.600 F5400 A194.82684; Inset 
G1 X-0.481 Y-2.758 Z1.600 F5400 A194.84710; Inset 
G1 X-0.036 Y-3.128 Z1.600 F5400 A194.86734; Inset 
G1 X0.353 Y-3.536 Z1.600 F5400 A194.88705; Inset 
G1 X1.067 Y-4.547 Z1.600 F5400 A194.93032; Inset 
G1 X1.501 Y-4.772 Z1.600 F5400 A194.94740; Inset 
G1 X15.306 Y-4.751 Z1.600 F5400 A195.43004; Inset 
G1 X15.018 Y-4.768 Z1.600 F5400 A195.44012; Inset 
G1 X14.405 Y-4.929 Z1.600 F5400 A195.46230; Inset 
G1 X13.953 Y-5.163 Z1.600 F5400 A195.48009; Inset 
G1 X13.378 Y-5.694 Z1.600 F5400 A195.50745; Inset 
G1 X13.277 Y-5.831 Z1.600 F5400 A195.51340; Inset 
G1 X12.973 Y-6.436 Z1.600 F5400 A195.53707; Inset 
G1 X12.924 Y-6.599 Z1.600 F5400 A195.54302; Inset 
G1 X12.842 Y-7.250 Z1.600 F5400 A195.56595; Inset 
G1 X12.891 Y-7.756 Z1.600 F5400 A195.58374; Inset 
G1 X13.161 Y-8.468 Z1.600 F5400 A195.61035; Inset 
G1 X13.452 Y-8.886 Z1.600 F5400 A195.62813; Inset 
G1 X14.051 Y-9.389 Z1.600 F5400 A195.65549; Inset 
G1 X14.200 Y-9.472 Z1.600 F5400 A195.66144; Inset 
G1 X14.839 Y-9.696 Z1.600 F5400 A195.68512; Inset 
G1 X15.007 Y-9.724 Z1.600 F5400 A195.69107; Inset 
G1 X15.789 Y-9.707 Z1.600 F5400 A195.71843; Inset 
G1 X16.277 Y-9.562 Z1.600 F5400 A195.73621; Inset 
G1 X16.849 Y-9.241 Z1.600 F5400 A195.75914; Inset 
G1 X16.981 Y-9.134 Z1.600 F5400 A195.76509; Inset 
G1 X17.427 Y-8.625 Z1.600 F5400 A195.78877; Inset 
G1 X17.575 Y-8.332 Z1.600 F5400 A195.80024; Inset 
G1 X18.483 Y-13.236 Z1.600 F5400 A195.97461; Inset 
G1 X18.655 Y-13.734 Z1.600 F5400 A195.99303; Inset 
G1 X18.734 Y-13.877 Z1.600 F5400 A195.99875; Inset 
G1 X19.161 Y-14.371 Z1.600 F5400 A196.02156; Inset 
G1 X22.222 Y-16.346 Z1.600 F5400 A196.14892; Inset 
G1 X21.357 Y-17.095 Z1.600 F5400 A196.18890; Inset 
G1 X20.759 Y-17.493 Z1.600 F5400 A196.21401; Inset 
G1 X18.383 Y-18.634 Z1.600 F5400 A196.30617; Inset 
G1 X18.081 Y-19.068 Z1.600 F5400 A196.32464; Inset 
G1 X17.748 Y-22.739 Z1.600 F5400 A196.45352; Inset 
G1 X17.121 Y-22.641 Z1.600 F5400 A196.47572; Inset 
G1 X17.650 Y-16.557 Z1.600 F5400 A196.68922; Inset 
G1 X17.642 Y-15.886 Z1.600 F5400 A196.71268; Inset 
G1 X17.494 Y-15.094 Z1.600 F5400 A196.74087; Inset 
G1 X17.236 Y-14.419 Z1.600 F5400 A196.76611; Inset 
G1 X16.868 Y-13.798 Z1.600 F5400 A196.79134; Inset 
G1 X16.461 Y-13.309 Z1.600 F5400 A196.81362; Inset 
G1 X15.916 Y-12.835 Z1.600 F5400 A196.83885; Inset 
M73 P24; Update Progress 
G1 X15.299 Y-12.460 Z1.600 F5400 A196.86409; Inset 
G1 X14.546 Y-12.171 Z1.600 F5400 A196.89228; Inset 
G1 X13.837 Y-12.037 Z1.600 F5400 A196.91752; Inset 
G1 X13.200 Y-12.020 Z1.600 F5400 A196.93979; Inset 
G1 X12.485 Y-12.116 Z1.600 F5400 A196.96503; Inset 
G1 X11.717 Y-12.365 Z1.600 F5400 A196.99322; Inset 
G1 X11.082 Y-12.706 Z1.600 F5400 A197.01846; Inset 
G1 X10.513 Y-13.150 Z1.600 F5400 A197.04369; Inset 
G1 X10.027 Y-13.684 Z1.600 F5400 A197.06893; Inset 
G1 X9.639 Y-14.293 Z1.600 F5400 A197.09416; Inset 
G1 X9.359 Y-14.958 Z1.600 F5400 A197.11940; Inset 
G1 X9.197 Y-15.648 Z1.600 F5400 A197.14415; Inset 
G1 X8.789 Y-20.336 Z1.600 F5400 A197.30868; Inset 
G1 X8.169 Y-20.085 Z1.600 F5400 A197.33207; Inset 
G1 X8.165 Y-20.016 Z1.600 F5400 A197.33446; Inset 
G1 X8.913 Y-11.407 Z1.600 F5400 A197.63657; Inset 
G1 X8.317 Y-10.759 Z1.600 F5400 A197.66736; Inset 
G1 X-0.246 Y-10.775 Z1.600 F5400 A197.96675; Inset 
G1 X-0.485 Y-10.835 Z1.600 F5400 A197.97537; Inset 
G1 X-1.530 Y-11.396 Z1.600 F5400 A198.01680; Inset 
G1 X-2.058 Y-11.583 Z1.600 F5400 A198.03641; Inset 
G1 X-2.623 Y-11.711 Z1.600 F5400 A198.05665; Inset 
G1 X-3.199 Y-11.773 Z1.600 F5400 A198.07690; Inset 
G1 X-3.778 Y-11.768 Z1.600 F5400 A198.09715; Inset 
G1 X-4.353 Y-11.697 Z1.600 F5400 A198.11741; Inset 
G1 X-4.916 Y-11.559 Z1.600 F5400 A198.13765; Inset 
G1 X-5.459 Y-11.357 Z1.600 F5400 A198.15791; Inset 
G1 X-5.974 Y-11.093 Z1.600 F5400 A198.17816; Inset 
G1 X-6.456 Y-10.772 Z1.600 F5400 A198.19841; Inset 
G1 X-6.456 Y-10.772 Z1.600 F1500 A196.89841; Retract 
G1 X-6.456 Y-10.772 Z1.600 F3000; Retract 
G1 X14.275 Y-9.056 Z1.600 F9000; Travel Move 
G1 X14.275 Y-9.056 Z1.600 F1500 A198.19841; Restart 
G1 X14.939 Y-9.307 Z1.600 F5400 A198.22323; Inset 
G1 X15.636 Y-9.323 Z1.600 F5400 A198.24761; Inset 
G1 X16.032 Y-9.229 Z1.600 F5400 A198.26183; Inset 
G1 X16.623 Y-8.909 Z1.600 F5400 A198.28534; Inset 
G1 X16.703 Y-8.844 Z1.600 F5400 A198.28891; Inset 
G1 X17.158 Y-8.299 Z1.600 F5400 A198.31373; Inset 
G1 X17.405 Y-7.634 Z1.600 F5400 A198.33855; Inset 
G1 X17.430 Y-7.025 Z1.600 F5400 A198.35985; Inset 
G1 X17.237 Y-6.342 Z1.600 F5400 A198.38467; Inset 
G1 X16.828 Y-5.762 Z1.600 F5400 A198.40949; Inset 
G1 X16.248 Y-5.351 Z1.600 F5400 A198.43431; Inset 
G1 X15.578 Y-5.160 Z1.600 F5400 A198.45869; Inset 
G1 X15.095 Y-5.161 Z1.600 F5400 A198.47557; Inset 
G1 X14.460 Y-5.338 Z1.600 F5400 A198.49862; Inset 
G1 X14.110 Y-5.545 Z1.600 F5400 A198.51285; Inset 
G1 X13.619 Y-6.041 Z1.600 F5400 A198.53722; Inset 
G1 X13.317 Y-6.683 Z1.600 F5400 A198.56205; Inset 
G1 X13.242 Y-7.351 Z1.600 F5400 A198.58555; Inset 
G1 X13.304 Y-7.753 Z1.600 F5400 A198.59978; Inset 
G1 X13.523 Y-8.294 Z1.600 F5400 A198.62018; Inset 
G1 X13.758 Y-8.627 Z1.600 F5400 A198.63440; Inset 
G1 X14.275 Y-9.056 Z1.600 F5400 A198.65791; Inset 
G1 X14.275 Y-9.056 Z1.600 F1500 A197.35791; Retract 
G1 X14.275 Y-9.056 Z1.600 F3000; Retract 
G1 X14.513 Y-8.734 Z1.600 F9000; Travel Move 
G1 X14.513 Y-8.734 Z1.600 F1500 A198.65791; Restart 
G1 X15.056 Y-8.924 Z1.600 F2400 A198.67803; Inset 
G1 X15.623 Y-8.923 Z1.600 F2400 A198.69785; Inset 
G1 X15.919 Y-8.846 Z1.600 F2400 A198.70854; Inset 
G1 X16.413 Y-8.568 Z1.600 F2400 A198.72835; Inset 
G1 X16.792 Y-8.135 Z1.600 F2400 A198.74848; Inset 
G1 X17.006 Y-7.601 Z1.600 F2400 A198.76860; Inset 
G1 X17.029 Y-7.026 Z1.600 F2400 A198.78872; Inset 
G1 X16.860 Y-6.476 Z1.600 F2400 A198.80884; Inset 
G1 X16.517 Y-6.014 Z1.600 F2400 A198.82897; Inset 
G1 X16.039 Y-5.692 Z1.600 F2400 A198.84909; Inset 
G1 X15.490 Y-5.550 Z1.600 F2400 A198.86891; Inset 
G1 X15.184 Y-5.551 Z1.600 F2400 A198.87959; Inset 
G1 X14.645 Y-5.693 Z1.600 F2400 A198.89911; Inset 
G1 X14.378 Y-5.842 Z1.600 F2400 A198.90979; Inset 
G1 X13.969 Y-6.235 Z1.600 F2400 A198.92961; Inset 
G1 X13.711 Y-6.750 Z1.600 F2400 A198.94973; Inset 
G1 X13.640 Y-7.312 Z1.600 F2400 A198.96956; Inset 
G1 X13.680 Y-7.615 Z1.600 F2400 A198.98024; Inset 
G1 X13.889 Y-8.133 Z1.600 F2400 A198.99976; Inset 
G1 X14.071 Y-8.378 Z1.600 F2400 A199.01044; Inset 
G1 X14.513 Y-8.734 Z1.600 F2400 A199.03026; Inset 
G1 X14.513 Y-8.734 Z1.600 F1500 A197.73026; Retract 
G1 X14.513 Y-8.734 Z1.600 F3000; Retract 
G1 X-6.698 Y-11.092 Z1.600 F9000; Travel Move 
G1 X-6.698 Y-11.092 Z1.600 F1500 A199.03026; Restart 
G1 X-7.174 Y-10.687 Z1.600 F5400 A199.05213; Inset 
G1 X-7.601 Y-10.230 Z1.600 F5400 A199.07400; Inset 
G1 X-7.972 Y-9.726 Z1.600 F5400 A199.09588; Inset 
G1 X-8.283 Y-9.182 Z1.600 F5400 A199.11775; Inset 
G1 X-8.528 Y-8.607 Z1.600 F5400 A199.13963; Inset 
G1 X-8.705 Y-8.007 Z1.600 F5400 A199.16150; Inset 
G1 X-8.812 Y-7.390 Z1.600 F5400 A199.18337; Inset 
G1 X-8.846 Y-6.765 Z1.600 F5400 A199.20525; Inset 
G1 X-8.808 Y-6.141 Z1.600 F5400 A199.22712; Inset 
G1 X-8.698 Y-5.525 Z1.600 F5400 A199.24900; Inset 
G1 X-8.517 Y-4.926 Z1.600 F5400 A199.27087; Inset 
G1 X-8.269 Y-4.352 Z1.600 F5400 A199.29274; Inset 
G1 X-7.955 Y-3.810 Z1.600 F5400 A199.31462; Inset 
G1 X-7.581 Y-3.309 Z1.600 F5400 A199.33649; Inset 
G1 X-7.152 Y-2.854 Z1.600 F5400 A199.35837; Inset 
G1 X-6.672 Y-2.451 Z1.600 F5400 A199.38024; Inset 
G1 X-6.150 Y-2.107 Z1.600 F5400 A199.40212; Inset 
G1 X-5.591 Y-1.826 Z1.600 F5400 A199.42399; Inset 
G1 X-5.003 Y-1.611 Z1.600 F5400 A199.44587; Inset 
G1 X-4.395 Y-1.466 Z1.600 F5400 A199.46774; Inset 
G1 X-3.773 Y-1.392 Z1.600 F5400 A199.48961; Inset 
G1 X-3.148 Y-1.390 Z1.600 F5400 A199.51148; Inset 
G1 X-2.526 Y-1.461 Z1.600 F5400 A199.53336; Inset 
G1 X-1.917 Y-1.604 Z1.600 F5400 A199.55523; Inset 
G1 X-1.328 Y-1.815 Z1.600 F5400 A199.57711; Inset 
G1 X-0.768 Y-2.094 Z1.600 F5400 A199.59898; Inset 
G1 X-0.243 Y-2.435 Z1.600 F5400 A199.62086; Inset 
G1 X0.238 Y-2.835 Z1.600 F5400 A199.64273; Inset 
G1 X0.663 Y-3.281 Z1.600 F5400 A199.66428; Inset 
G1 X1.338 Y-4.237 Z1.600 F5400 A199.70517; Inset 
G1 X1.598 Y-4.372 Z1.600 F5400 A199.71541; Inset 
G1 X15.226 Y-4.346 Z1.600 F5400 A200.19185; Inset 
G1 X15.943 Y-4.450 Z1.600 F5400 A200.21717; Inset 
G1 X16.182 Y-4.537 Z1.600 F5400 A200.22608; Inset 
G1 X16.625 Y-4.782 Z1.600 F5400 A200.24377; Inset 
G1 X16.854 Y-4.965 Z1.600 F5400 A200.25400; Inset 
G1 X17.189 Y-5.337 Z1.600 F5400 A200.27150; Inset 
G1 X17.345 Y-5.582 Z1.600 F5400 A200.28167; Inset 
G1 X17.535 Y-6.023 Z1.600 F5400 A200.29846; Inset 
G1 X17.612 Y-6.328 Z1.600 F5400 A200.30945; Inset 
G1 X18.873 Y-13.147 Z1.600 F5400 A200.55190; Inset 
G1 X19.068 Y-13.654 Z1.600 F5400 A200.57087; Inset 
G1 X19.405 Y-14.052 Z1.600 F5400 A200.58912; Inset 
G1 X22.887 Y-16.300 Z1.600 F5400 A200.73400; Inset 
G1 X21.600 Y-17.414 Z1.600 F5400 A200.79350; Inset 
G1 X20.957 Y-17.841 Z1.600 F5400 A200.82049; Inset 
G1 X18.651 Y-18.949 Z1.600 F5400 A200.90993; Inset 
G1 X18.470 Y-19.209 Z1.600 F5400 A200.92101; Inset 
G1 X18.140 Y-22.849 Z1.600 F5400 A201.04877; Inset 
G1 X18.088 Y-22.967 Z1.600 F5400 A201.05328; Inset 
G1 X18.002 Y-23.061 Z1.600 F5400 A201.05775; Inset 
G1 X17.852 Y-23.138 Z1.600 F5400 A201.06363; Inset 
G1 X17.654 Y-23.140 Z1.600 F5400 A201.07055; Inset 
G1 X16.691 Y-22.973 Z1.600 F5400 A201.10475; Inset 
G1 X17.251 Y-16.533 Z1.600 F5400 A201.33074; Inset 
G1 X17.238 Y-15.859 Z1.600 F5400 A201.35431; Inset 
G1 X17.113 Y-15.217 Z1.600 F5400 A201.37717; Inset 
G1 X16.903 Y-14.651 Z1.600 F5400 A201.39826; Inset 
G1 X16.579 Y-14.083 Z1.600 F5400 A201.42112; Inset 
G1 X16.164 Y-13.578 Z1.600 F5400 A201.44398; Inset 
G1 X15.669 Y-13.150 Z1.600 F5400 A201.46684; Inset 
G1 X15.110 Y-12.812 Z1.600 F5400 A201.48970; Inset 
G1 X14.501 Y-12.574 Z1.600 F5400 A201.51257; Inset 
G1 X13.860 Y-12.442 Z1.600 F5400 A201.53543; Inset 
G1 X13.206 Y-12.421 Z1.600 F5400 A201.55829; Inset 
G1 X12.559 Y-12.510 Z1.600 F5400 A201.58115; Inset 
G1 X11.935 Y-12.707 Z1.600 F5400 A201.60401; Inset 
G1 X11.354 Y-13.007 Z1.600 F5400 A201.62688; Inset 
G1 X10.794 Y-13.435 Z1.600 F5400 A201.65151; Inset 
G1 X10.353 Y-13.917 Z1.600 F5400 A201.67437; Inset 
G1 X9.999 Y-14.467 Z1.600 F5400 A201.69724; Inset 
G1 X9.743 Y-15.069 Z1.600 F5400 A201.72010; Inset 
G1 X9.594 Y-15.697 Z1.600 F5400 A201.74267; Inset 
G1 X9.142 Y-20.902 Z1.600 F5400 A201.92529; Inset 
G1 X8.041 Y-20.475 Z1.600 F5400 A201.96657; Inset 
G1 X7.902 Y-20.389 Z1.600 F5400 A201.97227; Inset 
G1 X7.822 Y-20.295 Z1.600 F5400 A201.97661; Inset 
G1 X7.775 Y-20.181 Z1.600 F5400 A201.98089; Inset 
G1 X7.763 Y-20.013 Z1.600 F5400 A201.98679; Inset 
G1 X8.500 Y-11.548 Z1.600 F5400 A202.28384; Inset 
G1 X8.142 Y-11.159 Z1.600 F5400 A202.30232; Inset 
G1 X-0.196 Y-11.175 Z1.600 F5400 A202.59382; Inset 
G1 X-0.340 Y-11.211 Z1.600 F5400 A202.59899; Inset 
G1 X-1.368 Y-11.763 Z1.600 F5400 A202.63978; Inset 
G1 X-1.947 Y-11.967 Z1.600 F5400 A202.66126; Inset 
G1 X-2.557 Y-12.106 Z1.600 F5400 A202.68313; Inset 
G1 X-3.179 Y-12.173 Z1.600 F5400 A202.70501; Inset 
G1 X-3.805 Y-12.168 Z1.600 F5400 A202.72688; Inset 
G1 X-4.426 Y-12.091 Z1.600 F5400 A202.74875; Inset 
G1 X-5.033 Y-11.942 Z1.600 F5400 A202.77063; Inset 
G1 X-5.620 Y-11.724 Z1.600 F5400 A202.79251; Inset 
G1 X-6.177 Y-11.439 Z1.600 F5400 A202.81437; Inset 
G1 X-6.698 Y-11.092 Z1.600 F5400 A202.83625; Inset 
G1 X-6.698 Y-11.092 Z1.600 F1500 A201.53625; Retract 
G1 X-6.698 Y-11.092 Z1.600 F3000; Retract 
G1 X-6.939 Y-11.412 Z1.600 F9000; Travel Move 
G1 X-6.939 Y-11.412 Z1.600 F1500 A202.83625; Restart 
G1 X-7.451 Y-10.977 Z1.600 F2400 A202.85975; Inset 
G1 X-7.910 Y-10.485 Z1.600 F2400 A202.88325; Inset 
G1 X-8.308 Y-9.944 Z1.600 F2400 A202.90674; Inset 
G1 X-8.642 Y-9.361 Z1.600 F2400 A202.93024; Inset 
G1 X-8.905 Y-8.742 Z1.600 F2400 A202.95374; Inset 
G1 X-9.095 Y-8.098 Z1.600 F2400 A202.97724; Inset 
G1 X-9.210 Y-7.435 Z1.600 F2400 A203.00073; Inset 
G1 X-9.247 Y-6.764 Z1.600 F2400 A203.02423; Inset 
G1 X-9.206 Y-6.093 Z1.600 F2400 A203.04773; Inset 
G1 X-9.088 Y-5.432 Z1.600 F2400 A203.07123; Inset 
G1 X-8.894 Y-4.788 Z1.600 F2400 A203.09472; Inset 
G1 X-8.627 Y-4.171 Z1.600 F2400 A203.11822; Inset 
G1 X-8.290 Y-3.590 Z1.600 F2400 A203.14172; Inset 
G1 X-7.888 Y-3.051 Z1.600 F2400 A203.16522; Inset 
G1 X-7.427 Y-2.562 Z1.600 F2400 A203.18872; Inset 
G1 X-6.912 Y-2.130 Z1.600 F2400 A203.21221; Inset 
G1 X-6.350 Y-1.760 Z1.600 F2400 A203.23571; Inset 
G1 X-5.750 Y-1.458 Z1.600 F2400 A203.25921; Inset 
G1 X-5.119 Y-1.228 Z1.600 F2400 A203.28271; Inset 
G1 X-4.465 Y-1.072 Z1.600 F2400 A203.30621; Inset 
G1 X-3.798 Y-0.992 Z1.600 F2400 A203.32970; Inset 
G1 X-3.126 Y-0.990 Z1.600 F2400 A203.35319; Inset 
G1 X-2.458 Y-1.067 Z1.600 F2400 A203.37670; Inset 
G1 X-1.803 Y-1.219 Z1.600 F2400 A203.40019; Inset 
G1 X-1.171 Y-1.447 Z1.600 F2400 A203.42369; Inset 
G1 X-0.569 Y-1.746 Z1.600 F2400 A203.44719; Inset 
G1 X-0.006 Y-2.113 Z1.600 F2400 A203.47069; Inset 
G1 X0.511 Y-2.542 Z1.600 F2400 A203.49418; Inset 
G1 X0.973 Y-3.027 Z1.600 F2400 A203.51757; Inset 
G1 X1.640 Y-3.971 Z1.600 F2400 A203.55800; Inset 
G1 X15.237 Y-3.945 Z1.600 F2400 A204.03335; Inset 
G1 X15.560 Y-3.964 Z1.600 F2400 A204.04468; Inset 
G1 X16.052 Y-4.064 Z1.600 F2400 A204.06222; Inset 
G1 X16.348 Y-4.172 Z1.600 F2400 A204.07326; Inset 
G1 X16.848 Y-4.448 Z1.600 F2400 A204.09321; Inset 
G1 X17.129 Y-4.673 Z1.600 F2400 A204.10577; Inset 
G1 X17.508 Y-5.093 Z1.600 F2400 A204.12558; Inset 
G1 X17.700 Y-5.394 Z1.600 F2400 A204.13805; Inset 
G1 X17.915 Y-5.895 Z1.600 F2400 A204.15708; Inset 
G1 X18.003 Y-6.242 Z1.600 F2400 A204.16963; Inset 
G1 X19.265 Y-13.067 Z1.600 F2400 A204.41225; Inset 
G1 X19.391 Y-13.417 Z1.600 F2400 A204.42527; Inset 
G1 X19.636 Y-13.725 Z1.600 F2400 A204.43902; Inset 
G1 X23.209 Y-16.031 Z1.600 F2400 A204.58770; Inset 
G1 X23.338 Y-16.188 Z1.600 F2400 A204.59479; Inset 
G1 X23.351 Y-16.341 Z1.600 F2400 A204.60017; Inset 
G1 X23.290 Y-16.480 Z1.600 F2400 A204.60546; Inset 
G1 X21.843 Y-17.733 Z1.600 F2400 A204.67238; Inset 
G1 X21.156 Y-18.190 Z1.600 F2400 A204.70123; Inset 
G1 X18.865 Y-19.290 Z1.600 F2400 A204.79008; Inset 
G1 X18.533 Y-22.950 Z1.600 F2400 A204.91856; Inset 
G1 X18.428 Y-23.188 Z1.600 F2400 A204.92767; Inset 
G1 X18.252 Y-23.380 Z1.600 F2400 A204.93677; Inset 
G1 X18.016 Y-23.509 Z1.600 F2400 A204.94616; Inset 
G1 X17.905 Y-23.538 Z1.600 F2400 A204.95016; Inset 
G1 X17.622 Y-23.540 Z1.600 F2400 A204.96007; Inset 
G1 X16.260 Y-23.304 Z1.600 F2400 A205.00838; Inset 
G1 X16.852 Y-16.503 Z1.600 F2400 A205.24703; Inset 
G1 X16.843 Y-15.924 Z1.600 F2400 A205.26729; Inset 
G1 X16.735 Y-15.348 Z1.600 F2400 A205.28778; Inset 
G1 X16.531 Y-14.798 Z1.600 F2400 A205.30827; Inset 
G1 X16.238 Y-14.291 Z1.600 F2400 A205.32876; Inset 
G1 X15.862 Y-13.841 Z1.600 F2400 A205.34926; Inset 
M73 P25; Update Progress 
G1 X15.416 Y-13.460 Z1.600 F2400 A205.36975; Inset 
G1 X14.912 Y-13.161 Z1.600 F2400 A205.39024; Inset 
G1 X14.365 Y-12.951 Z1.600 F2400 A205.41073; Inset 
G1 X13.790 Y-12.836 Z1.600 F2400 A205.43123; Inset 
G1 X13.204 Y-12.821 Z1.600 F2400 A205.45172; Inset 
G1 X12.624 Y-12.904 Z1.600 F2400 A205.47221; Inset 
G1 X12.066 Y-13.085 Z1.600 F2400 A205.49270; Inset 
G1 X11.547 Y-13.357 Z1.600 F2400 A205.51320; Inset 
G1 X11.082 Y-13.713 Z1.600 F2400 A205.53369; Inset 
G1 X10.683 Y-14.143 Z1.600 F2400 A205.55418; Inset 
G1 X10.363 Y-14.634 Z1.600 F2400 A205.57468; Inset 
G1 X10.130 Y-15.172 Z1.600 F2400 A205.59517; Inset 
G1 X9.992 Y-15.740 Z1.600 F2400 A205.61559; Inset 
G1 X9.494 Y-21.467 Z1.600 F2400 A205.81658; Inset 
G1 X7.862 Y-20.835 Z1.600 F2400 A205.87776; Inset 
G1 X7.637 Y-20.696 Z1.600 F2400 A205.88699; Inset 
G1 X7.476 Y-20.505 Z1.600 F2400 A205.89575; Inset 
G1 X7.381 Y-20.274 Z1.600 F2400 A205.90448; Inset 
G1 X7.362 Y-20.010 Z1.600 F2400 A205.91373; Inset 
G1 X8.097 Y-11.559 Z1.600 F2400 A206.21028; Inset 
G1 X-0.171 Y-11.575 Z1.600 F2400 A206.49935; Inset 
G1 X-1.205 Y-12.130 Z1.600 F2400 A206.54038; Inset 
G1 X-1.836 Y-12.352 Z1.600 F2400 A206.56374; Inset 
G1 X-2.491 Y-12.501 Z1.600 F2400 A206.58724; Inset 
G1 X-3.159 Y-12.574 Z1.600 F2400 A206.61074; Inset 
G1 X-3.831 Y-12.568 Z1.600 F2400 A206.63424; Inset 
G1 X-4.498 Y-12.485 Z1.600 F2400 A206.65773; Inset 
G1 X-5.151 Y-12.325 Z1.600 F2400 A206.68123; Inset 
G1 X-5.781 Y-12.091 Z1.600 F2400 A206.70472; Inset 
G1 X-6.380 Y-11.785 Z1.600 F2400 A206.72822; Inset 
G1 X-6.939 Y-11.412 Z1.600 F2400 A206.75172; Inset 
G1 X-6.939 Y-11.412 Z1.600 F1500 A205.45172; Retract 
G1 X-6.939 Y-11.412 Z1.600 F3000; Retract 
G1 X-6.408 Y-10.438 Z1.600 F9000; Travel Move 
G1 X-6.408 Y-10.438 Z1.600 F1500 A206.75172; Restart 
G1 X-7.121 Y-9.725 Z1.600 F5400 A206.78701; Infill 
G1 X-7.859 Y-8.427 Z1.600 F5400 A206.83920; Connection 
G1 X-5.101 Y-11.185 Z1.600 F5400 A206.97556; Infill 
G1 X-4.314 Y-11.412 Z1.600 F5400 A207.00420; Connection 
G1 X-5.462 Y-10.264 Z1.600 F5400 A207.06094; Infill 
G1 X-4.466 Y-10.700 Z1.600 F5400 A207.09896; Connection 
G1 X-3.683 Y-11.483 Z1.600 F5400 A207.13767; Infill 
G1 X-3.128 Y-11.478 Z1.600 F5400 A207.15706; Connection 
G1 X-3.880 Y-10.726 Z1.600 F5400 A207.19425; Infill 
G1 X-3.515 Y-10.530 Z1.600 F5400 A207.20871; Connection 
G1 X-2.627 Y-11.419 Z1.600 F5400 A207.25262; Infill 
G1 X-2.171 Y-11.315 Z1.600 F5400 A207.26898; Connection 
G1 X-2.684 Y-10.801 Z1.600 F5400 A207.29437; Infill 
G1 X-2.281 Y-10.645 Z1.600 F5400 A207.30949; Connection 
G1 X-1.754 Y-11.172 Z1.600 F5400 A207.33555; Infill 
G1 X-1.377 Y-10.989 Z1.600 F5400 A207.35021; Connection 
G1 X-1.878 Y-10.488 Z1.600 F5400 A207.37499; Infill 
G1 X-1.502 Y-10.303 Z1.600 F5400 A207.38962; Connection 
G1 X-1.012 Y-10.794 Z1.600 F5400 A207.41386; Infill 
G1 X-0.648 Y-10.598 Z1.600 F5400 A207.42832; Connection 
G1 X-1.154 Y-10.092 Z1.600 F5400 A207.45334; Infill 
G1 X-0.839 Y-9.846 Z1.600 F5400 A207.46728; Connection 
G1 X-0.197 Y-10.489 Z1.600 F5400 A207.49906; Infill 
G1 X0.362 Y-10.488 Z1.600 F5400 A207.51860; Connection 
G1 X-0.543 Y-9.583 Z1.600 F5400 A207.56335; Infill 
G1 X-0.289 Y-9.277 Z1.600 F5400 A207.57725; Connection 
G1 X0.921 Y-10.487 Z1.600 F5400 A207.63708; Infill 
G1 X1.480 Y-10.486 Z1.600 F5400 A207.65662; Connection 
G1 X-0.055 Y-8.951 Z1.600 F5400 A207.73252; Infill 
G1 X0.152 Y-8.597 Z1.600 F5400 A207.74683; Connection 
G1 X2.039 Y-10.485 Z1.600 F5400 A207.84013; Infill 
G1 X2.598 Y-10.484 Z1.600 F5400 A207.85968; Connection 
G1 X0.317 Y-8.202 Z1.600 F5400 A207.97246; Infill 
G1 X0.473 Y-7.798 Z1.600 F5400 A207.98761; Connection 
G1 X3.157 Y-10.483 Z1.600 F5400 A208.12034; Infill 
G1 X3.716 Y-10.481 Z1.600 F5400 A208.13988; Connection 
G1 X0.515 Y-7.280 Z1.600 F5400 A208.29816; Infill 
G1 X0.368 Y-6.574 Z1.600 F5400 A208.32338; Connection 
G1 X4.275 Y-10.480 Z1.600 F5400 A208.51654; Infill 
G1 X4.834 Y-10.479 Z1.600 F5400 A208.53608; Connection 
G1 X0.563 Y-6.208 Z1.600 F5400 A208.74726; Infill 
G1 X0.344 Y-5.430 Z1.600 F5400 A208.77552; Connection 
G1 X5.393 Y-10.478 Z1.600 F5400 A209.02514; Infill 
G1 X5.952 Y-10.477 Z1.600 F5400 A209.04468; Connection 
G1 X-2.309 Y-2.217 Z1.600 F5400 A209.45309; Infill 
G1 X-2.986 Y-2.099 Z1.600 F5400 A209.47712; Connection 
G1 X-2.095 Y-2.990 Z1.600 F5400 A209.52117; Infill 
G1 X-2.866 Y-2.779 Z1.600 F5400 A209.54912; Connection 
G1 X-3.568 Y-2.078 Z1.600 F5400 A209.58382; Infill 
G1 X-4.085 Y-2.120 Z1.600 F5400 A209.60198; Connection 
G1 X-3.243 Y-2.962 Z1.600 F5400 A209.64360; Infill 
G1 X-3.964 Y-2.801 Z1.600 F5400 A209.66941; Connection 
G1 X-4.556 Y-2.210 Z1.600 F5400 A209.69866; Infill 
G1 X-4.989 Y-2.336 Z1.600 F5400 A209.71445; Connection 
G1 X-4.465 Y-2.860 Z1.600 F5400 A209.74034; Infill 
G1 X-4.869 Y-3.017 Z1.600 F5400 A209.75546; Connection 
G1 X-5.392 Y-2.494 Z1.600 F5400 A209.78133; Infill 
G1 X-5.764 Y-2.681 Z1.600 F5400 A209.79591; Connection 
G1 X-5.264 Y-3.181 Z1.600 F5400 A209.82063; Infill 
G1 X-5.616 Y-3.389 Z1.600 F5400 A209.83492; Connection 
G1 X-6.106 Y-2.900 Z1.600 F5400 A209.85913; Infill 
G1 X-6.426 Y-3.140 Z1.600 F5400 A209.87311; Connection 
G1 X-5.943 Y-3.623 Z1.600 F5400 A209.89697; Infill 
G1 X-6.248 Y-3.878 Z1.600 F5400 A209.91087; Connection 
G1 X-6.725 Y-3.401 Z1.600 F5400 A209.93445; Infill 
G1 X-6.997 Y-3.689 Z1.600 F5400 A209.94830; Connection 
G1 X-6.512 Y-4.173 Z1.600 F5400 A209.97225; Infill 
G1 X-6.759 Y-4.487 Z1.600 F5400 A209.98620; Connection 
G1 X-7.243 Y-4.003 Z1.600 F5400 A210.01014; Infill 
G1 X-7.468 Y-4.338 Z1.600 F5400 A210.02425; Connection 
G1 X-6.969 Y-4.837 Z1.600 F5400 A210.04893; Infill 
G1 X-7.154 Y-5.211 Z1.600 F5400 A210.06354; Connection 
G1 X-7.670 Y-4.696 Z1.600 F5400 A210.08904; Infill 
G1 X-7.839 Y-5.086 Z1.600 F5400 A210.10393; Connection 
G1 X-7.310 Y-5.616 Z1.600 F5400 A210.13011; Infill 
G1 X-7.465 Y-6.020 Z1.600 F5400 A210.14526; Connection 
G1 X-7.977 Y-5.509 Z1.600 F5400 A210.17054; Infill 
G1 X-8.080 Y-5.966 Z1.600 F5400 A210.18691; Connection 
G1 X-7.195 Y-6.851 Z1.600 F5400 A210.23068; Infill 
G1 X-7.376 Y-7.230 Z1.600 F5400 A210.24536; Connection 
G1 X-8.141 Y-6.465 Z1.600 F5400 A210.28317; Infill 
G1 X-8.145 Y-7.021 Z1.600 F5400 A210.30259; Connection 
G1 X-7.369 Y-7.796 Z1.600 F5400 A210.34094; Infill 
G1 X-8.070 Y-7.656 Z1.600 F5400 A210.36591; Connection 
G1 X-6.922 Y-8.804 Z1.600 F5400 A210.42264; Infill 
G1 X-6.922 Y-8.804 Z1.600 F1500 A209.12264; Retract 
G1 X-6.922 Y-8.804 Z1.600 F3000; Retract 
G1 X-1.439 Y-2.526 Z1.600 F9000; Travel Move 
G1 X-1.439 Y-2.526 Z1.600 F1500 A210.42264; Restart 
G1 X6.511 Y-10.476 Z1.600 F5400 A210.81568; Infill 
G1 X7.070 Y-10.475 Z1.600 F5400 A210.83522; Connection 
G1 X1.652 Y-5.057 Z1.600 F5400 A211.10307; Infill 
G1 X2.211 Y-5.057 Z1.600 F5400 A211.12262; Connection 
G1 X7.629 Y-10.474 Z1.600 F5400 A211.39046; Infill 
G1 X8.188 Y-10.473 Z1.600 F5400 A211.41000; Connection 
G1 X2.771 Y-5.056 Z1.600 F5400 A211.67783; Infill 
G1 X3.330 Y-5.055 Z1.600 F5400 A211.69738; Connection 
G1 X8.416 Y-10.141 Z1.600 F5400 A211.94885; Infill 
G1 X8.461 Y-9.626 Z1.600 F5400 A211.96693; Connection 
G1 X3.889 Y-5.054 Z1.600 F5400 A212.19298; Infill 
G1 X4.448 Y-5.053 Z1.600 F5400 A212.21253; Connection 
G1 X8.506 Y-9.111 Z1.600 F5400 A212.41314; Infill 
G1 X8.875 Y-8.920 Z1.600 F5400 A212.42767; Connection 
G1 X10.298 Y-10.343 Z1.600 F5400 A212.49802; Infill 
G1 X11.199 Y-10.684 Z1.600 F5400 A212.53173; Connection 
G1 X5.567 Y-5.052 Z1.600 F5400 A212.81022; Infill 
G1 X6.126 Y-5.051 Z1.600 F5400 A212.82977; Connection 
G1 X12.101 Y-11.026 Z1.600 F5400 A213.12520; Infill 
G1 X13.003 Y-11.368 Z1.600 F5400 A213.15891; Connection 
G1 X6.685 Y-5.050 Z1.600 F5400 A213.47127; Infill 
G1 X7.244 Y-5.049 Z1.600 F5400 A213.49082; Connection 
G1 X13.904 Y-11.709 Z1.600 F5400 A213.82012; Infill 
G1 X14.665 Y-11.910 Z1.600 F5400 A213.84764; Connection 
G1 X7.803 Y-5.048 Z1.600 F5400 A214.18691; Infill 
G1 X8.362 Y-5.047 Z1.600 F5400 A214.20646; Connection 
G1 X15.659 Y-12.344 Z1.600 F5400 A214.56721; Infill 
G1 X16.609 Y-12.734 Z1.600 F5400 A214.60313; Connection 
G1 X8.922 Y-5.046 Z1.600 F5400 A214.98323; Infill 
G1 X9.481 Y-5.046 Z1.600 F5400 A215.00278; Connection 
G1 X12.826 Y-8.391 Z1.600 F5400 A215.16819; Infill 
G1 X12.588 Y-7.593 Z1.600 F5400 A215.19732; Connection 
G1 X10.040 Y-5.045 Z1.600 F5400 A215.32330; Infill 
G1 X10.599 Y-5.044 Z1.600 F5400 A215.34285; Connection 
G1 X12.582 Y-7.027 Z1.600 F5400 A215.44088; Infill 
G1 X12.646 Y-6.531 Z1.600 F5400 A215.45835; Connection 
G1 X11.158 Y-5.043 Z1.600 F5400 A215.53191; Infill 
G1 X11.717 Y-5.042 Z1.600 F5400 A215.55146; Connection 
G1 X12.807 Y-6.131 Z1.600 F5400 A215.60531; Infill 
G1 X12.994 Y-5.758 Z1.600 F5400 A215.61989; Connection 
G1 X12.277 Y-5.041 Z1.600 F5400 A215.65534; Infill 
G1 X12.836 Y-5.041 Z1.600 F5400 A215.67489; Connection 
G1 X13.234 Y-5.438 Z1.600 F5400 A215.69456; Infill 
G1 X13.525 Y-5.169 Z1.600 F5400 A215.70841; Connection 
G1 X13.395 Y-5.040 Z1.600 F5400 A215.71483; Infill 
G1 X13.395 Y-5.040 Z1.600 F1500 A214.41483; Retract 
G1 X13.395 Y-5.040 Z1.600 F3000; Retract 
G1 X14.215 Y-9.780 Z1.600 F9000; Travel Move 
G1 X14.215 Y-9.780 Z1.600 F1500 A215.71483; Restart 
G1 X17.511 Y-13.076 Z1.600 F5400 A215.87779; Infill 
G1 X18.183 Y-13.188 Z1.600 F5400 A215.90159; Connection 
G1 X15.006 Y-10.010 Z1.600 F5400 A216.05866; Infill 
G1 X15.553 Y-9.998 Z1.600 F5400 A216.07781; Connection 
G1 X18.056 Y-12.500 Z1.600 F5400 A216.20153; Infill 
G1 X17.929 Y-11.813 Z1.600 F5400 A216.22596; Connection 
G1 X16.044 Y-9.929 Z1.600 F5400 A216.31911; Infill 
M73 P26; Update Progress 
G1 X16.461 Y-9.786 Z1.600 F5400 A216.33453; Connection 
G1 X17.801 Y-11.126 Z1.600 F5400 A216.40078; Infill 
G1 X17.674 Y-10.439 Z1.600 F5400 A216.42520; Connection 
G1 X16.820 Y-9.585 Z1.600 F5400 A216.46743; Infill 
G1 X17.156 Y-9.360 Z1.600 F5400 A216.48155; Connection 
G1 X17.547 Y-9.752 Z1.600 F5400 A216.50091; Infill 
G1 X17.547 Y-9.752 Z1.600 F1500 A215.20091; Retract 
G1 X17.547 Y-9.752 Z1.600 F3000; Retract 
G1 X9.396 Y-10.001 Z1.600 F9000; Travel Move 
G1 X9.396 Y-10.001 Z1.600 F1500 A216.50091; Restart 
G1 X9.178 Y-9.783 Z1.600 F5400 A216.51167; Infill 
G1 X8.551 Y-8.596 Z1.600 F5400 A216.55864; Connection 
G1 X5.007 Y-5.052 Z1.600 F5400 A216.73382; Infill 
G1 X5.007 Y-5.052 Z1.600 F1500 A215.43382; Retract 
G1 X5.007 Y-5.052 Z1.600 F3000; Retract 
G1 X8.731 Y-9.896 Z1.600 F9000; Travel Move 
G1 X8.731 Y-9.896 Z1.600 F1500 A216.73382; Restart 
G1 X11.169 Y-12.334 Z1.600 F5400 A216.85439; Infill 
G1 X10.821 Y-12.546 Z1.600 F5400 A216.86864; Connection 
G1 X8.686 Y-10.411 Z1.600 F5400 A216.97422; Infill 
G1 X9.194 Y-11.479 Z1.600 F5400 A217.01558; Connection 
G1 X10.507 Y-12.792 Z1.600 F5400 A217.08048; Infill 
G1 X10.211 Y-13.057 Z1.600 F5400 A217.09435; Connection 
G1 X9.149 Y-11.995 Z1.600 F5400 A217.14685; Infill 
G1 X9.105 Y-12.510 Z1.600 F5400 A217.16493; Connection 
G1 X9.945 Y-13.350 Z1.600 F5400 A217.20647; Infill 
G1 X9.700 Y-13.665 Z1.600 F5400 A217.22042; Connection 
G1 X9.060 Y-13.025 Z1.600 F5400 A217.25207; Infill 
G1 X9.015 Y-13.540 Z1.600 F5400 A217.27015; Connection 
G1 X9.482 Y-14.007 Z1.600 F5400 A217.29323; Infill 
G1 X9.293 Y-14.378 Z1.600 F5400 A217.30778; Connection 
G1 X8.970 Y-14.055 Z1.600 F5400 A217.32372; Infill 
G1 X8.925 Y-14.571 Z1.600 F5400 A217.34180; Connection 
G1 X9.127 Y-14.772 Z1.600 F5400 A217.35176; Infill 
G1 X8.881 Y-15.086 Z1.600 F5400 A217.36570; Connection 
G1 X9.006 Y-15.211 Z1.600 F5400 A217.37189; Infill 
G1 X8.836 Y-15.601 Z1.600 F5400 A217.38676; Connection 
G1 X8.908 Y-15.673 Z1.600 F5400 A217.39033; Infill 
G1 X8.791 Y-16.116 Z1.600 F5400 A217.40635; Connection 
G1 X8.863 Y-16.188 Z1.600 F5400 A217.40991; Infill 
G1 X8.746 Y-16.632 Z1.600 F5400 A217.42593; Connection 
G1 X8.818 Y-16.704 Z1.600 F5400 A217.42950; Infill 
G1 X8.701 Y-17.147 Z1.600 F5400 A217.44552; Connection 
G1 X8.773 Y-17.219 Z1.600 F5400 A217.44908; Infill 
G1 X8.656 Y-17.662 Z1.600 F5400 A217.46510; Connection 
G1 X8.729 Y-17.734 Z1.600 F5400 A217.46867; Infill 
G1 X8.612 Y-18.177 Z1.600 F5400 A217.48469; Connection 
G1 X8.684 Y-18.249 Z1.600 F5400 A217.48825; Infill 
G1 X8.567 Y-18.692 Z1.600 F5400 A217.50427; Connection 
G1 X8.639 Y-18.764 Z1.600 F5400 A217.50783; Infill 
G1 X8.522 Y-19.208 Z1.600 F5400 A217.52386; Connection 
G1 X8.594 Y-19.280 Z1.600 F5400 A217.52742; Infill 
G1 X8.477 Y-19.723 Z1.600 F5400 A217.54344; Connection 
G1 X8.549 Y-19.795 Z1.600 F5400 A217.54700; Infill 
G1 X9.899 Y-10.504 Z1.600 F5400 A217.87523; Connection 
G1 X11.534 Y-12.139 Z1.600 F5400 A217.95605; Infill 
G1 X11.945 Y-11.990 Z1.600 F5400 A217.97135; Connection 
G1 X10.800 Y-10.846 Z1.600 F5400 A218.02794; Infill 
G1 X11.702 Y-11.187 Z1.600 F5400 A218.06165; Connection 
G1 X12.368 Y-11.853 Z1.600 F5400 A218.09458; Infill 
G1 X12.604 Y-11.529 Z1.600 F5400 A218.10860; Connection 
G1 X12.853 Y-11.778 Z1.600 F5400 A218.12093; Infill 
G1 X12.853 Y-11.778 Z1.600 F1500 A216.82093; Retract 
G1 X12.853 Y-11.778 Z1.600 F3000; Retract 
G1 X17.112 Y-13.237 Z1.600 F9000; Travel Move 
G1 X17.112 Y-13.237 Z1.600 F1500 A218.12093; Restart 
G1 X18.759 Y-14.883 Z1.600 F5400 A218.20233; Infill 
G1 X18.714 Y-15.399 Z1.600 F5400 A218.22041; Connection 
G1 X17.328 Y-14.013 Z1.600 F5400 A218.28892; Infill 
G1 X18.014 Y-13.579 Z1.600 F5400 A218.31729; Connection 
G1 X18.637 Y-14.202 Z1.600 F5400 A218.34810; Infill 
G1 X17.769 Y-15.013 Z1.600 F5400 A218.38966; Connection 
G1 X18.669 Y-15.914 Z1.600 F5400 A218.43417; Infill 
G1 X18.624 Y-16.429 Z1.600 F5400 A218.45225; Connection 
G1 X17.899 Y-15.704 Z1.600 F5400 A218.48808; Infill 
G1 X17.933 Y-16.298 Z1.600 F5400 A218.50888; Connection 
G1 X18.579 Y-16.944 Z1.600 F5400 A218.54083; Infill 
G1 X18.535 Y-17.460 Z1.600 F5400 A218.55891; Connection 
G1 X17.913 Y-16.838 Z1.600 F5400 A218.58965; Infill 
G1 X17.868 Y-17.353 Z1.600 F5400 A218.60773; Connection 
G1 X18.490 Y-17.975 Z1.600 F5400 A218.63847; Infill 
G1 X18.308 Y-18.353 Z1.600 F5400 A218.65314; Connection 
G1 X17.823 Y-17.868 Z1.600 F5400 A218.67709; Infill 
G1 X17.778 Y-18.383 Z1.600 F5400 A218.69517; Connection 
G1 X18.032 Y-18.637 Z1.600 F5400 A218.70772; Infill 
G1 X17.733 Y-18.899 Z1.600 F5400 A218.72159; Connection 
G1 X17.811 Y-18.976 Z1.600 F5400 A218.72540; Infill 
G1 X17.689 Y-19.414 Z1.600 F5400 A218.74130; Connection 
G1 X17.757 Y-19.482 Z1.600 F5400 A218.74466; Infill 
G1 X17.644 Y-19.929 Z1.600 F5400 A218.76079; Connection 
G1 X17.710 Y-19.995 Z1.600 F5400 A218.76406; Infill 
G1 X17.599 Y-20.444 Z1.600 F5400 A218.78023; Connection 
G1 X17.664 Y-20.509 Z1.600 F5400 A218.78342; Infill 
G1 X17.554 Y-20.959 Z1.600 F5400 A218.79964; Connection 
G1 X17.617 Y-21.022 Z1.600 F5400 A218.80273; Infill 
G1 X17.509 Y-21.475 Z1.600 F5400 A218.81900; Connection 
G1 X17.570 Y-21.536 Z1.600 F5400 A218.82201; Infill 
G1 X17.465 Y-21.990 Z1.600 F5400 A218.83831; Connection 
G1 X17.524 Y-22.049 Z1.600 F5400 A218.84124; Infill 
G1 X17.524 Y-22.049 Z1.600 F1500 A217.54124; Retract 
G1 X17.524 Y-22.049 Z1.600 F3000; Retract 
G1 X19.064 Y-17.989 Z1.600 F9000; Travel Move 
G1 X19.064 Y-17.989 Z1.600 F1500 A218.84124; Restart 
G1 X18.804 Y-17.729 Z1.600 F5400 A218.85410; Infill 
G1 X18.849 Y-17.214 Z1.600 F5400 A218.87218; Connection 
G1 X19.443 Y-17.808 Z1.600 F5400 A218.90153; Infill 
G1 X19.821 Y-17.626 Z1.600 F5400 A218.91620; Connection 
G1 X18.894 Y-16.699 Z1.600 F5400 A218.96205; Infill 
G1 X18.939 Y-16.183 Z1.600 F5400 A218.98013; Connection 
G1 X20.199 Y-17.444 Z1.600 F5400 A219.04246; Infill 
G1 X20.578 Y-17.263 Z1.600 F5400 A219.05713; Connection 
G1 X18.983 Y-15.668 Z1.600 F5400 A219.13596; Infill 
G1 X19.028 Y-15.153 Z1.600 F5400 A219.15404; Connection 
G1 X20.918 Y-17.043 Z1.600 F5400 A219.24749; Infill 
G1 X21.247 Y-16.812 Z1.600 F5400 A219.26154; Connection 
G1 X19.120 Y-14.684 Z1.600 F5400 A219.36672; Infill 
G1 X20.699 Y-15.704 Z1.600 F5400 A219.43245; Connection 
G1 X21.547 Y-16.552 Z1.600 F5400 A219.47438; Infill 
; Chunk 16 
; Lower Position  1.6 
; Upper Position  1.8 
; Thickness       0.2 
; Width           0.4 
G1 X21.547 Y-16.552 Z1.600 F1500 A218.17438; Retract 
G1 X21.547 Y-16.552 Z1.600 F3000; Retract 
G1 X21.547 Y-16.552 Z1.800 F1380; Travel Move 
G1 X-5.602 Y-9.850 Z1.800 F9000; Travel Move 
G1 X-5.602 Y-9.850 Z1.800 F1500 A219.47438; Restart 
G1 X-5.074 Y-10.160 Z1.800 F5400 A219.49580; Inset 
G1 X-4.116 Y-10.528 Z1.800 F5400 A219.53166; Inset 
G1 X-3.441 Y-10.166 Z1.800 F5400 A219.55846; Inset 
G1 X-2.764 Y-10.526 Z1.800 F5400 A219.58526; Inset 
G1 X-1.808 Y-10.154 Z1.800 F5400 A219.62113; Inset 
G1 X-1.215 Y-9.795 Z1.800 F5400 A219.64535; Inset 
G1 X-0.762 Y-9.399 Z1.800 F5400 A219.66637; Inset 
G1 X-0.378 Y-8.936 Z1.800 F5400 A219.68739; Inset 
G1 X-0.068 Y-8.408 Z1.800 F5400 A219.70881; Inset 
G1 X0.291 Y-7.474 Z1.800 F5400 A219.74380; Inset 
G1 X-0.054 Y-6.759 Z1.800 F5400 A219.77153; Inset 
G1 X0.297 Y-6.098 Z1.800 F5400 A219.79773; Inset 
G1 X-0.075 Y-5.142 Z1.800 F5400 A219.83360; Inset 
G1 X-0.386 Y-4.614 Z1.800 F5400 A219.85502; Inset 
G1 X-0.772 Y-4.153 Z1.800 F5400 A219.87604; Inset 
G1 X-1.227 Y-3.759 Z1.800 F5400 A219.89706; Inset 
G1 X-1.820 Y-3.402 Z1.800 F5400 A219.92128; Inset 
G1 X-2.754 Y-3.043 Z1.800 F5400 A219.95626; Inset 
G1 X-3.469 Y-3.388 Z1.800 F5400 A219.98400; Inset 
G1 X-4.131 Y-3.037 Z1.800 F5400 A220.01020; Inset 
G1 X-5.087 Y-3.409 Z1.800 F5400 A220.04607; Inset 
G1 X-5.614 Y-3.720 Z1.800 F5400 A220.06748; Inset 
G1 X-6.076 Y-4.106 Z1.800 F5400 A220.08851; Inset 
G1 X-6.469 Y-4.561 Z1.800 F5400 A220.10953; Inset 
G1 X-6.826 Y-5.154 Z1.800 F5400 A220.13375; Inset 
G1 X-7.185 Y-6.088 Z1.800 F5400 A220.16873; Inset 
G1 X-6.847 Y-6.788 Z1.800 F5400 A220.19588; Inset 
G1 X-7.182 Y-7.488 Z1.800 F5400 A220.22303; Inset 
G1 X-6.820 Y-8.421 Z1.800 F5400 A220.25801; Inset 
G1 X-6.461 Y-9.013 Z1.800 F5400 A220.28222; Inset 
G1 X-6.065 Y-9.466 Z1.800 F5400 A220.30325; Inset 
G1 X-5.602 Y-9.850 Z1.800 F5400 A220.32427; Inset 
G1 X-5.602 Y-9.850 Z1.800 F1500 A219.02427; Retract 
G1 X-5.602 Y-9.850 Z1.800 F3000; Retract 
G1 X-5.382 Y-9.516 Z1.800 F9000; Travel Move 
G1 X-5.382 Y-9.516 Z1.800 F1500 A220.32427; Restart 
G1 X-4.914 Y-9.793 Z1.800 F5400 A220.34329; Inset 
G1 X-4.144 Y-10.089 Z1.800 F5400 A220.37213; Inset 
G1 X-3.659 Y-9.829 Z1.800 F5400 A220.39136; Inset 
G1 X-3.555 Y-9.447 Z1.800 F5400 A220.40521; Inset 
G1 X-3.466 Y-9.389 Z1.800 F5400 A220.40891; Inset 
G1 X-3.407 Y-9.394 Z1.800 F5400 A220.41100; Inset 
G1 X-3.329 Y-9.446 Z1.800 F5400 A220.41427; Inset 
G1 X-3.223 Y-9.828 Z1.800 F5400 A220.42813; Inset 
G1 X-2.738 Y-10.086 Z1.800 F5400 A220.44735; Inset 
G1 X-1.969 Y-9.787 Z1.800 F5400 A220.47620; Inset 
G1 X-1.463 Y-9.480 Z1.800 F5400 A220.49690; Inset 
G1 X-1.057 Y-9.128 Z1.800 F5400 A220.51568; Inset 
G1 X-0.712 Y-8.716 Z1.800 F5400 A220.53446; Inset 
G1 X-0.435 Y-8.248 Z1.800 F5400 A220.55347; Inset 
G1 X-0.145 Y-7.492 Z1.800 F5400 A220.58179; Inset 
G1 X-0.371 Y-7.024 Z1.800 F5400 A220.59995; Inset 
G1 X-0.761 Y-6.902 Z1.800 F5400 A220.61426; Inset 
G1 X-0.826 Y-6.834 Z1.800 F5400 A220.61754; Inset 
G1 X-0.841 Y-6.776 Z1.800 F5400 A220.61962; Inset 
G1 X-0.823 Y-6.706 Z1.800 F5400 A220.62214; Inset 
G1 X-0.717 Y-6.629 Z1.800 F5400 A220.62673; Inset 
G1 X-0.400 Y-6.557 Z1.800 F5400 A220.63809; Inset 
G1 X-0.142 Y-6.072 Z1.800 F5400 A220.65732; Inset 
G1 X-0.441 Y-5.303 Z1.800 F5400 A220.68616; Inset 
G1 X-0.720 Y-4.836 Z1.800 F5400 A220.70518; Inset 
G1 X-1.066 Y-4.425 Z1.800 F5400 A220.72396; Inset 
G1 X-1.473 Y-4.074 Z1.800 F5400 A220.74274; Inset 
G1 X-1.980 Y-3.769 Z1.800 F5400 A220.76344; Inset 
G1 X-2.736 Y-3.479 Z1.800 F5400 A220.79175; Inset 
G1 X-3.204 Y-3.705 Z1.800 F5400 A220.80991; Inset 
G1 X-3.327 Y-4.095 Z1.800 F5400 A220.82423; Inset 
G1 X-3.362 Y-4.143 Z1.800 F5400 A220.82632; Inset 
G1 X-3.476 Y-4.173 Z1.800 F5400 A220.83044; Inset 
G1 X-3.565 Y-4.116 Z1.800 F5400 A220.83413; Inset 
G1 X-3.671 Y-3.734 Z1.800 F5400 A220.84799; Inset 
G1 X-4.156 Y-3.476 Z1.800 F5400 A220.86721; Inset 
G1 X-4.925 Y-3.775 Z1.800 F5400 A220.89606; Inset 
G1 X-5.432 Y-4.082 Z1.800 F5400 A220.91675; Inset 
G1 X-5.837 Y-4.434 Z1.800 F5400 A220.93553; Inset 
G1 X-6.182 Y-4.846 Z1.800 F5400 A220.95432; Inset 
G1 X-6.459 Y-5.314 Z1.800 F5400 A220.97333; Inset 
G1 X-6.750 Y-6.070 Z1.800 F5400 A221.00165; Inset 
G1 X-6.524 Y-6.538 Z1.800 F5400 A221.01981; Inset 
G1 X-6.133 Y-6.661 Z1.800 F5400 A221.03412; Inset 
G1 X-6.085 Y-6.696 Z1.800 F5400 A221.03621; Inset 
G1 X-6.056 Y-6.798 Z1.800 F5400 A221.03991; Inset 
G1 X-6.071 Y-6.856 Z1.800 F5400 A221.04200; Inset 
G1 X-6.121 Y-6.908 Z1.800 F5400 A221.04452; Inset 
G1 X-6.523 Y-7.036 Z1.800 F5400 A221.05926; Inset 
G1 X-6.747 Y-7.505 Z1.800 F5400 A221.07742; Inset 
G1 X-6.453 Y-8.259 Z1.800 F5400 A221.10574; Inset 
G1 X-6.146 Y-8.766 Z1.800 F5400 A221.12644; Inset 
G1 X-5.794 Y-9.171 Z1.800 F5400 A221.14522; Inset 
G1 X-5.382 Y-9.516 Z1.800 F5400 A221.16400; Inset 
G1 X-5.382 Y-9.516 Z1.800 F1500 A219.86400; Retract 
G1 X-5.382 Y-9.516 Z1.800 F3000; Retract 
G1 X-5.169 Y-9.178 Z1.800 F9000; Travel Move 
G1 X-5.169 Y-9.178 Z1.800 F1500 A221.16400; Restart 
G1 X-4.762 Y-9.423 Z1.800 F2400 A221.18059; Inset 
G1 X-4.040 Y-9.700 Z1.800 F2400 A221.20763; Inset 
G1 X-3.968 Y-9.375 Z1.800 F2400 A221.21927; Inset 
G1 X-3.880 Y-9.204 Z1.800 F2400 A221.22599; Inset 
G1 X-3.747 Y-9.077 Z1.800 F2400 A221.23242; Inset 
G1 X-3.572 Y-8.998 Z1.800 F2400 A221.23914; Inset 
G1 X-3.306 Y-9.001 Z1.800 F2400 A221.24844; Inset 
G1 X-3.138 Y-9.076 Z1.800 F2400 A221.25487; Inset 
G1 X-3.005 Y-9.202 Z1.800 F2400 A221.26129; Inset 
G1 X-2.917 Y-9.373 Z1.800 F2400 A221.26801; Inset 
G1 X-2.843 Y-9.698 Z1.800 F2400 A221.27965; Inset 
G1 X-2.122 Y-9.418 Z1.800 F2400 A221.30669; Inset 
G1 X-1.717 Y-9.171 Z1.800 F2400 A221.32328; Inset 
G1 X-1.357 Y-8.864 Z1.800 F2400 A221.33983; Inset 
G1 X-1.051 Y-8.503 Z1.800 F2400 A221.35637; Inset 
G1 X-0.806 Y-8.096 Z1.800 F2400 A221.37296; Inset 
G1 X-0.535 Y-7.392 Z1.800 F2400 A221.39934; Inset 
G1 X-0.946 Y-7.263 Z1.800 F2400 A221.41441; Inset 
G1 X-1.093 Y-7.153 Z1.800 F2400 A221.42083; Inset 
G1 X-1.196 Y-7.001 Z1.800 F2400 A221.42725; Inset 
G1 X-1.245 Y-6.739 Z1.800 F2400 A221.43656; Inset 
G1 X-1.195 Y-6.545 Z1.800 F2400 A221.44358; Inset 
G1 X-1.026 Y-6.339 Z1.800 F2400 A221.45289; Inset 
G1 X-0.855 Y-6.250 Z1.800 F2400 A221.45961; Inset 
G1 X-0.530 Y-6.177 Z1.800 F2400 A221.47125; Inset 
G1 X-0.811 Y-5.456 Z1.800 F2400 A221.49829; Inset 
G1 X-1.057 Y-5.051 Z1.800 F2400 A221.51488; Inset 
G1 X-1.365 Y-4.691 Z1.800 F2400 A221.53142; Inset 
G1 X-1.726 Y-4.385 Z1.800 F2400 A221.54797; Inset 
G1 X-2.132 Y-4.140 Z1.800 F2400 A221.56456; Inset 
G1 X-2.836 Y-3.869 Z1.800 F2400 A221.59094; Inset 
G1 X-2.965 Y-4.280 Z1.800 F2400 A221.60600; Inset 
G1 X-3.080 Y-4.434 Z1.800 F2400 A221.61273; Inset 
G1 X-3.314 Y-4.561 Z1.800 F2400 A221.62203; Inset 
G1 X-3.580 Y-4.565 Z1.800 F2400 A221.63133; Inset 
G1 X-3.756 Y-4.486 Z1.800 F2400 A221.63806; Inset 
G1 X-3.890 Y-4.360 Z1.800 F2400 A221.64448; Inset 
G1 X-3.978 Y-4.189 Z1.800 F2400 A221.65121; Inset 
G1 X-4.051 Y-3.864 Z1.800 F2400 A221.66285; Inset 
G1 X-4.772 Y-4.145 Z1.800 F2400 A221.68988; Inset 
G1 X-5.178 Y-4.391 Z1.800 F2400 A221.70648; Inset 
G1 X-5.538 Y-4.699 Z1.800 F2400 A221.72302; Inset 
G1 X-5.844 Y-5.060 Z1.800 F2400 A221.73956; Inset 
G1 X-6.089 Y-5.466 Z1.800 F2400 A221.75616; Inset 
G1 X-6.359 Y-6.170 Z1.800 F2400 A221.78254; Inset 
G1 X-5.948 Y-6.299 Z1.800 F2400 A221.79760; Inset 
G1 X-5.794 Y-6.414 Z1.800 F2400 A221.80433; Inset 
G1 X-5.668 Y-6.648 Z1.800 F2400 A221.81363; Inset 
G1 X-5.652 Y-6.831 Z1.800 F2400 A221.82005; Inset 
G1 X-5.736 Y-7.084 Z1.800 F2400 A221.82936; Inset 
G1 X-5.938 Y-7.270 Z1.800 F2400 A221.83896; Inset 
G1 X-6.357 Y-7.403 Z1.800 F2400 A221.85433; Inset 
G1 X-6.084 Y-8.106 Z1.800 F2400 A221.88071; Inset 
G1 X-5.837 Y-8.512 Z1.800 F2400 A221.89730; Inset 
G1 X-5.530 Y-8.872 Z1.800 F2400 A221.91384; Inset 
G1 X-5.169 Y-9.178 Z1.800 F2400 A221.93038; Inset 
G1 X-5.169 Y-9.178 Z1.800 F1500 A220.63038; Retract 
G1 X-5.169 Y-9.178 Z1.800 F3000; Retract 
G1 X-6.456 Y-10.772 Z1.800 F9000; Travel Move 
G1 X-6.456 Y-10.772 Z1.800 F1500 A221.93038; Restart 
G1 X-6.898 Y-10.397 Z1.800 F5400 A221.95063; Inset 
G1 X-7.293 Y-9.974 Z1.800 F5400 A221.97088; Inset 
G1 X-7.637 Y-9.507 Z1.800 F5400 A221.99113; Inset 
G1 X-7.924 Y-9.004 Z1.800 F5400 A222.01138; Inset 
G1 X-8.151 Y-8.471 Z1.800 F5400 A222.03164; Inset 
G1 X-8.315 Y-7.916 Z1.800 F5400 A222.05189; Inset 
G1 X-8.414 Y-7.345 Z1.800 F5400 A222.07214; Inset 
G1 X-8.445 Y-6.767 Z1.800 F5400 A222.09239; Inset 
G1 X-8.410 Y-6.188 Z1.800 F5400 A222.11264; Inset 
G1 X-8.308 Y-5.618 Z1.800 F5400 A222.13289; Inset 
G1 X-8.141 Y-5.064 Z1.800 F5400 A222.15314; Inset 
G1 X-7.911 Y-4.532 Z1.800 F5400 A222.17339; Inset 
G1 X-7.621 Y-4.031 Z1.800 F5400 A222.19364; Inset 
G1 X-7.274 Y-3.566 Z1.800 F5400 A222.21389; Inset 
G1 X-6.877 Y-3.145 Z1.800 F5400 A222.23414; Inset 
G1 X-6.433 Y-2.773 Z1.800 F5400 A222.25439; Inset 
G1 X-5.949 Y-2.454 Z1.800 F5400 A222.27465; Inset 
G1 X-5.432 Y-2.194 Z1.800 F5400 A222.29489; Inset 
G1 X-4.888 Y-1.995 Z1.800 F5400 A222.31515; Inset 
G1 X-4.324 Y-1.860 Z1.800 F5400 A222.33540; Inset 
G1 X-3.749 Y-1.792 Z1.800 F5400 A222.35565; Inset 
G1 X-3.170 Y-1.791 Z1.800 F5400 A222.37590; Inset 
G1 X-2.594 Y-1.856 Z1.800 F5400 A222.39615; Inset 
G1 X-2.030 Y-1.988 Z1.800 F5400 A222.41640; Inset 
G1 X-1.485 Y-2.184 Z1.800 F5400 A222.43665; Inset 
G1 X-0.967 Y-2.442 Z1.800 F5400 A222.45690; Inset 
G1 X-0.481 Y-2.758 Z1.800 F5400 A222.47716; Inset 
G1 X-0.036 Y-3.128 Z1.800 F5400 A222.49740; Inset 
G1 X0.353 Y-3.536 Z1.800 F5400 A222.51711; Inset 
G1 X1.067 Y-4.547 Z1.800 F5400 A222.56038; Inset 
G1 X1.501 Y-4.772 Z1.800 F5400 A222.57746; Inset 
G1 X15.315 Y-4.751 Z1.800 F5400 A223.06042; Inset 
G1 X15.018 Y-4.768 Z1.800 F5400 A223.07082; Inset 
G1 X14.405 Y-4.929 Z1.800 F5400 A223.09300; Inset 
G1 X13.953 Y-5.163 Z1.800 F5400 A223.11079; Inset 
G1 X13.378 Y-5.694 Z1.800 F5400 A223.13815; Inset 
G1 X13.277 Y-5.831 Z1.800 F5400 A223.14410; Inset 
G1 X12.973 Y-6.436 Z1.800 F5400 A223.16777; Inset 
G1 X12.924 Y-6.599 Z1.800 F5400 A223.17373; Inset 
G1 X12.842 Y-7.250 Z1.800 F5400 A223.19665; Inset 
G1 X12.891 Y-7.756 Z1.800 F5400 A223.21444; Inset 
G1 X13.161 Y-8.468 Z1.800 F5400 A223.24105; Inset 
G1 X13.452 Y-8.886 Z1.800 F5400 A223.25883; Inset 
G1 X14.051 Y-9.389 Z1.800 F5400 A223.28619; Inset 
G1 X14.200 Y-9.472 Z1.800 F5400 A223.29214; Inset 
G1 X14.839 Y-9.696 Z1.800 F5400 A223.31582; Inset 
G1 X15.007 Y-9.724 Z1.800 F5400 A223.32177; Inset 
G1 X15.789 Y-9.707 Z1.800 F5400 A223.34913; Inset 
G1 X16.277 Y-9.562 Z1.800 F5400 A223.36691; Inset 
G1 X16.849 Y-9.241 Z1.800 F5400 A223.38984; Inset 
G1 X16.981 Y-9.134 Z1.800 F5400 A223.39579; Inset 
G1 X17.427 Y-8.625 Z1.800 F5400 A223.41947; Inset 
G1 X17.575 Y-8.332 Z1.800 F5400 A223.43094; Inset 
G1 X18.483 Y-13.236 Z1.800 F5400 A223.60531; Inset 
G1 X18.654 Y-13.734 Z1.800 F5400 A223.62371; Inset 
G1 X18.734 Y-13.876 Z1.800 F5400 A223.62943; Inset 
G1 X19.161 Y-14.371 Z1.800 F5400 A223.65225; Inset 
G1 X22.222 Y-16.346 Z1.800 F5400 A223.77962; Inset 
G1 X21.357 Y-17.095 Z1.800 F5400 A223.81960; Inset 
G1 X20.759 Y-17.493 Z1.800 F5400 A223.84471; Inset 
G1 X18.383 Y-18.634 Z1.800 F5400 A223.93687; Inset 
G1 X18.081 Y-19.068 Z1.800 F5400 A223.95534; Inset 
G1 X17.748 Y-22.739 Z1.800 F5400 A224.08422; Inset 
G1 X17.121 Y-22.641 Z1.800 F5400 A224.10642; Inset 
G1 X17.650 Y-16.557 Z1.800 F5400 A224.31992; Inset 
G1 X17.642 Y-15.886 Z1.800 F5400 A224.34338; Inset 
G1 X17.494 Y-15.094 Z1.800 F5400 A224.37158; Inset 
G1 X17.236 Y-14.419 Z1.800 F5400 A224.39681; Inset 
G1 X16.868 Y-13.798 Z1.800 F5400 A224.42205; Inset 
G1 X16.461 Y-13.309 Z1.800 F5400 A224.44432; Inset 
G1 X15.916 Y-12.835 Z1.800 F5400 A224.46955; Inset 
G1 X15.299 Y-12.460 Z1.800 F5400 A224.49479; Inset 
G1 X14.546 Y-12.171 Z1.800 F5400 A224.52298; Inset 
G1 X13.837 Y-12.037 Z1.800 F5400 A224.54822; Inset 
G1 X13.200 Y-12.020 Z1.800 F5400 A224.57049; Inset 
G1 X12.485 Y-12.116 Z1.800 F5400 A224.59573; Inset 
G1 X11.717 Y-12.365 Z1.800 F5400 A224.62392; Inset 
G1 X11.082 Y-12.706 Z1.800 F5400 A224.64916; Inset 
G1 X10.513 Y-13.150 Z1.800 F5400 A224.67439; Inset 
G1 X10.027 Y-13.684 Z1.800 F5400 A224.69963; Inset 
G1 X9.639 Y-14.293 Z1.800 F5400 A224.72486; Inset 
G1 X9.359 Y-14.958 Z1.800 F5400 A224.75010; Inset 
G1 X9.197 Y-15.648 Z1.800 F5400 A224.77486; Inset 
G1 X8.789 Y-20.336 Z1.800 F5400 A224.93938; Inset 
G1 X8.169 Y-20.085 Z1.800 F5400 A224.96277; Inset 
G1 X8.165 Y-20.017 Z1.800 F5400 A224.96515; Inset 
G1 X8.913 Y-11.407 Z1.800 F5400 A225.26727; Inset 
G1 X8.317 Y-10.759 Z1.800 F5400 A225.29806; Inset 
G1 X-0.246 Y-10.775 Z1.800 F5400 A225.59745; Inset 
G1 X-0.485 Y-10.835 Z1.800 F5400 A225.60607; Inset 
G1 X-1.530 Y-11.396 Z1.800 F5400 A225.64750; Inset 
G1 X-2.058 Y-11.583 Z1.800 F5400 A225.66711; Inset 
G1 X-2.623 Y-11.711 Z1.800 F5400 A225.68735; Inset 
G1 X-3.199 Y-11.773 Z1.800 F5400 A225.70761; Inset 
G1 X-3.778 Y-11.768 Z1.800 F5400 A225.72786; Inset 
G1 X-4.353 Y-11.697 Z1.800 F5400 A225.74811; Inset 
G1 X-4.916 Y-11.559 Z1.800 F5400 A225.76836; Inset 
G1 X-5.459 Y-11.357 Z1.800 F5400 A225.78861; Inset 
G1 X-5.974 Y-11.093 Z1.800 F5400 A225.80886; Inset 
G1 X-6.456 Y-10.772 Z1.800 F5400 A225.82911; Inset 
G1 X-6.456 Y-10.772 Z1.800 F1500 A224.52911; Retract 
G1 X-6.456 Y-10.772 Z1.800 F3000; Retract 
G1 X14.275 Y-9.056 Z1.800 F9000; Travel Move 
G1 X14.275 Y-9.056 Z1.800 F1500 A225.82911; Restart 
G1 X14.939 Y-9.307 Z1.800 F5400 A225.85394; Inset 
G1 X15.636 Y-9.323 Z1.800 F5400 A225.87831; Inset 
G1 X16.032 Y-9.229 Z1.800 F5400 A225.89254; Inset 
G1 X16.623 Y-8.909 Z1.800 F5400 A225.91604; Inset 
G1 X16.703 Y-8.844 Z1.800 F5400 A225.91961; Inset 
G1 X17.158 Y-8.299 Z1.800 F5400 A225.94443; Inset 
G1 X17.405 Y-7.634 Z1.800 F5400 A225.96926; Inset 
G1 X17.430 Y-7.025 Z1.800 F5400 A225.99055; Inset 
G1 X17.237 Y-6.342 Z1.800 F5400 A226.01537; Inset 
G1 X16.828 Y-5.762 Z1.800 F5400 A226.04020; Inset 
G1 X16.248 Y-5.351 Z1.800 F5400 A226.06502; Inset 
G1 X15.578 Y-5.160 Z1.800 F5400 A226.08939; Inset 
G1 X15.095 Y-5.161 Z1.800 F5400 A226.10627; Inset 
G1 X14.460 Y-5.338 Z1.800 F5400 A226.12932; Inset 
G1 X14.110 Y-5.545 Z1.800 F5400 A226.14355; Inset 
G1 X13.619 Y-6.041 Z1.800 F5400 A226.16793; Inset 
G1 X13.317 Y-6.683 Z1.800 F5400 A226.19275; Inset 
G1 X13.242 Y-7.351 Z1.800 F5400 A226.21625; Inset 
G1 X13.304 Y-7.753 Z1.800 F5400 A226.23048; Inset 
G1 X13.523 Y-8.294 Z1.800 F5400 A226.25088; Inset 
G1 X13.758 Y-8.627 Z1.800 F5400 A226.26511; Inset 
G1 X14.275 Y-9.056 Z1.800 F5400 A226.28861; Inset 
G1 X14.275 Y-9.056 Z1.800 F1500 A224.98861; Retract 
G1 X14.275 Y-9.056 Z1.800 F3000; Retract 
G1 X14.513 Y-8.734 Z1.800 F9000; Travel Move 
G1 X14.513 Y-8.734 Z1.800 F1500 A226.28861; Restart 
G1 X15.056 Y-8.924 Z1.800 F2400 A226.30874; Inset 
G1 X15.623 Y-8.923 Z1.800 F2400 A226.32855; Inset 
G1 X15.919 Y-8.846 Z1.800 F2400 A226.33924; Inset 
G1 X16.413 Y-8.568 Z1.800 F2400 A226.35906; Inset 
G1 X16.792 Y-8.135 Z1.800 F2400 A226.37918; Inset 
G1 X17.006 Y-7.601 Z1.800 F2400 A226.39930; Inset 
G1 X17.029 Y-7.026 Z1.800 F2400 A226.41942; Inset 
G1 X16.860 Y-6.476 Z1.800 F2400 A226.43955; Inset 
G1 X16.517 Y-6.014 Z1.800 F2400 A226.45967; Inset 
G1 X16.039 Y-5.692 Z1.800 F2400 A226.47979; Inset 
M73 P27; Update Progress 
G1 X15.490 Y-5.550 Z1.800 F2400 A226.49961; Inset 
G1 X15.184 Y-5.551 Z1.800 F2400 A226.51030; Inset 
G1 X14.645 Y-5.693 Z1.800 F2400 A226.52981; Inset 
G1 X14.378 Y-5.842 Z1.800 F2400 A226.54050; Inset 
G1 X13.969 Y-6.235 Z1.800 F2400 A226.56032; Inset 
G1 X13.711 Y-6.750 Z1.800 F2400 A226.58044; Inset 
G1 X13.640 Y-7.312 Z1.800 F2400 A226.60026; Inset 
G1 X13.680 Y-7.615 Z1.800 F2400 A226.61094; Inset 
G1 X13.889 Y-8.133 Z1.800 F2400 A226.63046; Inset 
G1 X14.071 Y-8.378 Z1.800 F2400 A226.64114; Inset 
G1 X14.513 Y-8.734 Z1.800 F2400 A226.66096; Inset 
G1 X14.513 Y-8.734 Z1.800 F1500 A225.36096; Retract 
G1 X14.513 Y-8.734 Z1.800 F3000; Retract 
G1 X-6.698 Y-11.092 Z1.800 F9000; Travel Move 
G1 X-6.698 Y-11.092 Z1.800 F1500 A226.66096; Restart 
G1 X-7.174 Y-10.687 Z1.800 F5400 A226.68283; Inset 
G1 X-7.601 Y-10.230 Z1.800 F5400 A226.70471; Inset 
G1 X-7.972 Y-9.726 Z1.800 F5400 A226.72658; Inset 
G1 X-8.283 Y-9.182 Z1.800 F5400 A226.74845; Inset 
G1 X-8.528 Y-8.607 Z1.800 F5400 A226.77033; Inset 
G1 X-8.705 Y-8.007 Z1.800 F5400 A226.79220; Inset 
G1 X-8.812 Y-7.390 Z1.800 F5400 A226.81408; Inset 
G1 X-8.846 Y-6.765 Z1.800 F5400 A226.83595; Inset 
G1 X-8.808 Y-6.141 Z1.800 F5400 A226.85783; Inset 
G1 X-8.698 Y-5.525 Z1.800 F5400 A226.87970; Inset 
G1 X-8.517 Y-4.926 Z1.800 F5400 A226.90157; Inset 
G1 X-8.269 Y-4.352 Z1.800 F5400 A226.92344; Inset 
G1 X-7.955 Y-3.810 Z1.800 F5400 A226.94532; Inset 
G1 X-7.581 Y-3.309 Z1.800 F5400 A226.96720; Inset 
G1 X-7.152 Y-2.854 Z1.800 F5400 A226.98907; Inset 
G1 X-6.672 Y-2.451 Z1.800 F5400 A227.01094; Inset 
G1 X-6.150 Y-2.107 Z1.800 F5400 A227.03282; Inset 
G1 X-5.591 Y-1.826 Z1.800 F5400 A227.05469; Inset 
G1 X-5.003 Y-1.611 Z1.800 F5400 A227.07657; Inset 
G1 X-4.395 Y-1.466 Z1.800 F5400 A227.09844; Inset 
G1 X-3.773 Y-1.392 Z1.800 F5400 A227.12032; Inset 
G1 X-3.148 Y-1.390 Z1.800 F5400 A227.14219; Inset 
G1 X-2.526 Y-1.461 Z1.800 F5400 A227.16407; Inset 
G1 X-1.917 Y-1.604 Z1.800 F5400 A227.18593; Inset 
G1 X-1.328 Y-1.815 Z1.800 F5400 A227.20781; Inset 
G1 X-0.768 Y-2.094 Z1.800 F5400 A227.22969; Inset 
G1 X-0.243 Y-2.435 Z1.800 F5400 A227.25156; Inset 
G1 X0.238 Y-2.835 Z1.800 F5400 A227.27343; Inset 
G1 X0.663 Y-3.281 Z1.800 F5400 A227.29498; Inset 
G1 X1.338 Y-4.237 Z1.800 F5400 A227.33587; Inset 
G1 X1.598 Y-4.372 Z1.800 F5400 A227.34612; Inset 
G1 X15.227 Y-4.346 Z1.800 F5400 A227.82260; Inset 
G1 X15.924 Y-4.446 Z1.800 F5400 A227.84720; Inset 
G1 X16.387 Y-4.637 Z1.800 F5400 A227.86474; Inset 
G1 X16.854 Y-4.967 Z1.800 F5400 A227.88473; Inset 
G1 X17.193 Y-5.342 Z1.800 F5400 A227.90238; Inset 
G1 X17.342 Y-5.577 Z1.800 F5400 A227.91212; Inset 
G1 X17.538 Y-6.035 Z1.800 F5400 A227.92952; Inset 
G1 X17.611 Y-6.327 Z1.800 F5400 A227.94006; Inset 
G1 X18.873 Y-13.147 Z1.800 F5400 A228.18254; Inset 
G1 X19.068 Y-13.653 Z1.800 F5400 A228.20149; Inset 
G1 X19.405 Y-14.052 Z1.800 F5400 A228.21976; Inset 
G1 X22.887 Y-16.300 Z1.800 F5400 A228.36464; Inset 
G1 X21.600 Y-17.414 Z1.800 F5400 A228.42414; Inset 
G1 X20.957 Y-17.841 Z1.800 F5400 A228.45113; Inset 
G1 X18.651 Y-18.949 Z1.800 F5400 A228.54057; Inset 
G1 X18.470 Y-19.209 Z1.800 F5400 A228.55165; Inset 
G1 X18.140 Y-22.849 Z1.800 F5400 A228.67941; Inset 
G1 X18.088 Y-22.967 Z1.800 F5400 A228.68392; Inset 
G1 X18.002 Y-23.061 Z1.800 F5400 A228.68839; Inset 
G1 X17.852 Y-23.138 Z1.800 F5400 A228.69427; Inset 
G1 X17.654 Y-23.140 Z1.800 F5400 A228.70119; Inset 
G1 X16.691 Y-22.973 Z1.800 F5400 A228.73539; Inset 
G1 X17.251 Y-16.533 Z1.800 F5400 A228.96138; Inset 
G1 X17.238 Y-15.859 Z1.800 F5400 A228.98495; Inset 
G1 X17.113 Y-15.217 Z1.800 F5400 A229.00781; Inset 
G1 X16.903 Y-14.651 Z1.800 F5400 A229.02890; Inset 
G1 X16.579 Y-14.083 Z1.800 F5400 A229.05176; Inset 
G1 X16.164 Y-13.578 Z1.800 F5400 A229.07462; Inset 
G1 X15.669 Y-13.150 Z1.800 F5400 A229.09748; Inset 
G1 X15.110 Y-12.812 Z1.800 F5400 A229.12035; Inset 
G1 X14.501 Y-12.574 Z1.800 F5400 A229.14321; Inset 
G1 X13.860 Y-12.442 Z1.800 F5400 A229.16607; Inset 
G1 X13.206 Y-12.421 Z1.800 F5400 A229.18893; Inset 
G1 X12.559 Y-12.510 Z1.800 F5400 A229.21179; Inset 
G1 X11.935 Y-12.707 Z1.800 F5400 A229.23465; Inset 
G1 X11.354 Y-13.007 Z1.800 F5400 A229.25752; Inset 
G1 X10.794 Y-13.435 Z1.800 F5400 A229.28215; Inset 
G1 X10.353 Y-13.917 Z1.800 F5400 A229.30502; Inset 
G1 X9.999 Y-14.467 Z1.800 F5400 A229.32788; Inset 
G1 X9.743 Y-15.069 Z1.800 F5400 A229.35074; Inset 
G1 X9.594 Y-15.697 Z1.800 F5400 A229.37331; Inset 
G1 X9.142 Y-20.902 Z1.800 F5400 A229.55594; Inset 
G1 X8.041 Y-20.475 Z1.800 F5400 A229.59721; Inset 
G1 X7.902 Y-20.389 Z1.800 F5400 A229.60292; Inset 
G1 X7.822 Y-20.295 Z1.800 F5400 A229.60726; Inset 
G1 X7.775 Y-20.182 Z1.800 F5400 A229.61153; Inset 
G1 X7.763 Y-20.013 Z1.800 F5400 A229.61742; Inset 
G1 X8.500 Y-11.548 Z1.800 F5400 A229.91448; Inset 
G1 X8.142 Y-11.159 Z1.800 F5400 A229.93296; Inset 
G1 X-0.196 Y-11.175 Z1.800 F5400 A230.22446; Inset 
G1 X-0.340 Y-11.211 Z1.800 F5400 A230.22963; Inset 
G1 X-1.368 Y-11.763 Z1.800 F5400 A230.27042; Inset 
G1 X-1.947 Y-11.967 Z1.800 F5400 A230.29190; Inset 
G1 X-2.557 Y-12.106 Z1.800 F5400 A230.31378; Inset 
G1 X-3.179 Y-12.173 Z1.800 F5400 A230.33565; Inset 
G1 X-3.805 Y-12.168 Z1.800 F5400 A230.35752; Inset 
G1 X-4.426 Y-12.091 Z1.800 F5400 A230.37939; Inset 
G1 X-5.033 Y-11.942 Z1.800 F5400 A230.40127; Inset 
G1 X-5.620 Y-11.724 Z1.800 F5400 A230.42315; Inset 
G1 X-6.177 Y-11.439 Z1.800 F5400 A230.44502; Inset 
G1 X-6.698 Y-11.092 Z1.800 F5400 A230.46690; Inset 
G1 X-6.698 Y-11.092 Z1.800 F1500 A229.16690; Retract 
G1 X-6.698 Y-11.092 Z1.800 F3000; Retract 
G1 X-6.939 Y-11.412 Z1.800 F9000; Travel Move 
G1 X-6.939 Y-11.412 Z1.800 F1500 A230.46690; Restart 
G1 X-7.451 Y-10.977 Z1.800 F2400 A230.49039; Inset 
G1 X-7.910 Y-10.485 Z1.800 F2400 A230.51389; Inset 
G1 X-8.308 Y-9.944 Z1.800 F2400 A230.53739; Inset 
G1 X-8.642 Y-9.361 Z1.800 F2400 A230.56089; Inset 
G1 X-8.905 Y-8.742 Z1.800 F2400 A230.58439; Inset 
G1 X-9.095 Y-8.098 Z1.800 F2400 A230.60788; Inset 
G1 X-9.210 Y-7.435 Z1.800 F2400 A230.63138; Inset 
G1 X-9.247 Y-6.764 Z1.800 F2400 A230.65488; Inset 
G1 X-9.206 Y-6.093 Z1.800 F2400 A230.67837; Inset 
G1 X-9.088 Y-5.432 Z1.800 F2400 A230.70187; Inset 
G1 X-8.894 Y-4.788 Z1.800 F2400 A230.72537; Inset 
G1 X-8.627 Y-4.171 Z1.800 F2400 A230.74887; Inset 
G1 X-8.290 Y-3.590 Z1.800 F2400 A230.77236; Inset 
G1 X-7.888 Y-3.051 Z1.800 F2400 A230.79586; Inset 
G1 X-7.427 Y-2.562 Z1.800 F2400 A230.81936; Inset 
G1 X-6.912 Y-2.130 Z1.800 F2400 A230.84285; Inset 
G1 X-6.350 Y-1.760 Z1.800 F2400 A230.86636; Inset 
G1 X-5.750 Y-1.458 Z1.800 F2400 A230.88985; Inset 
G1 X-5.119 Y-1.228 Z1.800 F2400 A230.91335; Inset 
G1 X-4.465 Y-1.072 Z1.800 F2400 A230.93685; Inset 
G1 X-3.798 Y-0.992 Z1.800 F2400 A230.96034; Inset 
G1 X-3.126 Y-0.990 Z1.800 F2400 A230.98384; Inset 
G1 X-2.458 Y-1.067 Z1.800 F2400 A231.00734; Inset 
G1 X-1.803 Y-1.219 Z1.800 F2400 A231.03083; Inset 
G1 X-1.171 Y-1.447 Z1.800 F2400 A231.05433; Inset 
G1 X-0.569 Y-1.746 Z1.800 F2400 A231.07783; Inset 
G1 X-0.006 Y-2.113 Z1.800 F2400 A231.10133; Inset 
G1 X0.511 Y-2.542 Z1.800 F2400 A231.12482; Inset 
G1 X0.973 Y-3.027 Z1.800 F2400 A231.14821; Inset 
G1 X1.640 Y-3.971 Z1.800 F2400 A231.18864; Inset 
G1 X15.237 Y-3.945 Z1.800 F2400 A231.66401; Inset 
G1 X15.542 Y-3.962 Z1.800 F2400 A231.67469; Inset 
G1 X16.040 Y-4.061 Z1.800 F2400 A231.69245; Inset 
G1 X16.582 Y-4.285 Z1.800 F2400 A231.71292; Inset 
G1 X17.122 Y-4.666 Z1.800 F2400 A231.73604; Inset 
G1 X17.512 Y-5.099 Z1.800 F2400 A231.75640; Inset 
G1 X17.697 Y-5.390 Z1.800 F2400 A231.76846; Inset 
G1 X17.919 Y-5.906 Z1.800 F2400 A231.78811; Inset 
G1 X18.003 Y-6.242 Z1.800 F2400 A231.80021; Inset 
G1 X19.265 Y-13.067 Z1.800 F2400 A232.04284; Inset 
G1 X19.391 Y-13.417 Z1.800 F2400 A232.05585; Inset 
G1 X19.635 Y-13.725 Z1.800 F2400 A232.06960; Inset 
G1 X23.209 Y-16.031 Z1.800 F2400 A232.21829; Inset 
G1 X23.338 Y-16.188 Z1.800 F2400 A232.22538; Inset 
G1 X23.351 Y-16.341 Z1.800 F2400 A232.23077; Inset 
G1 X23.290 Y-16.480 Z1.800 F2400 A232.23605; Inset 
G1 X21.843 Y-17.733 Z1.800 F2400 A232.30298; Inset 
G1 X21.156 Y-18.190 Z1.800 F2400 A232.33182; Inset 
G1 X18.865 Y-19.290 Z1.800 F2400 A232.42067; Inset 
G1 X18.533 Y-22.950 Z1.800 F2400 A232.54915; Inset 
G1 X18.428 Y-23.188 Z1.800 F2400 A232.55826; Inset 
G1 X18.252 Y-23.380 Z1.800 F2400 A232.56736; Inset 
G1 X18.016 Y-23.509 Z1.800 F2400 A232.57675; Inset 
G1 X17.905 Y-23.538 Z1.800 F2400 A232.58075; Inset 
G1 X17.622 Y-23.540 Z1.800 F2400 A232.59067; Inset 
G1 X16.260 Y-23.304 Z1.800 F2400 A232.63897; Inset 
G1 X16.852 Y-16.503 Z1.800 F2400 A232.87762; Inset 
G1 X16.843 Y-15.924 Z1.800 F2400 A232.89788; Inset 
G1 X16.735 Y-15.348 Z1.800 F2400 A232.91837; Inset 
G1 X16.531 Y-14.798 Z1.800 F2400 A232.93886; Inset 
G1 X16.238 Y-14.291 Z1.800 F2400 A232.95936; Inset 
G1 X15.862 Y-13.841 Z1.800 F2400 A232.97985; Inset 
G1 X15.416 Y-13.460 Z1.800 F2400 A233.00034; Inset 
G1 X14.912 Y-13.161 Z1.800 F2400 A233.02083; Inset 
G1 X14.365 Y-12.951 Z1.800 F2400 A233.04133; Inset 
G1 X13.790 Y-12.836 Z1.800 F2400 A233.06182; Inset 
G1 X13.204 Y-12.821 Z1.800 F2400 A233.08231; Inset 
G1 X12.624 Y-12.904 Z1.800 F2400 A233.10281; Inset 
G1 X12.066 Y-13.085 Z1.800 F2400 A233.12330; Inset 
G1 X11.547 Y-13.357 Z1.800 F2400 A233.14379; Inset 
G1 X11.082 Y-13.713 Z1.800 F2400 A233.16428; Inset 
G1 X10.683 Y-14.143 Z1.800 F2400 A233.18478; Inset 
G1 X10.363 Y-14.634 Z1.800 F2400 A233.20527; Inset 
G1 X10.130 Y-15.172 Z1.800 F2400 A233.22576; Inset 
G1 X9.992 Y-15.740 Z1.800 F2400 A233.24619; Inset 
G1 X9.494 Y-21.467 Z1.800 F2400 A233.44717; Inset 
G1 X7.862 Y-20.835 Z1.800 F2400 A233.50836; Inset 
G1 X7.637 Y-20.696 Z1.800 F2400 A233.51758; Inset 
G1 X7.475 Y-20.505 Z1.800 F2400 A233.52635; Inset 
G1 X7.381 Y-20.274 Z1.800 F2400 A233.53507; Inset 
G1 X7.362 Y-20.010 Z1.800 F2400 A233.54431; Inset 
G1 X8.097 Y-11.559 Z1.800 F2400 A233.84088; Inset 
G1 X-0.171 Y-11.575 Z1.800 F2400 A234.12995; Inset 
G1 X-1.205 Y-12.130 Z1.800 F2400 A234.17097; Inset 
M73 P28; Update Progress 
G1 X-1.836 Y-12.352 Z1.800 F2400 A234.19433; Inset 
G1 X-2.491 Y-12.501 Z1.800 F2400 A234.21783; Inset 
G1 X-3.159 Y-12.574 Z1.800 F2400 A234.24133; Inset 
G1 X-3.831 Y-12.568 Z1.800 F2400 A234.26483; Inset 
G1 X-4.498 Y-12.485 Z1.800 F2400 A234.28832; Inset 
G1 X-5.151 Y-12.325 Z1.800 F2400 A234.31183; Inset 
G1 X-5.781 Y-12.091 Z1.800 F2400 A234.33532; Inset 
G1 X-6.380 Y-11.785 Z1.800 F2400 A234.35882; Inset 
G1 X-6.939 Y-11.412 Z1.800 F2400 A234.38232; Inset 
G1 X-6.939 Y-11.412 Z1.800 F1500 A233.08232; Retract 
G1 X-6.939 Y-11.412 Z1.800 F3000; Retract 
G1 X-6.238 Y-10.574 Z1.800 F9000; Travel Move 
G1 X-6.238 Y-10.574 Z1.800 F1500 A234.38232; Restart 
G1 X-5.755 Y-10.092 Z1.800 F5400 A234.40616; Infill 
G1 X-6.063 Y-9.840 Z1.800 F5400 A234.42007; Connection 
G1 X-6.545 Y-10.322 Z1.800 F5400 A234.44390; Infill 
G1 X-6.832 Y-10.049 Z1.800 F5400 A234.45775; Connection 
G1 X-6.354 Y-9.571 Z1.800 F5400 A234.48138; Infill 
G1 X-6.615 Y-9.272 Z1.800 F5400 A234.49526; Connection 
G1 X-7.099 Y-9.755 Z1.800 F5400 A234.51918; Infill 
G1 X-7.336 Y-9.433 Z1.800 F5400 A234.53318; Connection 
G1 X-6.841 Y-8.938 Z1.800 F5400 A234.55766; Infill 
G1 X-7.052 Y-8.589 Z1.800 F5400 A234.57192; Connection 
G1 X-7.548 Y-9.085 Z1.800 F5400 A234.59645; Infill 
G1 X-7.737 Y-8.713 Z1.800 F5400 A234.61101; Connection 
G1 X-7.216 Y-8.192 Z1.800 F5400 A234.63679; Infill 
G1 X-7.372 Y-7.789 Z1.800 F5400 A234.65191; Connection 
G1 X-7.899 Y-8.315 Z1.800 F5400 A234.67795; Infill 
G1 X-8.026 Y-7.883 Z1.800 F5400 A234.69371; Connection 
G1 X-7.378 Y-7.235 Z1.800 F5400 A234.72576; Infill 
G1 X-7.271 Y-6.568 Z1.800 F5400 A234.74938; Connection 
G1 X-8.112 Y-7.409 Z1.800 F5400 A234.79096; Infill 
G1 X-8.152 Y-6.889 Z1.800 F5400 A234.80920; Connection 
G1 X-7.454 Y-6.190 Z1.800 F5400 A234.84374; Infill 
G1 X-8.131 Y-6.307 Z1.800 F5400 A234.86777; Connection 
G1 X-7.229 Y-5.405 Z1.800 F5400 A234.91238; Infill 
G1 X-8.013 Y-5.629 Z1.800 F5400 A234.94089; Connection 
G1 X-4.605 Y-2.221 Z1.800 F5400 A235.10937; Infill 
G1 X-3.924 Y-2.101 Z1.800 F5400 A235.13354; Connection 
G1 X-4.823 Y-2.999 Z1.800 F5400 A235.17795; Infill 
G1 X-4.030 Y-2.766 Z1.800 F5400 A235.20683; Connection 
G1 X-3.341 Y-2.077 Z1.800 F5400 A235.24091; Infill 
G1 X-2.822 Y-2.118 Z1.800 F5400 A235.25911; Connection 
G1 X-3.664 Y-2.961 Z1.800 F5400 A235.30077; Infill 
G1 X-2.976 Y-2.833 Z1.800 F5400 A235.32523; Connection 
G1 X-2.350 Y-2.207 Z1.800 F5400 A235.35618; Infill 
G1 X-1.916 Y-2.333 Z1.800 F5400 A235.37198; Connection 
G1 X-2.441 Y-2.857 Z1.800 F5400 A235.39792; Infill 
G1 X-2.036 Y-3.013 Z1.800 F5400 A235.41307; Connection 
G1 X-1.513 Y-2.490 Z1.800 F5400 A235.43894; Infill 
G1 X-1.139 Y-2.676 Z1.800 F5400 A235.45355; Connection 
G1 X-1.640 Y-3.177 Z1.800 F5400 A235.47834; Infill 
G1 X-1.290 Y-3.387 Z1.800 F5400 A235.49260; Connection 
G1 X-0.797 Y-2.894 Z1.800 F5400 A235.51700; Infill 
G1 X-0.477 Y-3.133 Z1.800 F5400 A235.53099; Connection 
G1 X-0.957 Y-3.614 Z1.800 F5400 A235.55475; Infill 
G1 X-0.657 Y-3.874 Z1.800 F5400 A235.56863; Connection 
G1 X-0.177 Y-3.394 Z1.800 F5400 A235.59235; Infill 
G1 X0.096 Y-3.681 Z1.800 F5400 A235.60620; Connection 
G1 X-0.389 Y-4.165 Z1.800 F5400 A235.63017; Infill 
G1 X-0.137 Y-4.474 Z1.800 F5400 A235.64409; Connection 
G1 X0.333 Y-4.004 Z1.800 F5400 A235.66734; Infill 
G1 X0.565 Y-4.332 Z1.800 F5400 A235.68138; Connection 
G1 X0.071 Y-4.826 Z1.800 F5400 A235.70580; Infill 
G1 X0.255 Y-5.201 Z1.800 F5400 A235.72043; Connection 
G1 X0.797 Y-4.660 Z1.800 F5400 A235.74718; Infill 
G1 X1.120 Y-4.897 Z1.800 F5400 A235.76119; Connection 
G1 X0.412 Y-5.604 Z1.800 F5400 A235.79619; Infill 
G1 X0.569 Y-6.008 Z1.800 F5400 A235.81131; Connection 
G1 X1.519 Y-5.058 Z1.800 F5400 A235.85828; Infill 
G1 X2.080 Y-5.057 Z1.800 F5400 A235.87789; Connection 
G1 X0.300 Y-6.836 Z1.800 F5400 A235.96587; Infill 
G1 X0.483 Y-7.214 Z1.800 F5400 A235.98054; Connection 
G1 X2.641 Y-5.056 Z1.800 F5400 A236.08723; Infill 
G1 X3.202 Y-5.055 Z1.800 F5400 A236.10684; Connection 
G1 X0.481 Y-7.776 Z1.800 F5400 A236.24136; Infill 
G1 X0.056 Y-8.760 Z1.800 F5400 A236.27884; Connection 
G1 X3.763 Y-5.054 Z1.800 F5400 A236.46207; Infill 
G1 X4.324 Y-5.053 Z1.800 F5400 A236.48168; Connection 
G1 X-1.817 Y-11.194 Z1.800 F5400 A236.78529; Infill 
G1 X-2.594 Y-11.411 Z1.800 F5400 A236.81349; Connection 
G1 X-1.462 Y-10.278 Z1.800 F5400 A236.86950; Infill 
G1 X-2.456 Y-10.713 Z1.800 F5400 A236.90742; Connection 
G1 X-3.230 Y-11.487 Z1.800 F5400 A236.94571; Infill 
G1 X-3.783 Y-11.480 Z1.800 F5400 A236.96503; Connection 
G1 X-3.018 Y-10.714 Z1.800 F5400 A237.00286; Infill 
G1 X-3.383 Y-10.520 Z1.800 F5400 A237.01734; Connection 
G1 X-4.281 Y-11.417 Z1.800 F5400 A237.06171; Infill 
G1 X-4.732 Y-11.309 Z1.800 F5400 A237.07795; Connection 
G1 X-4.218 Y-10.795 Z1.800 F5400 A237.10336; Infill 
G1 X-4.623 Y-10.640 Z1.800 F5400 A237.11852; Connection 
G1 X-5.150 Y-11.167 Z1.800 F5400 A237.14457; Infill 
G1 X-5.538 Y-10.995 Z1.800 F5400 A237.15941; Connection 
G1 X-5.027 Y-10.484 Z1.800 F5400 A237.18467; Infill 
G1 X-5.402 Y-10.299 Z1.800 F5400 A237.19928; Connection 
G1 X-5.902 Y-10.798 Z1.800 F5400 A237.22397; Infill 
G1 X-5.902 Y-10.798 Z1.800 F1500 A235.92397; Retract 
G1 X-5.902 Y-10.798 Z1.800 F3000; Retract 
G1 X-0.676 Y-10.613 Z1.800 F9000; Travel Move 
G1 X-0.676 Y-10.613 Z1.800 F1500 A237.22397; Restart 
G1 X4.884 Y-5.053 Z1.800 F5400 A237.49890; Infill 
G1 X5.445 Y-5.052 Z1.800 F5400 A237.51851; Connection 
G1 X0.008 Y-10.489 Z1.800 F5400 A237.78731; Infill 
G1 X0.570 Y-10.487 Z1.800 F5400 A237.80693; Connection 
G1 X6.006 Y-5.051 Z1.800 F5400 A238.07572; Infill 
G1 X6.567 Y-5.050 Z1.800 F5400 A238.09533; Connection 
G1 X1.131 Y-10.486 Z1.800 F5400 A238.36411; Infill 
G1 X1.692 Y-10.485 Z1.800 F5400 A238.38372; Connection 
G1 X7.128 Y-5.049 Z1.800 F5400 A238.65249; Infill 
G1 X7.689 Y-5.048 Z1.800 F5400 A238.67210; Connection 
G1 X2.253 Y-10.484 Z1.800 F5400 A238.94086; Infill 
G1 X2.814 Y-10.483 Z1.800 F5400 A238.96047; Connection 
G1 X8.250 Y-5.047 Z1.800 F5400 A239.22922; Infill 
G1 X8.811 Y-5.047 Z1.800 F5400 A239.24883; Connection 
G1 X3.375 Y-10.482 Z1.800 F5400 A239.51757; Infill 
G1 X3.936 Y-10.481 Z1.800 F5400 A239.53718; Connection 
G1 X9.371 Y-5.046 Z1.800 F5400 A239.80591; Infill 
G1 X9.932 Y-5.045 Z1.800 F5400 A239.82552; Connection 
G1 X4.497 Y-10.480 Z1.800 F5400 A240.09423; Infill 
G1 X5.058 Y-10.479 Z1.800 F5400 A240.11385; Connection 
G1 X10.493 Y-5.044 Z1.800 F5400 A240.38255; Infill 
G1 X11.054 Y-5.043 Z1.800 F5400 A240.40216; Connection 
G1 X5.619 Y-10.478 Z1.800 F5400 A240.67085; Infill 
G1 X6.181 Y-10.477 Z1.800 F5400 A240.69047; Connection 
G1 X11.615 Y-5.042 Z1.800 F5400 A240.95915; Infill 
G1 X12.176 Y-5.042 Z1.800 F5400 A240.97876; Connection 
G1 X6.742 Y-10.476 Z1.800 F5400 A241.24743; Infill 
G1 X7.303 Y-10.475 Z1.800 F5400 A241.26704; Connection 
G1 X8.491 Y-9.287 Z1.800 F5400 A241.32577; Infill 
G1 X9.016 Y-9.321 Z1.800 F5400 A241.34418; Connection 
G1 X13.298 Y-5.040 Z1.800 F5400 A241.55587; Infill 
G1 X12.737 Y-5.041 Z1.800 F5400 A241.57547; Connection 
G1 X8.870 Y-8.907 Z1.800 F5400 A241.76663; Infill 
G1 X8.437 Y-9.900 Z1.800 F5400 A241.80451; Connection 
G1 X7.864 Y-10.474 Z1.800 F5400 A241.83286; Infill 
G1 X9.162 Y-9.736 Z1.800 F5400 A241.88505; Connection 
G1 X12.847 Y-6.050 Z1.800 F5400 A242.06727; Infill 
G1 X12.604 Y-6.854 Z1.800 F5400 A242.09663; Connection 
G1 X9.440 Y-10.018 Z1.800 F5400 A242.25306; Infill 
G1 X9.846 Y-10.172 Z1.800 F5400 A242.26824; Connection 
G1 X12.573 Y-7.444 Z1.800 F5400 A242.40310; Infill 
G1 X12.650 Y-7.927 Z1.800 F5400 A242.42020; Connection 
G1 X10.252 Y-10.325 Z1.800 F5400 A242.53878; Infill 
G1 X10.658 Y-10.479 Z1.800 F5400 A242.55396; Connection 
G1 X12.804 Y-8.333 Z1.800 F5400 A242.66007; Infill 
G1 X12.984 Y-8.714 Z1.800 F5400 A242.67478; Connection 
G1 X11.064 Y-10.633 Z1.800 F5400 A242.76969; Infill 
G1 X11.470 Y-10.787 Z1.800 F5400 A242.78487; Connection 
G1 X13.213 Y-9.044 Z1.800 F5400 A242.87104; Infill 
G1 X13.510 Y-9.308 Z1.800 F5400 A242.88491; Connection 
G1 X11.877 Y-10.941 Z1.800 F5400 A242.96565; Infill 
G1 X12.283 Y-11.095 Z1.800 F5400 A242.98084; Connection 
G1 X13.814 Y-9.563 Z1.800 F5400 A243.05656; Infill 
G1 X14.173 Y-9.765 Z1.800 F5400 A243.07093; Connection 
G1 X12.689 Y-11.249 Z1.800 F5400 A243.14429; Infill 
G1 X13.095 Y-11.403 Z1.800 F5400 A243.15947; Connection 
G1 X14.587 Y-9.911 Z1.800 F5400 A243.23324; Infill 
G1 X15.048 Y-10.009 Z1.800 F5400 A243.24973; Connection 
G1 X13.501 Y-11.557 Z1.800 F5400 A243.32622; Infill 
G1 X13.907 Y-11.710 Z1.800 F5400 A243.34141; Connection 
G1 X15.621 Y-9.997 Z1.800 F5400 A243.42615; Infill 
G1 X16.335 Y-9.843 Z1.800 F5400 A243.45166; Connection 
G1 X14.337 Y-11.841 Z1.800 F5400 A243.55042; Infill 
G1 X14.783 Y-11.955 Z1.800 F5400 A243.56649; Connection 
G1 X17.460 Y-9.278 Z1.800 F5400 A243.69885; Infill 
G1 X17.547 Y-9.751 Z1.800 F5400 A243.71565; Connection 
G1 X15.187 Y-12.111 Z1.800 F5400 A243.83232; Infill 
G1 X15.569 Y-12.289 Z1.800 F5400 A243.84705; Connection 
G1 X17.634 Y-10.223 Z1.800 F5400 A243.94918; Infill 
G1 X17.722 Y-10.696 Z1.800 F5400 A243.96598; Connection 
G1 X15.938 Y-12.480 Z1.800 F5400 A244.05418; Infill 
G1 X16.344 Y-12.634 Z1.800 F5400 A244.06936; Connection 
G1 X17.809 Y-11.169 Z1.800 F5400 A244.14180; Infill 
G1 X17.897 Y-11.641 Z1.800 F5400 A244.15860; Connection 
G1 X16.750 Y-12.788 Z1.800 F5400 A244.21529; Infill 
G1 X17.156 Y-12.942 Z1.800 F5400 A244.23047; Connection 
G1 X17.984 Y-12.114 Z1.800 F5400 A244.27139; Infill 
G1 X18.072 Y-12.586 Z1.800 F5400 A244.28820; Connection 
G1 X17.563 Y-13.095 Z1.800 F5400 A244.31336; Infill 
G1 X17.969 Y-13.249 Z1.800 F5400 A244.32854; Connection 
G1 X18.159 Y-13.059 Z1.800 F5400 A244.33795; Infill 
G1 X18.159 Y-13.059 Z1.800 F1500 A243.03795; Retract 
G1 X18.159 Y-13.059 Z1.800 F3000; Retract 
G1 X-5.484 Y-2.540 Z1.800 F9000; Travel Move 
G1 X-5.484 Y-2.540 Z1.800 F1500 A244.33795; Restart 
G1 X-7.694 Y-4.750 Z1.800 F5400 A244.44721; Infill 
G1 X-7.694 Y-4.750 Z1.800 F1500 A243.14721; Retract 
G1 X-7.694 Y-4.750 Z1.800 F3000; Retract 
G1 X8.758 Y-9.579 Z1.800 F9000; Travel Move 
G1 X8.758 Y-9.579 Z1.800 F1500 A244.44721; Restart 
G1 X8.787 Y-9.550 Z1.800 F5400 A244.44863; Infill 
G1 X8.933 Y-9.965 Z1.800 F5400 A244.46398; Connection 
G1 X8.705 Y-10.193 Z1.800 F5400 A244.47525; Infill 
G1 X9.213 Y-10.244 Z1.800 F5400 A244.49311; Connection 
G1 X8.702 Y-10.755 Z1.800 F5400 A244.51837; Infill 
G1 X8.971 Y-11.047 Z1.800 F5400 A244.53223; Connection 
G1 X9.619 Y-10.398 Z1.800 F5400 A244.56431; Infill 
G1 X10.026 Y-10.552 Z1.800 F5400 A244.57949; Connection 
G1 X9.203 Y-11.374 Z1.800 F5400 A244.62015; Infill 
G1 X9.150 Y-11.988 Z1.800 F5400 A244.64167; Connection 
G1 X10.432 Y-10.706 Z1.800 F5400 A244.70504; Infill 
G1 X10.838 Y-10.860 Z1.800 F5400 A244.72022; Connection 
G1 X9.097 Y-12.601 Z1.800 F5400 A244.80631; Infill 
G1 X9.043 Y-13.214 Z1.800 F5400 A244.82784; Connection 
G1 X11.244 Y-11.014 Z1.800 F5400 A244.93664; Infill 
G1 X11.650 Y-11.167 Z1.800 F5400 A244.95182; Connection 
G1 X8.990 Y-13.828 Z1.800 F5400 A245.08335; Infill 
G1 X8.937 Y-14.441 Z1.800 F5400 A245.10487; Connection 
G1 X9.678 Y-13.700 Z1.800 F5400 A245.14152; Infill 
G1 X9.098 Y-14.839 Z1.800 F5400 A245.18621; Connection 
G1 X8.883 Y-15.054 Z1.800 F5400 A245.19685; Infill 
G1 X8.920 Y-15.578 Z1.800 F5400 A245.21520; Connection 
G1 X8.830 Y-15.668 Z1.800 F5400 A245.21963; Infill 
G1 X8.862 Y-16.195 Z1.800 F5400 A245.23811; Connection 
G1 X8.777 Y-16.281 Z1.800 F5400 A245.24235; Infill 
G1 X8.809 Y-16.809 Z1.800 F5400 A245.26083; Connection 
G1 X8.723 Y-16.895 Z1.800 F5400 A245.26507; Infill 
G1 X8.756 Y-17.422 Z1.800 F5400 A245.28355; Connection 
G1 X8.670 Y-17.508 Z1.800 F5400 A245.28779; Infill 
G1 X8.702 Y-18.035 Z1.800 F5400 A245.30627; Connection 
G1 X8.617 Y-18.121 Z1.800 F5400 A245.31051; Infill 
G1 X8.649 Y-18.649 Z1.800 F5400 A245.32899; Connection 
G1 X8.563 Y-18.735 Z1.800 F5400 A245.33323; Infill 
G1 X8.596 Y-19.262 Z1.800 F5400 A245.35171; Connection 
G1 X8.510 Y-19.348 Z1.800 F5400 A245.35595; Infill 
G1 X8.542 Y-19.876 Z1.800 F5400 A245.37443; Connection 
G1 X8.506 Y-19.912 Z1.800 F5400 A245.37625; Infill 
G1 X8.506 Y-19.912 Z1.800 F1500 A244.07625; Retract 
G1 X8.506 Y-19.912 Z1.800 F3000; Retract 
G1 X10.866 Y-12.512 Z1.800 F9000; Travel Move 
G1 X10.866 Y-12.512 Z1.800 F1500 A245.37625; Restart 
G1 X12.056 Y-11.321 Z1.800 F5400 A245.43510; Infill 
G1 X12.462 Y-11.475 Z1.800 F5400 A245.45028; Connection 
G1 X11.949 Y-11.989 Z1.800 F5400 A245.47569; Infill 
G1 X12.699 Y-11.799 Z1.800 F5400 A245.50275; Connection 
G1 X12.869 Y-11.629 Z1.800 F5400 A245.51114; Infill 
G1 X12.869 Y-11.629 Z1.800 F1500 A244.21114; Retract 
G1 X12.869 Y-11.629 Z1.800 F3000; Retract 
G1 X16.813 Y-13.285 Z1.800 F9000; Travel Move 
G1 X16.813 Y-13.285 Z1.800 F1500 A245.51114; Restart 
G1 X16.930 Y-13.168 Z1.800 F5400 A245.51692; Infill 
G1 X17.336 Y-13.322 Z1.800 F5400 A245.53210; Connection 
G1 X17.068 Y-13.590 Z1.800 F5400 A245.54538; Infill 
G1 X17.282 Y-13.936 Z1.800 F5400 A245.55960; Connection 
M73 P29; Update Progress 
G1 X17.742 Y-13.476 Z1.800 F5400 A245.58234; Infill 
G1 X18.156 Y-13.622 Z1.800 F5400 A245.59767; Connection 
G1 X17.490 Y-14.288 Z1.800 F5400 A245.63056; Infill 
G1 X17.647 Y-14.692 Z1.800 F5400 A245.64570; Connection 
G1 X18.426 Y-13.912 Z1.800 F5400 A245.68425; Infill 
G1 X18.665 Y-14.234 Z1.800 F5400 A245.69825; Connection 
G1 X17.788 Y-15.110 Z1.800 F5400 A245.74158; Infill 
G1 X17.876 Y-15.582 Z1.800 F5400 A245.75836; Connection 
G1 X18.776 Y-14.682 Z1.800 F5400 A245.80284; Infill 
G1 X18.723 Y-15.295 Z1.800 F5400 A245.82436; Connection 
G1 X17.931 Y-16.087 Z1.800 F5400 A245.86352; Infill 
G1 X17.929 Y-16.649 Z1.800 F5400 A245.88315; Connection 
G1 X18.669 Y-15.909 Z1.800 F5400 A245.91975; Infill 
G1 X18.616 Y-16.522 Z1.800 F5400 A245.94128; Connection 
G1 X17.876 Y-17.262 Z1.800 F5400 A245.97788; Infill 
G1 X17.822 Y-17.876 Z1.800 F5400 A245.99940; Connection 
G1 X18.563 Y-17.136 Z1.800 F5400 A246.03600; Infill 
G1 X18.509 Y-17.749 Z1.800 F5400 A246.05752; Connection 
G1 X17.769 Y-18.489 Z1.800 F5400 A246.09412; Infill 
G1 X17.799 Y-19.020 Z1.800 F5400 A246.11269; Connection 
G1 X17.716 Y-19.103 Z1.800 F5400 A246.11679; Infill 
G1 X17.743 Y-19.636 Z1.800 F5400 A246.13545; Connection 
G1 X17.662 Y-19.716 Z1.800 F5400 A246.13942; Infill 
G1 X17.687 Y-20.252 Z1.800 F5400 A246.15817; Connection 
G1 X17.609 Y-20.329 Z1.800 F5400 A246.16201; Infill 
G1 X17.631 Y-20.867 Z1.800 F5400 A246.18084; Connection 
G1 X17.556 Y-20.943 Z1.800 F5400 A246.18456; Infill 
G1 X17.575 Y-21.483 Z1.800 F5400 A246.20347; Connection 
G1 X17.502 Y-21.556 Z1.800 F5400 A246.20707; Infill 
G1 X17.519 Y-22.099 Z1.800 F5400 A246.22607; Connection 
G1 X17.449 Y-22.169 Z1.800 F5400 A246.22954; Infill 
G1 X17.449 Y-22.169 Z1.800 F1500 A244.92954; Retract 
G1 X17.449 Y-22.169 Z1.800 F3000; Retract 
G1 X18.777 Y-18.041 Z1.800 F9000; Travel Move 
G1 X18.777 Y-18.041 Z1.800 F1500 A246.22954; Restart 
G1 X20.952 Y-15.867 Z1.800 F5400 A246.33705; Infill 
G1 X21.292 Y-16.087 Z1.800 F5400 A246.35121; Connection 
G1 X19.689 Y-17.689 Z1.800 F5400 A246.43045; Infill 
G1 X20.849 Y-17.089 Z1.800 F5400 A246.47611; Connection 
G1 X21.632 Y-16.306 Z1.800 F5400 A246.51482; Infill 
G1 X20.611 Y-15.647 Z1.800 F5400 A246.55731; Connection 
G1 X18.830 Y-17.428 Z1.800 F5400 A246.64535; Infill 
G1 X18.884 Y-16.815 Z1.800 F5400 A246.66688; Connection 
G1 X20.271 Y-15.427 Z1.800 F5400 A246.73546; Infill 
G1 X19.930 Y-15.208 Z1.800 F5400 A246.74962; Connection 
G1 X18.937 Y-16.201 Z1.800 F5400 A246.79874; Infill 
G1 X18.990 Y-15.588 Z1.800 F5400 A246.82026; Connection 
G1 X19.590 Y-14.988 Z1.800 F5400 A246.84991; Infill 
G1 X19.250 Y-14.768 Z1.800 F5400 A246.86407; Connection 
G1 X19.044 Y-14.974 Z1.800 F5400 A246.87426; Infill 
; Chunk 17 
; Lower Position  1.6 
; Upper Position  1.8 
; Thickness       0.2 
; Width           0.4 
G1 X19.044 Y-14.974 Z1.800 F1500 A245.57426; Retract 
G1 X19.044 Y-14.974 Z1.800 F3000; Retract 
G1 X18.632 Y-6.404 Z1.800 F9000; Travel Move 
G1 X18.632 Y-6.404 Z1.800 F1500 A246.87426; Restart 
G1 X18.632 Y-5.622 Z1.800 F5400 A246.90161; Support 
G1 X18.632 Y-5.622 Z1.800 F1500 A245.60161; Retract 
G1 X18.632 Y-5.622 Z1.800 F3000; Retract 
G1 X16.652 Y-3.657 Z1.800 F9000; Travel Move 
G1 X16.652 Y-3.657 Z1.800 F1500 A246.90161; Restart 
G1 X16.652 Y-3.594 Z1.800 F5400 A246.90379; Support 
G1 X16.652 Y-3.594 Z1.800 F1500 A245.60379; Retract 
G1 X16.652 Y-3.594 Z1.800 F3000; Retract 
G1 X14.672 Y-6.418 Z1.800 F9000; Travel Move 
G1 X14.672 Y-6.418 Z1.800 F1500 A246.90379; Restart 
G1 X14.672 Y-8.073 Z1.800 F5400 A246.96166; Support 
; Chunk 18 
; Lower Position  1.8 
; Upper Position  2 
; Thickness       0.2 
; Width           0.4 
G1 X14.672 Y-8.073 Z1.800 F1500 A245.66166; Retract 
G1 X14.672 Y-8.073 Z1.800 F3000; Retract 
G1 X14.672 Y-8.073 Z2.000 F1380; Travel Move 
G1 X14.672 Y-8.077 Z2.000 F9000; Travel Move 
G1 X14.672 Y-8.077 Z2.000 F1500 A246.96166; Restart 
G1 X14.672 Y-6.411 Z2.000 F5400 A247.01991; Support 
G1 X14.672 Y-6.411 Z2.000 F1500 A245.71991; Retract 
G1 X14.672 Y-6.411 Z2.000 F3000; Retract 
G1 X16.652 Y-3.691 Z2.000 F9000; Travel Move 
G1 X16.652 Y-3.691 Z2.000 F1500 A247.01991; Restart 
G1 X16.652 Y-3.594 Z2.000 F5400 A247.02328; Support 
G1 X16.652 Y-3.594 Z2.000 F1500 A245.72328; Retract 
G1 X16.652 Y-3.594 Z2.000 F3000; Retract 
G1 X18.632 Y-5.622 Z2.000 F9000; Travel Move 
G1 X18.632 Y-5.622 Z2.000 F1500 A247.02328; Restart 
G1 X18.632 Y-6.319 Z2.000 F5400 A247.04765; Support 
; Chunk 19 
; Lower Position  1.8 
; Upper Position  2 
; Thickness       0.2 
; Width           0.4 
G1 X18.632 Y-6.319 Z2.000 F1500 A245.74765; Retract 
G1 X18.632 Y-6.319 Z2.000 F3000; Retract 
G1 X-5.697 Y-9.844 Z2.000 F9000; Travel Move 
G1 X-5.697 Y-9.844 Z2.000 F1500 A247.04765; Restart 
G1 X-5.089 Y-10.208 Z2.000 F5400 A247.07241; Inset 
G1 X-4.061 Y-10.591 Z2.000 F5400 A247.11077; Inset 
G1 X-3.452 Y-10.258 Z2.000 F5400 A247.13503; Inset 
G1 X-2.794 Y-10.579 Z2.000 F5400 A247.16063; Inset 
G1 X-1.792 Y-10.202 Z2.000 F5400 A247.19804; Inset 
G1 X-1.251 Y-9.883 Z2.000 F5400 A247.22003; Inset 
G1 X-0.783 Y-9.492 Z2.000 F5400 A247.24134; Inset 
G1 X-0.384 Y-9.031 Z2.000 F5400 A247.26264; Inset 
G1 X-0.020 Y-8.423 Z2.000 F5400 A247.28743; Inset 
G1 X0.362 Y-7.396 Z2.000 F5400 A247.32572; Inset 
G1 X0.023 Y-6.775 Z2.000 F5400 A247.35047; Inset 
G1 X0.360 Y-6.152 Z2.000 F5400 A247.37522; Inset 
G1 X-0.026 Y-5.126 Z2.000 F5400 A247.41352; Inset 
G1 X-0.393 Y-4.520 Z2.000 F5400 A247.43831; Inset 
G1 X-0.793 Y-4.060 Z2.000 F5400 A247.45961; Inset 
G1 X-1.262 Y-3.671 Z2.000 F5400 A247.48092; Inset 
G1 X-1.806 Y-3.354 Z2.000 F5400 A247.50291; Inset 
G1 X-2.808 Y-2.981 Z2.000 F5400 A247.54031; Inset 
G1 X-3.466 Y-3.304 Z2.000 F5400 A247.56593; Inset 
G1 X-4.076 Y-2.974 Z2.000 F5400 A247.59019; Inset 
G1 X-5.102 Y-3.360 Z2.000 F5400 A247.62850; Inset 
G1 X-5.644 Y-3.680 Z2.000 F5400 A247.65048; Inset 
G1 X-6.111 Y-4.071 Z2.000 F5400 A247.67179; Inset 
G1 X-6.510 Y-4.531 Z2.000 F5400 A247.69310; Inset 
G1 X-6.874 Y-5.139 Z2.000 F5400 A247.71786; Inset 
G1 X-7.257 Y-6.167 Z2.000 F5400 A247.75622; Inset 
G1 X-6.918 Y-6.788 Z2.000 F5400 A247.78095; Inset 
G1 X-7.255 Y-7.410 Z2.000 F5400 A247.80569; Inset 
G1 X-6.868 Y-8.436 Z2.000 F5400 A247.84404; Inset 
G1 X-6.549 Y-8.978 Z2.000 F5400 A247.86601; Inset 
G1 X-6.158 Y-9.445 Z2.000 F5400 A247.88731; Inset 
G1 X-5.697 Y-9.844 Z2.000 F5400 A247.90862; Inset 
G1 X-5.697 Y-9.844 Z2.000 F1500 A246.60862; Retract 
G1 X-5.697 Y-9.844 Z2.000 F3000; Retract 
G1 X-5.451 Y-9.529 Z2.000 F9000; Travel Move 
G1 X-5.451 Y-9.529 Z2.000 F1500 A247.90862; Restart 
G1 X-4.932 Y-9.840 Z2.000 F5400 A247.92976; Inset 
G1 X-4.093 Y-10.153 Z2.000 F5400 A247.96107; Inset 
G1 X-3.612 Y-9.890 Z2.000 F5400 A247.98024; Inset 
G1 X-3.527 Y-9.499 Z2.000 F5400 A247.99421; Inset 
G1 X-3.458 Y-9.442 Z2.000 F5400 A247.99737; Inset 
G1 X-3.380 Y-9.466 Z2.000 F5400 A248.00019; Inset 
G1 X-3.238 Y-9.918 Z2.000 F5400 A248.01677; Inset 
G1 X-2.774 Y-10.144 Z2.000 F5400 A248.03483; Inset 
G1 X-1.951 Y-9.834 Z2.000 F5400 A248.06556; Inset 
G1 X-1.433 Y-9.521 Z2.000 F5400 A248.08671; Inset 
G1 X-1.021 Y-9.164 Z2.000 F5400 A248.10578; Inset 
G1 X-0.672 Y-8.745 Z2.000 F5400 A248.12484; Inset 
G1 X-0.388 Y-8.266 Z2.000 F5400 A248.14431; Inset 
G1 X-0.077 Y-7.428 Z2.000 F5400 A248.17558; Inset 
G1 X-0.338 Y-6.947 Z2.000 F5400 A248.19470; Inset 
G1 X-0.729 Y-6.862 Z2.000 F5400 A248.20866; Inset 
G1 X-0.764 Y-6.840 Z2.000 F5400 A248.21011; Inset 
G1 X-0.789 Y-6.768 Z2.000 F5400 A248.21278; Inset 
G1 X-0.729 Y-6.690 Z2.000 F5400 A248.21623; Inset 
G1 X-0.339 Y-6.603 Z2.000 F5400 A248.23019; Inset 
G1 X-0.079 Y-6.122 Z2.000 F5400 A248.24931; Inset 
G1 X-0.394 Y-5.285 Z2.000 F5400 A248.28058; Inset 
G1 X-0.707 Y-4.767 Z2.000 F5400 A248.30173; Inset 
G1 X-1.030 Y-4.389 Z2.000 F5400 A248.31912; Inset 
G1 X-1.444 Y-4.034 Z2.000 F5400 A248.33818; Inset 
G1 X-1.962 Y-3.722 Z2.000 F5400 A248.35933; Inset 
G1 X-2.787 Y-3.416 Z2.000 F5400 A248.39007; Inset 
G1 X-3.250 Y-3.644 Z2.000 F5400 A248.40812; Inset 
G1 X-3.391 Y-4.097 Z2.000 F5400 A248.42470; Inset 
G1 X-3.476 Y-4.121 Z2.000 F5400 A248.42779; Inset 
G1 X-3.536 Y-4.072 Z2.000 F5400 A248.43051; Inset 
G1 X-3.625 Y-3.673 Z2.000 F5400 A248.44478; Inset 
G1 X-4.106 Y-3.413 Z2.000 F5400 A248.46392; Inset 
G1 X-4.944 Y-3.728 Z2.000 F5400 A248.49520; Inset 
G1 X-5.422 Y-4.013 Z2.000 F5400 A248.51467; Inset 
G1 X-5.839 Y-4.364 Z2.000 F5400 A248.53373; Inset 
G1 X-6.195 Y-4.778 Z2.000 F5400 A248.55280; Inset 
G1 X-6.506 Y-5.296 Z2.000 F5400 A248.57394; Inset 
G1 X-6.819 Y-6.135 Z2.000 F5400 A248.60525; Inset 
G1 X-6.556 Y-6.616 Z2.000 F5400 A248.62441; Inset 
G1 X-6.165 Y-6.701 Z2.000 F5400 A248.63839; Inset 
G1 X-6.131 Y-6.722 Z2.000 F5400 A248.63980; Inset 
G1 X-6.106 Y-6.786 Z2.000 F5400 A248.64220; Inset 
G1 X-6.156 Y-6.870 Z2.000 F5400 A248.64560; Inset 
G1 X-6.555 Y-6.958 Z2.000 F5400 A248.65987; Inset 
G1 X-6.816 Y-7.440 Z2.000 F5400 A248.67904; Inset 
G1 X-6.500 Y-8.278 Z2.000 F5400 A248.71035; Inset 
G1 X-6.215 Y-8.756 Z2.000 F5400 A248.72981; Inset 
G1 X-5.864 Y-9.173 Z2.000 F5400 A248.74888; Inset 
G1 X-5.451 Y-9.529 Z2.000 F5400 A248.76794; Inset 
G1 X-5.451 Y-9.529 Z2.000 F1500 A247.46794; Retract 
G1 X-5.451 Y-9.529 Z2.000 F3000; Retract 
G1 X-5.198 Y-9.218 Z2.000 F9000; Travel Move 
G1 X-5.198 Y-9.218 Z2.000 F1500 A248.76794; Restart 
G1 X-4.784 Y-9.468 Z2.000 F2400 A248.78485; Inset 
G1 X-3.994 Y-9.763 Z2.000 F2400 A248.81433; Inset 
G1 X-3.904 Y-9.348 Z2.000 F2400 A248.82916; Inset 
G1 X-3.816 Y-9.204 Z2.000 F2400 A248.83506; Inset 
G1 X-3.685 Y-9.098 Z2.000 F2400 A248.84094; Inset 
G1 X-3.527 Y-9.042 Z2.000 F2400 A248.84682; Inset 
G1 X-3.285 Y-9.058 Z2.000 F2400 A248.85531; Inset 
G1 X-3.130 Y-9.144 Z2.000 F2400 A248.86149; Inset 
G1 X-3.024 Y-9.265 Z2.000 F2400 A248.86709; Inset 
G1 X-2.871 Y-9.753 Z2.000 F2400 A248.88499; Inset 
G1 X-2.100 Y-9.463 Z2.000 F2400 A248.91376; Inset 
G1 X-1.687 Y-9.212 Z2.000 F2400 A248.93068; Inset 
G1 X-1.321 Y-8.899 Z2.000 F2400 A248.94750; Inset 
G1 X-1.010 Y-8.532 Z2.000 F2400 A248.96433; Inset 
G1 X-0.760 Y-8.118 Z2.000 F2400 A248.98124; Inset 
G1 X-0.467 Y-7.329 Z2.000 F2400 A249.01067; Inset 
G1 X-0.880 Y-7.238 Z2.000 F2400 A249.02546; Inset 
G1 X-1.078 Y-7.097 Z2.000 F2400 A249.03398; Inset 
G1 X-1.165 Y-6.943 Z2.000 F2400 A249.04016; Inset 
G1 X-1.190 Y-6.701 Z2.000 F2400 A249.04865; Inset 
G1 X-1.131 Y-6.534 Z2.000 F2400 A249.05484; Inset 
G1 X-1.025 Y-6.403 Z2.000 F2400 A249.06072; Inset 
G1 X-0.882 Y-6.314 Z2.000 F2400 A249.06663; Inset 
G1 X-0.469 Y-6.222 Z2.000 F2400 A249.08142; Inset 
G1 X-0.765 Y-5.434 Z2.000 F2400 A249.11084; Inset 
G1 X-1.017 Y-5.021 Z2.000 F2400 A249.12776; Inset 
G1 X-1.329 Y-4.655 Z2.000 F2400 A249.14458; Inset 
G1 X-1.696 Y-4.344 Z2.000 F2400 A249.16141; Inset 
G1 X-2.111 Y-4.094 Z2.000 F2400 A249.17832; Inset 
G1 X-2.882 Y-3.807 Z2.000 F2400 A249.20709; Inset 
G1 X-3.034 Y-4.296 Z2.000 F2400 A249.22499; Inset 
G1 X-3.139 Y-4.417 Z2.000 F2400 A249.23059; Inset 
G1 X-3.359 Y-4.521 Z2.000 F2400 A249.23908; Inset 
G1 X-3.544 Y-4.521 Z2.000 F2400 A249.24557; Inset 
G1 X-3.764 Y-4.418 Z2.000 F2400 A249.25406; Inset 
G1 X-3.912 Y-4.224 Z2.000 F2400 A249.26258; Inset 
G1 X-4.006 Y-3.802 Z2.000 F2400 A249.27768; Inset 
G1 X-4.794 Y-4.099 Z2.000 F2400 A249.30713; Inset 
G1 X-5.207 Y-4.351 Z2.000 F2400 A249.32404; Inset 
G1 X-5.573 Y-4.663 Z2.000 F2400 A249.34087; Inset 
G1 X-5.884 Y-5.030 Z2.000 F2400 A249.35769; Inset 
G1 X-6.134 Y-5.445 Z2.000 F2400 A249.37460; Inset 
G1 X-6.429 Y-6.235 Z2.000 F2400 A249.40408; Inset 
G1 X-6.014 Y-6.324 Z2.000 F2400 A249.41891; Inset 
G1 X-5.863 Y-6.417 Z2.000 F2400 A249.42511; Inset 
G1 X-5.729 Y-6.620 Z2.000 F2400 A249.43361; Inset 
G1 X-5.700 Y-6.785 Z2.000 F2400 A249.43948; Inset 
G1 X-5.729 Y-6.951 Z2.000 F2400 A249.44537; Inset 
G1 X-5.810 Y-7.098 Z2.000 F2400 A249.45124; Inset 
G1 X-6.004 Y-7.246 Z2.000 F2400 A249.45975; Inset 
G1 X-6.427 Y-7.339 Z2.000 F2400 A249.47488; Inset 
G1 X-6.129 Y-8.128 Z2.000 F2400 A249.50437; Inset 
G1 X-5.878 Y-8.541 Z2.000 F2400 A249.52127; Inset 
G1 X-5.565 Y-8.907 Z2.000 F2400 A249.53810; Inset 
G1 X-5.198 Y-9.218 Z2.000 F2400 A249.55492; Inset 
G1 X-5.198 Y-9.218 Z2.000 F1500 A248.25492; Retract 
G1 X-5.198 Y-9.218 Z2.000 F3000; Retract 
G1 X-6.426 Y-10.732 Z2.000 F9000; Travel Move 
G1 X-6.426 Y-10.732 Z2.000 F1500 A249.55492; Restart 
G1 X-6.863 Y-10.361 Z2.000 F5400 A249.57497; Inset 
G1 X-7.254 Y-9.941 Z2.000 F5400 A249.59502; Inset 
G1 X-7.594 Y-9.480 Z2.000 F5400 A249.61506; Inset 
G1 X-7.879 Y-8.982 Z2.000 F5400 A249.63511; Inset 
G1 X-8.104 Y-8.454 Z2.000 F5400 A249.65515; Inset 
G1 X-8.266 Y-7.904 Z2.000 F5400 A249.67520; Inset 
G1 X-8.364 Y-7.339 Z2.000 F5400 A249.69525; Inset 
G1 X-8.395 Y-6.767 Z2.000 F5400 A249.71530; Inset 
G1 X-8.360 Y-6.194 Z2.000 F5400 A249.73535; Inset 
G1 X-8.259 Y-5.630 Z2.000 F5400 A249.75539; Inset 
G1 X-8.094 Y-5.081 Z2.000 F5400 A249.77544; Inset 
G1 X-7.866 Y-4.555 Z2.000 F5400 A249.79548; Inset 
G1 X-7.579 Y-4.058 Z2.000 F5400 A249.81553; Inset 
G1 X-7.236 Y-3.599 Z2.000 F5400 A249.83558; Inset 
G1 X-6.842 Y-3.182 Z2.000 F5400 A249.85563; Inset 
G1 X-6.403 Y-2.813 Z2.000 F5400 A249.87567; Inset 
G1 X-5.924 Y-2.498 Z2.000 F5400 A249.89572; Inset 
G1 X-5.412 Y-2.240 Z2.000 F5400 A249.91577; Inset 
G1 X-4.873 Y-2.043 Z2.000 F5400 A249.93581; Inset 
G1 X-4.316 Y-1.910 Z2.000 F5400 A249.95586; Inset 
G1 X-3.746 Y-1.842 Z2.000 F5400 A249.97591; Inset 
G1 X-3.173 Y-1.841 Z2.000 F5400 A249.99596; Inset 
G1 X-2.603 Y-1.906 Z2.000 F5400 A250.01600; Inset 
G1 X-2.045 Y-2.036 Z2.000 F5400 A250.03605; Inset 
G1 X-1.505 Y-2.230 Z2.000 F5400 A250.05609; Inset 
G1 X-0.992 Y-2.486 Z2.000 F5400 A250.07614; Inset 
G1 X-0.511 Y-2.798 Z2.000 F5400 A250.09618; Inset 
G1 X-0.070 Y-3.165 Z2.000 F5400 A250.11623; Inset 
G1 X0.314 Y-3.568 Z2.000 F5400 A250.13569; Inset 
G1 X1.037 Y-4.597 Z2.000 F5400 A250.17965; Inset 
G1 X1.472 Y-4.822 Z2.000 F5400 A250.19679; Inset 
G1 X14.954 Y-4.784 Z2.000 F5400 A250.66812; Inset 
G1 X14.405 Y-4.929 Z2.000 F5400 A250.68797; Inset 
G1 X13.953 Y-5.163 Z2.000 F5400 A250.70575; Inset 
G1 X13.378 Y-5.694 Z2.000 F5400 A250.73311; Inset 
G1 X13.277 Y-5.831 Z2.000 F5400 A250.73906; Inset 
G1 X12.973 Y-6.436 Z2.000 F5400 A250.76274; Inset 
G1 X12.924 Y-6.599 Z2.000 F5400 A250.76869; Inset 
G1 X12.842 Y-7.250 Z2.000 F5400 A250.79162; Inset 
G1 X12.891 Y-7.756 Z2.000 F5400 A250.80940; Inset 
G1 X13.161 Y-8.468 Z2.000 F5400 A250.83601; Inset 
G1 X13.452 Y-8.886 Z2.000 F5400 A250.85380; Inset 
G1 X14.051 Y-9.389 Z2.000 F5400 A250.88116; Inset 
G1 X14.200 Y-9.472 Z2.000 F5400 A250.88711; Inset 
G1 X14.839 Y-9.696 Z2.000 F5400 A250.91078; Inset 
G1 X15.007 Y-9.724 Z2.000 F5400 A250.91673; Inset 
G1 X15.789 Y-9.707 Z2.000 F5400 A250.94409; Inset 
G1 X16.277 Y-9.562 Z2.000 F5400 A250.96188; Inset 
G1 X16.849 Y-9.241 Z2.000 F5400 A250.98481; Inset 
G1 X16.981 Y-9.134 Z2.000 F5400 A250.99076; Inset 
G1 X17.427 Y-8.625 Z2.000 F5400 A251.01443; Inset 
G1 X17.575 Y-8.332 Z2.000 F5400 A251.02591; Inset 
G1 X18.551 Y-13.609 Z2.000 F5400 A251.21351; Inset 
G1 X18.625 Y-13.792 Z2.000 F5400 A251.22043; Inset 
G1 X18.901 Y-14.185 Z2.000 F5400 A251.23722; Inset 
G1 X19.300 Y-14.537 Z2.000 F5400 A251.25583; Inset 
G1 X22.140 Y-16.357 Z2.000 F5400 A251.37374; Inset 
G1 X21.329 Y-17.053 Z2.000 F5400 A251.41110; Inset 
G1 X20.734 Y-17.449 Z2.000 F5400 A251.43609; Inset 
G1 X18.388 Y-18.574 Z2.000 F5400 A251.52705; Inset 
G1 X18.087 Y-19.008 Z2.000 F5400 A251.54552; Inset 
G1 X17.748 Y-22.739 Z2.000 F5400 A251.67649; Inset 
G1 X17.121 Y-22.641 Z2.000 F5400 A251.69869; Inset 
G1 X17.650 Y-16.557 Z2.000 F5400 A251.91219; Inset 
G1 X17.642 Y-15.886 Z2.000 F5400 A251.93565; Inset 
G1 X17.494 Y-15.094 Z2.000 F5400 A251.96384; Inset 
G1 X17.236 Y-14.419 Z2.000 F5400 A251.98908; Inset 
G1 X16.868 Y-13.798 Z2.000 F5400 A252.01431; Inset 
G1 X16.461 Y-13.309 Z2.000 F5400 A252.03659; Inset 
G1 X15.916 Y-12.835 Z2.000 F5400 A252.06182; Inset 
G1 X15.299 Y-12.460 Z2.000 F5400 A252.08706; Inset 
G1 X14.546 Y-12.171 Z2.000 F5400 A252.11525; Inset 
G1 X13.837 Y-12.037 Z2.000 F5400 A252.14049; Inset 
G1 X13.200 Y-12.020 Z2.000 F5400 A252.16276; Inset 
G1 X12.485 Y-12.116 Z2.000 F5400 A252.18800; Inset 
G1 X11.717 Y-12.365 Z2.000 F5400 A252.21619; Inset 
G1 X11.082 Y-12.706 Z2.000 F5400 A252.24143; Inset 
G1 X10.513 Y-13.150 Z2.000 F5400 A252.26666; Inset 
G1 X10.027 Y-13.684 Z2.000 F5400 A252.29190; Inset 
G1 X9.639 Y-14.293 Z2.000 F5400 A252.31713; Inset 
G1 X9.359 Y-14.958 Z2.000 F5400 A252.34237; Inset 
G1 X9.197 Y-15.648 Z2.000 F5400 A252.36712; Inset 
G1 X8.789 Y-20.336 Z2.000 F5400 A252.53165; Inset 
G1 X8.169 Y-20.085 Z2.000 F5400 A252.55505; Inset 
G1 X8.165 Y-20.017 Z2.000 F5400 A252.55740; Inset 
G1 X8.918 Y-11.357 Z2.000 F5400 A252.86131; Inset 
G1 X8.322 Y-10.708 Z2.000 F5400 A252.89210; Inset 
G1 X-0.262 Y-10.725 Z2.000 F5400 A253.19218; Inset 
G1 X-0.501 Y-10.786 Z2.000 F5400 A253.20082; Inset 
G1 X-1.550 Y-11.350 Z2.000 F5400 A253.24244; Inset 
G1 X-2.072 Y-11.534 Z2.000 F5400 A253.26182; Inset 
G1 X-2.631 Y-11.661 Z2.000 F5400 A253.28186; Inset 
G1 X-3.201 Y-11.723 Z2.000 F5400 A253.30191; Inset 
G1 X-3.775 Y-11.718 Z2.000 F5400 A253.32196; Inset 
G1 X-4.344 Y-11.647 Z2.000 F5400 A253.34201; Inset 
G1 X-4.901 Y-11.511 Z2.000 F5400 A253.36205; Inset 
G1 X-5.438 Y-11.311 Z2.000 F5400 A253.38210; Inset 
G1 X-5.949 Y-11.050 Z2.000 F5400 A253.40214; Inset 
G1 X-6.426 Y-10.732 Z2.000 F5400 A253.42219; Inset 
G1 X-6.426 Y-10.732 Z2.000 F1500 A252.12219; Retract 
G1 X-6.426 Y-10.732 Z2.000 F3000; Retract 
G1 X14.275 Y-9.056 Z2.000 F9000; Travel Move 
G1 X14.275 Y-9.056 Z2.000 F1500 A253.42219; Restart 
G1 X14.939 Y-9.307 Z2.000 F5400 A253.44701; Inset 
G1 X15.636 Y-9.323 Z2.000 F5400 A253.47139; Inset 
G1 X16.032 Y-9.229 Z2.000 F5400 A253.48562; Inset 
G1 X16.623 Y-8.909 Z2.000 F5400 A253.50912; Inset 
G1 X16.703 Y-8.844 Z2.000 F5400 A253.51269; Inset 
G1 X17.158 Y-8.299 Z2.000 F5400 A253.53751; Inset 
G1 X17.405 Y-7.634 Z2.000 F5400 A253.56233; Inset 
G1 X17.430 Y-7.025 Z2.000 F5400 A253.58363; Inset 
G1 X17.237 Y-6.342 Z2.000 F5400 A253.60845; Inset 
G1 X16.828 Y-5.762 Z2.000 F5400 A253.63327; Inset 
G1 X16.248 Y-5.351 Z2.000 F5400 A253.65810; Inset 
G1 X15.578 Y-5.160 Z2.000 F5400 A253.68247; Inset 
G1 X15.095 Y-5.161 Z2.000 F5400 A253.69935; Inset 
G1 X14.460 Y-5.338 Z2.000 F5400 A253.72240; Inset 
G1 X14.110 Y-5.545 Z2.000 F5400 A253.73663; Inset 
G1 X13.619 Y-6.041 Z2.000 F5400 A253.76100; Inset 
G1 X13.317 Y-6.683 Z2.000 F5400 A253.78583; Inset 
G1 X13.242 Y-7.351 Z2.000 F5400 A253.80933; Inset 
G1 X13.304 Y-7.753 Z2.000 F5400 A253.82356; Inset 
G1 X13.523 Y-8.294 Z2.000 F5400 A253.84396; Inset 
G1 X13.758 Y-8.627 Z2.000 F5400 A253.85818; Inset 
G1 X14.275 Y-9.056 Z2.000 F5400 A253.88169; Inset 
G1 X14.275 Y-9.056 Z2.000 F1500 A252.58169; Retract 
G1 X14.275 Y-9.056 Z2.000 F3000; Retract 
G1 X14.513 Y-8.734 Z2.000 F9000; Travel Move 
G1 X14.513 Y-8.734 Z2.000 F1500 A253.88169; Restart 
G1 X15.056 Y-8.924 Z2.000 F2400 A253.90181; Inset 
G1 X15.623 Y-8.923 Z2.000 F2400 A253.92163; Inset 
G1 X15.919 Y-8.846 Z2.000 F2400 A253.93232; Inset 
G1 X16.413 Y-8.568 Z2.000 F2400 A253.95213; Inset 
G1 X16.792 Y-8.135 Z2.000 F2400 A253.97226; Inset 
G1 X17.006 Y-7.601 Z2.000 F2400 A253.99238; Inset 
G1 X17.029 Y-7.026 Z2.000 F2400 A254.01250; Inset 
G1 X16.860 Y-6.476 Z2.000 F2400 A254.03263; Inset 
G1 X16.517 Y-6.014 Z2.000 F2400 A254.05275; Inset 
G1 X16.039 Y-5.692 Z2.000 F2400 A254.07287; Inset 
G1 X15.490 Y-5.550 Z2.000 F2400 A254.09269; Inset 
G1 X15.184 Y-5.551 Z2.000 F2400 A254.10337; Inset 
G1 X14.645 Y-5.693 Z2.000 F2400 A254.12289; Inset 
G1 X14.378 Y-5.842 Z2.000 F2400 A254.13358; Inset 
G1 X13.969 Y-6.235 Z2.000 F2400 A254.15340; Inset 
G1 X13.711 Y-6.750 Z2.000 F2400 A254.17352; Inset 
G1 X13.640 Y-7.312 Z2.000 F2400 A254.19334; Inset 
G1 X13.680 Y-7.615 Z2.000 F2400 A254.20402; Inset 
G1 X13.889 Y-8.133 Z2.000 F2400 A254.22354; Inset 
G1 X14.071 Y-8.378 Z2.000 F2400 A254.23422; Inset 
G1 X14.513 Y-8.734 Z2.000 F2400 A254.25404; Inset 
G1 X14.513 Y-8.734 Z2.000 F1500 A252.95404; Retract 
G1 X14.513 Y-8.734 Z2.000 F3000; Retract 
G1 X-6.667 Y-11.052 Z2.000 F9000; Travel Move 
G1 X-6.667 Y-11.052 Z2.000 F1500 A254.25404; Restart 
G1 X-7.140 Y-10.651 Z2.000 F5400 A254.27571; Inset 
G1 X-7.563 Y-10.197 Z2.000 F5400 A254.29738; Inset 
G1 X-7.930 Y-9.698 Z2.000 F5400 A254.31905; Inset 
G1 X-8.238 Y-9.160 Z2.000 F5400 A254.34072; Inset 
G1 X-8.481 Y-8.590 Z2.000 F5400 A254.36239; Inset 
G1 X-8.656 Y-7.995 Z2.000 F5400 A254.38405; Inset 
G1 X-8.762 Y-7.384 Z2.000 F5400 A254.40573; Inset 
G1 X-8.796 Y-6.766 Z2.000 F5400 A254.42740; Inset 
G1 X-8.758 Y-6.147 Z2.000 F5400 A254.44907; Inset 
G1 X-8.649 Y-5.537 Z2.000 F5400 A254.47073; Inset 
G1 X-8.470 Y-4.943 Z2.000 F5400 A254.49241; Inset 
G1 X-8.224 Y-4.374 Z2.000 F5400 A254.51408; Inset 
G1 X-7.913 Y-3.838 Z2.000 F5400 A254.53575; Inset 
G1 X-7.543 Y-3.341 Z2.000 F5400 A254.55742; Inset 
G1 X-7.117 Y-2.890 Z2.000 F5400 A254.57909; Inset 
G1 X-6.642 Y-2.492 Z2.000 F5400 A254.60076; Inset 
G1 X-6.125 Y-2.151 Z2.000 F5400 A254.62243; Inset 
G1 X-5.571 Y-1.872 Z2.000 F5400 A254.64410; Inset 
G1 X-4.989 Y-1.659 Z2.000 F5400 A254.66577; Inset 
G1 X-4.386 Y-1.516 Z2.000 F5400 A254.68744; Inset 
G1 X-3.770 Y-1.442 Z2.000 F5400 A254.70911; Inset 
G1 X-3.151 Y-1.441 Z2.000 F5400 A254.73078; Inset 
G1 X-2.535 Y-1.511 Z2.000 F5400 A254.75245; Inset 
G1 X-1.931 Y-1.652 Z2.000 F5400 A254.77412; Inset 
G1 X-1.348 Y-1.862 Z2.000 F5400 A254.79579; Inset 
G1 X-0.793 Y-2.138 Z2.000 F5400 A254.81746; Inset 
G1 X-0.273 Y-2.476 Z2.000 F5400 A254.83913; Inset 
G1 X0.203 Y-2.872 Z2.000 F5400 A254.86080; Inset 
G1 X0.624 Y-3.313 Z2.000 F5400 A254.88211; Inset 
G1 X1.308 Y-4.287 Z2.000 F5400 A254.92370; Inset 
G1 X1.569 Y-4.422 Z2.000 F5400 A254.93398; Inset 
G1 X15.228 Y-4.384 Z2.000 F5400 A255.41149; Inset 
M73 P30; Update Progress 
G1 X15.914 Y-4.479 Z2.000 F5400 A255.43572; Inset 
G1 X16.382 Y-4.668 Z2.000 F5400 A255.45337; Inset 
G1 X16.839 Y-4.982 Z2.000 F5400 A255.47273; Inset 
G1 X17.178 Y-5.345 Z2.000 F5400 A255.49011; Inset 
G1 X17.451 Y-5.811 Z2.000 F5400 A255.50899; Inset 
G1 X17.614 Y-6.343 Z2.000 F5400 A255.52843; Inset 
G1 X18.938 Y-13.497 Z2.000 F5400 A255.78278; Inset 
G1 X18.982 Y-13.607 Z2.000 F5400 A255.78694; Inset 
G1 X19.188 Y-13.906 Z2.000 F5400 A255.79963; Inset 
G1 X19.530 Y-14.209 Z2.000 F5400 A255.81561; Inset 
G1 X22.809 Y-16.311 Z2.000 F5400 A255.95175; Inset 
G1 X21.571 Y-17.372 Z2.000 F5400 A256.00877; Inset 
G1 X20.932 Y-17.797 Z2.000 F5400 A256.03559; Inset 
G1 X18.656 Y-18.889 Z2.000 F5400 A256.12383; Inset 
G1 X18.475 Y-19.149 Z2.000 F5400 A256.13491; Inset 
G1 X18.140 Y-22.849 Z2.000 F5400 A256.26476; Inset 
G1 X18.088 Y-22.967 Z2.000 F5400 A256.26928; Inset 
G1 X18.002 Y-23.061 Z2.000 F5400 A256.27375; Inset 
G1 X17.852 Y-23.138 Z2.000 F5400 A256.27962; Inset 
G1 X17.654 Y-23.140 Z2.000 F5400 A256.28654; Inset 
G1 X16.691 Y-22.973 Z2.000 F5400 A256.32074; Inset 
G1 X17.251 Y-16.533 Z2.000 F5400 A256.54673; Inset 
G1 X17.238 Y-15.859 Z2.000 F5400 A256.57031; Inset 
G1 X17.113 Y-15.217 Z2.000 F5400 A256.59317; Inset 
G1 X16.903 Y-14.651 Z2.000 F5400 A256.61425; Inset 
G1 X16.579 Y-14.083 Z2.000 F5400 A256.63711; Inset 
G1 X16.164 Y-13.578 Z2.000 F5400 A256.65997; Inset 
G1 X15.669 Y-13.150 Z2.000 F5400 A256.68284; Inset 
G1 X15.110 Y-12.812 Z2.000 F5400 A256.70570; Inset 
G1 X14.501 Y-12.574 Z2.000 F5400 A256.72856; Inset 
G1 X13.860 Y-12.442 Z2.000 F5400 A256.75142; Inset 
G1 X13.206 Y-12.421 Z2.000 F5400 A256.77428; Inset 
G1 X12.559 Y-12.510 Z2.000 F5400 A256.79715; Inset 
G1 X11.935 Y-12.707 Z2.000 F5400 A256.82001; Inset 
G1 X11.354 Y-13.007 Z2.000 F5400 A256.84287; Inset 
G1 X10.794 Y-13.435 Z2.000 F5400 A256.86751; Inset 
G1 X10.353 Y-13.917 Z2.000 F5400 A256.89037; Inset 
G1 X9.999 Y-14.467 Z2.000 F5400 A256.91323; Inset 
G1 X9.743 Y-15.069 Z2.000 F5400 A256.93609; Inset 
G1 X9.594 Y-15.697 Z2.000 F5400 A256.95867; Inset 
G1 X9.142 Y-20.902 Z2.000 F5400 A257.14129; Inset 
G1 X8.041 Y-20.475 Z2.000 F5400 A257.18256; Inset 
G1 X7.902 Y-20.389 Z2.000 F5400 A257.18827; Inset 
G1 X7.822 Y-20.294 Z2.000 F5400 A257.19262; Inset 
G1 X7.775 Y-20.182 Z2.000 F5400 A257.19688; Inset 
G1 X7.763 Y-20.014 Z2.000 F5400 A257.20276; Inset 
G1 X8.504 Y-11.498 Z2.000 F5400 A257.50160; Inset 
G1 X8.146 Y-11.109 Z2.000 F5400 A257.52008; Inset 
G1 X-0.212 Y-11.125 Z2.000 F5400 A257.81227; Inset 
G1 X-0.355 Y-11.161 Z2.000 F5400 A257.81746; Inset 
G1 X-1.387 Y-11.717 Z2.000 F5400 A257.85843; Inset 
G1 X-1.961 Y-11.919 Z2.000 F5400 A257.87969; Inset 
G1 X-2.565 Y-12.057 Z2.000 F5400 A257.90136; Inset 
G1 X-3.182 Y-12.123 Z2.000 F5400 A257.92304; Inset 
G1 X-3.801 Y-12.118 Z2.000 F5400 A257.94471; Inset 
G1 X-4.416 Y-12.041 Z2.000 F5400 A257.96637; Inset 
G1 X-5.019 Y-11.894 Z2.000 F5400 A257.98805; Inset 
G1 X-5.600 Y-11.678 Z2.000 F5400 A258.00972; Inset 
G1 X-6.151 Y-11.396 Z2.000 F5400 A258.03138; Inset 
G1 X-6.667 Y-11.052 Z2.000 F5400 A258.05306; Inset 
G1 X-6.667 Y-11.052 Z2.000 F1500 A256.75306; Retract 
G1 X-6.667 Y-11.052 Z2.000 F3000; Retract 
G1 X-6.909 Y-11.372 Z2.000 F9000; Travel Move 
G1 X-6.909 Y-11.372 Z2.000 F1500 A258.05306; Restart 
G1 X-7.416 Y-10.940 Z2.000 F2400 A258.07635; Inset 
G1 X-7.871 Y-10.453 Z2.000 F2400 A258.09964; Inset 
G1 X-8.266 Y-9.917 Z2.000 F2400 A258.12294; Inset 
G1 X-8.596 Y-9.338 Z2.000 F2400 A258.14623; Inset 
G1 X-8.858 Y-8.725 Z2.000 F2400 A258.16953; Inset 
G1 X-9.046 Y-8.086 Z2.000 F2400 A258.19282; Inset 
G1 X-9.160 Y-7.430 Z2.000 F2400 A258.21611; Inset 
G1 X-9.196 Y-6.764 Z2.000 F2400 A258.23940; Inset 
G1 X-9.156 Y-6.099 Z2.000 F2400 A258.26270; Inset 
G1 X-9.039 Y-5.443 Z2.000 F2400 A258.28599; Inset 
G1 X-8.846 Y-4.806 Z2.000 F2400 A258.30928; Inset 
G1 X-8.582 Y-4.194 Z2.000 F2400 A258.33258; Inset 
G1 X-8.248 Y-3.618 Z2.000 F2400 A258.35587; Inset 
G1 X-7.850 Y-3.083 Z2.000 F2400 A258.37917; Inset 
G1 X-7.392 Y-2.599 Z2.000 F2400 A258.40246; Inset 
G1 X-6.882 Y-2.171 Z2.000 F2400 A258.42575; Inset 
G1 X-6.325 Y-1.804 Z2.000 F2400 A258.44905; Inset 
G1 X-5.730 Y-1.505 Z2.000 F2400 A258.47234; Inset 
G1 X-5.104 Y-1.276 Z2.000 F2400 A258.49563; Inset 
G1 X-4.456 Y-1.121 Z2.000 F2400 A258.51893; Inset 
G1 X-3.795 Y-1.042 Z2.000 F2400 A258.54222; Inset 
G1 X-3.128 Y-1.041 Z2.000 F2400 A258.56551; Inset 
G1 X-2.466 Y-1.116 Z2.000 F2400 A258.58881; Inset 
G1 X-1.817 Y-1.268 Z2.000 F2400 A258.61210; Inset 
G1 X-1.191 Y-1.493 Z2.000 F2400 A258.63539; Inset 
G1 X-0.594 Y-1.790 Z2.000 F2400 A258.65869; Inset 
G1 X-0.036 Y-2.153 Z2.000 F2400 A258.68198; Inset 
G1 X0.477 Y-2.579 Z2.000 F2400 A258.70527; Inset 
G1 X0.934 Y-3.059 Z2.000 F2400 A258.72845; Inset 
G1 X1.610 Y-4.022 Z2.000 F2400 A258.76958; Inset 
G1 X15.237 Y-3.984 Z2.000 F2400 A259.24596; Inset 
G1 X15.532 Y-3.998 Z2.000 F2400 A259.25628; Inset 
G1 X16.028 Y-4.094 Z2.000 F2400 A259.27394; Inset 
G1 X16.573 Y-4.314 Z2.000 F2400 A259.29448; Inset 
G1 X17.102 Y-4.677 Z2.000 F2400 A259.31691; Inset 
G1 X17.500 Y-5.105 Z2.000 F2400 A259.33736; Inset 
G1 X17.820 Y-5.649 Z2.000 F2400 A259.35943; Inset 
G1 X18.003 Y-6.247 Z2.000 F2400 A259.38131; Inset 
G1 X19.327 Y-13.405 Z2.000 F2400 A259.63578; Inset 
G1 X19.466 Y-13.617 Z2.000 F2400 A259.64465; Inset 
G1 X19.753 Y-13.877 Z2.000 F2400 A259.65817; Inset 
G1 X23.174 Y-16.070 Z2.000 F2400 A259.80025; Inset 
G1 X23.280 Y-16.183 Z2.000 F2400 A259.80566; Inset 
G1 X23.304 Y-16.334 Z2.000 F2400 A259.81099; Inset 
G1 X23.219 Y-16.486 Z2.000 F2400 A259.81710; Inset 
G1 X21.812 Y-17.692 Z2.000 F2400 A259.88186; Inset 
G1 X21.130 Y-18.146 Z2.000 F2400 A259.91051; Inset 
G1 X18.870 Y-19.230 Z2.000 F2400 A259.99816; Inset 
G1 X18.533 Y-22.950 Z2.000 F2400 A260.12873; Inset 
G1 X18.428 Y-23.188 Z2.000 F2400 A260.13784; Inset 
G1 X18.252 Y-23.380 Z2.000 F2400 A260.14694; Inset 
G1 X18.016 Y-23.509 Z2.000 F2400 A260.15633; Inset 
G1 X17.905 Y-23.538 Z2.000 F2400 A260.16033; Inset 
G1 X17.622 Y-23.540 Z2.000 F2400 A260.17025; Inset 
G1 X16.260 Y-23.304 Z2.000 F2400 A260.21855; Inset 
G1 X16.852 Y-16.503 Z2.000 F2400 A260.45720; Inset 
G1 X16.843 Y-15.924 Z2.000 F2400 A260.47746; Inset 
G1 X16.735 Y-15.348 Z2.000 F2400 A260.49795; Inset 
G1 X16.531 Y-14.798 Z2.000 F2400 A260.51844; Inset 
G1 X16.238 Y-14.291 Z2.000 F2400 A260.53893; Inset 
G1 X15.862 Y-13.841 Z2.000 F2400 A260.55943; Inset 
G1 X15.416 Y-13.460 Z2.000 F2400 A260.57992; Inset 
G1 X14.912 Y-13.161 Z2.000 F2400 A260.60041; Inset 
G1 X14.365 Y-12.951 Z2.000 F2400 A260.62090; Inset 
G1 X13.790 Y-12.836 Z2.000 F2400 A260.64140; Inset 
G1 X13.204 Y-12.821 Z2.000 F2400 A260.66189; Inset 
G1 X12.624 Y-12.904 Z2.000 F2400 A260.68238; Inset 
G1 X12.066 Y-13.085 Z2.000 F2400 A260.70287; Inset 
G1 X11.547 Y-13.357 Z2.000 F2400 A260.72337; Inset 
G1 X11.082 Y-13.713 Z2.000 F2400 A260.74386; Inset 
G1 X10.683 Y-14.143 Z2.000 F2400 A260.76435; Inset 
G1 X10.363 Y-14.634 Z2.000 F2400 A260.78485; Inset 
G1 X10.130 Y-15.172 Z2.000 F2400 A260.80534; Inset 
G1 X9.992 Y-15.740 Z2.000 F2400 A260.82576; Inset 
G1 X9.494 Y-21.467 Z2.000 F2400 A261.02675; Inset 
G1 X7.862 Y-20.835 Z2.000 F2400 A261.08793; Inset 
G1 X7.637 Y-20.696 Z2.000 F2400 A261.09716; Inset 
G1 X7.475 Y-20.505 Z2.000 F2400 A261.10593; Inset 
G1 X7.381 Y-20.274 Z2.000 F2400 A261.11465; Inset 
G1 X7.362 Y-20.011 Z2.000 F2400 A261.12388; Inset 
G1 X8.102 Y-11.509 Z2.000 F2400 A261.42222; Inset 
G1 X-0.187 Y-11.525 Z2.000 F2400 A261.71198; Inset 
G1 X-1.225 Y-12.083 Z2.000 F2400 A261.75320; Inset 
G1 X-1.850 Y-12.304 Z2.000 F2400 A261.77635; Inset 
G1 X-2.499 Y-12.452 Z2.000 F2400 A261.79965; Inset 
G1 X-3.162 Y-12.523 Z2.000 F2400 A261.82294; Inset 
G1 X-3.828 Y-12.518 Z2.000 F2400 A261.84624; Inset 
G1 X-4.489 Y-12.435 Z2.000 F2400 A261.86953; Inset 
G1 X-5.136 Y-12.277 Z2.000 F2400 A261.89282; Inset 
G1 X-5.761 Y-12.044 Z2.000 F2400 A261.91611; Inset 
G1 X-6.354 Y-11.741 Z2.000 F2400 A261.93941; Inset 
G1 X-6.909 Y-11.372 Z2.000 F2400 A261.96270; Inset 
G1 X-6.909 Y-11.372 Z2.000 F1500 A260.66270; Retract 
G1 X-6.909 Y-11.372 Z2.000 F3000; Retract 
G1 X-5.187 Y-11.099 Z2.000 F9000; Travel Move 
G1 X-5.187 Y-11.099 Z2.000 F1500 A261.96270; Restart 
G1 X-7.764 Y-8.522 Z2.000 F5400 A262.09013; Infill 
G1 X-7.071 Y-8.655 Z2.000 F5400 A262.11479; Connection 
G1 X-8.008 Y-7.718 Z2.000 F5400 A262.16111; Infill 
G1 X-7.442 Y-7.723 Z2.000 F5400 A262.18088; Connection 
G1 X-8.092 Y-7.074 Z2.000 F5400 A262.21298; Infill 
G1 X-8.093 Y-6.513 Z2.000 F5400 A262.23261; Connection 
G1 X-7.445 Y-7.161 Z2.000 F5400 A262.26464; Infill 
G1 X-7.248 Y-6.797 Z2.000 F5400 A262.27908; Connection 
G1 X-8.037 Y-6.009 Z2.000 F5400 A262.31805; Infill 
G1 X-7.936 Y-5.549 Z2.000 F5400 A262.33450; Connection 
G1 X-7.496 Y-5.989 Z2.000 F5400 A262.35626; Infill 
G1 X-7.344 Y-5.581 Z2.000 F5400 A262.37148; Connection 
G1 X-7.801 Y-5.125 Z2.000 F5400 A262.39406; Infill 
G1 X-7.632 Y-4.734 Z2.000 F5400 A262.40895; Connection 
G1 X-7.192 Y-5.173 Z2.000 F5400 A262.43068; Infill 
G1 X-7.005 Y-4.801 Z2.000 F5400 A262.44527; Connection 
G1 X-7.431 Y-4.375 Z2.000 F5400 A262.46634; Infill 
G1 X-7.207 Y-4.039 Z2.000 F5400 A262.48046; Connection 
G1 X-6.795 Y-4.450 Z2.000 F5400 A262.50082; Infill 
G1 X-6.548 Y-4.138 Z2.000 F5400 A262.51476; Connection 
G1 X-6.961 Y-3.724 Z2.000 F5400 A262.53520; Infill 
G1 X-6.689 Y-3.436 Z2.000 F5400 A262.54905; Connection 
G1 X-6.284 Y-3.842 Z2.000 F5400 A262.56911; Infill 
G1 X-5.979 Y-3.587 Z2.000 F5400 A262.58300; Connection 
G1 X-6.390 Y-3.176 Z2.000 F5400 A262.60334; Infill 
G1 X-6.070 Y-2.936 Z2.000 F5400 A262.61733; Connection 
G1 X-5.653 Y-3.353 Z2.000 F5400 A262.63794; Infill 
G1 X-5.300 Y-3.145 Z2.000 F5400 A262.65224; Connection 
G1 X-5.727 Y-2.719 Z2.000 F5400 A262.67332; Infill 
G1 X-5.354 Y-2.531 Z2.000 F5400 A262.68790; Connection 
G1 X-4.905 Y-2.980 Z2.000 F5400 A262.71012; Infill 
G1 X-4.498 Y-2.827 Z2.000 F5400 A262.72532; Connection 
G1 X-4.950 Y-2.376 Z2.000 F5400 A262.74765; Infill 
G1 X-4.514 Y-2.251 Z2.000 F5400 A262.76349; Connection 
G1 X-4.078 Y-2.687 Z2.000 F5400 A262.78504; Infill 
G1 X-4.040 Y-2.165 Z2.000 F5400 A262.80334; Connection 
G1 X-3.301 Y-2.904 Z2.000 F5400 A262.83989; Infill 
G1 X-2.926 Y-2.720 Z2.000 F5400 A262.85451; Connection 
G1 X-3.518 Y-2.128 Z2.000 F5400 A262.88379; Infill 
G1 X-2.929 Y-2.156 Z2.000 F5400 A262.90440; Connection 
G1 X-2.173 Y-2.912 Z2.000 F5400 A262.94175; Infill 
G1 X-2.241 Y-2.284 Z2.000 F5400 A262.96384; Connection 
G1 X-1.046 Y-3.479 Z2.000 F5400 A263.02293; Infill 
G1 X-1.327 Y-2.638 Z2.000 F5400 A263.05393; Connection 
G1 X6.461 Y-10.426 Z2.000 F5400 A263.43897; Infill 
M73 P31; Update Progress 
G1 X5.902 Y-10.427 Z2.000 F5400 A263.45851; Connection 
G1 X-0.139 Y-4.386 Z2.000 F5400 A263.75719; Infill 
G1 X0.423 Y-5.508 Z2.000 F5400 A263.80108; Connection 
G1 X5.343 Y-10.428 Z2.000 F5400 A264.04432; Infill 
G1 X4.784 Y-10.429 Z2.000 F5400 A264.06386; Connection 
G1 X0.622 Y-6.267 Z2.000 F5400 A264.26962; Infill 
G1 X0.426 Y-6.631 Z2.000 F5400 A264.28407; Connection 
G1 X4.225 Y-10.430 Z2.000 F5400 A264.47191; Infill 
G1 X3.666 Y-10.431 Z2.000 F5400 A264.49145; Connection 
G1 X0.650 Y-7.415 Z2.000 F5400 A264.64056; Infill 
G1 X0.505 Y-7.831 Z2.000 F5400 A264.65594; Connection 
G1 X3.107 Y-10.432 Z2.000 F5400 A264.78456; Infill 
G1 X2.548 Y-10.434 Z2.000 F5400 A264.80411; Connection 
G1 X0.354 Y-8.239 Z2.000 F5400 A264.91261; Infill 
G1 X0.188 Y-8.633 Z2.000 F5400 A264.92755; Connection 
G1 X1.989 Y-10.435 Z2.000 F5400 A265.01663; Infill 
G1 X1.430 Y-10.436 Z2.000 F5400 A265.03617; Connection 
G1 X-0.022 Y-8.983 Z2.000 F5400 A265.10798; Infill 
G1 X-0.251 Y-9.314 Z2.000 F5400 A265.12205; Connection 
G1 X0.871 Y-10.437 Z2.000 F5400 A265.17754; Infill 
G1 X0.312 Y-10.438 Z2.000 F5400 A265.19709; Connection 
G1 X-0.511 Y-9.614 Z2.000 F5400 A265.23780; Infill 
G1 X-0.804 Y-9.882 Z2.000 F5400 A265.25166; Connection 
G1 X-0.247 Y-10.439 Z2.000 F5400 A265.27920; Infill 
G1 X-0.686 Y-10.560 Z2.000 F5400 A265.29512; Connection 
G1 X-1.112 Y-10.133 Z2.000 F5400 A265.31623; Infill 
G1 X-1.465 Y-10.341 Z2.000 F5400 A265.33053; Connection 
G1 X-1.050 Y-10.756 Z2.000 F5400 A265.35105; Infill 
G1 X-1.414 Y-10.952 Z2.000 F5400 A265.36550; Connection 
G1 X-1.840 Y-10.526 Z2.000 F5400 A265.38658; Infill 
G1 X-2.247 Y-10.679 Z2.000 F5400 A265.40178; Connection 
G1 X-1.793 Y-11.132 Z2.000 F5400 A265.42421; Infill 
G1 X-2.213 Y-11.273 Z2.000 F5400 A265.43968; Connection 
G1 X-2.654 Y-10.832 Z2.000 F5400 A265.46148; Infill 
G1 X-2.669 Y-11.377 Z2.000 F5400 A265.48054; Connection 
G1 X-3.458 Y-10.588 Z2.000 F5400 A265.51955; Infill 
G1 X-3.820 Y-10.785 Z2.000 F5400 A265.53398; Connection 
G1 X-3.173 Y-11.432 Z2.000 F5400 A265.56596; Infill 
G1 X-3.733 Y-11.433 Z2.000 F5400 A265.58553; Connection 
G1 X-4.393 Y-10.773 Z2.000 F5400 A265.61814; Infill 
G1 X-4.383 Y-11.343 Z2.000 F5400 A265.63808; Connection 
G1 X-5.326 Y-10.400 Z2.000 F5400 A265.68473; Infill 
G1 X-5.326 Y-10.400 Z2.000 F1500 A264.38473; Retract 
G1 X-5.326 Y-10.400 Z2.000 F3000; Retract 
G1 X1.702 Y-5.108 Z2.000 F9000; Travel Move 
G1 X1.702 Y-5.108 Z2.000 F1500 A265.68473; Restart 
G1 X7.020 Y-10.425 Z2.000 F5400 A265.94762; Infill 
G1 X7.579 Y-10.424 Z2.000 F5400 A265.96716; Connection 
G1 X2.261 Y-5.106 Z2.000 F5400 A266.23007; Infill 
G1 X2.819 Y-5.104 Z2.000 F5400 A266.24960; Connection 
G1 X8.137 Y-10.423 Z2.000 F5400 A266.51253; Infill 
G1 X8.416 Y-10.141 Z2.000 F5400 A266.52638; Connection 
G1 X3.378 Y-5.103 Z2.000 F5400 A266.77548; Infill 
G1 X3.936 Y-5.101 Z2.000 F5400 A266.79501; Connection 
G1 X8.461 Y-9.626 Z2.000 F5400 A267.01872; Infill 
G1 X8.506 Y-9.111 Z2.000 F5400 A267.03680; Connection 
G1 X4.495 Y-5.100 Z2.000 F5400 A267.23511; Infill 
G1 X5.053 Y-5.098 Z2.000 F5400 A267.25463; Connection 
G1 X10.298 Y-10.343 Z2.000 F5400 A267.51393; Infill 
G1 X11.199 Y-10.684 Z2.000 F5400 A267.54764; Connection 
G1 X5.612 Y-5.097 Z2.000 F5400 A267.82391; Infill 
G1 X6.170 Y-5.095 Z2.000 F5400 A267.84343; Connection 
G1 X12.101 Y-11.026 Z2.000 F5400 A268.13667; Infill 
G1 X13.003 Y-11.368 Z2.000 F5400 A268.17038; Connection 
G1 X6.729 Y-5.093 Z2.000 F5400 A268.48058; Infill 
G1 X7.287 Y-5.092 Z2.000 F5400 A268.50010; Connection 
G1 X13.904 Y-11.709 Z2.000 F5400 A268.82728; Infill 
G1 X14.665 Y-11.910 Z2.000 F5400 A268.85479; Connection 
G1 X7.845 Y-5.090 Z2.000 F5400 A269.19198; Infill 
G1 X8.404 Y-5.089 Z2.000 F5400 A269.21150; Connection 
G1 X15.659 Y-12.344 Z2.000 F5400 A269.57021; Infill 
G1 X16.609 Y-12.734 Z2.000 F5400 A269.60612; Connection 
G1 X8.962 Y-5.087 Z2.000 F5400 A269.98420; Infill 
G1 X9.521 Y-5.086 Z2.000 F5400 A270.00373; Connection 
G1 X12.826 Y-8.391 Z2.000 F5400 A270.16716; Infill 
G1 X12.588 Y-7.593 Z2.000 F5400 A270.19629; Connection 
G1 X10.079 Y-5.084 Z2.000 F5400 A270.32033; Infill 
G1 X10.638 Y-5.083 Z2.000 F5400 A270.33985; Connection 
G1 X12.582 Y-7.027 Z2.000 F5400 A270.43597; Infill 
G1 X12.646 Y-6.531 Z2.000 F5400 A270.45344; Connection 
G1 X11.196 Y-5.081 Z2.000 F5400 A270.52513; Infill 
G1 X11.755 Y-5.079 Z2.000 F5400 A270.54465; Connection 
G1 X12.807 Y-6.131 Z2.000 F5400 A270.59666; Infill 
G1 X12.994 Y-5.758 Z2.000 F5400 A270.61124; Connection 
G1 X12.313 Y-5.078 Z2.000 F5400 A270.64489; Infill 
G1 X12.872 Y-5.076 Z2.000 F5400 A270.66442; Connection 
G1 X13.234 Y-5.438 Z2.000 F5400 A270.68231; Infill 
G1 X13.525 Y-5.169 Z2.000 F5400 A270.69617; Connection 
G1 X13.430 Y-5.075 Z2.000 F5400 A270.70085; Infill 
G1 X13.430 Y-5.075 Z2.000 F1500 A269.40085; Retract 
G1 X13.430 Y-5.075 Z2.000 F3000; Retract 
G1 X14.215 Y-9.780 Z2.000 F9000; Travel Move 
G1 X14.215 Y-9.780 Z2.000 F1500 A270.70085; Restart 
G1 X17.511 Y-13.076 Z2.000 F5400 A270.86381; Infill 
G1 X18.183 Y-13.188 Z2.000 F5400 A270.88761; Connection 
G1 X15.006 Y-10.010 Z2.000 F5400 A271.04469; Infill 
G1 X15.553 Y-9.998 Z2.000 F5400 A271.06384; Connection 
G1 X18.056 Y-12.500 Z2.000 F5400 A271.18755; Infill 
G1 X17.929 Y-11.813 Z2.000 F5400 A271.21198; Connection 
G1 X16.044 Y-9.929 Z2.000 F5400 A271.30513; Infill 
G1 X16.461 Y-9.786 Z2.000 F5400 A271.32055; Connection 
G1 X17.801 Y-11.126 Z2.000 F5400 A271.38680; Infill 
G1 X17.674 Y-10.439 Z2.000 F5400 A271.41123; Connection 
G1 X16.820 Y-9.585 Z2.000 F5400 A271.45346; Infill 
G1 X17.156 Y-9.360 Z2.000 F5400 A271.46757; Connection 
G1 X17.547 Y-9.752 Z2.000 F5400 A271.48693; Infill 
G1 X17.547 Y-9.752 Z2.000 F1500 A270.18693; Retract 
G1 X17.547 Y-9.752 Z2.000 F3000; Retract 
G1 X9.396 Y-10.001 Z2.000 F9000; Travel Move 
G1 X9.396 Y-10.001 Z2.000 F1500 A271.48693; Restart 
G1 X9.178 Y-9.783 Z2.000 F5400 A271.49770; Infill 
G1 X9.178 Y-9.783 Z2.000 F1500 A270.19770; Retract 
G1 X9.178 Y-9.783 Z2.000 F3000; Retract 
G1 X8.731 Y-9.896 Z2.000 F9000; Travel Move 
G1 X8.731 Y-9.896 Z2.000 F1500 A271.49770; Restart 
G1 X11.169 Y-12.334 Z2.000 F5400 A271.61826; Infill 
G1 X10.821 Y-12.546 Z2.000 F5400 A271.63251; Connection 
G1 X8.686 Y-10.411 Z2.000 F5400 A271.73809; Infill 
G1 X9.194 Y-11.479 Z2.000 F5400 A271.77945; Connection 
G1 X10.507 Y-12.792 Z2.000 F5400 A271.84435; Infill 
G1 X10.211 Y-13.057 Z2.000 F5400 A271.85822; Connection 
G1 X9.149 Y-11.995 Z2.000 F5400 A271.91073; Infill 
G1 X9.105 Y-12.510 Z2.000 F5400 A271.92881; Connection 
G1 X9.945 Y-13.350 Z2.000 F5400 A271.97034; Infill 
G1 X9.700 Y-13.665 Z2.000 F5400 A271.98429; Connection 
G1 X9.060 Y-13.025 Z2.000 F5400 A272.01594; Infill 
G1 X9.015 Y-13.540 Z2.000 F5400 A272.03402; Connection 
G1 X9.482 Y-14.007 Z2.000 F5400 A272.05710; Infill 
G1 X9.293 Y-14.378 Z2.000 F5400 A272.07166; Connection 
G1 X8.970 Y-14.055 Z2.000 F5400 A272.08759; Infill 
G1 X8.925 Y-14.571 Z2.000 F5400 A272.10567; Connection 
G1 X9.127 Y-14.772 Z2.000 F5400 A272.11563; Infill 
G1 X8.881 Y-15.086 Z2.000 F5400 A272.12958; Connection 
G1 X9.006 Y-15.211 Z2.000 F5400 A272.13576; Infill 
G1 X8.836 Y-15.601 Z2.000 F5400 A272.15064; Connection 
G1 X8.908 Y-15.673 Z2.000 F5400 A272.15420; Infill 
G1 X8.791 Y-16.116 Z2.000 F5400 A272.17022; Connection 
G1 X8.863 Y-16.188 Z2.000 F5400 A272.17378; Infill 
G1 X8.746 Y-16.632 Z2.000 F5400 A272.18981; Connection 
G1 X8.818 Y-16.704 Z2.000 F5400 A272.19337; Infill 
G1 X8.701 Y-17.147 Z2.000 F5400 A272.20939; Connection 
G1 X8.773 Y-17.219 Z2.000 F5400 A272.21295; Infill 
G1 X8.656 Y-17.662 Z2.000 F5400 A272.22898; Connection 
G1 X8.729 Y-17.734 Z2.000 F5400 A272.23254; Infill 
G1 X8.612 Y-18.177 Z2.000 F5400 A272.24856; Connection 
G1 X8.684 Y-18.249 Z2.000 F5400 A272.25212; Infill 
G1 X8.567 Y-18.692 Z2.000 F5400 A272.26815; Connection 
G1 X8.639 Y-18.764 Z2.000 F5400 A272.27171; Infill 
G1 X8.522 Y-19.208 Z2.000 F5400 A272.28773; Connection 
G1 X8.594 Y-19.280 Z2.000 F5400 A272.29129; Infill 
G1 X8.477 Y-19.723 Z2.000 F5400 A272.30732; Connection 
G1 X8.549 Y-19.795 Z2.000 F5400 A272.31088; Infill 
G1 X9.899 Y-10.504 Z2.000 F5400 A272.63910; Connection 
G1 X11.534 Y-12.139 Z2.000 F5400 A272.71993; Infill 
G1 X11.945 Y-11.990 Z2.000 F5400 A272.73522; Connection 
G1 X10.800 Y-10.846 Z2.000 F5400 A272.79182; Infill 
G1 X11.702 Y-11.187 Z2.000 F5400 A272.82553; Connection 
G1 X12.368 Y-11.853 Z2.000 F5400 A272.85846; Infill 
G1 X12.604 Y-11.529 Z2.000 F5400 A272.87247; Connection 
G1 X12.853 Y-11.778 Z2.000 F5400 A272.88480; Infill 
G1 X12.853 Y-11.778 Z2.000 F1500 A271.58480; Retract 
G1 X12.853 Y-11.778 Z2.000 F3000; Retract 
G1 X17.112 Y-13.237 Z2.000 F9000; Travel Move 
G1 X17.112 Y-13.237 Z2.000 F1500 A272.88480; Restart 
G1 X18.759 Y-14.883 Z2.000 F5400 A272.96620; Infill 
G1 X18.714 Y-15.399 Z2.000 F5400 A272.98428; Connection 
G1 X17.328 Y-14.013 Z2.000 F5400 A273.05279; Infill 
G1 X18.014 Y-13.579 Z2.000 F5400 A273.08117; Connection 
G1 X18.388 Y-13.953 Z2.000 F5400 A273.09969; Infill 
G1 X17.769 Y-15.013 Z2.000 F5400 A273.14262; Connection 
G1 X18.669 Y-15.914 Z2.000 F5400 A273.18714; Infill 
G1 X18.624 Y-16.429 Z2.000 F5400 A273.20522; Connection 
G1 X17.899 Y-15.704 Z2.000 F5400 A273.24105; Infill 
G1 X17.933 Y-16.298 Z2.000 F5400 A273.26184; Connection 
G1 X18.579 Y-16.944 Z2.000 F5400 A273.29379; Infill 
G1 X18.534 Y-17.459 Z2.000 F5400 A273.31187; Connection 
G1 X17.913 Y-16.838 Z2.000 F5400 A273.34261; Infill 
G1 X17.868 Y-17.353 Z2.000 F5400 A273.36069; Connection 
G1 X18.490 Y-17.975 Z2.000 F5400 A273.39144; Infill 
G1 X18.269 Y-18.314 Z2.000 F5400 A273.40559; Connection 
G1 X17.823 Y-17.868 Z2.000 F5400 A273.42763; Infill 
G1 X17.778 Y-18.383 Z2.000 F5400 A273.44571; Connection 
G1 X18.011 Y-18.616 Z2.000 F5400 A273.45720; Infill 
G1 X17.733 Y-18.899 Z2.000 F5400 A273.47105; Connection 
G1 X17.803 Y-18.968 Z2.000 F5400 A273.47449; Infill 
G1 X17.689 Y-19.414 Z2.000 F5400 A273.49057; Connection 
G1 X17.757 Y-19.482 Z2.000 F5400 A273.49393; Infill 
G1 X17.644 Y-19.929 Z2.000 F5400 A273.51005; Connection 
G1 X17.710 Y-19.995 Z2.000 F5400 A273.51332; Infill 
G1 X17.599 Y-20.444 Z2.000 F5400 A273.52950; Connection 
G1 X17.663 Y-20.509 Z2.000 F5400 A273.53268; Infill 
G1 X17.554 Y-20.959 Z2.000 F5400 A273.54889; Connection 
G1 X17.617 Y-21.022 Z2.000 F5400 A273.55199; Infill 
G1 X17.509 Y-21.475 Z2.000 F5400 A273.56825; Connection 
G1 X17.570 Y-21.536 Z2.000 F5400 A273.57126; Infill 
G1 X17.465 Y-21.990 Z2.000 F5400 A273.58757; Connection 
G1 X17.524 Y-22.049 Z2.000 F5400 A273.59049; Infill 
G1 X17.524 Y-22.049 Z2.000 F1500 A272.29049; Retract 
G1 X17.524 Y-22.049 Z2.000 F3000; Retract 
G1 X19.026 Y-17.951 Z2.000 F9000; Travel Move 
G1 X19.026 Y-17.951 Z2.000 F1500 A273.59049; Restart 
G1 X18.804 Y-17.729 Z2.000 F5400 A273.60145; Infill 
G1 X18.849 Y-17.214 Z2.000 F5400 A273.61953; Connection 
G1 X19.404 Y-17.769 Z2.000 F5400 A273.64699; Infill 
G1 X19.783 Y-17.588 Z2.000 F5400 A273.66166; Connection 
G1 X18.894 Y-16.699 Z2.000 F5400 A273.70562; Infill 
G1 X18.939 Y-16.183 Z2.000 F5400 A273.72370; Connection 
G1 X20.161 Y-17.406 Z2.000 F5400 A273.78414; Infill 
G1 X20.540 Y-17.225 Z2.000 F5400 A273.79882; Connection 
G1 X18.983 Y-15.668 Z2.000 F5400 A273.87576; Infill 
G1 X19.028 Y-15.153 Z2.000 F5400 A273.89384; Connection 
G1 X20.882 Y-17.007 Z2.000 F5400 A273.98548; Infill 
G1 X21.211 Y-16.776 Z2.000 F5400 A273.99954; Connection 
G1 X19.332 Y-14.897 Z2.000 F5400 A274.09246; Infill 
G1 X20.892 Y-15.897 Z2.000 F5400 A274.15723; Connection 
G1 X21.513 Y-16.518 Z2.000 F5400 A274.18793; Infill 
; Chunk 20 
; Lower Position  2 
; Upper Position  2.2 
; Thickness       0.2 
; Width           0.4 
G1 X21.513 Y-16.518 Z2.000 F1500 A272.88793; Retract 
G1 X21.513 Y-16.518 Z2.000 F3000; Retract 
G1 X21.513 Y-16.518 Z2.200 F1380; Travel Move 
G1 X18.632 Y-12.284 Z2.200 F9000; Travel Move 
G1 X18.632 Y-12.284 Z2.200 F1500 A274.18793; Restart 
G1 X18.632 Y-5.622 Z2.200 F3818 A274.42084; Support 
G1 X16.652 Y-3.594 Z2.200 F6363; Leaky Travel Move 
G1 X16.652 Y-11.293 Z2.200 F3818 A274.69000; Support 
G1 X14.672 Y-10.302 Z2.200 F6363; Leaky Travel Move 
G1 X14.672 Y-3.351 Z2.200 F3818 A274.93302; Support 
M73 P32; Update Progress 
G1 X12.692 Y-4.029 Z2.200 F6363; Leaky Travel Move 
G1 X12.692 Y-9.311 Z2.200 F3818 A275.11769; Support 
G1 X10.712 Y-8.320 Z2.200 F6363; Leaky Travel Move 
G1 X10.712 Y-4.707 Z2.200 F3818 A275.24402; Support 
G1 X8.732 Y-5.609 Z2.200 F6363; Leaky Travel Move 
G1 X8.732 Y-6.356 Z2.200 F3818 A275.27013; Support 
; Chunk 21 
; Lower Position  2 
; Upper Position  2.2 
; Thickness       0.2 
; Width           0.4 
G1 X8.732 Y-6.356 Z2.200 F1500 A273.97013; Retract 
G1 X8.732 Y-6.356 Z2.200 F3000; Retract 
G1 X8.169 Y-20.088 Z2.200 F9000; Travel Move 
G1 X8.169 Y-20.088 Z2.200 F1500 A275.27013; Restart 
G1 X8.165 Y-20.018 Z2.200 F3818 A275.27259; Inset 
G1 X8.993 Y-10.495 Z2.200 F3818 A275.60674; Inset 
G1 X13.054 Y-12.034 Z2.200 F3818 A275.75856; Inset 
G1 X12.402 Y-12.135 Z2.200 F3818 A275.78162; Inset 
G1 X11.717 Y-12.365 Z2.200 F3818 A275.80686; Inset 
G1 X11.082 Y-12.706 Z2.200 F3818 A275.83210; Inset 
G1 X10.513 Y-13.150 Z2.200 F3818 A275.85733; Inset 
G1 X10.027 Y-13.684 Z2.200 F3818 A275.88257; Inset 
G1 X9.639 Y-14.293 Z2.200 F3818 A275.90780; Inset 
G1 X9.359 Y-14.958 Z2.200 F3818 A275.93304; Inset 
G1 X9.197 Y-15.648 Z2.200 F3818 A275.95779; Inset 
G1 X8.790 Y-20.333 Z2.200 F3818 A276.12222; Inset 
G1 X8.169 Y-20.088 Z2.200 F3818 A276.14554; Inset 
G1 X8.169 Y-20.088 Z2.200 F1500 A274.84554; Retract 
G1 X8.169 Y-20.088 Z2.200 F3000; Retract 
G1 X17.122 Y-22.627 Z2.200 F9000; Travel Move 
G1 X17.122 Y-22.627 Z2.200 F1500 A276.14554; Restart 
G1 X17.650 Y-16.557 Z2.200 F3818 A276.35852; Inset 
G1 X17.642 Y-15.886 Z2.200 F3818 A276.38198; Inset 
G1 X17.494 Y-15.094 Z2.200 F3818 A276.41018; Inset 
G1 X17.236 Y-14.419 Z2.200 F3818 A276.43541; Inset 
G1 X16.917 Y-13.868 Z2.200 F3818 A276.45769; Inset 
G1 X16.480 Y-13.332 Z2.200 F3818 A276.48185; Inset 
G1 X18.512 Y-14.102 Z2.200 F3818 A276.55783; Inset 
G1 X17.765 Y-22.696 Z2.200 F3818 A276.85938; Inset 
G1 X17.752 Y-22.725 Z2.200 F3818 A276.86051; Inset 
G1 X17.122 Y-22.627 Z2.200 F3818 A276.88279; Inset 
G1 X17.122 Y-22.627 Z2.200 F1500 A275.58279; Retract 
G1 X17.122 Y-22.627 Z2.200 F3000; Retract 
G1 X7.904 Y-20.395 Z2.200 F9000; Travel Move 
G1 X7.904 Y-20.395 Z2.200 F1500 A276.88279; Restart 
G1 X7.823 Y-20.300 Z2.200 F3818 A276.88717; Inset 
G1 X7.775 Y-20.183 Z2.200 F3818 A276.89159; Inset 
G1 X7.763 Y-20.014 Z2.200 F3818 A276.89750; Inset 
G1 X8.714 Y-9.081 Z2.200 F3818 A277.28116; Inset 
G1 X9.023 Y-9.959 Z2.200 F3818 A277.31371; Inset 
G1 X9.208 Y-10.149 Z2.200 F3818 A277.32299; Inset 
G1 X18.937 Y-13.835 Z2.200 F3818 A277.68670; Inset 
G1 X18.162 Y-22.747 Z2.200 F3818 A277.99944; Inset 
G1 X18.078 Y-22.976 Z2.200 F3818 A278.00796; Inset 
G1 X17.946 Y-23.083 Z2.200 F3818 A278.01388; Inset 
G1 X17.822 Y-23.125 Z2.200 F3818 A278.01847; Inset 
G1 X17.659 Y-23.126 Z2.200 F3818 A278.02416; Inset 
G1 X16.692 Y-22.958 Z2.200 F3818 A278.05848; Inset 
G1 X17.251 Y-16.533 Z2.200 F3818 A278.28396; Inset 
G1 X17.238 Y-15.859 Z2.200 F3818 A278.30753; Inset 
G1 X17.113 Y-15.217 Z2.200 F3818 A278.33040; Inset 
G1 X16.903 Y-14.651 Z2.200 F3818 A278.35148; Inset 
G1 X16.579 Y-14.083 Z2.200 F3818 A278.37434; Inset 
G1 X16.164 Y-13.578 Z2.200 F3818 A278.39720; Inset 
G1 X15.669 Y-13.150 Z2.200 F3818 A278.42006; Inset 
G1 X15.110 Y-12.812 Z2.200 F3818 A278.44293; Inset 
G1 X14.501 Y-12.574 Z2.200 F3818 A278.46579; Inset 
G1 X13.860 Y-12.442 Z2.200 F3818 A278.48865; Inset 
G1 X13.206 Y-12.421 Z2.200 F3818 A278.51151; Inset 
G1 X12.559 Y-12.510 Z2.200 F3818 A278.53437; Inset 
G1 X11.935 Y-12.707 Z2.200 F3818 A278.55723; Inset 
G1 X11.354 Y-13.007 Z2.200 F3818 A278.58010; Inset 
G1 X10.794 Y-13.435 Z2.200 F3818 A278.60473; Inset 
G1 X10.353 Y-13.917 Z2.200 F3818 A278.62760; Inset 
G1 X9.999 Y-14.467 Z2.200 F3818 A278.65046; Inset 
G1 X9.743 Y-15.069 Z2.200 F3818 A278.67332; Inset 
G1 X9.594 Y-15.697 Z2.200 F3818 A278.69589; Inset 
G1 X9.142 Y-20.894 Z2.200 F3818 A278.87824; Inset 
G1 X8.048 Y-20.482 Z2.200 F3818 A278.91912; Inset 
G1 X7.904 Y-20.395 Z2.200 F3818 A278.92498; Inset 
G1 X7.904 Y-20.395 Z2.200 F1500 A277.62498; Retract 
G1 X7.904 Y-20.395 Z2.200 F3000; Retract 
G1 X7.643 Y-20.704 Z2.200 F9000; Travel Move 
G1 X7.643 Y-20.704 Z2.200 F1500 A278.92498; Restart 
G1 X7.477 Y-20.511 Z2.200 F1697 A278.93388; Inset 
G1 X7.381 Y-20.274 Z2.200 F1697 A278.94280; Inset 
G1 X7.362 Y-20.011 Z2.200 F1697 A278.95204; Inset 
G1 X8.425 Y-7.784 Z2.200 F1697 A279.38110; Inset 
G1 X8.470 Y-7.520 Z2.200 F1697 A279.39046; Inset 
G1 X8.586 Y-7.510 Z2.200 F1697 A279.39452; Inset 
G1 X9.387 Y-9.789 Z2.200 F1697 A279.47897; Inset 
G1 X19.341 Y-13.561 Z2.200 F1697 A279.85112; Inset 
G1 X19.350 Y-13.706 Z2.200 F1697 A279.85620; Inset 
G1 X18.559 Y-22.799 Z2.200 F1697 A280.17527; Inset 
G1 X18.537 Y-22.929 Z2.200 F1697 A280.17988; Inset 
G1 X18.424 Y-23.184 Z2.200 F1697 A280.18965; Inset 
G1 X18.352 Y-23.275 Z2.200 F1697 A280.19368; Inset 
G1 X18.138 Y-23.440 Z2.200 F1697 A280.20315; Inset 
G1 X17.888 Y-23.525 Z2.200 F1697 A280.21236; Inset 
G1 X17.626 Y-23.526 Z2.200 F1697 A280.22154; Inset 
G1 X16.262 Y-23.290 Z2.200 F1697 A280.26994; Inset 
G1 X16.852 Y-16.503 Z2.200 F1697 A280.50809; Inset 
G1 X16.843 Y-15.924 Z2.200 F1697 A280.52835; Inset 
G1 X16.735 Y-15.348 Z2.200 F1697 A280.54884; Inset 
G1 X16.531 Y-14.798 Z2.200 F1697 A280.56933; Inset 
G1 X16.238 Y-14.291 Z2.200 F1697 A280.58983; Inset 
G1 X15.862 Y-13.841 Z2.200 F1697 A280.61032; Inset 
G1 X15.416 Y-13.460 Z2.200 F1697 A280.63081; Inset 
G1 X14.912 Y-13.161 Z2.200 F1697 A280.65130; Inset 
G1 X14.365 Y-12.951 Z2.200 F1697 A280.67179; Inset 
G1 X13.790 Y-12.836 Z2.200 F1697 A280.69229; Inset 
G1 X13.204 Y-12.821 Z2.200 F1697 A280.71278; Inset 
G1 X12.624 Y-12.904 Z2.200 F1697 A280.73327; Inset 
G1 X12.066 Y-13.085 Z2.200 F1697 A280.75377; Inset 
G1 X11.547 Y-13.357 Z2.200 F1697 A280.77426; Inset 
G1 X11.082 Y-13.713 Z2.200 F1697 A280.79475; Inset 
G1 X10.683 Y-14.143 Z2.200 F1697 A280.81525; Inset 
G1 X10.363 Y-14.634 Z2.200 F1697 A280.83574; Inset 
G1 X10.130 Y-15.172 Z2.200 F1697 A280.85623; Inset 
G1 X9.992 Y-15.740 Z2.200 F1697 A280.87666; Inset 
G1 X9.495 Y-21.454 Z2.200 F1697 A281.07718; Inset 
M73 P33; Update Progress 
G1 X7.873 Y-20.843 Z2.200 F1697 A281.13778; Inset 
G1 X7.643 Y-20.704 Z2.200 F1697 A281.14718; Inset 
G1 X7.643 Y-20.704 Z2.200 F1500 A279.84718; Retract 
G1 X7.643 Y-20.704 Z2.200 F3000; Retract 
G1 X8.505 Y-19.913 Z2.200 F9000; Travel Move 
G1 X8.505 Y-19.913 Z2.200 F1500 A281.14718; Restart 
G1 X8.542 Y-19.876 Z2.200 F3818 A281.14903; Infill 
G1 X8.510 Y-19.348 Z2.200 F3818 A281.16751; Connection 
G1 X8.596 Y-19.262 Z2.200 F3818 A281.17175; Infill 
G1 X8.563 Y-18.735 Z2.200 F3818 A281.19023; Connection 
G1 X8.649 Y-18.649 Z2.200 F3818 A281.19447; Infill 
G1 X8.617 Y-18.121 Z2.200 F3818 A281.21295; Connection 
G1 X8.702 Y-18.035 Z2.200 F3818 A281.21719; Infill 
G1 X8.670 Y-17.508 Z2.200 F3818 A281.23567; Connection 
G1 X8.756 Y-17.422 Z2.200 F3818 A281.23991; Infill 
G1 X8.723 Y-16.895 Z2.200 F3818 A281.25839; Connection 
G1 X8.809 Y-16.809 Z2.200 F3818 A281.26263; Infill 
G1 X8.777 Y-16.281 Z2.200 F3818 A281.28111; Connection 
G1 X8.862 Y-16.195 Z2.200 F3818 A281.28535; Infill 
G1 X8.830 Y-15.668 Z2.200 F3818 A281.30383; Connection 
G1 X8.920 Y-15.578 Z2.200 F3818 A281.30826; Infill 
G1 X8.883 Y-15.054 Z2.200 F3818 A281.32661; Connection 
G1 X9.098 Y-14.839 Z2.200 F3818 A281.33725; Infill 
G1 X8.937 Y-14.441 Z2.200 F3818 A281.35228; Connection 
G1 X9.678 Y-13.700 Z2.200 F3818 A281.38892; Infill 
G1 X8.990 Y-13.828 Z2.200 F3818 A281.41338; Connection 
G1 X11.186 Y-11.632 Z2.200 F3818 A281.52194; Infill 
G1 X10.779 Y-11.478 Z2.200 F3818 A281.53712; Connection 
G1 X9.043 Y-13.214 Z2.200 F3818 A281.62296; Infill 
G1 X9.097 Y-12.601 Z2.200 F3818 A281.64448; Connection 
G1 X10.373 Y-11.324 Z2.200 F3818 A281.70760; Infill 
G1 X9.967 Y-11.170 Z2.200 F3818 A281.72279; Connection 
G1 X9.150 Y-11.988 Z2.200 F3818 A281.76319; Infill 
G1 X9.203 Y-11.374 Z2.200 F3818 A281.78471; Connection 
G1 X9.561 Y-11.016 Z2.200 F3818 A281.80240; Infill 
G1 X10.866 Y-12.512 Z2.200 F3818 A281.87178; Connection 
G1 X11.592 Y-11.786 Z2.200 F3818 A281.90766; Infill 
G1 X11.954 Y-11.984 Z2.200 F3818 A281.92209; Connection 
G1 X11.998 Y-11.940 Z2.200 F3818 A281.92426; Infill 
G1 X11.998 Y-11.940 Z2.200 F1500 A280.62426; Retract 
G1 X11.998 Y-11.940 Z2.200 F3000; Retract 
G1 X17.490 Y-14.288 Z2.200 F9000; Travel Move 
G1 X17.490 Y-14.288 Z2.200 F1500 A281.92426; Restart 
G1 X17.684 Y-14.094 Z2.200 F3818 A281.93382; Infill 
G1 X18.090 Y-14.248 Z2.200 F3818 A281.94900; Connection 
G1 X17.647 Y-14.692 Z2.200 F3818 A281.97093; Infill 
G1 X17.788 Y-15.110 Z2.200 F3818 A281.98637; Connection 
G1 X18.171 Y-14.727 Z2.200 F3818 A282.00530; Infill 
G1 X18.118 Y-15.341 Z2.200 F3818 A282.02682; Connection 
G1 X17.876 Y-15.582 Z2.200 F3818 A282.03875; Infill 
G1 X18.064 Y-15.954 Z2.200 F3818 A282.05332; Connection 
G1 X17.931 Y-16.087 Z2.200 F3818 A282.05992; Infill 
G1 X18.011 Y-16.567 Z2.200 F3818 A282.07693; Connection 
G1 X17.929 Y-16.649 Z2.200 F3818 A282.08097; Infill 
G1 X17.957 Y-17.181 Z2.200 F3818 A282.09958; Connection 
G1 X17.876 Y-17.262 Z2.200 F3818 A282.10362; Infill 
G1 X17.904 Y-17.794 Z2.200 F3818 A282.12224; Connection 
G1 X17.822 Y-17.876 Z2.200 F3818 A282.12628; Infill 
G1 X17.851 Y-18.408 Z2.200 F3818 A282.14489; Connection 
G1 X17.769 Y-18.489 Z2.200 F3818 A282.14893; Infill 
G1 X17.797 Y-19.021 Z2.200 F3818 A282.16754; Connection 
G1 X17.716 Y-19.103 Z2.200 F3818 A282.17158; Infill 
G1 X17.744 Y-19.634 Z2.200 F3818 A282.19020; Connection 
G1 X17.662 Y-19.716 Z2.200 F3818 A282.19424; Infill 
G1 X17.691 Y-20.248 Z2.200 F3818 A282.21285; Connection 
G1 X17.609 Y-20.329 Z2.200 F3818 A282.21689; Infill 
G1 X17.637 Y-20.861 Z2.200 F3818 A282.23550; Connection 
G1 X17.556 Y-20.943 Z2.200 F3818 A282.23954; Infill 
G1 X17.584 Y-21.474 Z2.200 F3818 A282.25816; Connection 
G1 X17.502 Y-21.556 Z2.200 F3818 A282.26220; Infill 
G1 X17.531 Y-22.088 Z2.200 F3818 A282.28081; Connection 
G1 X17.449 Y-22.169 Z2.200 F3818 A282.28485; Infill 
; Chunk 22 
; Lower Position  2.2 
; Upper Position  2.4 
; Thickness       0.2 
; Width           0.4 
G1 X17.449 Y-22.169 Z2.200 F1500 A280.98485; Retract 
G1 X17.449 Y-22.169 Z2.200 F3000; Retract 
G1 X17.449 Y-22.169 Z2.400 F1380; Travel Move 
G1 X17.122 Y-22.627 Z2.400 F9000; Travel Move 
G1 X17.122 Y-22.627 Z2.400 F1500 A282.28485; Restart 
G1 X17.650 Y-16.557 Z2.400 F3903 A282.49784; Inset 
G1 X17.642 Y-15.886 Z2.400 F3903 A282.52130; Inset 
G1 X17.494 Y-15.094 Z2.400 F3903 A282.54949; Inset 
G1 X17.236 Y-14.419 Z2.400 F3903 A282.57473; Inset 
G1 X16.917 Y-13.868 Z2.400 F3903 A282.59700; Inset 
G1 X16.480 Y-13.332 Z2.400 F3903 A282.62117; Inset 
G1 X18.512 Y-14.102 Z2.400 F3903 A282.69714; Inset 
G1 X17.765 Y-22.696 Z2.400 F3903 A282.99869; Inset 
G1 X17.752 Y-22.725 Z2.400 F3903 A282.99982; Inset 
G1 X17.122 Y-22.627 Z2.400 F3903 A283.02210; Inset 
G1 X17.122 Y-22.627 Z2.400 F1500 A281.72210; Retract 
G1 X17.122 Y-22.627 Z2.400 F3000; Retract 
G1 X8.170 Y-20.088 Z2.400 F9000; Travel Move 
G1 X8.170 Y-20.088 Z2.400 F1500 A283.02210; Restart 
G1 X8.165 Y-20.017 Z2.400 F3903 A283.02457; Inset 
G1 X8.993 Y-10.495 Z2.400 F3903 A283.35872; Inset 
G1 X13.054 Y-12.034 Z2.400 F3903 A283.51054; Inset 
G1 X12.402 Y-12.135 Z2.400 F3903 A283.53360; Inset 
G1 X11.717 Y-12.365 Z2.400 F3903 A283.55884; Inset 
G1 X11.082 Y-12.706 Z2.400 F3903 A283.58407; Inset 
G1 X10.513 Y-13.150 Z2.400 F3903 A283.60931; Inset 
G1 X10.027 Y-13.684 Z2.400 F3903 A283.63455; Inset 
G1 X9.639 Y-14.293 Z2.400 F3903 A283.65978; Inset 
G1 X9.359 Y-14.958 Z2.400 F3903 A283.68502; Inset 
G1 X9.197 Y-15.648 Z2.400 F3903 A283.70977; Inset 
G1 X8.790 Y-20.333 Z2.400 F3903 A283.87420; Inset 
G1 X8.170 Y-20.088 Z2.400 F3903 A283.89752; Inset 
G1 X8.170 Y-20.088 Z2.400 F1500 A282.59752; Retract 
G1 X8.170 Y-20.088 Z2.400 F3000; Retract 
G1 X7.904 Y-20.395 Z2.400 F9000; Travel Move 
G1 X7.904 Y-20.395 Z2.400 F1500 A283.89752; Restart 
G1 X7.823 Y-20.300 Z2.400 F3903 A283.90189; Inset 
G1 X7.775 Y-20.183 Z2.400 F3903 A283.90631; Inset 
G1 X7.763 Y-20.014 Z2.400 F3903 A283.91223; Inset 
G1 X8.714 Y-9.081 Z2.400 F3903 A284.29589; Inset 
G1 X9.023 Y-9.959 Z2.400 F3903 A284.32843; Inset 
G1 X9.208 Y-10.149 Z2.400 F3903 A284.33771; Inset 
G1 X18.937 Y-13.835 Z2.400 F3903 A284.70142; Inset 
G1 X18.162 Y-22.747 Z2.400 F3903 A285.01416; Inset 
G1 X18.078 Y-22.976 Z2.400 F3903 A285.02268; Inset 
G1 X17.946 Y-23.083 Z2.400 F3903 A285.02860; Inset 
G1 X17.822 Y-23.125 Z2.400 F3903 A285.03320; Inset 
G1 X17.659 Y-23.126 Z2.400 F3903 A285.03888; Inset 
G1 X16.692 Y-22.958 Z2.400 F3903 A285.07320; Inset 
G1 X17.251 Y-16.533 Z2.400 F3903 A285.29868; Inset 
G1 X17.238 Y-15.859 Z2.400 F3903 A285.32226; Inset 
G1 X17.113 Y-15.217 Z2.400 F3903 A285.34512; Inset 
G1 X16.903 Y-14.651 Z2.400 F3903 A285.36620; Inset 
G1 X16.579 Y-14.083 Z2.400 F3903 A285.38906; Inset 
G1 X16.164 Y-13.578 Z2.400 F3903 A285.41193; Inset 
G1 X15.669 Y-13.150 Z2.400 F3903 A285.43479; Inset 
G1 X15.110 Y-12.812 Z2.400 F3903 A285.45765; Inset 
G1 X14.501 Y-12.574 Z2.400 F3903 A285.48051; Inset 
G1 X13.860 Y-12.442 Z2.400 F3903 A285.50337; Inset 
G1 X13.206 Y-12.421 Z2.400 F3903 A285.52624; Inset 
G1 X12.559 Y-12.510 Z2.400 F3903 A285.54910; Inset 
G1 X11.935 Y-12.707 Z2.400 F3903 A285.57196; Inset 
G1 X11.354 Y-13.007 Z2.400 F3903 A285.59482; Inset 
G1 X10.794 Y-13.435 Z2.400 F3903 A285.61946; Inset 
G1 X10.353 Y-13.917 Z2.400 F3903 A285.64232; Inset 
G1 X9.999 Y-14.467 Z2.400 F3903 A285.66518; Inset 
G1 X9.743 Y-15.069 Z2.400 F3903 A285.68804; Inset 
G1 X9.594 Y-15.697 Z2.400 F3903 A285.71062; Inset 
G1 X9.142 Y-20.894 Z2.400 F3903 A285.89296; Inset 
G1 X8.048 Y-20.482 Z2.400 F3903 A285.93384; Inset 
G1 X7.904 Y-20.395 Z2.400 F3903 A285.93970; Inset 
G1 X7.904 Y-20.395 Z2.400 F1500 A284.63970; Retract 
G1 X7.904 Y-20.395 Z2.400 F3000; Retract 
G1 X7.643 Y-20.704 Z2.400 F9000; Travel Move 
G1 X7.643 Y-20.704 Z2.400 F1500 A285.93970; Restart 
G1 X7.477 Y-20.511 Z2.400 F1735 A285.94860; Inset 
G1 X7.381 Y-20.275 Z2.400 F1735 A285.95752; Inset 
G1 X7.362 Y-20.011 Z2.400 F1735 A285.96677; Inset 
G1 X8.425 Y-7.784 Z2.400 F1735 A286.39582; Inset 
G1 X8.470 Y-7.520 Z2.400 F1735 A286.40519; Inset 
G1 X8.586 Y-7.510 Z2.400 F1735 A286.40925; Inset 
G1 X9.387 Y-9.789 Z2.400 F1735 A286.49370; Inset 
G1 X19.341 Y-13.561 Z2.400 F1735 A286.86584; Inset 
G1 X19.350 Y-13.706 Z2.400 F1735 A286.87092; Inset 
G1 X18.559 Y-22.799 Z2.400 F1735 A287.19000; Inset 
G1 X18.537 Y-22.929 Z2.400 F1735 A287.19461; Inset 
G1 X18.424 Y-23.184 Z2.400 F1735 A287.20437; Inset 
G1 X18.352 Y-23.275 Z2.400 F1735 A287.20840; Inset 
G1 X18.138 Y-23.440 Z2.400 F1735 A287.21787; Inset 
G1 X17.888 Y-23.525 Z2.400 F1735 A287.22708; Inset 
G1 X17.626 Y-23.526 Z2.400 F1735 A287.23626; Inset 
G1 X16.262 Y-23.290 Z2.400 F1735 A287.28467; Inset 
G1 X16.852 Y-16.503 Z2.400 F1735 A287.52282; Inset 
G1 X16.843 Y-15.924 Z2.400 F1735 A287.54307; Inset 
G1 X16.735 Y-15.348 Z2.400 F1735 A287.56356; Inset 
G1 X16.531 Y-14.798 Z2.400 F1735 A287.58406; Inset 
G1 X16.238 Y-14.291 Z2.400 F1735 A287.60455; Inset 
G1 X15.862 Y-13.841 Z2.400 F1735 A287.62504; Inset 
G1 X15.416 Y-13.460 Z2.400 F1735 A287.64554; Inset 
M73 P34; Update Progress 
G1 X14.912 Y-13.161 Z2.400 F1735 A287.66603; Inset 
G1 X14.365 Y-12.951 Z2.400 F1735 A287.68652; Inset 
G1 X13.790 Y-12.836 Z2.400 F1735 A287.70701; Inset 
G1 X13.204 Y-12.821 Z2.400 F1735 A287.72750; Inset 
G1 X12.624 Y-12.904 Z2.400 F1735 A287.74800; Inset 
G1 X12.066 Y-13.085 Z2.400 F1735 A287.76849; Inset 
G1 X11.547 Y-13.357 Z2.400 F1735 A287.78898; Inset 
G1 X11.082 Y-13.713 Z2.400 F1735 A287.80948; Inset 
G1 X10.683 Y-14.143 Z2.400 F1735 A287.82997; Inset 
G1 X10.363 Y-14.634 Z2.400 F1735 A287.85046; Inset 
G1 X10.130 Y-15.172 Z2.400 F1735 A287.87095; Inset 
G1 X9.992 Y-15.740 Z2.400 F1735 A287.89138; Inset 
G1 X9.495 Y-21.454 Z2.400 F1735 A288.09190; Inset 
G1 X7.873 Y-20.843 Z2.400 F1735 A288.15250; Inset 
G1 X7.643 Y-20.704 Z2.400 F1735 A288.16190; Inset 
G1 X7.643 Y-20.704 Z2.400 F1500 A286.86190; Retract 
G1 X7.643 Y-20.704 Z2.400 F3000; Retract 
G1 X8.549 Y-19.795 Z2.400 F9000; Travel Move 
G1 X8.549 Y-19.795 Z2.400 F1500 A288.16190; Restart 
G1 X8.477 Y-19.723 Z2.400 F3903 A288.16546; Infill 
G1 X8.594 Y-19.280 Z2.400 F3903 A288.18149; Connection 
G1 X8.522 Y-19.208 Z2.400 F3903 A288.18505; Infill 
G1 X8.639 Y-18.764 Z2.400 F3903 A288.20107; Connection 
G1 X8.567 Y-18.692 Z2.400 F3903 A288.20463; Infill 
G1 X8.684 Y-18.249 Z2.400 F3903 A288.22066; Connection 
G1 X8.612 Y-18.177 Z2.400 F3903 A288.22422; Infill 
G1 X8.729 Y-17.734 Z2.400 F3903 A288.24024; Connection 
G1 X8.656 Y-17.662 Z2.400 F3903 A288.24380; Infill 
G1 X8.773 Y-17.219 Z2.400 F3903 A288.25983; Connection 
G1 X8.701 Y-17.147 Z2.400 F3903 A288.26339; Infill 
G1 X8.818 Y-16.704 Z2.400 F3903 A288.27941; Connection 
G1 X8.746 Y-16.632 Z2.400 F3903 A288.28297; Infill 
G1 X8.863 Y-16.188 Z2.400 F3903 A288.29900; Connection 
G1 X8.791 Y-16.116 Z2.400 F3903 A288.30256; Infill 
G1 X8.908 Y-15.673 Z2.400 F3903 A288.31858; Connection 
G1 X8.836 Y-15.601 Z2.400 F3903 A288.32214; Infill 
G1 X9.006 Y-15.211 Z2.400 F3903 A288.33702; Connection 
G1 X8.881 Y-15.086 Z2.400 F3903 A288.34320; Infill 
G1 X9.127 Y-14.772 Z2.400 F3903 A288.35715; Connection 
G1 X8.925 Y-14.571 Z2.400 F3903 A288.36710; Infill 
G1 X9.293 Y-14.378 Z2.400 F3903 A288.38160; Connection 
G1 X8.970 Y-14.055 Z2.400 F3903 A288.39754; Infill 
G1 X9.482 Y-14.007 Z2.400 F3903 A288.41551; Connection 
G1 X9.015 Y-13.540 Z2.400 F3903 A288.43859; Infill 
G1 X9.060 Y-13.025 Z2.400 F3903 A288.45667; Connection 
G1 X9.700 Y-13.665 Z2.400 F3903 A288.48832; Infill 
G1 X9.945 Y-13.350 Z2.400 F3903 A288.50227; Connection 
G1 X9.105 Y-12.510 Z2.400 F3903 A288.54381; Infill 
G1 X9.149 Y-11.995 Z2.400 F3903 A288.56189; Connection 
G1 X10.211 Y-13.057 Z2.400 F3903 A288.61439; Infill 
G1 X10.507 Y-12.792 Z2.400 F3903 A288.62826; Connection 
G1 X9.194 Y-11.479 Z2.400 F3903 A288.69316; Infill 
G1 X9.239 Y-10.964 Z2.400 F3903 A288.71124; Connection 
G1 X10.821 Y-12.546 Z2.400 F3903 A288.78947; Infill 
G1 X11.169 Y-12.334 Z2.400 F3903 A288.80372; Connection 
G1 X10.028 Y-11.194 Z2.400 F3903 A288.86012; Infill 
G1 X10.930 Y-11.535 Z2.400 F3903 A288.89383; Connection 
G1 X11.534 Y-12.139 Z2.400 F3903 A288.92366; Infill 
G1 X11.832 Y-11.877 Z2.400 F3903 A288.93754; Connection 
G1 X11.943 Y-11.988 Z2.400 F3903 A288.94301; Infill 
G1 X11.943 Y-11.988 Z2.400 F1500 A287.64301; Retract 
G1 X11.943 Y-11.988 Z2.400 F3000; Retract 
G1 X17.336 Y-14.021 Z2.400 F9000; Travel Move 
G1 X17.336 Y-14.021 Z2.400 F1500 A288.94301; Restart 
G1 X18.161 Y-14.845 Z2.400 F3903 A288.98376; Infill 
G1 X17.769 Y-15.013 Z2.400 F3903 A288.99867; Connection 
G1 X18.116 Y-15.361 Z2.400 F3903 A289.01583; Infill 
G1 X17.899 Y-15.704 Z2.400 F3903 A289.03003; Connection 
G1 X18.071 Y-15.876 Z2.400 F3903 A289.03852; Infill 
G1 X17.933 Y-16.298 Z2.400 F3903 A289.05404; Connection 
G1 X18.026 Y-16.391 Z2.400 F3903 A289.05864; Infill 
G1 X17.913 Y-16.838 Z2.400 F3903 A289.07475; Connection 
G1 X17.981 Y-16.906 Z2.400 F3903 A289.07815; Infill 
G1 X17.868 Y-17.353 Z2.400 F3903 A289.09425; Connection 
G1 X17.937 Y-17.422 Z2.400 F3903 A289.09765; Infill 
G1 X17.823 Y-17.868 Z2.400 F3903 A289.11376; Connection 
G1 X17.892 Y-17.937 Z2.400 F3903 A289.11715; Infill 
G1 X17.778 Y-18.383 Z2.400 F3903 A289.13326; Connection 
G1 X17.847 Y-18.452 Z2.400 F3903 A289.13665; Infill 
G1 X17.733 Y-18.899 Z2.400 F3903 A289.15276; Connection 
G1 X17.802 Y-18.967 Z2.400 F3903 A289.15615; Infill 
G1 X17.689 Y-19.414 Z2.400 F3903 A289.17226; Connection 
G1 X17.757 Y-19.482 Z2.400 F3903 A289.17565; Infill 
G1 X17.644 Y-19.929 Z2.400 F3903 A289.19176; Connection 
G1 X17.713 Y-19.998 Z2.400 F3903 A289.19516; Infill 
G1 X17.599 Y-20.444 Z2.400 F3903 A289.21127; Connection 
G1 X17.668 Y-20.513 Z2.400 F3903 A289.21466; Infill 
G1 X17.554 Y-20.959 Z2.400 F3903 A289.23077; Connection 
G1 X17.623 Y-21.028 Z2.400 F3903 A289.23416; Infill 
G1 X17.509 Y-21.475 Z2.400 F3903 A289.25027; Connection 
G1 X17.578 Y-21.543 Z2.400 F3903 A289.25366; Infill 
G1 X17.465 Y-21.990 Z2.400 F3903 A289.26977; Connection 
G1 X17.533 Y-22.059 Z2.400 F3903 A289.27316; Infill 
G1 X18.205 Y-14.330 Z2.400 F3903 A289.54436; Connection 
G1 X18.144 Y-14.268 Z2.400 F3903 A289.54742; Infill 
; Chunk 23 
; Lower Position  2.2 
; Upper Position  2.4 
; Thickness       0.2 
; Width           0.4 
G1 X18.144 Y-14.268 Z2.400 F1500 A288.24742; Retract 
G1 X18.144 Y-14.268 Z2.400 F3000; Retract 
G1 X18.632 Y-12.284 Z2.400 F9000; Travel Move 
G1 X18.632 Y-12.284 Z2.400 F1500 A289.54742; Restart 
G1 X18.632 Y-5.622 Z2.400 F3903 A289.78034; Support 
G1 X16.652 Y-3.594 Z2.400 F6505; Leaky Travel Move 
G1 X16.652 Y-11.293 Z2.400 F3903 A290.04949; Support 
G1 X14.672 Y-10.302 Z2.400 F6505; Leaky Travel Move 
G1 X14.672 Y-3.351 Z2.400 F3903 A290.29251; Support 
G1 X12.692 Y-4.029 Z2.400 F6505; Leaky Travel Move 
G1 X12.692 Y-9.311 Z2.400 F3903 A290.47719; Support 
G1 X10.712 Y-8.320 Z2.400 F6505; Leaky Travel Move 
G1 X10.712 Y-4.707 Z2.400 F3903 A290.60351; Support 
G1 X8.732 Y-5.609 Z2.400 F6505; Leaky Travel Move 
G1 X8.732 Y-6.356 Z2.400 F3903 A290.62962; Support 
; Chunk 24 
; Lower Position  2.4 
; Upper Position  2.6 
; Thickness       0.2 
; Width           0.4 
G1 X8.732 Y-6.356 Z2.400 F1500 A289.32962; Retract 
G1 X8.732 Y-6.356 Z2.400 F3000; Retract 
G1 X8.732 Y-6.356 Z2.600 F1380; Travel Move 
G1 X8.732 Y-6.356 Z2.600 F1500 A290.62962; Restart 
G1 X8.732 Y-5.609 Z2.600 F3818 A290.65573; Support 
G1 X10.712 Y-4.707 Z2.600 F6363; Leaky Travel Move 
G1 X10.712 Y-8.320 Z2.600 F3818 A290.78205; Support 
G1 X12.692 Y-9.311 Z2.600 F6363; Leaky Travel Move 
G1 X12.692 Y-4.029 Z2.600 F3818 A290.96672; Support 
G1 X14.672 Y-3.351 Z2.600 F6363; Leaky Travel Move 
G1 X14.672 Y-10.302 Z2.600 F3818 A291.20975; Support 
G1 X16.652 Y-11.293 Z2.600 F6363; Leaky Travel Move 
G1 X16.652 Y-3.594 Z2.600 F3818 A291.47890; Support 
G1 X18.632 Y-5.622 Z2.600 F6363; Leaky Travel Move 
G1 X18.632 Y-12.284 Z2.600 F3818 A291.71181; Support 
; Chunk 25 
; Lower Position  2.4 
; Upper Position  2.6 
; Thickness       0.2 
; Width           0.4 
G1 X18.632 Y-12.284 Z2.600 F1500 A290.41181; Retract 
G1 X18.632 Y-12.284 Z2.600 F3000; Retract 
G1 X17.122 Y-22.627 Z2.600 F9000; Travel Move 
G1 X17.122 Y-22.627 Z2.600 F1500 A291.71181; Restart 
G1 X17.650 Y-16.557 Z2.600 F3818 A291.92480; Inset 
G1 X17.642 Y-15.886 Z2.600 F3818 A291.94826; Inset 
G1 X17.494 Y-15.094 Z2.600 F3818 A291.97645; Inset 
G1 X17.236 Y-14.419 Z2.600 F3818 A292.00169; Inset 
G1 X16.917 Y-13.868 Z2.600 F3818 A292.02396; Inset 
G1 X16.480 Y-13.332 Z2.600 F3818 A292.04813; Inset 
G1 X18.512 Y-14.102 Z2.600 F3818 A292.12410; Inset 
G1 X17.765 Y-22.696 Z2.600 F3818 A292.42566; Inset 
G1 X17.752 Y-22.725 Z2.600 F3818 A292.42679; Inset 
G1 X17.122 Y-22.627 Z2.600 F3818 A292.44907; Inset 
G1 X17.122 Y-22.627 Z2.600 F1500 A291.14907; Retract 
G1 X17.122 Y-22.627 Z2.600 F3000; Retract 
G1 X8.170 Y-20.088 Z2.600 F9000; Travel Move 
G1 X8.170 Y-20.088 Z2.600 F1500 A292.44907; Restart 
G1 X8.165 Y-20.017 Z2.600 F3818 A292.45154; Inset 
G1 X8.993 Y-10.495 Z2.600 F3818 A292.78568; Inset 
G1 X13.054 Y-12.034 Z2.600 F3818 A292.93751; Inset 
G1 X12.402 Y-12.135 Z2.600 F3818 A292.96057; Inset 
G1 X11.717 Y-12.365 Z2.600 F3818 A292.98581; Inset 
G1 X11.082 Y-12.706 Z2.600 F3818 A293.01104; Inset 
G1 X10.513 Y-13.150 Z2.600 F3818 A293.03628; Inset 
G1 X10.027 Y-13.684 Z2.600 F3818 A293.06151; Inset 
G1 X9.639 Y-14.293 Z2.600 F3818 A293.08675; Inset 
G1 X9.359 Y-14.958 Z2.600 F3818 A293.11198; Inset 
G1 X9.197 Y-15.648 Z2.600 F3818 A293.13674; Inset 
G1 X8.790 Y-20.333 Z2.600 F3818 A293.30117; Inset 
G1 X8.170 Y-20.088 Z2.600 F3818 A293.32448; Inset 
G1 X8.170 Y-20.088 Z2.600 F1500 A292.02448; Retract 
G1 X8.170 Y-20.088 Z2.600 F3000; Retract 
G1 X7.904 Y-20.395 Z2.600 F9000; Travel Move 
G1 X7.904 Y-20.395 Z2.600 F1500 A293.32448; Restart 
G1 X7.823 Y-20.300 Z2.600 F3818 A293.32886; Inset 
G1 X7.775 Y-20.183 Z2.600 F3818 A293.33327; Inset 
G1 X7.763 Y-20.014 Z2.600 F3818 A293.33919; Inset 
G1 X8.714 Y-9.081 Z2.600 F3818 A293.72285; Inset 
G1 X9.023 Y-9.959 Z2.600 F3818 A293.75540; Inset 
G1 X9.208 Y-10.149 Z2.600 F3818 A293.76468; Inset 
G1 X18.937 Y-13.835 Z2.600 F3818 A294.12839; Inset 
G1 X18.162 Y-22.747 Z2.600 F3818 A294.44112; Inset 
G1 X18.078 Y-22.976 Z2.600 F3818 A294.44964; Inset 
G1 X17.946 Y-23.083 Z2.600 F3818 A294.45557; Inset 
G1 X17.822 Y-23.125 Z2.600 F3818 A294.46016; Inset 
G1 X17.659 Y-23.126 Z2.600 F3818 A294.46585; Inset 
G1 X16.692 Y-22.958 Z2.600 F3818 A294.50017; Inset 
G1 X17.251 Y-16.533 Z2.600 F3818 A294.72565; Inset 
G1 X17.238 Y-15.859 Z2.600 F3818 A294.74922; Inset 
G1 X17.113 Y-15.217 Z2.600 F3818 A294.77208; Inset 
G1 X16.903 Y-14.651 Z2.600 F3818 A294.79317; Inset 
G1 X16.579 Y-14.083 Z2.600 F3818 A294.81603; Inset 
G1 X16.164 Y-13.578 Z2.600 F3818 A294.83889; Inset 
G1 X15.669 Y-13.150 Z2.600 F3818 A294.86175; Inset 
G1 X15.110 Y-12.812 Z2.600 F3818 A294.88462; Inset 
G1 X14.501 Y-12.574 Z2.600 F3818 A294.90748; Inset 
G1 X13.860 Y-12.442 Z2.600 F3818 A294.93034; Inset 
G1 X13.206 Y-12.421 Z2.600 F3818 A294.95320; Inset 
G1 X12.559 Y-12.510 Z2.600 F3818 A294.97606; Inset 
G1 X11.935 Y-12.707 Z2.600 F3818 A294.99892; Inset 
G1 X11.354 Y-13.007 Z2.600 F3818 A295.02179; Inset 
G1 X10.794 Y-13.435 Z2.600 F3818 A295.04642; Inset 
G1 X10.353 Y-13.917 Z2.600 F3818 A295.06929; Inset 
G1 X9.999 Y-14.467 Z2.600 F3818 A295.09215; Inset 
G1 X9.743 Y-15.069 Z2.600 F3818 A295.11501; Inset 
G1 X9.594 Y-15.697 Z2.600 F3818 A295.13758; Inset 
G1 X9.142 Y-20.894 Z2.600 F3818 A295.31993; Inset 
M73 P35; Update Progress 
G1 X8.048 Y-20.482 Z2.600 F3818 A295.36081; Inset 
G1 X7.904 Y-20.395 Z2.600 F3818 A295.36667; Inset 
G1 X7.904 Y-20.395 Z2.600 F1500 A294.06667; Retract 
G1 X7.904 Y-20.395 Z2.600 F3000; Retract 
G1 X7.643 Y-20.704 Z2.600 F9000; Travel Move 
G1 X7.643 Y-20.704 Z2.600 F1500 A295.36667; Restart 
G1 X7.477 Y-20.511 Z2.600 F1697 A295.37557; Inset 
G1 X7.381 Y-20.275 Z2.600 F1697 A295.38448; Inset 
G1 X7.362 Y-20.011 Z2.600 F1697 A295.39374; Inset 
G1 X8.425 Y-7.784 Z2.600 F1697 A295.82279; Inset 
G1 X8.470 Y-7.520 Z2.600 F1697 A295.83216; Inset 
G1 X8.586 Y-7.510 Z2.600 F1697 A295.83622; Inset 
G1 X9.387 Y-9.789 Z2.600 F1697 A295.92066; Inset 
G1 X19.341 Y-13.561 Z2.600 F1697 A296.29281; Inset 
G1 X19.350 Y-13.706 Z2.600 F1697 A296.29789; Inset 
G1 X18.559 Y-22.799 Z2.600 F1697 A296.61697; Inset 
G1 X18.537 Y-22.929 Z2.600 F1697 A296.62157; Inset 
G1 X18.424 Y-23.184 Z2.600 F1697 A296.63134; Inset 
G1 X18.352 Y-23.275 Z2.600 F1697 A296.63537; Inset 
G1 X18.138 Y-23.440 Z2.600 F1697 A296.64484; Inset 
G1 X17.888 Y-23.525 Z2.600 F1697 A296.65405; Inset 
G1 X17.626 Y-23.526 Z2.600 F1697 A296.66323; Inset 
G1 X16.262 Y-23.290 Z2.600 F1697 A296.71164; Inset 
G1 X16.852 Y-16.503 Z2.600 F1697 A296.94979; Inset 
G1 X16.843 Y-15.924 Z2.600 F1697 A296.97004; Inset 
G1 X16.735 Y-15.348 Z2.600 F1697 A296.99053; Inset 
G1 X16.531 Y-14.798 Z2.600 F1697 A297.01102; Inset 
G1 X16.238 Y-14.291 Z2.600 F1697 A297.03152; Inset 
G1 X15.862 Y-13.841 Z2.600 F1697 A297.05201; Inset 
G1 X15.416 Y-13.460 Z2.600 F1697 A297.07250; Inset 
G1 X14.912 Y-13.161 Z2.600 F1697 A297.09299; Inset 
G1 X14.365 Y-12.951 Z2.600 F1697 A297.11349; Inset 
G1 X13.790 Y-12.836 Z2.600 F1697 A297.13398; Inset 
G1 X13.204 Y-12.821 Z2.600 F1697 A297.15447; Inset 
G1 X12.624 Y-12.904 Z2.600 F1697 A297.17497; Inset 
G1 X12.066 Y-13.085 Z2.600 F1697 A297.19546; Inset 
G1 X11.547 Y-13.357 Z2.600 F1697 A297.21595; Inset 
G1 X11.082 Y-13.713 Z2.600 F1697 A297.23644; Inset 
G1 X10.683 Y-14.143 Z2.600 F1697 A297.25694; Inset 
G1 X10.363 Y-14.634 Z2.600 F1697 A297.27743; Inset 
G1 X10.130 Y-15.172 Z2.600 F1697 A297.29792; Inset 
G1 X9.992 Y-15.740 Z2.600 F1697 A297.31835; Inset 
G1 X9.495 Y-21.454 Z2.600 F1697 A297.51887; Inset 
G1 X7.873 Y-20.843 Z2.600 F1697 A297.57947; Inset 
G1 X7.643 Y-20.704 Z2.600 F1697 A297.58887; Inset 
G1 X7.643 Y-20.704 Z2.600 F1500 A296.28887; Retract 
G1 X7.643 Y-20.704 Z2.600 F3000; Retract 
G1 X8.505 Y-19.913 Z2.600 F9000; Travel Move 
G1 X8.505 Y-19.913 Z2.600 F1500 A297.58887; Restart 
G1 X8.542 Y-19.876 Z2.600 F3818 A297.59071; Infill 
G1 X8.510 Y-19.348 Z2.600 F3818 A297.60919; Connection 
G1 X8.596 Y-19.262 Z2.600 F3818 A297.61343; Infill 
G1 X8.563 Y-18.735 Z2.600 F3818 A297.63191; Connection 
G1 X8.649 Y-18.649 Z2.600 F3818 A297.63616; Infill 
G1 X8.617 Y-18.121 Z2.600 F3818 A297.65463; Connection 
G1 X8.702 Y-18.035 Z2.600 F3818 A297.65888; Infill 
G1 X8.670 Y-17.508 Z2.600 F3818 A297.67736; Connection 
G1 X8.756 Y-17.422 Z2.600 F3818 A297.68160; Infill 
G1 X8.723 Y-16.895 Z2.600 F3818 A297.70008; Connection 
G1 X8.809 Y-16.809 Z2.600 F3818 A297.70432; Infill 
G1 X8.777 Y-16.281 Z2.600 F3818 A297.72280; Connection 
G1 X8.862 Y-16.195 Z2.600 F3818 A297.72704; Infill 
G1 X8.830 Y-15.668 Z2.600 F3818 A297.74552; Connection 
G1 X8.920 Y-15.578 Z2.600 F3818 A297.74995; Infill 
G1 X8.883 Y-15.054 Z2.600 F3818 A297.76830; Connection 
G1 X9.098 Y-14.839 Z2.600 F3818 A297.77894; Infill 
G1 X8.937 Y-14.441 Z2.600 F3818 A297.79397; Connection 
G1 X9.678 Y-13.700 Z2.600 F3818 A297.83062; Infill 
G1 X8.990 Y-13.828 Z2.600 F3818 A297.85508; Connection 
G1 X11.186 Y-11.632 Z2.600 F3818 A297.96363; Infill 
G1 X10.779 Y-11.478 Z2.600 F3818 A297.97881; Connection 
G1 X9.043 Y-13.214 Z2.600 F3818 A298.06465; Infill 
G1 X9.097 Y-12.601 Z2.600 F3818 A298.08618; Connection 
G1 X10.373 Y-11.324 Z2.600 F3818 A298.14930; Infill 
G1 X9.967 Y-11.170 Z2.600 F3818 A298.16448; Connection 
G1 X9.150 Y-11.988 Z2.600 F3818 A298.20488; Infill 
G1 X9.203 Y-11.374 Z2.600 F3818 A298.22641; Connection 
G1 X9.561 Y-11.016 Z2.600 F3818 A298.24409; Infill 
G1 X10.866 Y-12.512 Z2.600 F3818 A298.31347; Connection 
G1 X11.592 Y-11.786 Z2.600 F3818 A298.34935; Infill 
G1 X11.954 Y-11.984 Z2.600 F3818 A298.36378; Connection 
G1 X11.998 Y-11.940 Z2.600 F3818 A298.36595; Infill 
G1 X11.998 Y-11.940 Z2.600 F1500 A297.06595; Retract 
G1 X11.998 Y-11.940 Z2.600 F3000; Retract 
G1 X17.490 Y-14.288 Z2.600 F9000; Travel Move 
G1 X17.490 Y-14.288 Z2.600 F1500 A298.36595; Restart 
G1 X17.684 Y-14.094 Z2.600 F3818 A298.37552; Infill 
G1 X18.090 Y-14.248 Z2.600 F3818 A298.39070; Connection 
G1 X17.647 Y-14.692 Z2.600 F3818 A298.41262; Infill 
G1 X17.788 Y-15.110 Z2.600 F3818 A298.42807; Connection 
G1 X18.171 Y-14.727 Z2.600 F3818 A298.44700; Infill 
G1 X18.118 Y-15.341 Z2.600 F3818 A298.46852; Connection 
G1 X17.876 Y-15.582 Z2.600 F3818 A298.48044; Infill 
G1 X18.064 Y-15.954 Z2.600 F3818 A298.49502; Connection 
G1 X17.931 Y-16.087 Z2.600 F3818 A298.50162; Infill 
G1 X18.011 Y-16.567 Z2.600 F3818 A298.51863; Connection 
G1 X17.929 Y-16.649 Z2.600 F3818 A298.52267; Infill 
G1 X17.957 Y-17.181 Z2.600 F3818 A298.54128; Connection 
G1 X17.876 Y-17.262 Z2.600 F3818 A298.54532; Infill 
G1 X17.904 Y-17.794 Z2.600 F3818 A298.56393; Connection 
G1 X17.822 Y-17.876 Z2.600 F3818 A298.56797; Infill 
G1 X17.851 Y-18.408 Z2.600 F3818 A298.58659; Connection 
G1 X17.769 Y-18.489 Z2.600 F3818 A298.59063; Infill 
G1 X17.797 Y-19.021 Z2.600 F3818 A298.60924; Connection 
G1 X17.716 Y-19.103 Z2.600 F3818 A298.61328; Infill 
G1 X17.744 Y-19.634 Z2.600 F3818 A298.63189; Connection 
G1 X17.662 Y-19.716 Z2.600 F3818 A298.63593; Infill 
G1 X17.691 Y-20.248 Z2.600 F3818 A298.65455; Connection 
G1 X17.609 Y-20.329 Z2.600 F3818 A298.65859; Infill 
G1 X17.637 Y-20.861 Z2.600 F3818 A298.67720; Connection 
G1 X17.556 Y-20.943 Z2.600 F3818 A298.68124; Infill 
G1 X17.584 Y-21.474 Z2.600 F3818 A298.69985; Connection 
G1 X17.502 Y-21.556 Z2.600 F3818 A298.70389; Infill 
G1 X17.531 Y-22.088 Z2.600 F3818 A298.72250; Connection 
G1 X17.449 Y-22.169 Z2.600 F3818 A298.72654; Infill 
; Chunk 26 
; Lower Position  2.6 
; Upper Position  2.8 
; Thickness       0.2 
; Width           0.4 
G1 X17.449 Y-22.169 Z2.600 F1500 A297.42654; Retract 
G1 X17.449 Y-22.169 Z2.600 F3000; Retract 
G1 X17.449 Y-22.169 Z2.800 F1380; Travel Move 
G1 X17.122 Y-22.627 Z2.800 F9000; Travel Move 
G1 X17.122 Y-22.627 Z2.800 F1500 A298.72654; Restart 
G1 X17.650 Y-16.557 Z2.800 F3903 A298.93953; Inset 
G1 X17.642 Y-15.886 Z2.800 F3903 A298.96299; Inset 
G1 X17.494 Y-15.094 Z2.800 F3903 A298.99119; Inset 
G1 X17.236 Y-14.419 Z2.800 F3903 A299.01642; Inset 
G1 X16.917 Y-13.868 Z2.800 F3903 A299.03869; Inset 
G1 X16.480 Y-13.332 Z2.800 F3903 A299.06286; Inset 
G1 X18.512 Y-14.102 Z2.800 F3903 A299.13883; Inset 
G1 X17.765 Y-22.696 Z2.800 F3903 A299.44039; Inset 
G1 X17.752 Y-22.725 Z2.800 F3903 A299.44152; Inset 
G1 X17.122 Y-22.627 Z2.800 F3903 A299.46380; Inset 
G1 X17.122 Y-22.627 Z2.800 F1500 A298.16380; Retract 
G1 X17.122 Y-22.627 Z2.800 F3000; Retract 
G1 X8.170 Y-20.088 Z2.800 F9000; Travel Move 
G1 X8.170 Y-20.088 Z2.800 F1500 A299.46380; Restart 
G1 X8.165 Y-20.017 Z2.800 F3903 A299.46627; Inset 
G1 X8.993 Y-10.495 Z2.800 F3903 A299.80042; Inset 
G1 X13.054 Y-12.034 Z2.800 F3903 A299.95224; Inset 
G1 X12.402 Y-12.135 Z2.800 F3903 A299.97530; Inset 
G1 X11.717 Y-12.365 Z2.800 F3903 A300.00054; Inset 
G1 X11.082 Y-12.706 Z2.800 F3903 A300.02577; Inset 
G1 X10.513 Y-13.150 Z2.800 F3903 A300.05101; Inset 
G1 X10.027 Y-13.684 Z2.800 F3903 A300.07624; Inset 
G1 X9.639 Y-14.293 Z2.800 F3903 A300.10148; Inset 
G1 X9.359 Y-14.958 Z2.800 F3903 A300.12671; Inset 
G1 X9.197 Y-15.648 Z2.800 F3903 A300.15147; Inset 
G1 X8.790 Y-20.333 Z2.800 F3903 A300.31590; Inset 
G1 X8.170 Y-20.088 Z2.800 F3903 A300.33921; Inset 
G1 X8.170 Y-20.088 Z2.800 F1500 A299.03921; Retract 
G1 X8.170 Y-20.088 Z2.800 F3000; Retract 
G1 X7.904 Y-20.395 Z2.800 F9000; Travel Move 
G1 X7.904 Y-20.395 Z2.800 F1500 A300.33921; Restart 
G1 X7.823 Y-20.300 Z2.800 F3903 A300.34359; Inset 
G1 X7.775 Y-20.183 Z2.800 F3903 A300.34800; Inset 
G1 X7.763 Y-20.014 Z2.800 F3903 A300.35392; Inset 
G1 X8.714 Y-9.081 Z2.800 F3903 A300.73758; Inset 
G1 X9.023 Y-9.959 Z2.800 F3903 A300.77013; Inset 
G1 X9.208 Y-10.149 Z2.800 F3903 A300.77941; Inset 
G1 X18.937 Y-13.835 Z2.800 F3903 A301.14312; Inset 
G1 X18.162 Y-22.747 Z2.800 F3903 A301.45586; Inset 
G1 X18.078 Y-22.976 Z2.800 F3903 A301.46438; Inset 
G1 X17.946 Y-23.083 Z2.800 F3903 A301.47030; Inset 
G1 X17.822 Y-23.125 Z2.800 F3903 A301.47490; Inset 
M73 P36; Update Progress 
G1 X17.659 Y-23.126 Z2.800 F3903 A301.48058; Inset 
G1 X16.692 Y-22.958 Z2.800 F3903 A301.51490; Inset 
G1 X17.251 Y-16.533 Z2.800 F3903 A301.74038; Inset 
G1 X17.238 Y-15.859 Z2.800 F3903 A301.76395; Inset 
G1 X17.113 Y-15.217 Z2.800 F3903 A301.78682; Inset 
G1 X16.903 Y-14.651 Z2.800 F3903 A301.80790; Inset 
G1 X16.579 Y-14.083 Z2.800 F3903 A301.83076; Inset 
G1 X16.164 Y-13.578 Z2.800 F3903 A301.85362; Inset 
G1 X15.669 Y-13.150 Z2.800 F3903 A301.87648; Inset 
G1 X15.110 Y-12.812 Z2.800 F3903 A301.89935; Inset 
G1 X14.501 Y-12.574 Z2.800 F3903 A301.92221; Inset 
G1 X13.860 Y-12.442 Z2.800 F3903 A301.94507; Inset 
G1 X13.206 Y-12.421 Z2.800 F3903 A301.96793; Inset 
G1 X12.559 Y-12.510 Z2.800 F3903 A301.99079; Inset 
G1 X11.935 Y-12.707 Z2.800 F3903 A302.01365; Inset 
G1 X11.354 Y-13.007 Z2.800 F3903 A302.03652; Inset 
G1 X10.794 Y-13.435 Z2.800 F3903 A302.06115; Inset 
G1 X10.353 Y-13.917 Z2.800 F3903 A302.08402; Inset 
G1 X9.999 Y-14.467 Z2.800 F3903 A302.10688; Inset 
G1 X9.743 Y-15.069 Z2.800 F3903 A302.12974; Inset 
G1 X9.594 Y-15.697 Z2.800 F3903 A302.15231; Inset 
G1 X9.142 Y-20.894 Z2.800 F3903 A302.33466; Inset 
G1 X8.048 Y-20.482 Z2.800 F3903 A302.37554; Inset 
G1 X7.904 Y-20.395 Z2.800 F3903 A302.38140; Inset 
G1 X7.904 Y-20.395 Z2.800 F1500 A301.08140; Retract 
G1 X7.904 Y-20.395 Z2.800 F3000; Retract 
G1 X7.643 Y-20.704 Z2.800 F9000; Travel Move 
G1 X7.643 Y-20.704 Z2.800 F1500 A302.38140; Restart 
G1 X7.477 Y-20.511 Z2.800 F1735 A302.39030; Inset 
G1 X7.381 Y-20.275 Z2.800 F1735 A302.39921; Inset 
G1 X7.362 Y-20.011 Z2.800 F1735 A302.40847; Inset 
G1 X8.425 Y-7.784 Z2.800 F1735 A302.83752; Inset 
G1 X8.470 Y-7.520 Z2.800 F1735 A302.84689; Inset 
G1 X8.586 Y-7.510 Z2.800 F1735 A302.85095; Inset 
G1 X9.387 Y-9.789 Z2.800 F1735 A302.93540; Inset 
G1 X19.341 Y-13.561 Z2.800 F1735 A303.30754; Inset 
G1 X19.350 Y-13.706 Z2.800 F1735 A303.31262; Inset 
G1 X18.559 Y-22.799 Z2.800 F1735 A303.63170; Inset 
G1 X18.537 Y-22.929 Z2.800 F1735 A303.63631; Inset 
G1 X18.424 Y-23.184 Z2.800 F1735 A303.64607; Inset 
G1 X18.352 Y-23.275 Z2.800 F1735 A303.65011; Inset 
G1 X18.138 Y-23.440 Z2.800 F1735 A303.65957; Inset 
G1 X17.888 Y-23.525 Z2.800 F1735 A303.66878; Inset 
G1 X17.626 Y-23.526 Z2.800 F1735 A303.67796; Inset 
G1 X16.262 Y-23.290 Z2.800 F1735 A303.72637; Inset 
G1 X16.852 Y-16.503 Z2.800 F1735 A303.96452; Inset 
G1 X16.843 Y-15.924 Z2.800 F1735 A303.98477; Inset 
G1 X16.735 Y-15.348 Z2.800 F1735 A304.00526; Inset 
G1 X16.531 Y-14.798 Z2.800 F1735 A304.02576; Inset 
G1 X16.238 Y-14.291 Z2.800 F1735 A304.04625; Inset 
G1 X15.862 Y-13.841 Z2.800 F1735 A304.06674; Inset 
G1 X15.416 Y-13.460 Z2.800 F1735 A304.08724; Inset 
G1 X14.912 Y-13.161 Z2.800 F1735 A304.10773; Inset 
G1 X14.365 Y-12.951 Z2.800 F1735 A304.12822; Inset 
G1 X13.790 Y-12.836 Z2.800 F1735 A304.14872; Inset 
G1 X13.204 Y-12.821 Z2.800 F1735 A304.16920; Inset 
G1 X12.624 Y-12.904 Z2.800 F1735 A304.18970; Inset 
G1 X12.066 Y-13.085 Z2.800 F1735 A304.21019; Inset 
G1 X11.547 Y-13.357 Z2.800 F1735 A304.23068; Inset 
G1 X11.082 Y-13.713 Z2.800 F1735 A304.25118; Inset 
G1 X10.683 Y-14.143 Z2.800 F1735 A304.27167; Inset 
G1 X10.363 Y-14.634 Z2.800 F1735 A304.29216; Inset 
G1 X10.130 Y-15.172 Z2.800 F1735 A304.31265; Inset 
G1 X9.992 Y-15.740 Z2.800 F1735 A304.33308; Inset 
G1 X9.495 Y-21.454 Z2.800 F1735 A304.53360; Inset 
G1 X7.873 Y-20.843 Z2.800 F1735 A304.59420; Inset 
G1 X7.643 Y-20.704 Z2.800 F1735 A304.60360; Inset 
G1 X7.643 Y-20.704 Z2.800 F1500 A303.30360; Retract 
G1 X7.643 Y-20.704 Z2.800 F3000; Retract 
G1 X8.549 Y-19.795 Z2.800 F9000; Travel Move 
G1 X8.549 Y-19.795 Z2.800 F1500 A304.60360; Restart 
G1 X8.477 Y-19.723 Z2.800 F3903 A304.60716; Infill 
G1 X8.594 Y-19.280 Z2.800 F3903 A304.62318; Connection 
G1 X8.522 Y-19.208 Z2.800 F3903 A304.62674; Infill 
G1 X8.639 Y-18.764 Z2.800 F3903 A304.64277; Connection 
G1 X8.567 Y-18.692 Z2.800 F3903 A304.64633; Infill 
G1 X8.684 Y-18.249 Z2.800 F3903 A304.66235; Connection 
G1 X8.612 Y-18.177 Z2.800 F3903 A304.66591; Infill 
G1 X8.729 Y-17.734 Z2.800 F3903 A304.68194; Connection 
G1 X8.656 Y-17.662 Z2.800 F3903 A304.68550; Infill 
G1 X8.773 Y-17.219 Z2.800 F3903 A304.70152; Connection 
G1 X8.701 Y-17.147 Z2.800 F3903 A304.70508; Infill 
G1 X8.818 Y-16.704 Z2.800 F3903 A304.72110; Connection 
G1 X8.746 Y-16.632 Z2.800 F3903 A304.72467; Infill 
G1 X8.863 Y-16.188 Z2.800 F3903 A304.74069; Connection 
G1 X8.791 Y-16.116 Z2.800 F3903 A304.74425; Infill 
G1 X8.908 Y-15.673 Z2.800 F3903 A304.76027; Connection 
G1 X8.836 Y-15.601 Z2.800 F3903 A304.76384; Infill 
G1 X9.006 Y-15.211 Z2.800 F3903 A304.77871; Connection 
G1 X8.881 Y-15.086 Z2.800 F3903 A304.78490; Infill 
G1 X9.127 Y-14.772 Z2.800 F3903 A304.79884; Connection 
G1 X8.925 Y-14.571 Z2.800 F3903 A304.80880; Infill 
G1 X9.293 Y-14.378 Z2.800 F3903 A304.82330; Connection 
G1 X8.970 Y-14.055 Z2.800 F3903 A304.83924; Infill 
G1 X9.482 Y-14.007 Z2.800 F3903 A304.85720; Connection 
G1 X9.015 Y-13.540 Z2.800 F3903 A304.88028; Infill 
G1 X9.060 Y-13.025 Z2.800 F3903 A304.89836; Connection 
G1 X9.700 Y-13.665 Z2.800 F3903 A304.93001; Infill 
G1 X9.945 Y-13.350 Z2.800 F3903 A304.94396; Connection 
G1 X9.105 Y-12.510 Z2.800 F3903 A304.98550; Infill 
G1 X9.149 Y-11.995 Z2.800 F3903 A305.00358; Connection 
G1 X10.211 Y-13.057 Z2.800 F3903 A305.05608; Infill 
G1 X10.507 Y-12.792 Z2.800 F3903 A305.06995; Connection 
G1 X9.194 Y-11.479 Z2.800 F3903 A305.13485; Infill 
G1 X9.239 Y-10.964 Z2.800 F3903 A305.15293; Connection 
G1 X10.821 Y-12.546 Z2.800 F3903 A305.23116; Infill 
G1 X11.169 Y-12.334 Z2.800 F3903 A305.24540; Connection 
G1 X10.028 Y-11.194 Z2.800 F3903 A305.30181; Infill 
G1 X10.930 Y-11.535 Z2.800 F3903 A305.33552; Connection 
G1 X11.534 Y-12.139 Z2.800 F3903 A305.36535; Infill 
G1 X11.832 Y-11.877 Z2.800 F3903 A305.37922; Connection 
G1 X11.943 Y-11.988 Z2.800 F3903 A305.38470; Infill 
G1 X11.943 Y-11.988 Z2.800 F1500 A304.08470; Retract 
G1 X11.943 Y-11.988 Z2.800 F3000; Retract 
G1 X17.336 Y-14.021 Z2.800 F9000; Travel Move 
G1 X17.336 Y-14.021 Z2.800 F1500 A305.38470; Restart 
G1 X18.161 Y-14.845 Z2.800 F3903 A305.42545; Infill 
G1 X17.769 Y-15.013 Z2.800 F3903 A305.44036; Connection 
G1 X18.116 Y-15.361 Z2.800 F3903 A305.45752; Infill 
G1 X17.899 Y-15.704 Z2.800 F3903 A305.47172; Connection 
G1 X18.071 Y-15.876 Z2.800 F3903 A305.48021; Infill 
G1 X17.933 Y-16.298 Z2.800 F3903 A305.49573; Connection 
G1 X18.026 Y-16.391 Z2.800 F3903 A305.50033; Infill 
G1 X17.913 Y-16.838 Z2.800 F3903 A305.51644; Connection 
G1 X17.981 Y-16.906 Z2.800 F3903 A305.51983; Infill 
G1 X17.868 Y-17.353 Z2.800 F3903 A305.53594; Connection 
G1 X17.937 Y-17.422 Z2.800 F3903 A305.53934; Infill 
G1 X17.823 Y-17.868 Z2.800 F3903 A305.55544; Connection 
G1 X17.892 Y-17.937 Z2.800 F3903 A305.55884; Infill 
G1 X17.778 Y-18.383 Z2.800 F3903 A305.57495; Connection 
G1 X17.847 Y-18.452 Z2.800 F3903 A305.57834; Infill 
G1 X17.733 Y-18.899 Z2.800 F3903 A305.59445; Connection 
G1 X17.802 Y-18.967 Z2.800 F3903 A305.59784; Infill 
G1 X17.689 Y-19.414 Z2.800 F3903 A305.61395; Connection 
G1 X17.757 Y-19.482 Z2.800 F3903 A305.61734; Infill 
G1 X17.644 Y-19.929 Z2.800 F3903 A305.63345; Connection 
G1 X17.713 Y-19.998 Z2.800 F3903 A305.63685; Infill 
G1 X17.599 Y-20.444 Z2.800 F3903 A305.65295; Connection 
G1 X17.668 Y-20.513 Z2.800 F3903 A305.65635; Infill 
G1 X17.554 Y-20.959 Z2.800 F3903 A305.67246; Connection 
G1 X17.623 Y-21.028 Z2.800 F3903 A305.67585; Infill 
G1 X17.509 Y-21.475 Z2.800 F3903 A305.69196; Connection 
G1 X17.578 Y-21.543 Z2.800 F3903 A305.69535; Infill 
G1 X17.465 Y-21.990 Z2.800 F3903 A305.71146; Connection 
G1 X17.533 Y-22.059 Z2.800 F3903 A305.71485; Infill 
G1 X18.205 Y-14.330 Z2.800 F3903 A305.98605; Connection 
G1 X18.144 Y-14.268 Z2.800 F3903 A305.98911; Infill 
; Chunk 27 
; Lower Position  2.6 
; Upper Position  2.8 
; Thickness       0.2 
; Width           0.4 
G1 X18.144 Y-14.268 Z2.800 F1500 A304.68911; Retract 
G1 X18.144 Y-14.268 Z2.800 F3000; Retract 
G1 X18.632 Y-12.284 Z2.800 F9000; Travel Move 
G1 X18.632 Y-12.284 Z2.800 F1500 A305.98911; Restart 
G1 X18.632 Y-5.622 Z2.800 F3903 A306.22203; Support 
G1 X16.652 Y-3.594 Z2.800 F6505; Leaky Travel Move 
G1 X16.652 Y-11.293 Z2.800 F3903 A306.49118; Support 
G1 X14.672 Y-10.302 Z2.800 F6505; Leaky Travel Move 
G1 X14.672 Y-3.351 Z2.800 F3903 A306.73420; Support 
G1 X12.692 Y-4.029 Z2.800 F6505; Leaky Travel Move 
G1 X12.692 Y-9.311 Z2.800 F3903 A306.91888; Support 
G1 X10.712 Y-8.320 Z2.800 F6505; Leaky Travel Move 
G1 X10.712 Y-4.707 Z2.800 F3903 A307.04520; Support 
G1 X8.732 Y-5.609 Z2.800 F6505; Leaky Travel Move 
G1 X8.732 Y-6.356 Z2.800 F3903 A307.07131; Support 
; Chunk 28 
; Lower Position  2.8 
; Upper Position  3 
; Thickness       0.2 
; Width           0.4 
G1 X8.732 Y-6.356 Z2.800 F1500 A305.77131; Retract 
G1 X8.732 Y-6.356 Z2.800 F3000; Retract 
G1 X8.732 Y-6.356 Z3.000 F1380; Travel Move 
G1 X8.732 Y-6.356 Z3.000 F1500 A307.07131; Restart 
G1 X8.732 Y-5.609 Z3.000 F3818 A307.09742; Support 
G1 X10.712 Y-4.707 Z3.000 F6363; Leaky Travel Move 
G1 X10.712 Y-8.320 Z3.000 F3818 A307.22374; Support 
G1 X12.692 Y-9.311 Z3.000 F6363; Leaky Travel Move 
G1 X12.692 Y-4.029 Z3.000 F3818 A307.40841; Support 
G1 X14.672 Y-3.351 Z3.000 F6363; Leaky Travel Move 
G1 X14.672 Y-10.302 Z3.000 F3818 A307.65144; Support 
M73 P37; Update Progress 
G1 X16.652 Y-11.293 Z3.000 F6363; Leaky Travel Move 
G1 X16.652 Y-3.594 Z3.000 F3818 A307.92059; Support 
G1 X18.632 Y-5.622 Z3.000 F6363; Leaky Travel Move 
G1 X18.632 Y-12.284 Z3.000 F3818 A308.15350; Support 
; Chunk 29 
; Lower Position  2.8 
; Upper Position  3 
; Thickness       0.2 
; Width           0.4 
G1 X18.632 Y-12.284 Z3.000 F1500 A306.85350; Retract 
G1 X18.632 Y-12.284 Z3.000 F3000; Retract 
G1 X17.122 Y-22.627 Z3.000 F9000; Travel Move 
G1 X17.122 Y-22.627 Z3.000 F1500 A308.15350; Restart 
G1 X17.650 Y-16.557 Z3.000 F3818 A308.36649; Inset 
G1 X17.642 Y-15.886 Z3.000 F3818 A308.38995; Inset 
G1 X17.494 Y-15.094 Z3.000 F3818 A308.41814; Inset 
G1 X17.236 Y-14.419 Z3.000 F3818 A308.44338; Inset 
G1 X16.917 Y-13.868 Z3.000 F3818 A308.46565; Inset 
G1 X16.480 Y-13.332 Z3.000 F3818 A308.48982; Inset 
G1 X18.512 Y-14.102 Z3.000 F3818 A308.56579; Inset 
G1 X17.765 Y-22.696 Z3.000 F3818 A308.86735; Inset 
G1 X17.752 Y-22.725 Z3.000 F3818 A308.86848; Inset 
G1 X17.122 Y-22.627 Z3.000 F3818 A308.89076; Inset 
G1 X17.122 Y-22.627 Z3.000 F1500 A307.59076; Retract 
G1 X17.122 Y-22.627 Z3.000 F3000; Retract 
G1 X8.170 Y-20.088 Z3.000 F9000; Travel Move 
G1 X8.170 Y-20.088 Z3.000 F1500 A308.89076; Restart 
G1 X8.165 Y-20.017 Z3.000 F3818 A308.89323; Inset 
G1 X8.993 Y-10.495 Z3.000 F3818 A309.22737; Inset 
G1 X13.054 Y-12.034 Z3.000 F3818 A309.37920; Inset 
G1 X12.402 Y-12.135 Z3.000 F3818 A309.40226; Inset 
G1 X11.717 Y-12.365 Z3.000 F3818 A309.42749; Inset 
G1 X11.082 Y-12.706 Z3.000 F3818 A309.45273; Inset 
G1 X10.513 Y-13.150 Z3.000 F3818 A309.47796; Inset 
G1 X10.027 Y-13.684 Z3.000 F3818 A309.50320; Inset 
G1 X9.639 Y-14.293 Z3.000 F3818 A309.52844; Inset 
G1 X9.359 Y-14.958 Z3.000 F3818 A309.55367; Inset 
G1 X9.197 Y-15.648 Z3.000 F3818 A309.57843; Inset 
G1 X8.790 Y-20.333 Z3.000 F3818 A309.74286; Inset 
G1 X8.170 Y-20.088 Z3.000 F3818 A309.76617; Inset 
G1 X8.170 Y-20.088 Z3.000 F1500 A308.46617; Retract 
G1 X8.170 Y-20.088 Z3.000 F3000; Retract 
G1 X7.904 Y-20.395 Z3.000 F9000; Travel Move 
G1 X7.904 Y-20.395 Z3.000 F1500 A309.76617; Restart 
G1 X7.823 Y-20.300 Z3.000 F3818 A309.77054; Inset 
G1 X7.775 Y-20.183 Z3.000 F3818 A309.77495; Inset 
G1 X7.763 Y-20.014 Z3.000 F3818 A309.78089; Inset 
G1 X8.714 Y-9.081 Z3.000 F3818 A310.16454; Inset 
G1 X9.023 Y-9.959 Z3.000 F3818 A310.19709; Inset 
G1 X9.208 Y-10.149 Z3.000 F3818 A310.20637; Inset 
G1 X18.937 Y-13.835 Z3.000 F3818 A310.57008; Inset 
G1 X18.162 Y-22.747 Z3.000 F3818 A310.88282; Inset 
G1 X18.078 Y-22.976 Z3.000 F3818 A310.89134; Inset 
G1 X17.946 Y-23.083 Z3.000 F3818 A310.89726; Inset 
G1 X17.822 Y-23.125 Z3.000 F3818 A310.90186; Inset 
G1 X17.659 Y-23.126 Z3.000 F3818 A310.90754; Inset 
G1 X16.692 Y-22.958 Z3.000 F3818 A310.94186; Inset 
G1 X17.251 Y-16.533 Z3.000 F3818 A311.16734; Inset 
G1 X17.238 Y-15.859 Z3.000 F3818 A311.19091; Inset 
G1 X17.113 Y-15.217 Z3.000 F3818 A311.21378; Inset 
G1 X16.903 Y-14.651 Z3.000 F3818 A311.23486; Inset 
G1 X16.579 Y-14.083 Z3.000 F3818 A311.25772; Inset 
G1 X16.164 Y-13.578 Z3.000 F3818 A311.28058; Inset 
G1 X15.669 Y-13.150 Z3.000 F3818 A311.30344; Inset 
G1 X15.110 Y-12.812 Z3.000 F3818 A311.32631; Inset 
G1 X14.501 Y-12.574 Z3.000 F3818 A311.34917; Inset 
G1 X13.860 Y-12.442 Z3.000 F3818 A311.37203; Inset 
G1 X13.206 Y-12.421 Z3.000 F3818 A311.39489; Inset 
G1 X12.559 Y-12.510 Z3.000 F3818 A311.41775; Inset 
G1 X11.935 Y-12.707 Z3.000 F3818 A311.44061; Inset 
G1 X11.354 Y-13.007 Z3.000 F3818 A311.46348; Inset 
G1 X10.794 Y-13.435 Z3.000 F3818 A311.48811; Inset 
G1 X10.353 Y-13.917 Z3.000 F3818 A311.51098; Inset 
G1 X9.999 Y-14.467 Z3.000 F3818 A311.53384; Inset 
G1 X9.743 Y-15.069 Z3.000 F3818 A311.55670; Inset 
G1 X9.594 Y-15.697 Z3.000 F3818 A311.57927; Inset 
G1 X9.142 Y-20.894 Z3.000 F3818 A311.76162; Inset 
G1 X8.048 Y-20.482 Z3.000 F3818 A311.80250; Inset 
G1 X7.904 Y-20.395 Z3.000 F3818 A311.80835; Inset 
G1 X7.904 Y-20.395 Z3.000 F1500 A310.50835; Retract 
G1 X7.904 Y-20.395 Z3.000 F3000; Retract 
G1 X7.643 Y-20.704 Z3.000 F9000; Travel Move 
G1 X7.643 Y-20.704 Z3.000 F1500 A311.80835; Restart 
G1 X7.477 Y-20.511 Z3.000 F1697 A311.81725; Inset 
G1 X7.381 Y-20.275 Z3.000 F1697 A311.82616; Inset 
G1 X7.362 Y-20.011 Z3.000 F1697 A311.83543; Inset 
G1 X8.425 Y-7.784 Z3.000 F1697 A312.26448; Inset 
G1 X8.470 Y-7.520 Z3.000 F1697 A312.27385; Inset 
G1 X8.586 Y-7.510 Z3.000 F1697 A312.27791; Inset 
G1 X9.387 Y-9.789 Z3.000 F1697 A312.36236; Inset 
G1 X19.341 Y-13.561 Z3.000 F1697 A312.73450; Inset 
G1 X19.350 Y-13.706 Z3.000 F1697 A312.73958; Inset 
G1 X18.559 Y-22.799 Z3.000 F1697 A313.05866; Inset 
G1 X18.537 Y-22.929 Z3.000 F1697 A313.06327; Inset 
G1 X18.424 Y-23.184 Z3.000 F1697 A313.07303; Inset 
G1 X18.352 Y-23.275 Z3.000 F1697 A313.07707; Inset 
G1 X18.138 Y-23.440 Z3.000 F1697 A313.08653; Inset 
G1 X17.888 Y-23.525 Z3.000 F1697 A313.09574; Inset 
G1 X17.626 Y-23.526 Z3.000 F1697 A313.10492; Inset 
G1 X16.262 Y-23.290 Z3.000 F1697 A313.15333; Inset 
G1 X16.852 Y-16.503 Z3.000 F1697 A313.39148; Inset 
G1 X16.843 Y-15.924 Z3.000 F1697 A313.41173; Inset 
G1 X16.735 Y-15.348 Z3.000 F1697 A313.43222; Inset 
G1 X16.531 Y-14.798 Z3.000 F1697 A313.45272; Inset 
G1 X16.238 Y-14.291 Z3.000 F1697 A313.47321; Inset 
G1 X15.862 Y-13.841 Z3.000 F1697 A313.49370; Inset 
G1 X15.416 Y-13.460 Z3.000 F1697 A313.51420; Inset 
G1 X14.912 Y-13.161 Z3.000 F1697 A313.53469; Inset 
G1 X14.365 Y-12.951 Z3.000 F1697 A313.55518; Inset 
G1 X13.790 Y-12.836 Z3.000 F1697 A313.57568; Inset 
G1 X13.204 Y-12.821 Z3.000 F1697 A313.59616; Inset 
G1 X12.624 Y-12.904 Z3.000 F1697 A313.61666; Inset 
G1 X12.066 Y-13.085 Z3.000 F1697 A313.63715; Inset 
G1 X11.547 Y-13.357 Z3.000 F1697 A313.65764; Inset 
G1 X11.082 Y-13.713 Z3.000 F1697 A313.67814; Inset 
G1 X10.683 Y-14.143 Z3.000 F1697 A313.69863; Inset 
G1 X10.363 Y-14.634 Z3.000 F1697 A313.71912; Inset 
G1 X10.130 Y-15.172 Z3.000 F1697 A313.73961; Inset 
G1 X9.992 Y-15.740 Z3.000 F1697 A313.76004; Inset 
G1 X9.495 Y-21.454 Z3.000 F1697 A313.96056; Inset 
M73 P38; Update Progress 
G1 X7.873 Y-20.843 Z3.000 F1697 A314.02116; Inset 
G1 X7.643 Y-20.704 Z3.000 F1697 A314.03055; Inset 
G1 X7.643 Y-20.704 Z3.000 F1500 A312.73055; Retract 
G1 X7.643 Y-20.704 Z3.000 F3000; Retract 
G1 X8.505 Y-19.913 Z3.000 F9000; Travel Move 
G1 X8.505 Y-19.913 Z3.000 F1500 A314.03055; Restart 
G1 X8.542 Y-19.876 Z3.000 F3818 A314.03240; Infill 
G1 X8.510 Y-19.348 Z3.000 F3818 A314.05088; Connection 
G1 X8.596 Y-19.262 Z3.000 F3818 A314.05512; Infill 
G1 X8.563 Y-18.735 Z3.000 F3818 A314.07360; Connection 
G1 X8.649 Y-18.649 Z3.000 F3818 A314.07784; Infill 
G1 X8.617 Y-18.121 Z3.000 F3818 A314.09632; Connection 
G1 X8.702 Y-18.035 Z3.000 F3818 A314.10056; Infill 
G1 X8.670 Y-17.508 Z3.000 F3818 A314.11904; Connection 
G1 X8.756 Y-17.422 Z3.000 F3818 A314.12328; Infill 
G1 X8.723 Y-16.895 Z3.000 F3818 A314.14176; Connection 
G1 X8.809 Y-16.809 Z3.000 F3818 A314.14600; Infill 
G1 X8.777 Y-16.281 Z3.000 F3818 A314.16448; Connection 
G1 X8.862 Y-16.195 Z3.000 F3818 A314.16873; Infill 
G1 X8.830 Y-15.668 Z3.000 F3818 A314.18720; Connection 
G1 X8.920 Y-15.578 Z3.000 F3818 A314.19164; Infill 
G1 X8.883 Y-15.054 Z3.000 F3818 A314.20999; Connection 
G1 X9.098 Y-14.839 Z3.000 F3818 A314.22063; Infill 
G1 X8.937 Y-14.441 Z3.000 F3818 A314.23566; Connection 
G1 X9.678 Y-13.700 Z3.000 F3818 A314.27230; Infill 
G1 X8.990 Y-13.828 Z3.000 F3818 A314.29676; Connection 
G1 X11.186 Y-11.632 Z3.000 F3818 A314.40532; Infill 
G1 X10.779 Y-11.478 Z3.000 F3818 A314.42050; Connection 
G1 X9.043 Y-13.214 Z3.000 F3818 A314.50634; Infill 
G1 X9.097 Y-12.601 Z3.000 F3818 A314.52786; Connection 
G1 X10.373 Y-11.324 Z3.000 F3818 A314.59098; Infill 
G1 X9.967 Y-11.170 Z3.000 F3818 A314.60617; Connection 
G1 X9.150 Y-11.988 Z3.000 F3818 A314.64657; Infill 
G1 X9.203 Y-11.374 Z3.000 F3818 A314.66809; Connection 
G1 X9.561 Y-11.016 Z3.000 F3818 A314.68578; Infill 
G1 X10.866 Y-12.512 Z3.000 F3818 A314.75516; Connection 
G1 X11.592 Y-11.786 Z3.000 F3818 A314.79104; Infill 
G1 X11.954 Y-11.984 Z3.000 F3818 A314.80547; Connection 
G1 X11.998 Y-11.940 Z3.000 F3818 A314.80764; Infill 
G1 X11.998 Y-11.940 Z3.000 F1500 A313.50764; Retract 
G1 X11.998 Y-11.940 Z3.000 F3000; Retract 
G1 X17.490 Y-14.288 Z3.000 F9000; Travel Move 
G1 X17.490 Y-14.288 Z3.000 F1500 A314.80764; Restart 
G1 X17.684 Y-14.094 Z3.000 F3818 A314.81720; Infill 
G1 X18.090 Y-14.248 Z3.000 F3818 A314.83239; Connection 
G1 X17.647 Y-14.692 Z3.000 F3818 A314.85431; Infill 
G1 X17.788 Y-15.110 Z3.000 F3818 A314.86976; Connection 
G1 X18.171 Y-14.727 Z3.000 F3818 A314.88868; Infill 
G1 X18.118 Y-15.341 Z3.000 F3818 A314.91021; Connection 
G1 X17.876 Y-15.582 Z3.000 F3818 A314.92213; Infill 
G1 X18.064 Y-15.954 Z3.000 F3818 A314.93671; Connection 
G1 X17.931 Y-16.087 Z3.000 F3818 A314.94330; Infill 
G1 X18.011 Y-16.567 Z3.000 F3818 A314.96031; Connection 
G1 X17.929 Y-16.649 Z3.000 F3818 A314.96435; Infill 
G1 X17.957 Y-17.181 Z3.000 F3818 A314.98297; Connection 
G1 X17.876 Y-17.262 Z3.000 F3818 A314.98701; Infill 
G1 X17.904 Y-17.794 Z3.000 F3818 A315.00562; Connection 
G1 X17.822 Y-17.876 Z3.000 F3818 A315.00966; Infill 
G1 X17.851 Y-18.408 Z3.000 F3818 A315.02827; Connection 
G1 X17.769 Y-18.489 Z3.000 F3818 A315.03231; Infill 
G1 X17.797 Y-19.021 Z3.000 F3818 A315.05093; Connection 
G1 X17.716 Y-19.103 Z3.000 F3818 A315.05497; Infill 
G1 X17.744 Y-19.634 Z3.000 F3818 A315.07358; Connection 
G1 X17.662 Y-19.716 Z3.000 F3818 A315.07762; Infill 
G1 X17.691 Y-20.248 Z3.000 F3818 A315.09623; Connection 
G1 X17.609 Y-20.329 Z3.000 F3818 A315.10027; Infill 
G1 X17.637 Y-20.861 Z3.000 F3818 A315.11889; Connection 
G1 X17.556 Y-20.943 Z3.000 F3818 A315.12293; Infill 
G1 X17.584 Y-21.474 Z3.000 F3818 A315.14154; Connection 
G1 X17.502 Y-21.556 Z3.000 F3818 A315.14558; Infill 
G1 X17.531 Y-22.088 Z3.000 F3818 A315.16419; Connection 
G1 X17.449 Y-22.169 Z3.000 F3818 A315.16823; Infill 
; Chunk 30 
; Lower Position  3 
; Upper Position  3.2 
; Thickness       0.2 
; Width           0.4 
G1 X17.449 Y-22.169 Z3.000 F1500 A313.86823; Retract 
G1 X17.449 Y-22.169 Z3.000 F3000; Retract 
G1 X17.449 Y-22.169 Z3.200 F1380; Travel Move 
G1 X17.122 Y-22.627 Z3.200 F9000; Travel Move 
G1 X17.122 Y-22.627 Z3.200 F1500 A315.16823; Restart 
G1 X17.650 Y-16.557 Z3.200 F3903 A315.38122; Inset 
G1 X17.642 Y-15.886 Z3.200 F3903 A315.40468; Inset 
G1 X17.494 Y-15.094 Z3.200 F3903 A315.43287; Inset 
G1 X17.236 Y-14.419 Z3.200 F3903 A315.45811; Inset 
G1 X16.917 Y-13.868 Z3.200 F3903 A315.48038; Inset 
G1 X16.480 Y-13.332 Z3.200 F3903 A315.50455; Inset 
G1 X18.512 Y-14.102 Z3.200 F3903 A315.58052; Inset 
G1 X17.765 Y-22.696 Z3.200 F3903 A315.88208; Inset 
G1 X17.752 Y-22.725 Z3.200 F3903 A315.88321; Inset 
G1 X17.122 Y-22.627 Z3.200 F3903 A315.90549; Inset 
G1 X17.122 Y-22.627 Z3.200 F1500 A314.60549; Retract 
G1 X17.122 Y-22.627 Z3.200 F3000; Retract 
G1 X8.170 Y-20.088 Z3.200 F9000; Travel Move 
G1 X8.170 Y-20.088 Z3.200 F1500 A315.90549; Restart 
G1 X8.165 Y-20.017 Z3.200 F3903 A315.90796; Inset 
G1 X8.993 Y-10.495 Z3.200 F3903 A316.24210; Inset 
G1 X13.054 Y-12.034 Z3.200 F3903 A316.39393; Inset 
G1 X12.402 Y-12.135 Z3.200 F3903 A316.41699; Inset 
G1 X11.717 Y-12.365 Z3.200 F3903 A316.44223; Inset 
G1 X11.082 Y-12.706 Z3.200 F3903 A316.46746; Inset 
G1 X10.513 Y-13.150 Z3.200 F3903 A316.49270; Inset 
G1 X10.027 Y-13.684 Z3.200 F3903 A316.51793; Inset 
G1 X9.639 Y-14.293 Z3.200 F3903 A316.54317; Inset 
G1 X9.359 Y-14.958 Z3.200 F3903 A316.56840; Inset 
G1 X9.197 Y-15.648 Z3.200 F3903 A316.59316; Inset 
G1 X8.790 Y-20.333 Z3.200 F3903 A316.75759; Inset 
G1 X8.170 Y-20.088 Z3.200 F3903 A316.78090; Inset 
G1 X8.170 Y-20.088 Z3.200 F1500 A315.48090; Retract 
G1 X8.170 Y-20.088 Z3.200 F3000; Retract 
G1 X7.905 Y-20.395 Z3.200 F9000; Travel Move 
G1 X7.905 Y-20.395 Z3.200 F1500 A316.78090; Restart 
G1 X7.823 Y-20.300 Z3.200 F3903 A316.78527; Inset 
G1 X7.775 Y-20.183 Z3.200 F3903 A316.78968; Inset 
G1 X7.763 Y-20.014 Z3.200 F3903 A316.79562; Inset 
G1 X8.714 Y-9.081 Z3.200 F3903 A317.17928; Inset 
G1 X9.023 Y-9.959 Z3.200 F3903 A317.21182; Inset 
G1 X9.208 Y-10.149 Z3.200 F3903 A317.22110; Inset 
G1 X18.937 Y-13.835 Z3.200 F3903 A317.58481; Inset 
G1 X18.162 Y-22.747 Z3.200 F3903 A317.89755; Inset 
G1 X18.078 Y-22.976 Z3.200 F3903 A317.90607; Inset 
G1 X17.946 Y-23.083 Z3.200 F3903 A317.91199; Inset 
G1 X17.822 Y-23.125 Z3.200 F3903 A317.91659; Inset 
G1 X17.659 Y-23.126 Z3.200 F3903 A317.92227; Inset 
G1 X16.692 Y-22.958 Z3.200 F3903 A317.95659; Inset 
G1 X17.251 Y-16.533 Z3.200 F3903 A318.18207; Inset 
G1 X17.238 Y-15.859 Z3.200 F3903 A318.20565; Inset 
G1 X17.113 Y-15.217 Z3.200 F3903 A318.22851; Inset 
G1 X16.903 Y-14.651 Z3.200 F3903 A318.24959; Inset 
G1 X16.579 Y-14.083 Z3.200 F3903 A318.27245; Inset 
G1 X16.164 Y-13.578 Z3.200 F3903 A318.29532; Inset 
G1 X15.669 Y-13.150 Z3.200 F3903 A318.31818; Inset 
G1 X15.110 Y-12.812 Z3.200 F3903 A318.34104; Inset 
G1 X14.501 Y-12.574 Z3.200 F3903 A318.36390; Inset 
G1 X13.860 Y-12.442 Z3.200 F3903 A318.38676; Inset 
G1 X13.206 Y-12.421 Z3.200 F3903 A318.40962; Inset 
G1 X12.559 Y-12.510 Z3.200 F3903 A318.43249; Inset 
G1 X11.935 Y-12.707 Z3.200 F3903 A318.45535; Inset 
G1 X11.354 Y-13.007 Z3.200 F3903 A318.47821; Inset 
G1 X10.794 Y-13.435 Z3.200 F3903 A318.50285; Inset 
G1 X10.353 Y-13.917 Z3.200 F3903 A318.52571; Inset 
G1 X9.999 Y-14.467 Z3.200 F3903 A318.54857; Inset 
G1 X9.743 Y-15.069 Z3.200 F3903 A318.57143; Inset 
G1 X9.594 Y-15.697 Z3.200 F3903 A318.59401; Inset 
G1 X9.142 Y-20.894 Z3.200 F3903 A318.77635; Inset 
G1 X8.048 Y-20.481 Z3.200 F3903 A318.81723; Inset 
G1 X7.905 Y-20.395 Z3.200 F3903 A318.82308; Inset 
G1 X7.905 Y-20.395 Z3.200 F1500 A317.52308; Retract 
G1 X7.905 Y-20.395 Z3.200 F3000; Retract 
G1 X7.643 Y-20.705 Z3.200 F9000; Travel Move 
G1 X7.643 Y-20.705 Z3.200 F1500 A318.82308; Restart 
G1 X7.477 Y-20.511 Z3.200 F1735 A318.83198; Inset 
G1 X7.381 Y-20.276 Z3.200 F1735 A318.84088; Inset 
G1 X7.362 Y-20.011 Z3.200 F1735 A318.85017; Inset 
G1 X8.425 Y-7.784 Z3.200 F1735 A319.27921; Inset 
G1 X8.470 Y-7.520 Z3.200 F1735 A319.28858; Inset 
G1 X8.586 Y-7.510 Z3.200 F1735 A319.29264; Inset 
G1 X9.387 Y-9.789 Z3.200 F1735 A319.37709; Inset 
G1 X19.341 Y-13.561 Z3.200 F1735 A319.74923; Inset 
G1 X19.350 Y-13.706 Z3.200 F1735 A319.75432; Inset 
G1 X18.559 Y-22.799 Z3.200 F1735 A320.07339; Inset 
G1 X18.537 Y-22.929 Z3.200 F1735 A320.07800; Inset 
G1 X18.424 Y-23.184 Z3.200 F1735 A320.08777; Inset 
G1 X18.352 Y-23.275 Z3.200 F1735 A320.09180; Inset 
G1 X18.138 Y-23.440 Z3.200 F1735 A320.10127; Inset 
G1 X17.888 Y-23.525 Z3.200 F1735 A320.11047; Inset 
G1 X17.626 Y-23.526 Z3.200 F1735 A320.11966; Inset 
G1 X16.262 Y-23.290 Z3.200 F1735 A320.16806; Inset 
G1 X16.852 Y-16.503 Z3.200 F1735 A320.40621; Inset 
G1 X16.843 Y-15.924 Z3.200 F1735 A320.42647; Inset 
G1 X16.735 Y-15.348 Z3.200 F1735 A320.44696; Inset 
G1 X16.531 Y-14.798 Z3.200 F1735 A320.46745; Inset 
G1 X16.238 Y-14.291 Z3.200 F1735 A320.48794; Inset 
G1 X15.862 Y-13.841 Z3.200 F1735 A320.50843; Inset 
M73 P39; Update Progress 
G1 X15.416 Y-13.460 Z3.200 F1735 A320.52893; Inset 
G1 X14.912 Y-13.161 Z3.200 F1735 A320.54942; Inset 
G1 X14.365 Y-12.951 Z3.200 F1735 A320.56991; Inset 
G1 X13.790 Y-12.836 Z3.200 F1735 A320.59041; Inset 
G1 X13.204 Y-12.821 Z3.200 F1735 A320.61090; Inset 
G1 X12.624 Y-12.904 Z3.200 F1735 A320.63139; Inset 
G1 X12.066 Y-13.085 Z3.200 F1735 A320.65188; Inset 
G1 X11.547 Y-13.357 Z3.200 F1735 A320.67238; Inset 
G1 X11.082 Y-13.713 Z3.200 F1735 A320.69287; Inset 
G1 X10.683 Y-14.143 Z3.200 F1735 A320.71336; Inset 
G1 X10.363 Y-14.634 Z3.200 F1735 A320.73385; Inset 
G1 X10.130 Y-15.172 Z3.200 F1735 A320.75435; Inset 
G1 X9.992 Y-15.740 Z3.200 F1735 A320.77477; Inset 
G1 X9.495 Y-21.454 Z3.200 F1735 A320.97530; Inset 
G1 X7.873 Y-20.843 Z3.200 F1735 A321.03590; Inset 
G1 X7.643 Y-20.705 Z3.200 F1735 A321.04528; Inset 
G1 X7.643 Y-20.705 Z3.200 F1500 A319.74528; Retract 
G1 X7.643 Y-20.705 Z3.200 F3000; Retract 
G1 X8.549 Y-19.795 Z3.200 F9000; Travel Move 
G1 X8.549 Y-19.795 Z3.200 F1500 A321.04528; Restart 
G1 X8.477 Y-19.723 Z3.200 F3903 A321.04885; Infill 
G1 X8.594 Y-19.280 Z3.200 F3903 A321.06487; Connection 
G1 X8.522 Y-19.208 Z3.200 F3903 A321.06843; Infill 
G1 X8.639 Y-18.764 Z3.200 F3903 A321.08445; Connection 
G1 X8.567 Y-18.692 Z3.200 F3903 A321.08802; Infill 
G1 X8.684 Y-18.249 Z3.200 F3903 A321.10404; Connection 
G1 X8.612 Y-18.177 Z3.200 F3903 A321.10760; Infill 
G1 X8.729 Y-17.734 Z3.200 F3903 A321.12362; Connection 
G1 X8.656 Y-17.662 Z3.200 F3903 A321.12719; Infill 
G1 X8.773 Y-17.219 Z3.200 F3903 A321.14321; Connection 
G1 X8.701 Y-17.147 Z3.200 F3903 A321.14677; Infill 
G1 X8.818 Y-16.704 Z3.200 F3903 A321.16279; Connection 
G1 X8.746 Y-16.632 Z3.200 F3903 A321.16636; Infill 
G1 X8.863 Y-16.188 Z3.200 F3903 A321.18238; Connection 
G1 X8.791 Y-16.116 Z3.200 F3903 A321.18594; Infill 
G1 X8.908 Y-15.673 Z3.200 F3903 A321.20197; Connection 
G1 X8.836 Y-15.601 Z3.200 F3903 A321.20553; Infill 
G1 X9.006 Y-15.211 Z3.200 F3903 A321.22040; Connection 
G1 X8.881 Y-15.086 Z3.200 F3903 A321.22659; Infill 
G1 X9.127 Y-14.772 Z3.200 F3903 A321.24053; Connection 
G1 X8.925 Y-14.571 Z3.200 F3903 A321.25049; Infill 
G1 X9.293 Y-14.378 Z3.200 F3903 A321.26499; Connection 
G1 X8.970 Y-14.055 Z3.200 F3903 A321.28093; Infill 
G1 X9.482 Y-14.007 Z3.200 F3903 A321.29889; Connection 
G1 X9.015 Y-13.540 Z3.200 F3903 A321.32197; Infill 
G1 X9.060 Y-13.025 Z3.200 F3903 A321.34005; Connection 
G1 X9.700 Y-13.665 Z3.200 F3903 A321.37170; Infill 
G1 X9.945 Y-13.350 Z3.200 F3903 A321.38566; Connection 
G1 X9.105 Y-12.510 Z3.200 F3903 A321.42719; Infill 
G1 X9.149 Y-11.995 Z3.200 F3903 A321.44527; Connection 
G1 X10.211 Y-13.057 Z3.200 F3903 A321.49778; Infill 
G1 X10.507 Y-12.792 Z3.200 F3903 A321.51164; Connection 
G1 X9.194 Y-11.479 Z3.200 F3903 A321.57654; Infill 
G1 X9.239 Y-10.964 Z3.200 F3903 A321.59462; Connection 
G1 X10.821 Y-12.546 Z3.200 F3903 A321.67286; Infill 
G1 X11.169 Y-12.334 Z3.200 F3903 A321.68710; Connection 
G1 X10.028 Y-11.194 Z3.200 F3903 A321.74350; Infill 
G1 X10.930 Y-11.535 Z3.200 F3903 A321.77721; Connection 
G1 X11.534 Y-12.139 Z3.200 F3903 A321.80705; Infill 
G1 X11.832 Y-11.877 Z3.200 F3903 A321.82092; Connection 
G1 X11.943 Y-11.988 Z3.200 F3903 A321.82639; Infill 
G1 X11.943 Y-11.988 Z3.200 F1500 A320.52639; Retract 
G1 X11.943 Y-11.988 Z3.200 F3000; Retract 
G1 X17.336 Y-14.021 Z3.200 F9000; Travel Move 
G1 X17.336 Y-14.021 Z3.200 F1500 A321.82639; Restart 
G1 X18.161 Y-14.845 Z3.200 F3903 A321.86714; Infill 
G1 X17.769 Y-15.013 Z3.200 F3903 A321.88205; Connection 
G1 X18.116 Y-15.361 Z3.200 F3903 A321.89922; Infill 
G1 X17.899 Y-15.704 Z3.200 F3903 A321.91342; Connection 
G1 X18.071 Y-15.876 Z3.200 F3903 A321.92190; Infill 
G1 X17.933 Y-16.298 Z3.200 F3903 A321.93743; Connection 
G1 X18.026 Y-16.391 Z3.200 F3903 A321.94203; Infill 
G1 X17.913 Y-16.838 Z3.200 F3903 A321.95814; Connection 
G1 X17.981 Y-16.906 Z3.200 F3903 A321.96153; Infill 
G1 X17.868 Y-17.353 Z3.200 F3903 A321.97764; Connection 
G1 X17.937 Y-17.422 Z3.200 F3903 A321.98103; Infill 
G1 X17.823 Y-17.868 Z3.200 F3903 A321.99714; Connection 
G1 X17.892 Y-17.937 Z3.200 F3903 A322.00054; Infill 
G1 X17.778 Y-18.383 Z3.200 F3903 A322.01664; Connection 
G1 X17.847 Y-18.452 Z3.200 F3903 A322.02004; Infill 
G1 X17.733 Y-18.899 Z3.200 F3903 A322.03615; Connection 
G1 X17.802 Y-18.967 Z3.200 F3903 A322.03954; Infill 
G1 X17.689 Y-19.414 Z3.200 F3903 A322.05565; Connection 
G1 X17.757 Y-19.482 Z3.200 F3903 A322.05904; Infill 
G1 X17.644 Y-19.929 Z3.200 F3903 A322.07515; Connection 
G1 X17.713 Y-19.998 Z3.200 F3903 A322.07854; Infill 
G1 X17.599 Y-20.444 Z3.200 F3903 A322.09465; Connection 
G1 X17.668 Y-20.513 Z3.200 F3903 A322.09804; Infill 
G1 X17.554 Y-20.959 Z3.200 F3903 A322.11415; Connection 
G1 X17.623 Y-21.028 Z3.200 F3903 A322.11755; Infill 
G1 X17.509 Y-21.475 Z3.200 F3903 A322.13365; Connection 
G1 X17.578 Y-21.543 Z3.200 F3903 A322.13705; Infill 
G1 X17.465 Y-21.990 Z3.200 F3903 A322.15316; Connection 
G1 X17.533 Y-22.059 Z3.200 F3903 A322.15655; Infill 
G1 X18.205 Y-14.330 Z3.200 F3903 A322.42775; Connection 
G1 X18.144 Y-14.268 Z3.200 F3903 A322.43081; Infill 
; Chunk 31 
; Lower Position  3 
; Upper Position  3.2 
; Thickness       0.2 
; Width           0.4 
G1 X18.144 Y-14.268 Z3.200 F1500 A321.13081; Retract 
G1 X18.144 Y-14.268 Z3.200 F3000; Retract 
G1 X18.632 Y-12.284 Z3.200 F9000; Travel Move 
G1 X18.632 Y-12.284 Z3.200 F1500 A322.43081; Restart 
G1 X18.632 Y-5.622 Z3.200 F3903 A322.66372; Support 
G1 X16.652 Y-3.594 Z3.200 F6505; Leaky Travel Move 
G1 X16.652 Y-11.293 Z3.200 F3903 A322.93287; Support 
G1 X14.672 Y-10.302 Z3.200 F6505; Leaky Travel Move 
G1 X14.672 Y-3.351 Z3.200 F3903 A323.17590; Support 
G1 X12.692 Y-4.029 Z3.200 F6505; Leaky Travel Move 
G1 X12.692 Y-9.311 Z3.200 F3903 A323.36057; Support 
G1 X10.712 Y-8.320 Z3.200 F6505; Leaky Travel Move 
G1 X10.712 Y-4.707 Z3.200 F3903 A323.48689; Support 
G1 X8.732 Y-5.609 Z3.200 F6505; Leaky Travel Move 
G1 X8.732 Y-6.356 Z3.200 F3903 A323.51300; Support 
; Chunk 32 
; Lower Position  3.2 
; Upper Position  3.4 
; Thickness       0.2 
; Width           0.4 
G1 X8.732 Y-6.356 Z3.200 F1500 A322.21300; Retract 
G1 X8.732 Y-6.356 Z3.200 F3000; Retract 
G1 X8.732 Y-6.356 Z3.400 F1380; Travel Move 
G1 X8.732 Y-6.356 Z3.400 F1500 A323.51300; Restart 
G1 X8.732 Y-5.609 Z3.400 F3818 A323.53911; Support 
G1 X10.712 Y-4.707 Z3.400 F6363; Leaky Travel Move 
G1 X10.712 Y-8.320 Z3.400 F3818 A323.66544; Support 
G1 X12.692 Y-9.311 Z3.400 F6363; Leaky Travel Move 
G1 X12.692 Y-4.029 Z3.400 F3818 A323.85011; Support 
G1 X14.672 Y-3.351 Z3.400 F6363; Leaky Travel Move 
G1 X14.672 Y-10.302 Z3.400 F3818 A324.09313; Support 
G1 X16.652 Y-11.293 Z3.400 F6363; Leaky Travel Move 
G1 X16.652 Y-3.594 Z3.400 F3818 A324.36229; Support 
G1 X18.632 Y-5.622 Z3.400 F6363; Leaky Travel Move 
G1 X18.632 Y-12.284 Z3.400 F3818 A324.59520; Support 
; Chunk 33 
; Lower Position  3.2 
; Upper Position  3.4 
; Thickness       0.2 
; Width           0.4 
G1 X18.632 Y-12.284 Z3.400 F1500 A323.29520; Retract 
G1 X18.632 Y-12.284 Z3.400 F3000; Retract 
G1 X17.122 Y-22.627 Z3.400 F9000; Travel Move 
G1 X17.122 Y-22.627 Z3.400 F1500 A324.59520; Restart 
G1 X17.650 Y-16.557 Z3.400 F3818 A324.80819; Inset 
G1 X17.642 Y-15.886 Z3.400 F3818 A324.83165; Inset 
G1 X17.494 Y-15.094 Z3.400 F3818 A324.85984; Inset 
G1 X17.236 Y-14.419 Z3.400 F3818 A324.88508; Inset 
G1 X16.917 Y-13.868 Z3.400 F3818 A324.90735; Inset 
G1 X16.480 Y-13.332 Z3.400 F3818 A324.93152; Inset 
G1 X18.512 Y-14.102 Z3.400 F3818 A325.00749; Inset 
G1 X17.765 Y-22.696 Z3.400 F3818 A325.30904; Inset 
G1 X17.752 Y-22.725 Z3.400 F3818 A325.31017; Inset 
G1 X17.122 Y-22.627 Z3.400 F3818 A325.33245; Inset 
G1 X17.122 Y-22.627 Z3.400 F1500 A324.03245; Retract 
G1 X17.122 Y-22.627 Z3.400 F3000; Retract 
G1 X8.170 Y-20.088 Z3.400 F9000; Travel Move 
G1 X8.170 Y-20.088 Z3.400 F1500 A325.33245; Restart 
G1 X8.165 Y-20.017 Z3.400 F3818 A325.33493; Inset 
G1 X8.993 Y-10.495 Z3.400 F3818 A325.66907; Inset 
G1 X13.054 Y-12.034 Z3.400 F3818 A325.82090; Inset 
G1 X12.402 Y-12.135 Z3.400 F3818 A325.84396; Inset 
G1 X11.717 Y-12.365 Z3.400 F3818 A325.86919; Inset 
G1 X11.082 Y-12.706 Z3.400 F3818 A325.89443; Inset 
G1 X10.513 Y-13.150 Z3.400 F3818 A325.91966; Inset 
G1 X10.027 Y-13.684 Z3.400 F3818 A325.94490; Inset 
G1 X9.639 Y-14.293 Z3.400 F3818 A325.97013; Inset 
G1 X9.359 Y-14.958 Z3.400 F3818 A325.99537; Inset 
G1 X9.197 Y-15.648 Z3.400 F3818 A326.02013; Inset 
G1 X8.790 Y-20.333 Z3.400 F3818 A326.18455; Inset 
G1 X8.170 Y-20.088 Z3.400 F3818 A326.20786; Inset 
G1 X8.170 Y-20.088 Z3.400 F1500 A324.90786; Retract 
G1 X8.170 Y-20.088 Z3.400 F3000; Retract 
G1 X7.905 Y-20.395 Z3.400 F9000; Travel Move 
G1 X7.905 Y-20.395 Z3.400 F1500 A326.20786; Restart 
G1 X7.823 Y-20.300 Z3.400 F3818 A326.21224; Inset 
G1 X7.775 Y-20.184 Z3.400 F3818 A326.21664; Inset 
G1 X7.763 Y-20.014 Z3.400 F3818 A326.22259; Inset 
G1 X8.714 Y-9.081 Z3.400 F3818 A326.60624; Inset 
G1 X9.023 Y-9.959 Z3.400 F3818 A326.63879; Inset 
G1 X9.208 Y-10.149 Z3.400 F3818 A326.64807; Inset 
G1 X18.937 Y-13.835 Z3.400 F3818 A327.01178; Inset 
G1 X18.162 Y-22.747 Z3.400 F3818 A327.32452; Inset 
G1 X18.078 Y-22.976 Z3.400 F3818 A327.33304; Inset 
G1 X17.946 Y-23.083 Z3.400 F3818 A327.33896; Inset 
G1 X17.822 Y-23.125 Z3.400 F3818 A327.34355; Inset 
G1 X17.659 Y-23.126 Z3.400 F3818 A327.34924; Inset 
G1 X16.692 Y-22.958 Z3.400 F3818 A327.38356; Inset 
G1 X17.251 Y-16.533 Z3.400 F3818 A327.60904; Inset 
G1 X17.238 Y-15.859 Z3.400 F3818 A327.63261; Inset 
G1 X17.113 Y-15.217 Z3.400 F3818 A327.65547; Inset 
G1 X16.903 Y-14.651 Z3.400 F3818 A327.67656; Inset 
G1 X16.579 Y-14.083 Z3.400 F3818 A327.69942; Inset 
G1 X16.164 Y-13.578 Z3.400 F3818 A327.72228; Inset 
G1 X15.669 Y-13.150 Z3.400 F3818 A327.74514; Inset 
G1 X15.110 Y-12.812 Z3.400 F3818 A327.76801; Inset 
G1 X14.501 Y-12.574 Z3.400 F3818 A327.79087; Inset 
G1 X13.860 Y-12.442 Z3.400 F3818 A327.81373; Inset 
G1 X13.206 Y-12.421 Z3.400 F3818 A327.83659; Inset 
G1 X12.559 Y-12.510 Z3.400 F3818 A327.85945; Inset 
G1 X11.935 Y-12.707 Z3.400 F3818 A327.88231; Inset 
G1 X11.354 Y-13.007 Z3.400 F3818 A327.90518; Inset 
G1 X10.794 Y-13.435 Z3.400 F3818 A327.92981; Inset 
G1 X10.353 Y-13.917 Z3.400 F3818 A327.95268; Inset 
G1 X9.999 Y-14.467 Z3.400 F3818 A327.97554; Inset 
G1 X9.743 Y-15.069 Z3.400 F3818 A327.99840; Inset 
G1 X9.594 Y-15.697 Z3.400 F3818 A328.02097; Inset 
G1 X9.142 Y-20.894 Z3.400 F3818 A328.20332; Inset 
M73 P40; Update Progress 
G1 X8.048 Y-20.482 Z3.400 F3818 A328.24420; Inset 
G1 X7.905 Y-20.395 Z3.400 F3818 A328.25005; Inset 
G1 X7.905 Y-20.395 Z3.400 F1500 A326.95005; Retract 
G1 X7.905 Y-20.395 Z3.400 F3000; Retract 
G1 X7.643 Y-20.705 Z3.400 F9000; Travel Move 
G1 X7.643 Y-20.705 Z3.400 F1500 A328.25005; Restart 
G1 X7.477 Y-20.511 Z3.400 F1697 A328.25894; Inset 
G1 X7.381 Y-20.276 Z3.400 F1697 A328.26785; Inset 
G1 X7.362 Y-20.011 Z3.400 F1697 A328.27713; Inset 
G1 X8.425 Y-7.784 Z3.400 F1697 A328.70618; Inset 
G1 X8.470 Y-7.520 Z3.400 F1697 A328.71555; Inset 
G1 X8.586 Y-7.510 Z3.400 F1697 A328.71961; Inset 
G1 X9.387 Y-9.789 Z3.400 F1697 A328.80406; Inset 
G1 X19.341 Y-13.561 Z3.400 F1697 A329.17620; Inset 
G1 X19.350 Y-13.706 Z3.400 F1697 A329.18129; Inset 
G1 X18.559 Y-22.799 Z3.400 F1697 A329.50036; Inset 
G1 X18.537 Y-22.929 Z3.400 F1697 A329.50497; Inset 
G1 X18.424 Y-23.184 Z3.400 F1697 A329.51473; Inset 
G1 X18.352 Y-23.275 Z3.400 F1697 A329.51877; Inset 
G1 X18.138 Y-23.440 Z3.400 F1697 A329.52824; Inset 
G1 X17.888 Y-23.525 Z3.400 F1697 A329.53744; Inset 
G1 X17.626 Y-23.526 Z3.400 F1697 A329.54662; Inset 
G1 X16.262 Y-23.290 Z3.400 F1697 A329.59503; Inset 
G1 X16.852 Y-16.503 Z3.400 F1697 A329.83318; Inset 
G1 X16.843 Y-15.924 Z3.400 F1697 A329.85343; Inset 
G1 X16.735 Y-15.348 Z3.400 F1697 A329.87393; Inset 
G1 X16.531 Y-14.798 Z3.400 F1697 A329.89442; Inset 
G1 X16.238 Y-14.291 Z3.400 F1697 A329.91491; Inset 
G1 X15.862 Y-13.841 Z3.400 F1697 A329.93540; Inset 
G1 X15.416 Y-13.460 Z3.400 F1697 A329.95590; Inset 
G1 X14.912 Y-13.161 Z3.400 F1697 A329.97639; Inset 
G1 X14.365 Y-12.951 Z3.400 F1697 A329.99688; Inset 
G1 X13.790 Y-12.836 Z3.400 F1697 A330.01738; Inset 
G1 X13.204 Y-12.821 Z3.400 F1697 A330.03786; Inset 
G1 X12.624 Y-12.904 Z3.400 F1697 A330.05836; Inset 
G1 X12.066 Y-13.085 Z3.400 F1697 A330.07885; Inset 
G1 X11.547 Y-13.357 Z3.400 F1697 A330.09935; Inset 
G1 X11.082 Y-13.713 Z3.400 F1697 A330.11984; Inset 
G1 X10.683 Y-14.143 Z3.400 F1697 A330.14033; Inset 
G1 X10.363 Y-14.634 Z3.400 F1697 A330.16082; Inset 
G1 X10.130 Y-15.172 Z3.400 F1697 A330.18132; Inset 
G1 X9.992 Y-15.740 Z3.400 F1697 A330.20174; Inset 
G1 X9.495 Y-21.454 Z3.400 F1697 A330.40226; Inset 
G1 X7.873 Y-20.843 Z3.400 F1697 A330.46287; Inset 
G1 X7.643 Y-20.705 Z3.400 F1697 A330.47225; Inset 
G1 X7.643 Y-20.705 Z3.400 F1500 A329.17225; Retract 
G1 X7.643 Y-20.705 Z3.400 F3000; Retract 
G1 X8.505 Y-19.913 Z3.400 F9000; Travel Move 
G1 X8.505 Y-19.913 Z3.400 F1500 A330.47225; Restart 
G1 X8.542 Y-19.876 Z3.400 F3818 A330.47410; Infill 
G1 X8.510 Y-19.348 Z3.400 F3818 A330.49258; Connection 
G1 X8.596 Y-19.262 Z3.400 F3818 A330.49682; Infill 
G1 X8.563 Y-18.735 Z3.400 F3818 A330.51530; Connection 
G1 X8.649 Y-18.649 Z3.400 F3818 A330.51954; Infill 
G1 X8.617 Y-18.121 Z3.400 F3818 A330.53802; Connection 
G1 X8.702 Y-18.035 Z3.400 F3818 A330.54226; Infill 
G1 X8.670 Y-17.508 Z3.400 F3818 A330.56074; Connection 
G1 X8.756 Y-17.422 Z3.400 F3818 A330.56498; Infill 
G1 X8.723 Y-16.895 Z3.400 F3818 A330.58346; Connection 
G1 X8.809 Y-16.809 Z3.400 F3818 A330.58770; Infill 
G1 X8.777 Y-16.281 Z3.400 F3818 A330.60618; Connection 
G1 X8.862 Y-16.195 Z3.400 F3818 A330.61042; Infill 
G1 X8.830 Y-15.668 Z3.400 F3818 A330.62890; Connection 
G1 X8.920 Y-15.578 Z3.400 F3818 A330.63334; Infill 
G1 X8.883 Y-15.054 Z3.400 F3818 A330.65169; Connection 
G1 X9.098 Y-14.839 Z3.400 F3818 A330.66233; Infill 
G1 X8.937 Y-14.441 Z3.400 F3818 A330.67735; Connection 
G1 X9.678 Y-13.700 Z3.400 F3818 A330.71400; Infill 
G1 X8.990 Y-13.828 Z3.400 F3818 A330.73846; Connection 
G1 X11.186 Y-11.632 Z3.400 F3818 A330.84702; Infill 
G1 X10.779 Y-11.478 Z3.400 F3818 A330.86220; Connection 
G1 X9.043 Y-13.214 Z3.400 F3818 A330.94804; Infill 
G1 X9.097 Y-12.601 Z3.400 F3818 A330.96956; Connection 
G1 X10.373 Y-11.324 Z3.400 F3818 A331.03268; Infill 
G1 X9.967 Y-11.170 Z3.400 F3818 A331.04787; Connection 
G1 X9.150 Y-11.988 Z3.400 F3818 A331.08827; Infill 
G1 X9.203 Y-11.374 Z3.400 F3818 A331.10979; Connection 
G1 X9.561 Y-11.016 Z3.400 F3818 A331.12748; Infill 
G1 X10.866 Y-12.512 Z3.400 F3818 A331.19686; Connection 
G1 X11.592 Y-11.786 Z3.400 F3818 A331.23274; Infill 
G1 X11.954 Y-11.984 Z3.400 F3818 A331.24717; Connection 
G1 X11.998 Y-11.940 Z3.400 F3818 A331.24934; Infill 
G1 X11.998 Y-11.940 Z3.400 F1500 A329.94934; Retract 
G1 X11.998 Y-11.940 Z3.400 F3000; Retract 
G1 X17.490 Y-14.288 Z3.400 F9000; Travel Move 
G1 X17.490 Y-14.288 Z3.400 F1500 A331.24934; Restart 
G1 X17.684 Y-14.094 Z3.400 F3818 A331.25890; Infill 
G1 X18.090 Y-14.248 Z3.400 F3818 A331.27409; Connection 
G1 X17.647 Y-14.692 Z3.400 F3818 A331.29601; Infill 
G1 X17.788 Y-15.110 Z3.400 F3818 A331.31146; Connection 
G1 X18.171 Y-14.727 Z3.400 F3818 A331.33038; Infill 
G1 X18.118 Y-15.341 Z3.400 F3818 A331.35191; Connection 
G1 X17.876 Y-15.582 Z3.400 F3818 A331.36383; Infill 
G1 X18.064 Y-15.954 Z3.400 F3818 A331.37840; Connection 
G1 X17.931 Y-16.087 Z3.400 F3818 A331.38500; Infill 
G1 X18.011 Y-16.567 Z3.400 F3818 A331.40201; Connection 
G1 X17.929 Y-16.649 Z3.400 F3818 A331.40605; Infill 
G1 X17.957 Y-17.181 Z3.400 F3818 A331.42467; Connection 
G1 X17.876 Y-17.262 Z3.400 F3818 A331.42871; Infill 
G1 X17.904 Y-17.794 Z3.400 F3818 A331.44732; Connection 
G1 X17.822 Y-17.876 Z3.400 F3818 A331.45136; Infill 
G1 X17.851 Y-18.408 Z3.400 F3818 A331.46997; Connection 
G1 X17.769 Y-18.489 Z3.400 F3818 A331.47401; Infill 
G1 X17.797 Y-19.021 Z3.400 F3818 A331.49263; Connection 
G1 X17.716 Y-19.103 Z3.400 F3818 A331.49667; Infill 
G1 X17.744 Y-19.634 Z3.400 F3818 A331.51528; Connection 
G1 X17.662 Y-19.716 Z3.400 F3818 A331.51932; Infill 
G1 X17.691 Y-20.248 Z3.400 F3818 A331.53793; Connection 
G1 X17.609 Y-20.329 Z3.400 F3818 A331.54197; Infill 
G1 X17.637 Y-20.861 Z3.400 F3818 A331.56058; Connection 
G1 X17.556 Y-20.943 Z3.400 F3818 A331.56462; Infill 
G1 X17.584 Y-21.474 Z3.400 F3818 A331.58324; Connection 
G1 X17.502 Y-21.556 Z3.400 F3818 A331.58728; Infill 
G1 X17.531 Y-22.088 Z3.400 F3818 A331.60589; Connection 
G1 X17.449 Y-22.169 Z3.400 F3818 A331.60993; Infill 
; Chunk 34 
; Lower Position  3.4 
; Upper Position  3.6 
; Thickness       0.2 
; Width           0.4 
G1 X17.449 Y-22.169 Z3.400 F1500 A330.30993; Retract 
G1 X17.449 Y-22.169 Z3.400 F3000; Retract 
G1 X17.449 Y-22.169 Z3.600 F1380; Travel Move 
G1 X17.122 Y-22.627 Z3.600 F9000; Travel Move 
G1 X17.122 Y-22.627 Z3.600 F1500 A331.60993; Restart 
G1 X17.650 Y-16.557 Z3.600 F3903 A331.82292; Inset 
G1 X17.642 Y-15.886 Z3.600 F3903 A331.84638; Inset 
G1 X17.494 Y-15.094 Z3.600 F3903 A331.87457; Inset 
G1 X17.236 Y-14.419 Z3.600 F3903 A331.89981; Inset 
G1 X16.917 Y-13.868 Z3.600 F3903 A331.92208; Inset 
G1 X16.480 Y-13.332 Z3.600 F3903 A331.94625; Inset 
G1 X18.512 Y-14.102 Z3.600 F3903 A332.02222; Inset 
G1 X17.765 Y-22.696 Z3.600 F3903 A332.32377; Inset 
G1 X17.752 Y-22.725 Z3.600 F3903 A332.32491; Inset 
G1 X17.122 Y-22.627 Z3.600 F3903 A332.34719; Inset 
G1 X17.122 Y-22.627 Z3.600 F1500 A331.04719; Retract 
G1 X17.122 Y-22.627 Z3.600 F3000; Retract 
G1 X8.170 Y-20.088 Z3.600 F9000; Travel Move 
G1 X8.170 Y-20.088 Z3.600 F1500 A332.34719; Restart 
G1 X8.165 Y-20.017 Z3.600 F3903 A332.34967; Inset 
G1 X8.993 Y-10.495 Z3.600 F3903 A332.68380; Inset 
G1 X13.054 Y-12.034 Z3.600 F3903 A332.83563; Inset 
G1 X12.402 Y-12.135 Z3.600 F3903 A332.85869; Inset 
G1 X11.717 Y-12.365 Z3.600 F3903 A332.88393; Inset 
G1 X11.082 Y-12.706 Z3.600 F3903 A332.90916; Inset 
G1 X10.513 Y-13.150 Z3.600 F3903 A332.93440; Inset 
G1 X10.027 Y-13.684 Z3.600 F3903 A332.95963; Inset 
G1 X9.639 Y-14.293 Z3.600 F3903 A332.98487; Inset 
G1 X9.359 Y-14.958 Z3.600 F3903 A333.01010; Inset 
G1 X9.197 Y-15.648 Z3.600 F3903 A333.03486; Inset 
G1 X8.790 Y-20.333 Z3.600 F3903 A333.19929; Inset 
G1 X8.170 Y-20.088 Z3.600 F3903 A333.22260; Inset 
G1 X8.170 Y-20.088 Z3.600 F1500 A331.92260; Retract 
G1 X8.170 Y-20.088 Z3.600 F3000; Retract 
G1 X7.905 Y-20.395 Z3.600 F9000; Travel Move 
G1 X7.905 Y-20.395 Z3.600 F1500 A333.22260; Restart 
G1 X7.823 Y-20.300 Z3.600 F3903 A333.22697; Inset 
G1 X7.775 Y-20.184 Z3.600 F3903 A333.23137; Inset 
G1 X7.763 Y-20.014 Z3.600 F3903 A333.23732; Inset 
G1 X8.714 Y-9.081 Z3.600 F3903 A333.62098; Inset 
G1 X9.023 Y-9.959 Z3.600 F3903 A333.65352; Inset 
G1 X9.208 Y-10.149 Z3.600 F3903 A333.66280; Inset 
G1 X18.937 Y-13.835 Z3.600 F3903 A334.02651; Inset 
G1 X18.162 Y-22.747 Z3.600 F3903 A334.33925; Inset 
M73 P41; Update Progress 
G1 X18.078 Y-22.976 Z3.600 F3903 A334.34777; Inset 
G1 X17.946 Y-23.083 Z3.600 F3903 A334.35369; Inset 
G1 X17.822 Y-23.125 Z3.600 F3903 A334.35829; Inset 
G1 X17.659 Y-23.126 Z3.600 F3903 A334.36397; Inset 
G1 X16.692 Y-22.958 Z3.600 F3903 A334.39829; Inset 
G1 X17.251 Y-16.533 Z3.600 F3903 A334.62377; Inset 
G1 X17.238 Y-15.859 Z3.600 F3903 A334.64735; Inset 
G1 X17.113 Y-15.217 Z3.600 F3903 A334.67021; Inset 
G1 X16.903 Y-14.651 Z3.600 F3903 A334.69129; Inset 
G1 X16.579 Y-14.083 Z3.600 F3903 A334.71415; Inset 
G1 X16.164 Y-13.578 Z3.600 F3903 A334.73702; Inset 
G1 X15.669 Y-13.150 Z3.600 F3903 A334.75988; Inset 
G1 X15.110 Y-12.812 Z3.600 F3903 A334.78274; Inset 
G1 X14.501 Y-12.574 Z3.600 F3903 A334.80560; Inset 
G1 X13.860 Y-12.442 Z3.600 F3903 A334.82846; Inset 
G1 X13.206 Y-12.421 Z3.600 F3903 A334.85132; Inset 
G1 X12.559 Y-12.510 Z3.600 F3903 A334.87419; Inset 
G1 X11.935 Y-12.707 Z3.600 F3903 A334.89705; Inset 
G1 X11.354 Y-13.007 Z3.600 F3903 A334.91991; Inset 
G1 X10.794 Y-13.435 Z3.600 F3903 A334.94455; Inset 
G1 X10.353 Y-13.917 Z3.600 F3903 A334.96741; Inset 
G1 X9.999 Y-14.467 Z3.600 F3903 A334.99027; Inset 
G1 X9.743 Y-15.069 Z3.600 F3903 A335.01313; Inset 
G1 X9.594 Y-15.697 Z3.600 F3903 A335.03571; Inset 
G1 X9.142 Y-20.894 Z3.600 F3903 A335.21805; Inset 
G1 X8.048 Y-20.481 Z3.600 F3903 A335.25893; Inset 
G1 X7.905 Y-20.395 Z3.600 F3903 A335.26478; Inset 
G1 X7.905 Y-20.395 Z3.600 F1500 A333.96478; Retract 
G1 X7.905 Y-20.395 Z3.600 F3000; Retract 
G1 X7.643 Y-20.705 Z3.600 F9000; Travel Move 
G1 X7.643 Y-20.705 Z3.600 F1500 A335.26478; Restart 
G1 X7.477 Y-20.512 Z3.600 F1735 A335.27367; Inset 
G1 X7.381 Y-20.276 Z3.600 F1735 A335.28257; Inset 
G1 X7.362 Y-20.011 Z3.600 F1735 A335.29187; Inset 
G1 X8.425 Y-7.784 Z3.600 F1735 A335.72091; Inset 
G1 X8.470 Y-7.520 Z3.600 F1735 A335.73028; Inset 
G1 X8.586 Y-7.510 Z3.600 F1735 A335.73434; Inset 
G1 X9.387 Y-9.789 Z3.600 F1735 A335.81879; Inset 
G1 X19.341 Y-13.561 Z3.600 F1735 A336.19094; Inset 
G1 X19.350 Y-13.706 Z3.600 F1735 A336.19602; Inset 
G1 X18.559 Y-22.799 Z3.600 F1735 A336.51509; Inset 
G1 X18.537 Y-22.929 Z3.600 F1735 A336.51970; Inset 
G1 X18.424 Y-23.184 Z3.600 F1735 A336.52947; Inset 
G1 X18.352 Y-23.275 Z3.600 F1735 A336.53350; Inset 
G1 X18.138 Y-23.440 Z3.600 F1735 A336.54297; Inset 
G1 X17.888 Y-23.525 Z3.600 F1735 A336.55217; Inset 
G1 X17.626 Y-23.526 Z3.600 F1735 A336.56136; Inset 
G1 X16.262 Y-23.290 Z3.600 F1735 A336.60976; Inset 
G1 X16.852 Y-16.503 Z3.600 F1735 A336.84791; Inset 
G1 X16.843 Y-15.924 Z3.600 F1735 A336.86817; Inset 
G1 X16.735 Y-15.348 Z3.600 F1735 A336.88866; Inset 
G1 X16.531 Y-14.798 Z3.600 F1735 A336.90915; Inset 
G1 X16.238 Y-14.291 Z3.600 F1735 A336.92964; Inset 
G1 X15.862 Y-13.841 Z3.600 F1735 A336.95013; Inset 
G1 X15.416 Y-13.460 Z3.600 F1735 A336.97063; Inset 
G1 X14.912 Y-13.161 Z3.600 F1735 A336.99112; Inset 
G1 X14.365 Y-12.951 Z3.600 F1735 A337.01161; Inset 
G1 X13.790 Y-12.836 Z3.600 F1735 A337.03211; Inset 
G1 X13.204 Y-12.821 Z3.600 F1735 A337.05260; Inset 
G1 X12.624 Y-12.904 Z3.600 F1735 A337.07309; Inset 
G1 X12.066 Y-13.085 Z3.600 F1735 A337.09358; Inset 
G1 X11.547 Y-13.357 Z3.600 F1735 A337.11408; Inset 
G1 X11.082 Y-13.713 Z3.600 F1735 A337.13457; Inset 
G1 X10.683 Y-14.143 Z3.600 F1735 A337.15506; Inset 
G1 X10.363 Y-14.634 Z3.600 F1735 A337.17556; Inset 
G1 X10.130 Y-15.172 Z3.600 F1735 A337.19605; Inset 
G1 X9.992 Y-15.740 Z3.600 F1735 A337.21647; Inset 
G1 X9.495 Y-21.454 Z3.600 F1735 A337.41700; Inset 
G1 X7.873 Y-20.843 Z3.600 F1735 A337.47760; Inset 
G1 X7.643 Y-20.705 Z3.600 F1735 A337.48698; Inset 
G1 X7.643 Y-20.705 Z3.600 F1500 A336.18698; Retract 
G1 X7.643 Y-20.705 Z3.600 F3000; Retract 
G1 X8.549 Y-19.795 Z3.600 F9000; Travel Move 
G1 X8.549 Y-19.795 Z3.600 F1500 A337.48698; Restart 
G1 X8.477 Y-19.723 Z3.600 F3903 A337.49054; Infill 
G1 X8.594 Y-19.280 Z3.600 F3903 A337.50657; Connection 
G1 X8.522 Y-19.208 Z3.600 F3903 A337.51013; Infill 
G1 X8.639 Y-18.764 Z3.600 F3903 A337.52615; Connection 
G1 X8.567 Y-18.692 Z3.600 F3903 A337.52971; Infill 
G1 X8.684 Y-18.249 Z3.600 F3903 A337.54574; Connection 
G1 X8.612 Y-18.177 Z3.600 F3903 A337.54930; Infill 
G1 X8.729 Y-17.734 Z3.600 F3903 A337.56532; Connection 
G1 X8.656 Y-17.662 Z3.600 F3903 A337.56889; Infill 
G1 X8.773 Y-17.219 Z3.600 F3903 A337.58491; Connection 
G1 X8.701 Y-17.147 Z3.600 F3903 A337.58847; Infill 
G1 X8.818 Y-16.704 Z3.600 F3903 A337.60449; Connection 
G1 X8.746 Y-16.632 Z3.600 F3903 A337.60806; Infill 
G1 X8.863 Y-16.188 Z3.600 F3903 A337.62408; Connection 
G1 X8.791 Y-16.116 Z3.600 F3903 A337.62764; Infill 
G1 X8.908 Y-15.673 Z3.600 F3903 A337.64366; Connection 
G1 X8.836 Y-15.601 Z3.600 F3903 A337.64723; Infill 
G1 X9.006 Y-15.211 Z3.600 F3903 A337.66210; Connection 
G1 X8.881 Y-15.086 Z3.600 F3903 A337.66829; Infill 
G1 X9.127 Y-14.772 Z3.600 F3903 A337.68223; Connection 
G1 X8.925 Y-14.571 Z3.600 F3903 A337.69219; Infill 
G1 X9.293 Y-14.378 Z3.600 F3903 A337.70669; Connection 
G1 X8.970 Y-14.055 Z3.600 F3903 A337.72263; Infill 
G1 X9.482 Y-14.007 Z3.600 F3903 A337.74059; Connection 
G1 X9.015 Y-13.540 Z3.600 F3903 A337.76367; Infill 
G1 X9.060 Y-13.025 Z3.600 F3903 A337.78175; Connection 
G1 X9.700 Y-13.665 Z3.600 F3903 A337.81340; Infill 
G1 X9.945 Y-13.350 Z3.600 F3903 A337.82736; Connection 
G1 X9.105 Y-12.510 Z3.600 F3903 A337.86889; Infill 
G1 X9.149 Y-11.995 Z3.600 F3903 A337.88697; Connection 
G1 X10.211 Y-13.057 Z3.600 F3903 A337.93947; Infill 
G1 X10.507 Y-12.792 Z3.600 F3903 A337.95334; Connection 
G1 X9.194 Y-11.479 Z3.600 F3903 A338.01824; Infill 
G1 X9.239 Y-10.964 Z3.600 F3903 A338.03632; Connection 
G1 X10.821 Y-12.546 Z3.600 F3903 A338.11455; Infill 
G1 X11.169 Y-12.334 Z3.600 F3903 A338.12880; Connection 
G1 X10.028 Y-11.194 Z3.600 F3903 A338.18520; Infill 
G1 X10.930 Y-11.535 Z3.600 F3903 A338.21891; Connection 
G1 X11.534 Y-12.139 Z3.600 F3903 A338.24875; Infill 
G1 X11.832 Y-11.877 Z3.600 F3903 A338.26262; Connection 
G1 X11.943 Y-11.988 Z3.600 F3903 A338.26809; Infill 
G1 X11.943 Y-11.988 Z3.600 F1500 A336.96809; Retract 
G1 X11.943 Y-11.988 Z3.600 F3000; Retract 
G1 X17.336 Y-14.021 Z3.600 F9000; Travel Move 
G1 X17.336 Y-14.021 Z3.600 F1500 A338.26809; Restart 
G1 X18.161 Y-14.845 Z3.600 F3903 A338.30884; Infill 
G1 X17.769 Y-15.013 Z3.600 F3903 A338.32375; Connection 
G1 X18.116 Y-15.361 Z3.600 F3903 A338.34092; Infill 
G1 X17.899 Y-15.704 Z3.600 F3903 A338.35511; Connection 
G1 X18.071 Y-15.876 Z3.600 F3903 A338.36360; Infill 
G1 X17.933 Y-16.298 Z3.600 F3903 A338.37913; Connection 
G1 X18.026 Y-16.391 Z3.600 F3903 A338.38373; Infill 
G1 X17.913 Y-16.838 Z3.600 F3903 A338.39984; Connection 
G1 X17.981 Y-16.906 Z3.600 F3903 A338.40323; Infill 
G1 X17.868 Y-17.353 Z3.600 F3903 A338.41934; Connection 
G1 X17.937 Y-17.422 Z3.600 F3903 A338.42273; Infill 
G1 X17.823 Y-17.868 Z3.600 F3903 A338.43884; Connection 
G1 X17.892 Y-17.937 Z3.600 F3903 A338.44223; Infill 
G1 X17.778 Y-18.383 Z3.600 F3903 A338.45834; Connection 
G1 X17.847 Y-18.452 Z3.600 F3903 A338.46173; Infill 
G1 X17.733 Y-18.899 Z3.600 F3903 A338.47784; Connection 
G1 X17.802 Y-18.967 Z3.600 F3903 A338.48124; Infill 
G1 X17.689 Y-19.414 Z3.600 F3903 A338.49735; Connection 
G1 X17.757 Y-19.482 Z3.600 F3903 A338.50074; Infill 
G1 X17.644 Y-19.929 Z3.600 F3903 A338.51685; Connection 
G1 X17.713 Y-19.998 Z3.600 F3903 A338.52024; Infill 
G1 X17.599 Y-20.444 Z3.600 F3903 A338.53635; Connection 
G1 X17.668 Y-20.513 Z3.600 F3903 A338.53974; Infill 
G1 X17.554 Y-20.959 Z3.600 F3903 A338.55585; Connection 
G1 X17.623 Y-21.028 Z3.600 F3903 A338.55924; Infill 
G1 X17.509 Y-21.475 Z3.600 F3903 A338.57535; Connection 
G1 X17.578 Y-21.543 Z3.600 F3903 A338.57875; Infill 
G1 X17.465 Y-21.990 Z3.600 F3903 A338.59485; Connection 
G1 X17.533 Y-22.059 Z3.600 F3903 A338.59825; Infill 
G1 X18.205 Y-14.330 Z3.600 F3903 A338.86945; Connection 
G1 X18.144 Y-14.268 Z3.600 F3903 A338.87251; Infill 
; Chunk 35 
; Lower Position  3.4 
; Upper Position  3.6 
; Thickness       0.2 
; Width           0.4 
G1 X18.144 Y-14.268 Z3.600 F1500 A337.57251; Retract 
G1 X18.144 Y-14.268 Z3.600 F3000; Retract 
G1 X18.632 Y-12.284 Z3.600 F9000; Travel Move 
G1 X18.632 Y-12.284 Z3.600 F1500 A338.87251; Restart 
G1 X18.632 Y-5.622 Z3.600 F3903 A339.10542; Support 
G1 X16.652 Y-3.594 Z3.600 F6505; Leaky Travel Move 
G1 X16.652 Y-11.293 Z3.600 F3903 A339.37457; Support 
G1 X14.672 Y-10.302 Z3.600 F6505; Leaky Travel Move 
G1 X14.672 Y-3.351 Z3.600 F3903 A339.61760; Support 
G1 X12.692 Y-4.029 Z3.600 F6505; Leaky Travel Move 
G1 X12.692 Y-9.311 Z3.600 F3903 A339.80227; Support 
G1 X10.712 Y-8.320 Z3.600 F6505; Leaky Travel Move 
G1 X10.712 Y-4.707 Z3.600 F3903 A339.92859; Support 
G1 X8.732 Y-5.609 Z3.600 F6505; Leaky Travel Move 
G1 X8.732 Y-6.356 Z3.600 F3903 A339.95470; Support 
; Chunk 36 
; Lower Position  3.6 
; Upper Position  3.8 
; Thickness       0.2 
; Width           0.4 
G1 X8.732 Y-6.356 Z3.600 F1500 A338.65470; Retract 
G1 X8.732 Y-6.356 Z3.600 F3000; Retract 
G1 X8.732 Y-6.356 Z3.800 F1380; Travel Move 
G1 X8.732 Y-6.356 Z3.800 F1500 A339.95470; Restart 
G1 X8.732 Y-5.609 Z3.800 F3818 A339.98081; Support 
G1 X10.712 Y-4.707 Z3.800 F6363; Leaky Travel Move 
G1 X10.712 Y-8.320 Z3.800 F3818 A340.10713; Support 
G1 X12.692 Y-9.311 Z3.800 F6363; Leaky Travel Move 
G1 X12.692 Y-4.029 Z3.800 F3818 A340.29181; Support 
G1 X14.672 Y-3.351 Z3.800 F6363; Leaky Travel Move 
G1 X14.672 Y-10.302 Z3.800 F3818 A340.53483; Support 
M73 P42; Update Progress 
G1 X16.652 Y-11.293 Z3.800 F6363; Leaky Travel Move 
G1 X16.652 Y-3.594 Z3.800 F3818 A340.80398; Support 
G1 X18.632 Y-5.622 Z3.800 F6363; Leaky Travel Move 
G1 X18.632 Y-12.284 Z3.800 F3818 A341.03690; Support 
; Chunk 37 
; Lower Position  3.6 
; Upper Position  3.8 
; Thickness       0.2 
; Width           0.4 
G1 X18.632 Y-12.284 Z3.800 F1500 A339.73690; Retract 
G1 X18.632 Y-12.284 Z3.800 F3000; Retract 
G1 X17.122 Y-22.627 Z3.800 F9000; Travel Move 
G1 X17.122 Y-22.627 Z3.800 F1500 A341.03690; Restart 
G1 X17.650 Y-16.557 Z3.800 F3818 A341.24988; Inset 
G1 X17.642 Y-15.886 Z3.800 F3818 A341.27334; Inset 
G1 X17.494 Y-15.094 Z3.800 F3818 A341.30154; Inset 
G1 X17.236 Y-14.419 Z3.800 F3818 A341.32677; Inset 
G1 X16.917 Y-13.868 Z3.800 F3818 A341.34905; Inset 
G1 X16.480 Y-13.332 Z3.800 F3818 A341.37321; Inset 
G1 X18.512 Y-14.102 Z3.800 F3818 A341.44919; Inset 
G1 X17.765 Y-22.696 Z3.800 F3818 A341.75074; Inset 
G1 X17.752 Y-22.725 Z3.800 F3818 A341.75187; Inset 
G1 X17.122 Y-22.627 Z3.800 F3818 A341.77415; Inset 
G1 X17.122 Y-22.627 Z3.800 F1500 A340.47415; Retract 
G1 X17.122 Y-22.627 Z3.800 F3000; Retract 
G1 X8.170 Y-20.088 Z3.800 F9000; Travel Move 
G1 X8.170 Y-20.088 Z3.800 F1500 A341.77415; Restart 
G1 X8.165 Y-20.017 Z3.800 F3818 A341.77663; Inset 
G1 X8.993 Y-10.495 Z3.800 F3818 A342.11077; Inset 
G1 X13.054 Y-12.034 Z3.800 F3818 A342.26260; Inset 
G1 X12.402 Y-12.135 Z3.800 F3818 A342.28566; Inset 
G1 X11.717 Y-12.365 Z3.800 F3818 A342.31089; Inset 
G1 X11.082 Y-12.706 Z3.800 F3818 A342.33613; Inset 
G1 X10.513 Y-13.150 Z3.800 F3818 A342.36136; Inset 
G1 X10.027 Y-13.684 Z3.800 F3818 A342.38660; Inset 
G1 X9.639 Y-14.293 Z3.800 F3818 A342.41183; Inset 
G1 X9.359 Y-14.958 Z3.800 F3818 A342.43707; Inset 
G1 X9.197 Y-15.648 Z3.800 F3818 A342.46183; Inset 
G1 X8.790 Y-20.333 Z3.800 F3818 A342.62625; Inset 
G1 X8.170 Y-20.088 Z3.800 F3818 A342.64956; Inset 
G1 X8.170 Y-20.088 Z3.800 F1500 A341.34956; Retract 
G1 X8.170 Y-20.088 Z3.800 F3000; Retract 
G1 X7.905 Y-20.395 Z3.800 F9000; Travel Move 
G1 X7.905 Y-20.395 Z3.800 F1500 A342.64956; Restart 
G1 X7.823 Y-20.300 Z3.800 F3818 A342.65393; Inset 
G1 X7.775 Y-20.184 Z3.800 F3818 A342.65833; Inset 
G1 X7.763 Y-20.014 Z3.800 F3818 A342.66429; Inset 
G1 X8.714 Y-9.081 Z3.800 F3818 A343.04794; Inset 
G1 X9.023 Y-9.959 Z3.800 F3818 A343.08049; Inset 
G1 X9.208 Y-10.149 Z3.800 F3818 A343.08977; Inset 
G1 X18.937 Y-13.835 Z3.800 F3818 A343.45348; Inset 
G1 X18.162 Y-22.747 Z3.800 F3818 A343.76621; Inset 
G1 X18.078 Y-22.976 Z3.800 F3818 A343.77473; Inset 
G1 X17.946 Y-23.083 Z3.800 F3818 A343.78066; Inset 
G1 X17.822 Y-23.125 Z3.800 F3818 A343.78525; Inset 
G1 X17.659 Y-23.126 Z3.800 F3818 A343.79094; Inset 
G1 X16.692 Y-22.958 Z3.800 F3818 A343.82526; Inset 
G1 X17.251 Y-16.533 Z3.800 F3818 A344.05074; Inset 
G1 X17.238 Y-15.859 Z3.800 F3818 A344.07431; Inset 
G1 X17.113 Y-15.217 Z3.800 F3818 A344.09717; Inset 
G1 X16.903 Y-14.651 Z3.800 F3818 A344.11826; Inset 
G1 X16.579 Y-14.083 Z3.800 F3818 A344.14112; Inset 
G1 X16.164 Y-13.578 Z3.800 F3818 A344.16398; Inset 
G1 X15.669 Y-13.150 Z3.800 F3818 A344.18684; Inset 
G1 X15.110 Y-12.812 Z3.800 F3818 A344.20970; Inset 
G1 X14.501 Y-12.574 Z3.800 F3818 A344.23257; Inset 
G1 X13.860 Y-12.442 Z3.800 F3818 A344.25543; Inset 
G1 X13.206 Y-12.421 Z3.800 F3818 A344.27829; Inset 
G1 X12.559 Y-12.510 Z3.800 F3818 A344.30115; Inset 
G1 X11.935 Y-12.707 Z3.800 F3818 A344.32401; Inset 
G1 X11.354 Y-13.007 Z3.800 F3818 A344.34688; Inset 
G1 X10.794 Y-13.435 Z3.800 F3818 A344.37151; Inset 
G1 X10.353 Y-13.917 Z3.800 F3818 A344.39438; Inset 
G1 X9.999 Y-14.467 Z3.800 F3818 A344.41724; Inset 
G1 X9.743 Y-15.069 Z3.800 F3818 A344.44010; Inset 
G1 X9.594 Y-15.697 Z3.800 F3818 A344.46267; Inset 
G1 X9.142 Y-20.894 Z3.800 F3818 A344.64501; Inset 
G1 X8.048 Y-20.482 Z3.800 F3818 A344.68590; Inset 
G1 X7.905 Y-20.395 Z3.800 F3818 A344.69175; Inset 
G1 X7.905 Y-20.395 Z3.800 F1500 A343.39175; Retract 
G1 X7.905 Y-20.395 Z3.800 F3000; Retract 
G1 X7.643 Y-20.705 Z3.800 F9000; Travel Move 
G1 X7.643 Y-20.705 Z3.800 F1500 A344.69175; Restart 
G1 X7.477 Y-20.512 Z3.800 F1697 A344.70064; Inset 
G1 X7.381 Y-20.276 Z3.800 F1697 A344.70953; Inset 
G1 X7.362 Y-20.011 Z3.800 F1697 A344.71884; Inset 
G1 X8.425 Y-7.784 Z3.800 F1697 A345.14788; Inset 
G1 X8.470 Y-7.520 Z3.800 F1697 A345.15725; Inset 
G1 X8.586 Y-7.510 Z3.800 F1697 A345.16131; Inset 
G1 X9.387 Y-9.789 Z3.800 F1697 A345.24576; Inset 
G1 X19.341 Y-13.561 Z3.800 F1697 A345.61791; Inset 
G1 X19.350 Y-13.706 Z3.800 F1697 A345.62299; Inset 
G1 X18.559 Y-22.799 Z3.800 F1697 A345.94206; Inset 
G1 X18.537 Y-22.929 Z3.800 F1697 A345.94667; Inset 
G1 X18.424 Y-23.184 Z3.800 F1697 A345.95644; Inset 
G1 X18.352 Y-23.275 Z3.800 F1697 A345.96047; Inset 
G1 X18.138 Y-23.440 Z3.800 F1697 A345.96994; Inset 
G1 X17.888 Y-23.525 Z3.800 F1697 A345.97914; Inset 
G1 X17.626 Y-23.526 Z3.800 F1697 A345.98833; Inset 
G1 X16.262 Y-23.290 Z3.800 F1697 A346.03673; Inset 
G1 X16.852 Y-16.503 Z3.800 F1697 A346.27488; Inset 
G1 X16.843 Y-15.924 Z3.800 F1697 A346.29514; Inset 
G1 X16.735 Y-15.348 Z3.800 F1697 A346.31563; Inset 
G1 X16.531 Y-14.798 Z3.800 F1697 A346.33612; Inset 
G1 X16.238 Y-14.291 Z3.800 F1697 A346.35661; Inset 
G1 X15.862 Y-13.841 Z3.800 F1697 A346.37710; Inset 
G1 X15.416 Y-13.460 Z3.800 F1697 A346.39760; Inset 
G1 X14.912 Y-13.161 Z3.800 F1697 A346.41809; Inset 
G1 X14.365 Y-12.951 Z3.800 F1697 A346.43858; Inset 
G1 X13.790 Y-12.836 Z3.800 F1697 A346.45908; Inset 
G1 X13.204 Y-12.821 Z3.800 F1697 A346.47957; Inset 
G1 X12.624 Y-12.904 Z3.800 F1697 A346.50006; Inset 
G1 X12.066 Y-13.085 Z3.800 F1697 A346.52055; Inset 
G1 X11.547 Y-13.357 Z3.800 F1697 A346.54105; Inset 
G1 X11.082 Y-13.713 Z3.800 F1697 A346.56154; Inset 
G1 X10.683 Y-14.143 Z3.800 F1697 A346.58203; Inset 
G1 X10.363 Y-14.634 Z3.800 F1697 A346.60253; Inset 
G1 X10.130 Y-15.172 Z3.800 F1697 A346.62302; Inset 
G1 X9.992 Y-15.740 Z3.800 F1697 A346.64344; Inset 
G1 X9.495 Y-21.454 Z3.800 F1697 A346.84397; Inset 
M73 P43; Update Progress 
G1 X7.873 Y-20.843 Z3.800 F1697 A346.90457; Inset 
G1 X7.643 Y-20.705 Z3.800 F1697 A346.91395; Inset 
G1 X7.643 Y-20.705 Z3.800 F1500 A345.61395; Retract 
G1 X7.643 Y-20.705 Z3.800 F3000; Retract 
G1 X8.505 Y-19.913 Z3.800 F9000; Travel Move 
G1 X8.505 Y-19.913 Z3.800 F1500 A346.91395; Restart 
G1 X8.542 Y-19.876 Z3.800 F3818 A346.91580; Infill 
G1 X8.510 Y-19.348 Z3.800 F3818 A346.93428; Connection 
G1 X8.596 Y-19.262 Z3.800 F3818 A346.93852; Infill 
G1 X8.563 Y-18.735 Z3.800 F3818 A346.95700; Connection 
G1 X8.649 Y-18.649 Z3.800 F3818 A346.96124; Infill 
G1 X8.617 Y-18.121 Z3.800 F3818 A346.97972; Connection 
G1 X8.702 Y-18.035 Z3.800 F3818 A346.98396; Infill 
G1 X8.670 Y-17.508 Z3.800 F3818 A347.00244; Connection 
G1 X8.756 Y-17.422 Z3.800 F3818 A347.00668; Infill 
G1 X8.723 Y-16.895 Z3.800 F3818 A347.02516; Connection 
G1 X8.809 Y-16.809 Z3.800 F3818 A347.02940; Infill 
G1 X8.777 Y-16.281 Z3.800 F3818 A347.04788; Connection 
G1 X8.862 Y-16.195 Z3.800 F3818 A347.05212; Infill 
G1 X8.830 Y-15.668 Z3.800 F3818 A347.07060; Connection 
G1 X8.920 Y-15.578 Z3.800 F3818 A347.07503; Infill 
G1 X8.883 Y-15.054 Z3.800 F3818 A347.09339; Connection 
G1 X9.098 Y-14.839 Z3.800 F3818 A347.10402; Infill 
G1 X8.937 Y-14.441 Z3.800 F3818 A347.11905; Connection 
G1 X9.678 Y-13.700 Z3.800 F3818 A347.15570; Infill 
G1 X8.990 Y-13.828 Z3.800 F3818 A347.18016; Connection 
G1 X11.186 Y-11.632 Z3.800 F3818 A347.28871; Infill 
G1 X10.779 Y-11.478 Z3.800 F3818 A347.30390; Connection 
G1 X9.043 Y-13.214 Z3.800 F3818 A347.38973; Infill 
G1 X9.097 Y-12.601 Z3.800 F3818 A347.41126; Connection 
G1 X10.373 Y-11.324 Z3.800 F3818 A347.47438; Infill 
G1 X9.967 Y-11.170 Z3.800 F3818 A347.48956; Connection 
G1 X9.150 Y-11.988 Z3.800 F3818 A347.52997; Infill 
G1 X9.203 Y-11.374 Z3.800 F3818 A347.55149; Connection 
G1 X9.561 Y-11.016 Z3.800 F3818 A347.56918; Infill 
G1 X10.866 Y-12.512 Z3.800 F3818 A347.63856; Connection 
G1 X11.592 Y-11.786 Z3.800 F3818 A347.67444; Infill 
G1 X11.954 Y-11.984 Z3.800 F3818 A347.68886; Connection 
G1 X11.998 Y-11.940 Z3.800 F3818 A347.69104; Infill 
G1 X11.998 Y-11.940 Z3.800 F1500 A346.39104; Retract 
G1 X11.998 Y-11.940 Z3.800 F3000; Retract 
G1 X17.490 Y-14.288 Z3.800 F9000; Travel Move 
G1 X17.490 Y-14.288 Z3.800 F1500 A347.69104; Restart 
G1 X17.684 Y-14.094 Z3.800 F3818 A347.70060; Infill 
G1 X18.090 Y-14.248 Z3.800 F3818 A347.71578; Connection 
G1 X17.647 Y-14.692 Z3.800 F3818 A347.73771; Infill 
G1 X17.788 Y-15.110 Z3.800 F3818 A347.75315; Connection 
G1 X18.171 Y-14.727 Z3.800 F3818 A347.77208; Infill 
G1 X18.118 Y-15.341 Z3.800 F3818 A347.79360; Connection 
G1 X17.876 Y-15.582 Z3.800 F3818 A347.80552; Infill 
G1 X18.064 Y-15.954 Z3.800 F3818 A347.82010; Connection 
G1 X17.931 Y-16.087 Z3.800 F3818 A347.82670; Infill 
G1 X18.011 Y-16.567 Z3.800 F3818 A347.84371; Connection 
G1 X17.929 Y-16.649 Z3.800 F3818 A347.84775; Infill 
G1 X17.957 Y-17.181 Z3.800 F3818 A347.86636; Connection 
G1 X17.876 Y-17.262 Z3.800 F3818 A347.87040; Infill 
G1 X17.904 Y-17.794 Z3.800 F3818 A347.88902; Connection 
G1 X17.822 Y-17.876 Z3.800 F3818 A347.89306; Infill 
G1 X17.851 Y-18.408 Z3.800 F3818 A347.91167; Connection 
G1 X17.769 Y-18.489 Z3.800 F3818 A347.91571; Infill 
G1 X17.797 Y-19.021 Z3.800 F3818 A347.93432; Connection 
G1 X17.716 Y-19.103 Z3.800 F3818 A347.93836; Infill 
G1 X17.744 Y-19.634 Z3.800 F3818 A347.95697; Connection 
G1 X17.662 Y-19.716 Z3.800 F3818 A347.96101; Infill 
G1 X17.691 Y-20.248 Z3.800 F3818 A347.97963; Connection 
G1 X17.609 Y-20.329 Z3.800 F3818 A347.98367; Infill 
G1 X17.637 Y-20.861 Z3.800 F3818 A348.00228; Connection 
G1 X17.556 Y-20.943 Z3.800 F3818 A348.00632; Infill 
G1 X17.584 Y-21.474 Z3.800 F3818 A348.02493; Connection 
G1 X17.502 Y-21.556 Z3.800 F3818 A348.02897; Infill 
G1 X17.531 Y-22.088 Z3.800 F3818 A348.04759; Connection 
G1 X17.449 Y-22.169 Z3.800 F3818 A348.05163; Infill 
; Chunk 38 
; Lower Position  3.8 
; Upper Position  4 
; Thickness       0.2 
; Width           0.4 
G1 X17.449 Y-22.169 Z3.800 F1500 A346.75163; Retract 
G1 X17.449 Y-22.169 Z3.800 F3000; Retract 
G1 X17.449 Y-22.169 Z4.000 F1380; Travel Move 
G1 X17.122 Y-22.627 Z4.000 F9000; Travel Move 
G1 X17.122 Y-22.627 Z4.000 F1500 A348.05163; Restart 
G1 X17.650 Y-16.557 Z4.000 F3903 A348.26461; Inset 
G1 X17.642 Y-15.886 Z4.000 F3903 A348.28807; Inset 
G1 X17.494 Y-15.094 Z4.000 F3903 A348.31627; Inset 
G1 X17.236 Y-14.419 Z4.000 F3903 A348.34150; Inset 
G1 X16.917 Y-13.868 Z4.000 F3903 A348.36378; Inset 
G1 X16.480 Y-13.332 Z4.000 F3903 A348.38794; Inset 
G1 X18.512 Y-14.102 Z4.000 F3903 A348.46392; Inset 
G1 X17.765 Y-22.696 Z4.000 F3903 A348.76547; Inset 
G1 X17.752 Y-22.725 Z4.000 F3903 A348.76660; Inset 
G1 X17.122 Y-22.627 Z4.000 F3903 A348.78888; Inset 
G1 X17.122 Y-22.627 Z4.000 F1500 A347.48888; Retract 
G1 X17.122 Y-22.627 Z4.000 F3000; Retract 
G1 X8.170 Y-20.088 Z4.000 F9000; Travel Move 
G1 X8.170 Y-20.088 Z4.000 F1500 A348.78888; Restart 
G1 X8.165 Y-20.017 Z4.000 F3903 A348.79137; Inset 
G1 X8.993 Y-10.495 Z4.000 F3903 A349.12550; Inset 
G1 X13.054 Y-12.034 Z4.000 F3903 A349.27733; Inset 
G1 X12.402 Y-12.135 Z4.000 F3903 A349.30039; Inset 
G1 X11.717 Y-12.365 Z4.000 F3903 A349.32562; Inset 
G1 X11.082 Y-12.706 Z4.000 F3903 A349.35086; Inset 
G1 X10.513 Y-13.150 Z4.000 F3903 A349.37609; Inset 
G1 X10.027 Y-13.684 Z4.000 F3903 A349.40133; Inset 
G1 X9.639 Y-14.293 Z4.000 F3903 A349.42656; Inset 
G1 X9.359 Y-14.958 Z4.000 F3903 A349.45180; Inset 
G1 X9.197 Y-15.648 Z4.000 F3903 A349.47656; Inset 
G1 X8.790 Y-20.333 Z4.000 F3903 A349.64098; Inset 
G1 X8.170 Y-20.088 Z4.000 F3903 A349.66429; Inset 
G1 X8.170 Y-20.088 Z4.000 F1500 A348.36429; Retract 
G1 X8.170 Y-20.088 Z4.000 F3000; Retract 
G1 X7.905 Y-20.395 Z4.000 F9000; Travel Move 
G1 X7.905 Y-20.395 Z4.000 F1500 A349.66429; Restart 
G1 X7.823 Y-20.300 Z4.000 F3903 A349.66866; Inset 
G1 X7.775 Y-20.184 Z4.000 F3903 A349.67306; Inset 
G1 X7.763 Y-20.014 Z4.000 F3903 A349.67903; Inset 
G1 X8.714 Y-9.081 Z4.000 F3903 A350.06268; Inset 
G1 X9.023 Y-9.959 Z4.000 F3903 A350.09522; Inset 
G1 X9.208 Y-10.149 Z4.000 F3903 A350.10450; Inset 
G1 X18.937 Y-13.835 Z4.000 F3903 A350.46821; Inset 
G1 X18.162 Y-22.747 Z4.000 F3903 A350.78095; Inset 
G1 X18.078 Y-22.976 Z4.000 F3903 A350.78947; Inset 
G1 X17.946 Y-23.083 Z4.000 F3903 A350.79539; Inset 
G1 X17.822 Y-23.125 Z4.000 F3903 A350.79999; Inset 
G1 X17.659 Y-23.126 Z4.000 F3903 A350.80567; Inset 
G1 X16.692 Y-22.958 Z4.000 F3903 A350.83999; Inset 
G1 X17.251 Y-16.533 Z4.000 F3903 A351.06547; Inset 
G1 X17.238 Y-15.859 Z4.000 F3903 A351.08904; Inset 
G1 X17.113 Y-15.217 Z4.000 F3903 A351.11191; Inset 
G1 X16.903 Y-14.651 Z4.000 F3903 A351.13299; Inset 
G1 X16.579 Y-14.083 Z4.000 F3903 A351.15585; Inset 
G1 X16.164 Y-13.578 Z4.000 F3903 A351.17871; Inset 
G1 X15.669 Y-13.150 Z4.000 F3903 A351.20157; Inset 
G1 X15.110 Y-12.812 Z4.000 F3903 A351.22444; Inset 
G1 X14.501 Y-12.574 Z4.000 F3903 A351.24730; Inset 
G1 X13.860 Y-12.442 Z4.000 F3903 A351.27016; Inset 
G1 X13.206 Y-12.421 Z4.000 F3903 A351.29302; Inset 
G1 X12.559 Y-12.510 Z4.000 F3903 A351.31588; Inset 
G1 X11.935 Y-12.707 Z4.000 F3903 A351.33875; Inset 
G1 X11.354 Y-13.007 Z4.000 F3903 A351.36161; Inset 
G1 X10.794 Y-13.435 Z4.000 F3903 A351.38624; Inset 
G1 X10.353 Y-13.917 Z4.000 F3903 A351.40911; Inset 
G1 X9.999 Y-14.467 Z4.000 F3903 A351.43197; Inset 
G1 X9.743 Y-15.069 Z4.000 F3903 A351.45483; Inset 
G1 X9.594 Y-15.697 Z4.000 F3903 A351.47741; Inset 
G1 X9.142 Y-20.894 Z4.000 F3903 A351.65975; Inset 
G1 X8.048 Y-20.481 Z4.000 F3903 A351.70063; Inset 
G1 X7.905 Y-20.395 Z4.000 F3903 A351.70648; Inset 
G1 X7.905 Y-20.395 Z4.000 F1500 A350.40648; Retract 
G1 X7.905 Y-20.395 Z4.000 F3000; Retract 
G1 X7.643 Y-20.705 Z4.000 F9000; Travel Move 
G1 X7.643 Y-20.705 Z4.000 F1500 A351.70648; Restart 
G1 X7.478 Y-20.512 Z4.000 F1735 A351.71536; Inset 
G1 X7.381 Y-20.276 Z4.000 F1735 A351.72426; Inset 
G1 X7.362 Y-20.011 Z4.000 F1735 A351.73357; Inset 
G1 X8.425 Y-7.784 Z4.000 F1735 A352.16261; Inset 
G1 X8.470 Y-7.520 Z4.000 F1735 A352.17198; Inset 
G1 X8.586 Y-7.510 Z4.000 F1735 A352.17604; Inset 
G1 X9.387 Y-9.789 Z4.000 F1735 A352.26049; Inset 
G1 X19.341 Y-13.561 Z4.000 F1735 A352.63264; Inset 
G1 X19.350 Y-13.706 Z4.000 F1735 A352.63772; Inset 
G1 X18.559 Y-22.799 Z4.000 F1735 A352.95679; Inset 
G1 X18.537 Y-22.929 Z4.000 F1735 A352.96140; Inset 
G1 X18.424 Y-23.184 Z4.000 F1735 A352.97117; Inset 
G1 X18.352 Y-23.275 Z4.000 F1735 A352.97520; Inset 
G1 X18.138 Y-23.440 Z4.000 F1735 A352.98467; Inset 
G1 X17.888 Y-23.525 Z4.000 F1735 A352.99388; Inset 
G1 X17.626 Y-23.526 Z4.000 F1735 A353.00306; Inset 
G1 X16.262 Y-23.290 Z4.000 F1735 A353.05146; Inset 
G1 X16.852 Y-16.503 Z4.000 F1735 A353.28961; Inset 
G1 X16.843 Y-15.924 Z4.000 F1735 A353.30987; Inset 
G1 X16.735 Y-15.348 Z4.000 F1735 A353.33036; Inset 
G1 X16.531 Y-14.798 Z4.000 F1735 A353.35085; Inset 
G1 X16.238 Y-14.291 Z4.000 F1735 A353.37134; Inset 
M73 P44; Update Progress 
G1 X15.862 Y-13.841 Z4.000 F1735 A353.39184; Inset 
G1 X15.416 Y-13.460 Z4.000 F1735 A353.41233; Inset 
G1 X14.912 Y-13.161 Z4.000 F1735 A353.43282; Inset 
G1 X14.365 Y-12.951 Z4.000 F1735 A353.45331; Inset 
G1 X13.790 Y-12.836 Z4.000 F1735 A353.47381; Inset 
G1 X13.204 Y-12.821 Z4.000 F1735 A353.49430; Inset 
G1 X12.624 Y-12.904 Z4.000 F1735 A353.51479; Inset 
G1 X12.066 Y-13.085 Z4.000 F1735 A353.53528; Inset 
G1 X11.547 Y-13.357 Z4.000 F1735 A353.55578; Inset 
G1 X11.082 Y-13.713 Z4.000 F1735 A353.57627; Inset 
G1 X10.683 Y-14.143 Z4.000 F1735 A353.59676; Inset 
G1 X10.363 Y-14.634 Z4.000 F1735 A353.61726; Inset 
G1 X10.130 Y-15.172 Z4.000 F1735 A353.63775; Inset 
G1 X9.992 Y-15.740 Z4.000 F1735 A353.65818; Inset 
G1 X9.495 Y-21.454 Z4.000 F1735 A353.85870; Inset 
G1 X7.873 Y-20.843 Z4.000 F1735 A353.91930; Inset 
G1 X7.643 Y-20.705 Z4.000 F1735 A353.92868; Inset 
G1 X7.643 Y-20.705 Z4.000 F1500 A352.62868; Retract 
G1 X7.643 Y-20.705 Z4.000 F3000; Retract 
G1 X8.549 Y-19.795 Z4.000 F9000; Travel Move 
G1 X8.549 Y-19.795 Z4.000 F1500 A353.92868; Restart 
G1 X8.477 Y-19.723 Z4.000 F3903 A353.93224; Infill 
G1 X8.594 Y-19.280 Z4.000 F3903 A353.94826; Connection 
G1 X8.522 Y-19.208 Z4.000 F3903 A353.95182; Infill 
G1 X8.639 Y-18.764 Z4.000 F3903 A353.96785; Connection 
G1 X8.567 Y-18.692 Z4.000 F3903 A353.97141; Infill 
G1 X8.684 Y-18.249 Z4.000 F3903 A353.98743; Connection 
G1 X8.612 Y-18.177 Z4.000 F3903 A353.99099; Infill 
G1 X8.729 Y-17.734 Z4.000 F3903 A354.00702; Connection 
G1 X8.657 Y-17.662 Z4.000 F3903 A354.01058; Infill 
G1 X8.773 Y-17.219 Z4.000 F3903 A354.02660; Connection 
G1 X8.701 Y-17.147 Z4.000 F3903 A354.03016; Infill 
G1 X8.818 Y-16.704 Z4.000 F3903 A354.04619; Connection 
G1 X8.746 Y-16.632 Z4.000 F3903 A354.04975; Infill 
G1 X8.863 Y-16.188 Z4.000 F3903 A354.06577; Connection 
G1 X8.791 Y-16.116 Z4.000 F3903 A354.06933; Infill 
G1 X8.908 Y-15.673 Z4.000 F3903 A354.08536; Connection 
G1 X8.836 Y-15.601 Z4.000 F3903 A354.08892; Infill 
G1 X9.006 Y-15.211 Z4.000 F3903 A354.10379; Connection 
G1 X8.881 Y-15.086 Z4.000 F3903 A354.10998; Infill 
G1 X9.127 Y-14.772 Z4.000 F3903 A354.12392; Connection 
G1 X8.925 Y-14.571 Z4.000 F3903 A354.13388; Infill 
G1 X9.293 Y-14.378 Z4.000 F3903 A354.14838; Connection 
G1 X8.970 Y-14.055 Z4.000 F3903 A354.16432; Infill 
G1 X9.482 Y-14.007 Z4.000 F3903 A354.18228; Connection 
G1 X9.015 Y-13.540 Z4.000 F3903 A354.20536; Infill 
G1 X9.060 Y-13.025 Z4.000 F3903 A354.22344; Connection 
G1 X9.700 Y-13.665 Z4.000 F3903 A354.25509; Infill 
G1 X9.945 Y-13.350 Z4.000 F3903 A354.26904; Connection 
G1 X9.105 Y-12.510 Z4.000 F3903 A354.31058; Infill 
G1 X9.149 Y-11.995 Z4.000 F3903 A354.32866; Connection 
G1 X10.211 Y-13.057 Z4.000 F3903 A354.38116; Infill 
G1 X10.507 Y-12.792 Z4.000 F3903 A354.39503; Connection 
G1 X9.194 Y-11.479 Z4.000 F3903 A354.45993; Infill 
G1 X9.239 Y-10.964 Z4.000 F3903 A354.47801; Connection 
G1 X10.821 Y-12.546 Z4.000 F3903 A354.55624; Infill 
G1 X11.169 Y-12.334 Z4.000 F3903 A354.57049; Connection 
G1 X10.028 Y-11.194 Z4.000 F3903 A354.62689; Infill 
G1 X10.930 Y-11.535 Z4.000 F3903 A354.66060; Connection 
G1 X11.534 Y-12.139 Z4.000 F3903 A354.69043; Infill 
G1 X11.832 Y-11.877 Z4.000 F3903 A354.70431; Connection 
G1 X11.943 Y-11.988 Z4.000 F3903 A354.70978; Infill 
G1 X11.943 Y-11.988 Z4.000 F1500 A353.40978; Retract 
G1 X11.943 Y-11.988 Z4.000 F3000; Retract 
G1 X17.336 Y-14.021 Z4.000 F9000; Travel Move 
G1 X17.336 Y-14.021 Z4.000 F1500 A354.70978; Restart 
G1 X18.161 Y-14.845 Z4.000 F3903 A354.75053; Infill 
G1 X17.769 Y-15.013 Z4.000 F3903 A354.76544; Connection 
G1 X18.116 Y-15.361 Z4.000 F3903 A354.78260; Infill 
G1 X17.899 Y-15.704 Z4.000 F3903 A354.79680; Connection 
G1 X18.071 Y-15.876 Z4.000 F3903 A354.80529; Infill 
G1 X17.933 Y-16.298 Z4.000 F3903 A354.82081; Connection 
G1 X18.026 Y-16.391 Z4.000 F3903 A354.82541; Infill 
G1 X17.913 Y-16.838 Z4.000 F3903 A354.84152; Connection 
G1 X17.981 Y-16.906 Z4.000 F3903 A354.84492; Infill 
G1 X17.868 Y-17.353 Z4.000 F3903 A354.86102; Connection 
G1 X17.937 Y-17.422 Z4.000 F3903 A354.86442; Infill 
G1 X17.823 Y-17.868 Z4.000 F3903 A354.88053; Connection 
G1 X17.892 Y-17.937 Z4.000 F3903 A354.88392; Infill 
G1 X17.778 Y-18.383 Z4.000 F3903 A354.90003; Connection 
G1 X17.847 Y-18.452 Z4.000 F3903 A354.90342; Infill 
G1 X17.733 Y-18.899 Z4.000 F3903 A354.91953; Connection 
G1 X17.802 Y-18.967 Z4.000 F3903 A354.92292; Infill 
G1 X17.689 Y-19.414 Z4.000 F3903 A354.93903; Connection 
G1 X17.757 Y-19.482 Z4.000 F3903 A354.94243; Infill 
G1 X17.644 Y-19.929 Z4.000 F3903 A354.95853; Connection 
G1 X17.713 Y-19.998 Z4.000 F3903 A354.96193; Infill 
G1 X17.599 Y-20.444 Z4.000 F3903 A354.97804; Connection 
G1 X17.668 Y-20.513 Z4.000 F3903 A354.98143; Infill 
G1 X17.554 Y-20.959 Z4.000 F3903 A354.99754; Connection 
G1 X17.623 Y-21.028 Z4.000 F3903 A355.00093; Infill 
G1 X17.509 Y-21.475 Z4.000 F3903 A355.01704; Connection 
G1 X17.578 Y-21.543 Z4.000 F3903 A355.02043; Infill 
G1 X17.465 Y-21.990 Z4.000 F3903 A355.03654; Connection 
G1 X17.533 Y-22.059 Z4.000 F3903 A355.03993; Infill 
G1 X18.205 Y-14.330 Z4.000 F3903 A355.31113; Connection 
G1 X18.144 Y-14.268 Z4.000 F3903 A355.31419; Infill 
; Chunk 39 
; Lower Position  3.8 
; Upper Position  4 
; Thickness       0.2 
; Width           0.4 
G1 X18.144 Y-14.268 Z4.000 F1500 A354.01419; Retract 
G1 X18.144 Y-14.268 Z4.000 F3000; Retract 
G1 X18.632 Y-12.284 Z4.000 F9000; Travel Move 
G1 X18.632 Y-12.284 Z4.000 F1500 A355.31419; Restart 
G1 X18.632 Y-5.622 Z4.000 F3903 A355.54711; Support 
G1 X16.652 Y-3.594 Z4.000 F6505; Leaky Travel Move 
G1 X16.652 Y-11.293 Z4.000 F3903 A355.81626; Support 
G1 X14.672 Y-10.302 Z4.000 F6505; Leaky Travel Move 
G1 X14.672 Y-3.351 Z4.000 F3903 A356.05928; Support 
G1 X12.692 Y-4.029 Z4.000 F6505; Leaky Travel Move 
G1 X12.692 Y-9.311 Z4.000 F3903 A356.24396; Support 
G1 X10.712 Y-8.320 Z4.000 F6505; Leaky Travel Move 
G1 X10.712 Y-4.707 Z4.000 F3903 A356.37028; Support 
G1 X8.732 Y-5.609 Z4.000 F6505; Leaky Travel Move 
G1 X8.732 Y-6.356 Z4.000 F3903 A356.39639; Support 
; Chunk 40 
; Lower Position  4 
; Upper Position  4.2 
; Thickness       0.2 
; Width           0.4 
G1 X8.732 Y-6.356 Z4.000 F1500 A355.09639; Retract 
G1 X8.732 Y-6.356 Z4.000 F3000; Retract 
G1 X8.732 Y-6.356 Z4.200 F1380; Travel Move 
G1 X8.732 Y-6.356 Z4.200 F1500 A356.39639; Restart 
G1 X8.732 Y-5.609 Z4.200 F3818 A356.42250; Support 
G1 X10.712 Y-4.707 Z4.200 F6363; Leaky Travel Move 
G1 X10.712 Y-8.320 Z4.200 F3818 A356.54882; Support 
G1 X12.692 Y-9.311 Z4.200 F6363; Leaky Travel Move 
G1 X12.692 Y-4.029 Z4.200 F3818 A356.73349; Support 
G1 X14.672 Y-3.351 Z4.200 F6363; Leaky Travel Move 
G1 X14.672 Y-10.302 Z4.200 F3818 A356.97652; Support 
G1 X16.652 Y-11.293 Z4.200 F6363; Leaky Travel Move 
G1 X16.652 Y-3.594 Z4.200 F3818 A357.24567; Support 
G1 X18.632 Y-5.622 Z4.200 F6363; Leaky Travel Move 
G1 X18.632 Y-12.284 Z4.200 F3818 A357.47858; Support 
; Chunk 41 
; Lower Position  4 
; Upper Position  4.2 
; Thickness       0.2 
; Width           0.4 
G1 X18.632 Y-12.284 Z4.200 F1500 A356.17858; Retract 
G1 X18.632 Y-12.284 Z4.200 F3000; Retract 
G1 X17.122 Y-22.627 Z4.200 F9000; Travel Move 
G1 X17.122 Y-22.627 Z4.200 F1500 A357.47858; Restart 
G1 X17.650 Y-16.557 Z4.200 F3818 A357.69157; Inset 
G1 X17.642 Y-15.886 Z4.200 F3818 A357.71503; Inset 
G1 X17.494 Y-15.094 Z4.200 F3818 A357.74323; Inset 
G1 X17.236 Y-14.419 Z4.200 F3818 A357.76846; Inset 
G1 X16.917 Y-13.868 Z4.200 F3818 A357.79073; Inset 
G1 X16.480 Y-13.332 Z4.200 F3818 A357.81490; Inset 
G1 X18.512 Y-14.102 Z4.200 F3818 A357.89087; Inset 
G1 X17.765 Y-22.696 Z4.200 F3818 A358.19243; Inset 
G1 X17.752 Y-22.725 Z4.200 F3818 A358.19356; Inset 
G1 X17.122 Y-22.627 Z4.200 F3818 A358.21584; Inset 
G1 X17.122 Y-22.627 Z4.200 F1500 A356.91584; Retract 
G1 X17.122 Y-22.627 Z4.200 F3000; Retract 
G1 X8.170 Y-20.088 Z4.200 F9000; Travel Move 
G1 X8.170 Y-20.088 Z4.200 F1500 A358.21584; Restart 
G1 X8.165 Y-20.017 Z4.200 F3818 A358.21833; Inset 
G1 X8.993 Y-10.495 Z4.200 F3818 A358.55246; Inset 
G1 X13.054 Y-12.034 Z4.200 F3818 A358.70428; Inset 
G1 X12.402 Y-12.135 Z4.200 F3818 A358.72734; Inset 
G1 X11.717 Y-12.365 Z4.200 F3818 A358.75258; Inset 
G1 X11.082 Y-12.706 Z4.200 F3818 A358.77782; Inset 
G1 X10.513 Y-13.150 Z4.200 F3818 A358.80305; Inset 
G1 X10.027 Y-13.684 Z4.200 F3818 A358.82829; Inset 
G1 X9.639 Y-14.293 Z4.200 F3818 A358.85352; Inset 
G1 X9.359 Y-14.958 Z4.200 F3818 A358.87876; Inset 
G1 X9.197 Y-15.648 Z4.200 F3818 A358.90351; Inset 
G1 X8.790 Y-20.333 Z4.200 F3818 A359.06794; Inset 
G1 X8.170 Y-20.088 Z4.200 F3818 A359.09125; Inset 
G1 X8.170 Y-20.088 Z4.200 F1500 A357.79125; Retract 
G1 X8.170 Y-20.088 Z4.200 F3000; Retract 
G1 X7.905 Y-20.395 Z4.200 F9000; Travel Move 
G1 X7.905 Y-20.395 Z4.200 F1500 A359.09125; Restart 
G1 X7.823 Y-20.300 Z4.200 F3818 A359.09562; Inset 
G1 X7.776 Y-20.184 Z4.200 F3818 A359.10001; Inset 
G1 X7.763 Y-20.014 Z4.200 F3818 A359.10598; Inset 
G1 X8.714 Y-9.081 Z4.200 F3818 A359.48963; Inset 
G1 X9.023 Y-9.959 Z4.200 F3818 A359.52218; Inset 
G1 X9.208 Y-10.149 Z4.200 F3818 A359.53145; Inset 
G1 X18.937 Y-13.835 Z4.200 F3818 A359.89517; Inset 
G1 X18.162 Y-22.747 Z4.200 F3818 A360.20790; Inset 
G1 X18.078 Y-22.976 Z4.200 F3818 A360.21642; Inset 
G1 X17.946 Y-23.083 Z4.200 F3818 A360.22235; Inset 
G1 X17.822 Y-23.125 Z4.200 F3818 A360.22694; Inset 
G1 X17.659 Y-23.126 Z4.200 F3818 A360.23263; Inset 
G1 X16.692 Y-22.958 Z4.200 F3818 A360.26695; Inset 
G1 X17.251 Y-16.533 Z4.200 F3818 A360.49243; Inset 
G1 X17.238 Y-15.859 Z4.200 F3818 A360.51600; Inset 
G1 X17.113 Y-15.217 Z4.200 F3818 A360.53886; Inset 
G1 X16.903 Y-14.651 Z4.200 F3818 A360.55995; Inset 
G1 X16.579 Y-14.083 Z4.200 F3818 A360.58281; Inset 
G1 X16.164 Y-13.578 Z4.200 F3818 A360.60567; Inset 
G1 X15.669 Y-13.150 Z4.200 F3818 A360.62853; Inset 
G1 X15.110 Y-12.812 Z4.200 F3818 A360.65139; Inset 
G1 X14.501 Y-12.574 Z4.200 F3818 A360.67426; Inset 
G1 X13.860 Y-12.442 Z4.200 F3818 A360.69712; Inset 
G1 X13.206 Y-12.421 Z4.200 F3818 A360.71998; Inset 
G1 X12.559 Y-12.510 Z4.200 F3818 A360.74284; Inset 
G1 X11.935 Y-12.707 Z4.200 F3818 A360.76570; Inset 
G1 X11.354 Y-13.007 Z4.200 F3818 A360.78856; Inset 
G1 X10.794 Y-13.435 Z4.200 F3818 A360.81320; Inset 
G1 X10.353 Y-13.917 Z4.200 F3818 A360.83606; Inset 
G1 X9.999 Y-14.467 Z4.200 F3818 A360.85893; Inset 
G1 X9.743 Y-15.069 Z4.200 F3818 A360.88179; Inset 
G1 X9.594 Y-15.697 Z4.200 F3818 A360.90436; Inset 
G1 X9.142 Y-20.894 Z4.200 F3818 A361.08670; Inset 
M73 P45; Update Progress 
G1 X8.048 Y-20.481 Z4.200 F3818 A361.12759; Inset 
G1 X7.905 Y-20.395 Z4.200 F3818 A361.13343; Inset 
G1 X7.905 Y-20.395 Z4.200 F1500 A359.83343; Retract 
G1 X7.905 Y-20.395 Z4.200 F3000; Retract 
G1 X7.643 Y-20.705 Z4.200 F9000; Travel Move 
G1 X7.643 Y-20.705 Z4.200 F1500 A361.13343; Restart 
G1 X7.478 Y-20.512 Z4.200 F1697 A361.14232; Inset 
G1 X7.381 Y-20.277 Z4.200 F1697 A361.15121; Inset 
G1 X7.362 Y-20.011 Z4.200 F1697 A361.16053; Inset 
G1 X8.425 Y-7.784 Z4.200 F1697 A361.58957; Inset 
G1 X8.470 Y-7.520 Z4.200 F1697 A361.59894; Inset 
G1 X8.586 Y-7.510 Z4.200 F1697 A361.60300; Inset 
G1 X9.387 Y-9.789 Z4.200 F1697 A361.68745; Inset 
G1 X19.341 Y-13.561 Z4.200 F1697 A362.05960; Inset 
G1 X19.350 Y-13.706 Z4.200 F1697 A362.06468; Inset 
G1 X18.559 Y-22.799 Z4.200 F1697 A362.38375; Inset 
G1 X18.537 Y-22.929 Z4.200 F1697 A362.38836; Inset 
G1 X18.424 Y-23.184 Z4.200 F1697 A362.39813; Inset 
G1 X18.352 Y-23.275 Z4.200 F1697 A362.40216; Inset 
G1 X18.138 Y-23.440 Z4.200 F1697 A362.41163; Inset 
G1 X17.888 Y-23.525 Z4.200 F1697 A362.42083; Inset 
G1 X17.626 Y-23.526 Z4.200 F1697 A362.43002; Inset 
G1 X16.262 Y-23.290 Z4.200 F1697 A362.47842; Inset 
G1 X16.852 Y-16.503 Z4.200 F1697 A362.71657; Inset 
G1 X16.843 Y-15.924 Z4.200 F1697 A362.73683; Inset 
G1 X16.735 Y-15.348 Z4.200 F1697 A362.75732; Inset 
G1 X16.531 Y-14.798 Z4.200 F1697 A362.77781; Inset 
G1 X16.238 Y-14.291 Z4.200 F1697 A362.79830; Inset 
G1 X15.862 Y-13.841 Z4.200 F1697 A362.81880; Inset 
G1 X15.416 Y-13.460 Z4.200 F1697 A362.83929; Inset 
G1 X14.912 Y-13.161 Z4.200 F1697 A362.85978; Inset 
G1 X14.365 Y-12.951 Z4.200 F1697 A362.88027; Inset 
G1 X13.790 Y-12.836 Z4.200 F1697 A362.90077; Inset 
G1 X13.204 Y-12.821 Z4.200 F1697 A362.92126; Inset 
G1 X12.624 Y-12.904 Z4.200 F1697 A362.94175; Inset 
G1 X12.066 Y-13.085 Z4.200 F1697 A362.96224; Inset 
G1 X11.547 Y-13.357 Z4.200 F1697 A362.98274; Inset 
G1 X11.082 Y-13.713 Z4.200 F1697 A363.00323; Inset 
G1 X10.683 Y-14.143 Z4.200 F1697 A363.02372; Inset 
G1 X10.363 Y-14.634 Z4.200 F1697 A363.04422; Inset 
G1 X10.130 Y-15.172 Z4.200 F1697 A363.06471; Inset 
G1 X9.992 Y-15.740 Z4.200 F1697 A363.08513; Inset 
G1 X9.495 Y-21.454 Z4.200 F1697 A363.28566; Inset 
G1 X7.873 Y-20.843 Z4.200 F1697 A363.34626; Inset 
G1 X7.643 Y-20.705 Z4.200 F1697 A363.35564; Inset 
G1 X7.643 Y-20.705 Z4.200 F1500 A362.05564; Retract 
G1 X7.643 Y-20.705 Z4.200 F3000; Retract 
G1 X8.505 Y-19.913 Z4.200 F9000; Travel Move 
G1 X8.505 Y-19.913 Z4.200 F1500 A363.35564; Restart 
G1 X8.542 Y-19.876 Z4.200 F3818 A363.35749; Infill 
G1 X8.510 Y-19.348 Z4.200 F3818 A363.37596; Connection 
G1 X8.596 Y-19.262 Z4.200 F3818 A363.38021; Infill 
G1 X8.563 Y-18.735 Z4.200 F3818 A363.39869; Connection 
G1 X8.649 Y-18.649 Z4.200 F3818 A363.40293; Infill 
G1 X8.617 Y-18.121 Z4.200 F3818 A363.42141; Connection 
G1 X8.702 Y-18.035 Z4.200 F3818 A363.42565; Infill 
G1 X8.670 Y-17.508 Z4.200 F3818 A363.44413; Connection 
G1 X8.756 Y-17.422 Z4.200 F3818 A363.44837; Infill 
G1 X8.723 Y-16.895 Z4.200 F3818 A363.46685; Connection 
G1 X8.809 Y-16.809 Z4.200 F3818 A363.47109; Infill 
G1 X8.777 Y-16.281 Z4.200 F3818 A363.48957; Connection 
G1 X8.862 Y-16.195 Z4.200 F3818 A363.49381; Infill 
G1 X8.830 Y-15.668 Z4.200 F3818 A363.51229; Connection 
G1 X8.920 Y-15.578 Z4.200 F3818 A363.51672; Infill 
G1 X8.883 Y-15.054 Z4.200 F3818 A363.53507; Connection 
G1 X9.098 Y-14.839 Z4.200 F3818 A363.54571; Infill 
G1 X8.937 Y-14.441 Z4.200 F3818 A363.56074; Connection 
G1 X9.678 Y-13.700 Z4.200 F3818 A363.59739; Infill 
G1 X8.990 Y-13.828 Z4.200 F3818 A363.62185; Connection 
G1 X11.186 Y-11.632 Z4.200 F3818 A363.73040; Infill 
G1 X10.779 Y-11.478 Z4.200 F3818 A363.74558; Connection 
G1 X9.043 Y-13.214 Z4.200 F3818 A363.83142; Infill 
G1 X9.097 Y-12.601 Z4.200 F3818 A363.85295; Connection 
G1 X10.373 Y-11.324 Z4.200 F3818 A363.91607; Infill 
G1 X9.967 Y-11.170 Z4.200 F3818 A363.93125; Connection 
G1 X9.150 Y-11.988 Z4.200 F3818 A363.97165; Infill 
G1 X9.203 Y-11.374 Z4.200 F3818 A363.99318; Connection 
G1 X9.561 Y-11.016 Z4.200 F3818 A364.01086; Infill 
G1 X10.866 Y-12.512 Z4.200 F3818 A364.08024; Connection 
G1 X11.592 Y-11.786 Z4.200 F3818 A364.11612; Infill 
G1 X11.954 Y-11.984 Z4.200 F3818 A364.13055; Connection 
G1 X11.998 Y-11.940 Z4.200 F3818 A364.13272; Infill 
G1 X11.998 Y-11.940 Z4.200 F1500 A362.83272; Retract 
G1 X11.998 Y-11.940 Z4.200 F3000; Retract 
G1 X17.490 Y-14.288 Z4.200 F9000; Travel Move 
G1 X17.490 Y-14.288 Z4.200 F1500 A364.13272; Restart 
G1 X17.684 Y-14.094 Z4.200 F3818 A364.14229; Infill 
G1 X18.090 Y-14.248 Z4.200 F3818 A364.15747; Connection 
G1 X17.647 Y-14.692 Z4.200 F3818 A364.17939; Infill 
G1 X17.788 Y-15.110 Z4.200 F3818 A364.19484; Connection 
G1 X18.171 Y-14.727 Z4.200 F3818 A364.21377; Infill 
G1 X18.118 Y-15.341 Z4.200 F3818 A364.23529; Connection 
G1 X17.876 Y-15.582 Z4.200 F3818 A364.24721; Infill 
G1 X18.064 Y-15.954 Z4.200 F3818 A364.26179; Connection 
G1 X17.931 Y-16.087 Z4.200 F3818 A364.26839; Infill 
G1 X18.011 Y-16.567 Z4.200 F3818 A364.28540; Connection 
G1 X17.929 Y-16.649 Z4.200 F3818 A364.28944; Infill 
G1 X17.957 Y-17.181 Z4.200 F3818 A364.30805; Connection 
G1 X17.876 Y-17.262 Z4.200 F3818 A364.31209; Infill 
G1 X17.904 Y-17.794 Z4.200 F3818 A364.33070; Connection 
G1 X17.822 Y-17.876 Z4.200 F3818 A364.33474; Infill 
G1 X17.851 Y-18.408 Z4.200 F3818 A364.35336; Connection 
G1 X17.769 Y-18.489 Z4.200 F3818 A364.35740; Infill 
G1 X17.797 Y-19.021 Z4.200 F3818 A364.37601; Connection 
G1 X17.716 Y-19.103 Z4.200 F3818 A364.38005; Infill 
G1 X17.744 Y-19.634 Z4.200 F3818 A364.39866; Connection 
G1 X17.662 Y-19.716 Z4.200 F3818 A364.40270; Infill 
G1 X17.691 Y-20.248 Z4.200 F3818 A364.42132; Connection 
G1 X17.609 Y-20.329 Z4.200 F3818 A364.42536; Infill 
G1 X17.637 Y-20.861 Z4.200 F3818 A364.44397; Connection 
G1 X17.556 Y-20.943 Z4.200 F3818 A364.44801; Infill 
G1 X17.584 Y-21.474 Z4.200 F3818 A364.46662; Connection 
G1 X17.502 Y-21.556 Z4.200 F3818 A364.47066; Infill 
G1 X17.531 Y-22.088 Z4.200 F3818 A364.48927; Connection 
G1 X17.449 Y-22.169 Z4.200 F3818 A364.49331; Infill 
; Chunk 42 
; Lower Position  4.2 
; Upper Position  4.4 
; Thickness       0.2 
; Width           0.4 
G1 X17.449 Y-22.169 Z4.200 F1500 A363.19331; Retract 
G1 X17.449 Y-22.169 Z4.200 F3000; Retract 
G1 X17.449 Y-22.169 Z4.400 F1380; Travel Move 
G1 X17.122 Y-22.627 Z4.400 F9000; Travel Move 
G1 X17.122 Y-22.627 Z4.400 F1500 A364.49331; Restart 
G1 X17.650 Y-16.557 Z4.400 F3903 A364.70630; Inset 
G1 X17.642 Y-15.886 Z4.400 F3903 A364.72976; Inset 
G1 X17.494 Y-15.094 Z4.400 F3903 A364.75796; Inset 
G1 X17.236 Y-14.419 Z4.400 F3903 A364.78319; Inset 
G1 X16.917 Y-13.868 Z4.400 F3903 A364.80546; Inset 
G1 X16.480 Y-13.332 Z4.400 F3903 A364.82963; Inset 
G1 X18.512 Y-14.102 Z4.400 F3903 A364.90560; Inset 
G1 X17.765 Y-22.696 Z4.400 F3903 A365.20716; Inset 
G1 X17.752 Y-22.725 Z4.400 F3903 A365.20829; Inset 
G1 X17.122 Y-22.627 Z4.400 F3903 A365.23057; Inset 
G1 X17.122 Y-22.627 Z4.400 F1500 A363.93057; Retract 
G1 X17.122 Y-22.627 Z4.400 F3000; Retract 
G1 X8.170 Y-20.088 Z4.400 F9000; Travel Move 
G1 X8.170 Y-20.088 Z4.400 F1500 A365.23057; Restart 
G1 X8.165 Y-20.017 Z4.400 F3903 A365.23306; Inset 
G1 X8.993 Y-10.495 Z4.400 F3903 A365.56719; Inset 
G1 X13.054 Y-12.034 Z4.400 F3903 A365.71902; Inset 
G1 X12.402 Y-12.135 Z4.400 F3903 A365.74208; Inset 
G1 X11.717 Y-12.365 Z4.400 F3903 A365.76731; Inset 
G1 X11.082 Y-12.706 Z4.400 F3903 A365.79255; Inset 
G1 X10.513 Y-13.150 Z4.400 F3903 A365.81778; Inset 
G1 X10.027 Y-13.684 Z4.400 F3903 A365.84302; Inset 
G1 X9.639 Y-14.293 Z4.400 F3903 A365.86825; Inset 
G1 X9.359 Y-14.958 Z4.400 F3903 A365.89349; Inset 
G1 X9.197 Y-15.648 Z4.400 F3903 A365.91825; Inset 
G1 X8.790 Y-20.333 Z4.400 F3903 A366.08267; Inset 
G1 X8.170 Y-20.088 Z4.400 F3903 A366.10598; Inset 
G1 X8.170 Y-20.088 Z4.400 F1500 A364.80598; Retract 
G1 X8.170 Y-20.088 Z4.400 F3000; Retract 
G1 X7.905 Y-20.395 Z4.400 F9000; Travel Move 
G1 X7.905 Y-20.395 Z4.400 F1500 A366.10598; Restart 
G1 X7.823 Y-20.300 Z4.400 F3903 A366.11035; Inset 
G1 X7.776 Y-20.184 Z4.400 F3903 A366.11474; Inset 
G1 X7.763 Y-20.014 Z4.400 F3903 A366.12072; Inset 
G1 X8.714 Y-9.081 Z4.400 F3903 A366.50436; Inset 
G1 X9.023 Y-9.959 Z4.400 F3903 A366.53691; Inset 
G1 X9.208 Y-10.149 Z4.400 F3903 A366.54619; Inset 
G1 X18.937 Y-13.835 Z4.400 F3903 A366.90990; Inset 
G1 X18.162 Y-22.747 Z4.400 F3903 A367.22263; Inset 
M73 P46; Update Progress 
G1 X18.078 Y-22.976 Z4.400 F3903 A367.23115; Inset 
G1 X17.946 Y-23.083 Z4.400 F3903 A367.23708; Inset 
G1 X17.822 Y-23.125 Z4.400 F3903 A367.24167; Inset 
G1 X17.659 Y-23.126 Z4.400 F3903 A367.24736; Inset 
G1 X16.692 Y-22.958 Z4.400 F3903 A367.28168; Inset 
G1 X17.251 Y-16.533 Z4.400 F3903 A367.50716; Inset 
G1 X17.238 Y-15.859 Z4.400 F3903 A367.53073; Inset 
G1 X17.113 Y-15.217 Z4.400 F3903 A367.55359; Inset 
G1 X16.903 Y-14.651 Z4.400 F3903 A367.57468; Inset 
G1 X16.579 Y-14.083 Z4.400 F3903 A367.59754; Inset 
G1 X16.164 Y-13.578 Z4.400 F3903 A367.62040; Inset 
G1 X15.669 Y-13.150 Z4.400 F3903 A367.64326; Inset 
G1 X15.110 Y-12.812 Z4.400 F3903 A367.66612; Inset 
G1 X14.501 Y-12.574 Z4.400 F3903 A367.68899; Inset 
G1 X13.860 Y-12.442 Z4.400 F3903 A367.71185; Inset 
G1 X13.206 Y-12.421 Z4.400 F3903 A367.73471; Inset 
G1 X12.559 Y-12.510 Z4.400 F3903 A367.75757; Inset 
G1 X11.935 Y-12.707 Z4.400 F3903 A367.78043; Inset 
G1 X11.354 Y-13.007 Z4.400 F3903 A367.80330; Inset 
G1 X10.794 Y-13.435 Z4.400 F3903 A367.82793; Inset 
G1 X10.353 Y-13.917 Z4.400 F3903 A367.85080; Inset 
G1 X9.999 Y-14.467 Z4.400 F3903 A367.87366; Inset 
G1 X9.743 Y-15.069 Z4.400 F3903 A367.89652; Inset 
G1 X9.594 Y-15.697 Z4.400 F3903 A367.91909; Inset 
G1 X9.142 Y-20.894 Z4.400 F3903 A368.10143; Inset 
G1 X8.048 Y-20.481 Z4.400 F3903 A368.14232; Inset 
G1 X7.905 Y-20.395 Z4.400 F3903 A368.14816; Inset 
G1 X7.905 Y-20.395 Z4.400 F1500 A366.84816; Retract 
G1 X7.905 Y-20.395 Z4.400 F3000; Retract 
G1 X7.643 Y-20.705 Z4.400 F9000; Travel Move 
G1 X7.643 Y-20.705 Z4.400 F1500 A368.14816; Restart 
G1 X7.478 Y-20.512 Z4.400 F1735 A368.15705; Inset 
G1 X7.381 Y-20.277 Z4.400 F1735 A368.16594; Inset 
G1 X7.362 Y-20.011 Z4.400 F1735 A368.17526; Inset 
G1 X8.425 Y-7.784 Z4.400 F1735 A368.60431; Inset 
G1 X8.470 Y-7.520 Z4.400 F1735 A368.61368; Inset 
G1 X8.586 Y-7.510 Z4.400 F1735 A368.61774; Inset 
G1 X9.387 Y-9.789 Z4.400 F1735 A368.70218; Inset 
G1 X19.341 Y-13.561 Z4.400 F1735 A369.07433; Inset 
G1 X19.350 Y-13.706 Z4.400 F1735 A369.07941; Inset 
G1 X18.559 Y-22.799 Z4.400 F1735 A369.39849; Inset 
G1 X18.537 Y-22.929 Z4.400 F1735 A369.40309; Inset 
G1 X18.424 Y-23.184 Z4.400 F1735 A369.41286; Inset 
G1 X18.352 Y-23.275 Z4.400 F1735 A369.41689; Inset 
G1 X18.138 Y-23.440 Z4.400 F1735 A369.42636; Inset 
G1 X17.888 Y-23.525 Z4.400 F1735 A369.43557; Inset 
G1 X17.626 Y-23.526 Z4.400 F1735 A369.44475; Inset 
G1 X16.262 Y-23.290 Z4.400 F1735 A369.49315; Inset 
G1 X16.852 Y-16.503 Z4.400 F1735 A369.73130; Inset 
G1 X16.843 Y-15.924 Z4.400 F1735 A369.75156; Inset 
G1 X16.735 Y-15.348 Z4.400 F1735 A369.77205; Inset 
G1 X16.531 Y-14.798 Z4.400 F1735 A369.79254; Inset 
G1 X16.238 Y-14.291 Z4.400 F1735 A369.81304; Inset 
G1 X15.862 Y-13.841 Z4.400 F1735 A369.83353; Inset 
G1 X15.416 Y-13.460 Z4.400 F1735 A369.85402; Inset 
G1 X14.912 Y-13.161 Z4.400 F1735 A369.87451; Inset 
G1 X14.365 Y-12.951 Z4.400 F1735 A369.89500; Inset 
G1 X13.790 Y-12.836 Z4.400 F1735 A369.91550; Inset 
G1 X13.204 Y-12.821 Z4.400 F1735 A369.93599; Inset 
G1 X12.624 Y-12.904 Z4.400 F1735 A369.95649; Inset 
G1 X12.066 Y-13.085 Z4.400 F1735 A369.97698; Inset 
G1 X11.547 Y-13.357 Z4.400 F1735 A369.99747; Inset 
G1 X11.082 Y-13.713 Z4.400 F1735 A370.01796; Inset 
G1 X10.683 Y-14.143 Z4.400 F1735 A370.03846; Inset 
G1 X10.363 Y-14.634 Z4.400 F1735 A370.05895; Inset 
G1 X10.130 Y-15.172 Z4.400 F1735 A370.07944; Inset 
G1 X9.992 Y-15.740 Z4.400 F1735 A370.09987; Inset 
G1 X9.495 Y-21.454 Z4.400 F1735 A370.30039; Inset 
G1 X7.873 Y-20.843 Z4.400 F1735 A370.36099; Inset 
G1 X7.643 Y-20.705 Z4.400 F1735 A370.37036; Inset 
G1 X7.643 Y-20.705 Z4.400 F1500 A369.07036; Retract 
G1 X7.643 Y-20.705 Z4.400 F3000; Retract 
G1 X8.549 Y-19.795 Z4.400 F9000; Travel Move 
G1 X8.549 Y-19.795 Z4.400 F1500 A370.37036; Restart 
G1 X8.477 Y-19.723 Z4.400 F3903 A370.37393; Infill 
G1 X8.594 Y-19.280 Z4.400 F3903 A370.38995; Connection 
G1 X8.522 Y-19.208 Z4.400 F3903 A370.39351; Infill 
G1 X8.639 Y-18.764 Z4.400 F3903 A370.40953; Connection 
G1 X8.567 Y-18.692 Z4.400 F3903 A370.41310; Infill 
G1 X8.684 Y-18.249 Z4.400 F3903 A370.42912; Connection 
G1 X8.612 Y-18.177 Z4.400 F3903 A370.43268; Infill 
G1 X8.729 Y-17.734 Z4.400 F3903 A370.44870; Connection 
G1 X8.656 Y-17.662 Z4.400 F3903 A370.45227; Infill 
G1 X8.773 Y-17.219 Z4.400 F3903 A370.46829; Connection 
G1 X8.701 Y-17.147 Z4.400 F3903 A370.47185; Infill 
G1 X8.818 Y-16.704 Z4.400 F3903 A370.48787; Connection 
G1 X8.746 Y-16.632 Z4.400 F3903 A370.49144; Infill 
G1 X8.863 Y-16.188 Z4.400 F3903 A370.50746; Connection 
G1 X8.791 Y-16.116 Z4.400 F3903 A370.51102; Infill 
G1 X8.908 Y-15.673 Z4.400 F3903 A370.52704; Connection 
G1 X8.836 Y-15.601 Z4.400 F3903 A370.53061; Infill 
G1 X9.006 Y-15.211 Z4.400 F3903 A370.54548; Connection 
G1 X8.881 Y-15.086 Z4.400 F3903 A370.55167; Infill 
G1 X9.127 Y-14.772 Z4.400 F3903 A370.56561; Connection 
G1 X8.925 Y-14.571 Z4.400 F3903 A370.57557; Infill 
G1 X9.293 Y-14.378 Z4.400 F3903 A370.59007; Connection 
G1 X8.970 Y-14.055 Z4.400 F3903 A370.60601; Infill 
G1 X9.482 Y-14.007 Z4.400 F3903 A370.62397; Connection 
G1 X9.015 Y-13.540 Z4.400 F3903 A370.64705; Infill 
G1 X9.060 Y-13.025 Z4.400 F3903 A370.66513; Connection 
G1 X9.700 Y-13.665 Z4.400 F3903 A370.69678; Infill 
G1 X9.945 Y-13.350 Z4.400 F3903 A370.71073; Connection 
G1 X9.105 Y-12.510 Z4.400 F3903 A370.75227; Infill 
G1 X9.149 Y-11.995 Z4.400 F3903 A370.77035; Connection 
G1 X10.211 Y-13.057 Z4.400 F3903 A370.82285; Infill 
G1 X10.507 Y-12.792 Z4.400 F3903 A370.83672; Connection 
G1 X9.194 Y-11.479 Z4.400 F3903 A370.90162; Infill 
G1 X9.239 Y-10.964 Z4.400 F3903 A370.91970; Connection 
G1 X10.821 Y-12.546 Z4.400 F3903 A370.99793; Infill 
G1 X11.169 Y-12.334 Z4.400 F3903 A371.01218; Connection 
G1 X10.028 Y-11.194 Z4.400 F3903 A371.06858; Infill 
G1 X10.930 Y-11.535 Z4.400 F3903 A371.10229; Connection 
G1 X11.534 Y-12.139 Z4.400 F3903 A371.13212; Infill 
G1 X11.832 Y-11.877 Z4.400 F3903 A371.14600; Connection 
G1 X11.943 Y-11.988 Z4.400 F3903 A371.15147; Infill 
G1 X11.943 Y-11.988 Z4.400 F1500 A369.85147; Retract 
G1 X11.943 Y-11.988 Z4.400 F3000; Retract 
G1 X17.336 Y-14.021 Z4.400 F9000; Travel Move 
G1 X17.336 Y-14.021 Z4.400 F1500 A371.15147; Restart 
G1 X18.161 Y-14.845 Z4.400 F3903 A371.19222; Infill 
G1 X17.769 Y-15.013 Z4.400 F3903 A371.20713; Connection 
G1 X18.116 Y-15.361 Z4.400 F3903 A371.22429; Infill 
G1 X17.899 Y-15.704 Z4.400 F3903 A371.23849; Connection 
G1 X18.071 Y-15.876 Z4.400 F3903 A371.24698; Infill 
G1 X17.933 Y-16.298 Z4.400 F3903 A371.26250; Connection 
G1 X18.026 Y-16.391 Z4.400 F3903 A371.26710; Infill 
G1 X17.913 Y-16.838 Z4.400 F3903 A371.28321; Connection 
G1 X17.981 Y-16.906 Z4.400 F3903 A371.28661; Infill 
G1 X17.868 Y-17.353 Z4.400 F3903 A371.30271; Connection 
G1 X17.937 Y-17.422 Z4.400 F3903 A371.30611; Infill 
G1 X17.823 Y-17.868 Z4.400 F3903 A371.32222; Connection 
G1 X17.892 Y-17.937 Z4.400 F3903 A371.32561; Infill 
G1 X17.778 Y-18.383 Z4.400 F3903 A371.34172; Connection 
G1 X17.847 Y-18.452 Z4.400 F3903 A371.34511; Infill 
G1 X17.733 Y-18.899 Z4.400 F3903 A371.36122; Connection 
G1 X17.802 Y-18.967 Z4.400 F3903 A371.36461; Infill 
G1 X17.689 Y-19.414 Z4.400 F3903 A371.38072; Connection 
G1 X17.757 Y-19.482 Z4.400 F3903 A371.38412; Infill 
G1 X17.644 Y-19.929 Z4.400 F3903 A371.40022; Connection 
G1 X17.713 Y-19.998 Z4.400 F3903 A371.40362; Infill 
G1 X17.599 Y-20.444 Z4.400 F3903 A371.41973; Connection 
G1 X17.668 Y-20.513 Z4.400 F3903 A371.42312; Infill 
G1 X17.554 Y-20.959 Z4.400 F3903 A371.43923; Connection 
G1 X17.623 Y-21.028 Z4.400 F3903 A371.44262; Infill 
G1 X17.509 Y-21.475 Z4.400 F3903 A371.45873; Connection 
G1 X17.578 Y-21.543 Z4.400 F3903 A371.46212; Infill 
G1 X17.465 Y-21.990 Z4.400 F3903 A371.47823; Connection 
G1 X17.533 Y-22.059 Z4.400 F3903 A371.48162; Infill 
G1 X18.205 Y-14.330 Z4.400 F3903 A371.75282; Connection 
G1 X18.144 Y-14.268 Z4.400 F3903 A371.75588; Infill 
; Chunk 43 
; Lower Position  4.2 
; Upper Position  4.4 
; Thickness       0.2 
; Width           0.4 
G1 X18.144 Y-14.268 Z4.400 F1500 A370.45588; Retract 
G1 X18.144 Y-14.268 Z4.400 F3000; Retract 
G1 X18.632 Y-12.284 Z4.400 F9000; Travel Move 
G1 X18.632 Y-12.284 Z4.400 F1500 A371.75588; Restart 
G1 X18.632 Y-5.622 Z4.400 F3903 A371.98880; Support 
G1 X16.652 Y-3.594 Z4.400 F6505; Leaky Travel Move 
G1 X16.652 Y-11.293 Z4.400 F3903 A372.25795; Support 
G1 X14.672 Y-10.302 Z4.400 F6505; Leaky Travel Move 
G1 X14.672 Y-3.351 Z4.400 F3903 A372.50097; Support 
G1 X12.692 Y-4.029 Z4.400 F6505; Leaky Travel Move 
G1 X12.692 Y-9.311 Z4.400 F3903 A372.68565; Support 
G1 X10.712 Y-8.320 Z4.400 F6505; Leaky Travel Move 
G1 X10.712 Y-4.707 Z4.400 F3903 A372.81197; Support 
G1 X8.732 Y-5.609 Z4.400 F6505; Leaky Travel Move 
G1 X8.732 Y-6.356 Z4.400 F3903 A372.83808; Support 
; Chunk 44 
; Lower Position  4.4 
; Upper Position  4.6 
; Thickness       0.2 
; Width           0.4 
G1 X8.732 Y-6.356 Z4.400 F1500 A371.53808; Retract 
G1 X8.732 Y-6.356 Z4.400 F3000; Retract 
G1 X8.732 Y-6.356 Z4.600 F1380; Travel Move 
G1 X8.732 Y-6.356 Z4.600 F1500 A372.83808; Restart 
G1 X8.732 Y-5.609 Z4.600 F3818 A372.86419; Support 
G1 X10.712 Y-4.707 Z4.600 F6363; Leaky Travel Move 
G1 X10.712 Y-8.320 Z4.600 F3818 A372.99051; Support 
G1 X12.692 Y-9.311 Z4.600 F6363; Leaky Travel Move 
G1 X12.692 Y-4.029 Z4.600 F3818 A373.17518; Support 
G1 X14.672 Y-3.351 Z4.600 F6363; Leaky Travel Move 
G1 X14.672 Y-10.302 Z4.600 F3818 A373.41821; Support 
M73 P47; Update Progress 
G1 X16.652 Y-11.293 Z4.600 F6363; Leaky Travel Move 
G1 X16.652 Y-3.594 Z4.600 F3818 A373.68736; Support 
G1 X18.632 Y-5.622 Z4.600 F6363; Leaky Travel Move 
G1 X18.632 Y-12.284 Z4.600 F3818 A373.92027; Support 
; Chunk 45 
; Lower Position  4.4 
; Upper Position  4.6 
; Thickness       0.2 
; Width           0.4 
G1 X18.632 Y-12.284 Z4.600 F1500 A372.62027; Retract 
G1 X18.632 Y-12.284 Z4.600 F3000; Retract 
G1 X17.122 Y-22.627 Z4.600 F9000; Travel Move 
G1 X17.122 Y-22.627 Z4.600 F1500 A373.92027; Restart 
G1 X17.650 Y-16.557 Z4.600 F3818 A374.13326; Inset 
G1 X17.642 Y-15.886 Z4.600 F3818 A374.15672; Inset 
G1 X17.494 Y-15.094 Z4.600 F3818 A374.18492; Inset 
G1 X17.236 Y-14.419 Z4.600 F3818 A374.21015; Inset 
G1 X16.917 Y-13.868 Z4.600 F3818 A374.23242; Inset 
G1 X16.480 Y-13.332 Z4.600 F3818 A374.25659; Inset 
G1 X18.512 Y-14.102 Z4.600 F3818 A374.33256; Inset 
G1 X17.765 Y-22.696 Z4.600 F3818 A374.63412; Inset 
G1 X17.752 Y-22.725 Z4.600 F3818 A374.63525; Inset 
G1 X17.122 Y-22.627 Z4.600 F3818 A374.65753; Inset 
G1 X17.122 Y-22.627 Z4.600 F1500 A373.35753; Retract 
G1 X17.122 Y-22.627 Z4.600 F3000; Retract 
G1 X8.170 Y-20.088 Z4.600 F9000; Travel Move 
G1 X8.170 Y-20.088 Z4.600 F1500 A374.65753; Restart 
G1 X8.165 Y-20.017 Z4.600 F3818 A374.66002; Inset 
G1 X8.993 Y-10.495 Z4.600 F3818 A374.99415; Inset 
G1 X13.054 Y-12.034 Z4.600 F3818 A375.14597; Inset 
G1 X12.402 Y-12.135 Z4.600 F3818 A375.16904; Inset 
G1 X11.717 Y-12.365 Z4.600 F3818 A375.19427; Inset 
G1 X11.082 Y-12.706 Z4.600 F3818 A375.21951; Inset 
G1 X10.513 Y-13.150 Z4.600 F3818 A375.24474; Inset 
G1 X10.027 Y-13.684 Z4.600 F3818 A375.26998; Inset 
G1 X9.639 Y-14.293 Z4.600 F3818 A375.29521; Inset 
G1 X9.359 Y-14.958 Z4.600 F3818 A375.32045; Inset 
G1 X9.197 Y-15.648 Z4.600 F3818 A375.34520; Inset 
G1 X8.790 Y-20.333 Z4.600 F3818 A375.50963; Inset 
G1 X8.170 Y-20.088 Z4.600 F3818 A375.53294; Inset 
G1 X8.170 Y-20.088 Z4.600 F1500 A374.23294; Retract 
G1 X8.170 Y-20.088 Z4.600 F3000; Retract 
G1 X7.905 Y-20.395 Z4.600 F9000; Travel Move 
G1 X7.905 Y-20.395 Z4.600 F1500 A375.53294; Restart 
G1 X7.823 Y-20.300 Z4.600 F3818 A375.53731; Inset 
G1 X7.776 Y-20.184 Z4.600 F3818 A375.54170; Inset 
G1 X7.763 Y-20.014 Z4.600 F3818 A375.54768; Inset 
G1 X8.714 Y-9.081 Z4.600 F3818 A375.93133; Inset 
G1 X9.023 Y-9.959 Z4.600 F3818 A375.96387; Inset 
G1 X9.208 Y-10.149 Z4.600 F3818 A375.97315; Inset 
G1 X18.937 Y-13.835 Z4.600 F3818 A376.33686; Inset 
G1 X18.162 Y-22.747 Z4.600 F3818 A376.64960; Inset 
G1 X18.078 Y-22.976 Z4.600 F3818 A376.65812; Inset 
G1 X17.946 Y-23.083 Z4.600 F3818 A376.66404; Inset 
G1 X17.822 Y-23.125 Z4.600 F3818 A376.66864; Inset 
G1 X17.659 Y-23.126 Z4.600 F3818 A376.67432; Inset 
G1 X16.692 Y-22.958 Z4.600 F3818 A376.70864; Inset 
G1 X17.251 Y-16.533 Z4.600 F3818 A376.93412; Inset 
G1 X17.238 Y-15.859 Z4.600 F3818 A376.95769; Inset 
G1 X17.113 Y-15.217 Z4.600 F3818 A376.98056; Inset 
G1 X16.903 Y-14.651 Z4.600 F3818 A377.00164; Inset 
G1 X16.579 Y-14.083 Z4.600 F3818 A377.02450; Inset 
G1 X16.164 Y-13.578 Z4.600 F3818 A377.04736; Inset 
G1 X15.669 Y-13.150 Z4.600 F3818 A377.07023; Inset 
G1 X15.110 Y-12.812 Z4.600 F3818 A377.09309; Inset 
G1 X14.501 Y-12.574 Z4.600 F3818 A377.11595; Inset 
G1 X13.860 Y-12.442 Z4.600 F3818 A377.13881; Inset 
G1 X13.206 Y-12.421 Z4.600 F3818 A377.16167; Inset 
G1 X12.559 Y-12.510 Z4.600 F3818 A377.18453; Inset 
G1 X11.935 Y-12.707 Z4.600 F3818 A377.20740; Inset 
G1 X11.354 Y-13.007 Z4.600 F3818 A377.23026; Inset 
G1 X10.794 Y-13.435 Z4.600 F3818 A377.25490; Inset 
G1 X10.353 Y-13.917 Z4.600 F3818 A377.27776; Inset 
G1 X9.999 Y-14.467 Z4.600 F3818 A377.30062; Inset 
G1 X9.743 Y-15.069 Z4.600 F3818 A377.32348; Inset 
G1 X9.594 Y-15.697 Z4.600 F3818 A377.34606; Inset 
G1 X9.142 Y-20.894 Z4.600 F3818 A377.52840; Inset 
G1 X8.048 Y-20.481 Z4.600 F3818 A377.56928; Inset 
G1 X7.905 Y-20.395 Z4.600 F3818 A377.57512; Inset 
G1 X7.905 Y-20.395 Z4.600 F1500 A376.27512; Retract 
G1 X7.905 Y-20.395 Z4.600 F3000; Retract 
G1 X7.643 Y-20.705 Z4.600 F9000; Travel Move 
G1 X7.643 Y-20.705 Z4.600 F1500 A377.57512; Restart 
G1 X7.478 Y-20.512 Z4.600 F1697 A377.58400; Inset 
G1 X7.381 Y-20.277 Z4.600 F1697 A377.59289; Inset 
G1 X7.362 Y-20.011 Z4.600 F1697 A377.60222; Inset 
G1 X8.425 Y-7.784 Z4.600 F1697 A378.03127; Inset 
G1 X8.470 Y-7.520 Z4.600 F1697 A378.04064; Inset 
G1 X8.586 Y-7.510 Z4.600 F1697 A378.04470; Inset 
G1 X9.387 Y-9.789 Z4.600 F1697 A378.12914; Inset 
G1 X19.341 Y-13.561 Z4.600 F1697 A378.50129; Inset 
G1 X19.350 Y-13.706 Z4.600 F1697 A378.50637; Inset 
G1 X18.559 Y-22.799 Z4.600 F1697 A378.82545; Inset 
G1 X18.537 Y-22.929 Z4.600 F1697 A378.83005; Inset 
G1 X18.424 Y-23.184 Z4.600 F1697 A378.83982; Inset 
G1 X18.352 Y-23.275 Z4.600 F1697 A378.84385; Inset 
G1 X18.138 Y-23.440 Z4.600 F1697 A378.85332; Inset 
G1 X17.888 Y-23.525 Z4.600 F1697 A378.86253; Inset 
G1 X17.626 Y-23.526 Z4.600 F1697 A378.87171; Inset 
G1 X16.262 Y-23.290 Z4.600 F1697 A378.92011; Inset 
G1 X16.852 Y-16.503 Z4.600 F1697 A379.15826; Inset 
G1 X16.843 Y-15.924 Z4.600 F1697 A379.17852; Inset 
G1 X16.735 Y-15.348 Z4.600 F1697 A379.19901; Inset 
G1 X16.531 Y-14.798 Z4.600 F1697 A379.21950; Inset 
G1 X16.238 Y-14.291 Z4.600 F1697 A379.24000; Inset 
G1 X15.862 Y-13.841 Z4.600 F1697 A379.26049; Inset 
G1 X15.416 Y-13.460 Z4.600 F1697 A379.28098; Inset 
G1 X14.912 Y-13.161 Z4.600 F1697 A379.30147; Inset 
G1 X14.365 Y-12.951 Z4.600 F1697 A379.32197; Inset 
G1 X13.790 Y-12.836 Z4.600 F1697 A379.34246; Inset 
G1 X13.204 Y-12.821 Z4.600 F1697 A379.36295; Inset 
G1 X12.624 Y-12.904 Z4.600 F1697 A379.38345; Inset 
G1 X12.066 Y-13.085 Z4.600 F1697 A379.40394; Inset 
G1 X11.547 Y-13.357 Z4.600 F1697 A379.42443; Inset 
G1 X11.082 Y-13.713 Z4.600 F1697 A379.44492; Inset 
G1 X10.683 Y-14.143 Z4.600 F1697 A379.46542; Inset 
G1 X10.363 Y-14.634 Z4.600 F1697 A379.48591; Inset 
G1 X10.130 Y-15.172 Z4.600 F1697 A379.50640; Inset 
G1 X9.992 Y-15.740 Z4.600 F1697 A379.52683; Inset 
G1 X9.495 Y-21.454 Z4.600 F1697 A379.72735; Inset 
M73 P48; Update Progress 
G1 X7.873 Y-20.843 Z4.600 F1697 A379.78795; Inset 
G1 X7.643 Y-20.705 Z4.600 F1697 A379.79732; Inset 
G1 X7.643 Y-20.705 Z4.600 F1500 A378.49732; Retract 
G1 X7.643 Y-20.705 Z4.600 F3000; Retract 
G1 X8.505 Y-19.913 Z4.600 F9000; Travel Move 
G1 X8.505 Y-19.913 Z4.600 F1500 A379.79732; Restart 
G1 X8.542 Y-19.876 Z4.600 F3818 A379.79917; Infill 
G1 X8.510 Y-19.348 Z4.600 F3818 A379.81765; Connection 
G1 X8.596 Y-19.262 Z4.600 F3818 A379.82190; Infill 
G1 X8.563 Y-18.735 Z4.600 F3818 A379.84038; Connection 
G1 X8.649 Y-18.649 Z4.600 F3818 A379.84462; Infill 
G1 X8.617 Y-18.121 Z4.600 F3818 A379.86310; Connection 
G1 X8.702 Y-18.035 Z4.600 F3818 A379.86734; Infill 
G1 X8.670 Y-17.508 Z4.600 F3818 A379.88582; Connection 
G1 X8.756 Y-17.422 Z4.600 F3818 A379.89006; Infill 
G1 X8.723 Y-16.895 Z4.600 F3818 A379.90854; Connection 
G1 X8.809 Y-16.809 Z4.600 F3818 A379.91278; Infill 
G1 X8.777 Y-16.281 Z4.600 F3818 A379.93126; Connection 
G1 X8.862 Y-16.195 Z4.600 F3818 A379.93550; Infill 
G1 X8.830 Y-15.668 Z4.600 F3818 A379.95398; Connection 
G1 X8.920 Y-15.578 Z4.600 F3818 A379.95841; Infill 
G1 X8.883 Y-15.054 Z4.600 F3818 A379.97676; Connection 
G1 X9.098 Y-14.839 Z4.600 F3818 A379.98740; Infill 
G1 X8.937 Y-14.441 Z4.600 F3818 A380.00243; Connection 
G1 X9.678 Y-13.700 Z4.600 F3818 A380.03907; Infill 
G1 X8.990 Y-13.828 Z4.600 F3818 A380.06353; Connection 
G1 X11.186 Y-11.632 Z4.600 F3818 A380.17209; Infill 
G1 X10.779 Y-11.478 Z4.600 F3818 A380.18727; Connection 
G1 X9.043 Y-13.214 Z4.600 F3818 A380.27311; Infill 
G1 X9.097 Y-12.601 Z4.600 F3818 A380.29463; Connection 
G1 X10.373 Y-11.324 Z4.600 F3818 A380.35775; Infill 
G1 X9.967 Y-11.170 Z4.600 F3818 A380.37293; Connection 
G1 X9.150 Y-11.988 Z4.600 F3818 A380.41334; Infill 
G1 X9.203 Y-11.374 Z4.600 F3818 A380.43486; Connection 
G1 X9.561 Y-11.016 Z4.600 F3818 A380.45254; Infill 
G1 X10.866 Y-12.512 Z4.600 F3818 A380.52193; Connection 
G1 X11.592 Y-11.786 Z4.600 F3818 A380.55781; Infill 
G1 X11.954 Y-11.984 Z4.600 F3818 A380.57223; Connection 
G1 X11.998 Y-11.940 Z4.600 F3818 A380.57441; Infill 
G1 X11.998 Y-11.940 Z4.600 F1500 A379.27441; Retract 
G1 X11.998 Y-11.940 Z4.600 F3000; Retract 
G1 X17.490 Y-14.288 Z4.600 F9000; Travel Move 
G1 X17.490 Y-14.288 Z4.600 F1500 A380.57441; Restart 
G1 X17.684 Y-14.094 Z4.600 F3818 A380.58397; Infill 
G1 X18.090 Y-14.248 Z4.600 F3818 A380.59915; Connection 
G1 X17.647 Y-14.692 Z4.600 F3818 A380.62108; Infill 
G1 X17.788 Y-15.110 Z4.600 F3818 A380.63652; Connection 
G1 X18.171 Y-14.727 Z4.600 F3818 A380.65545; Infill 
G1 X18.118 Y-15.341 Z4.600 F3818 A380.67697; Connection 
G1 X17.876 Y-15.582 Z4.600 F3818 A380.68889; Infill 
G1 X18.064 Y-15.954 Z4.600 F3818 A380.70347; Connection 
G1 X17.931 Y-16.087 Z4.600 F3818 A380.71007; Infill 
G1 X18.011 Y-16.567 Z4.600 F3818 A380.72708; Connection 
G1 X17.929 Y-16.649 Z4.600 F3818 A380.73112; Infill 
G1 X17.957 Y-17.181 Z4.600 F3818 A380.74973; Connection 
G1 X17.876 Y-17.262 Z4.600 F3818 A380.75377; Infill 
G1 X17.904 Y-17.794 Z4.600 F3818 A380.77239; Connection 
G1 X17.822 Y-17.876 Z4.600 F3818 A380.77643; Infill 
G1 X17.851 Y-18.408 Z4.600 F3818 A380.79504; Connection 
G1 X17.769 Y-18.489 Z4.600 F3818 A380.79908; Infill 
G1 X17.797 Y-19.021 Z4.600 F3818 A380.81769; Connection 
G1 X17.716 Y-19.103 Z4.600 F3818 A380.82173; Infill 
G1 X17.744 Y-19.634 Z4.600 F3818 A380.84034; Connection 
G1 X17.662 Y-19.716 Z4.600 F3818 A380.84438; Infill 
G1 X17.691 Y-20.248 Z4.600 F3818 A380.86300; Connection 
G1 X17.609 Y-20.329 Z4.600 F3818 A380.86704; Infill 
G1 X17.637 Y-20.861 Z4.600 F3818 A380.88565; Connection 
G1 X17.556 Y-20.943 Z4.600 F3818 A380.88969; Infill 
G1 X17.584 Y-21.474 Z4.600 F3818 A380.90830; Connection 
G1 X17.502 Y-21.556 Z4.600 F3818 A380.91234; Infill 
G1 X17.531 Y-22.088 Z4.600 F3818 A380.93096; Connection 
G1 X17.449 Y-22.169 Z4.600 F3818 A380.93500; Infill 
; Chunk 46 
; Lower Position  4.6 
; Upper Position  4.8 
; Thickness       0.2 
; Width           0.4 
G1 X17.449 Y-22.169 Z4.600 F1500 A379.63500; Retract 
G1 X17.449 Y-22.169 Z4.600 F3000; Retract 
G1 X17.449 Y-22.169 Z4.800 F1380; Travel Move 
G1 X17.122 Y-22.627 Z4.800 F9000; Travel Move 
G1 X17.122 Y-22.627 Z4.800 F1500 A380.93500; Restart 
G1 X17.650 Y-16.557 Z4.800 F3903 A381.14798; Inset 
G1 X17.642 Y-15.886 Z4.800 F3903 A381.17144; Inset 
G1 X17.494 Y-15.094 Z4.800 F3903 A381.19964; Inset 
G1 X17.236 Y-14.419 Z4.800 F3903 A381.22487; Inset 
G1 X16.917 Y-13.868 Z4.800 F3903 A381.24715; Inset 
G1 X16.480 Y-13.332 Z4.800 F3903 A381.27131; Inset 
G1 X18.512 Y-14.102 Z4.800 F3903 A381.34729; Inset 
G1 X17.765 Y-22.696 Z4.800 F3903 A381.64884; Inset 
G1 X17.752 Y-22.725 Z4.800 F3903 A381.64997; Inset 
G1 X17.122 Y-22.627 Z4.800 F3903 A381.67225; Inset 
G1 X17.122 Y-22.627 Z4.800 F1500 A380.37225; Retract 
G1 X17.122 Y-22.627 Z4.800 F3000; Retract 
G1 X8.170 Y-20.088 Z4.800 F9000; Travel Move 
G1 X8.170 Y-20.088 Z4.800 F1500 A381.67225; Restart 
G1 X8.165 Y-20.017 Z4.800 F3903 A381.67475; Inset 
G1 X8.993 Y-10.495 Z4.800 F3903 A382.00887; Inset 
G1 X13.054 Y-12.034 Z4.800 F3903 A382.16070; Inset 
G1 X12.402 Y-12.135 Z4.800 F3903 A382.18376; Inset 
G1 X11.717 Y-12.365 Z4.800 F3903 A382.20900; Inset 
G1 X11.082 Y-12.706 Z4.800 F3903 A382.23423; Inset 
G1 X10.513 Y-13.150 Z4.800 F3903 A382.25947; Inset 
G1 X10.027 Y-13.684 Z4.800 F3903 A382.28470; Inset 
G1 X9.639 Y-14.293 Z4.800 F3903 A382.30994; Inset 
G1 X9.359 Y-14.958 Z4.800 F3903 A382.33517; Inset 
G1 X9.197 Y-15.648 Z4.800 F3903 A382.35993; Inset 
G1 X8.790 Y-20.333 Z4.800 F3903 A382.52436; Inset 
G1 X8.170 Y-20.088 Z4.800 F3903 A382.54766; Inset 
G1 X8.170 Y-20.088 Z4.800 F1500 A381.24766; Retract 
G1 X8.170 Y-20.088 Z4.800 F3000; Retract 
G1 X7.905 Y-20.395 Z4.800 F9000; Travel Move 
G1 X7.905 Y-20.395 Z4.800 F1500 A382.54766; Restart 
G1 X7.823 Y-20.301 Z4.800 F3903 A382.55203; Inset 
G1 X7.776 Y-20.185 Z4.800 F3903 A382.55641; Inset 
G1 X7.763 Y-20.014 Z4.800 F3903 A382.56240; Inset 
G1 X8.714 Y-9.081 Z4.800 F3903 A382.94605; Inset 
G1 X9.023 Y-9.959 Z4.800 F3903 A382.97859; Inset 
G1 X9.208 Y-10.149 Z4.800 F3903 A382.98787; Inset 
G1 X18.937 Y-13.835 Z4.800 F3903 A383.35158; Inset 
G1 X18.162 Y-22.747 Z4.800 F3903 A383.66432; Inset 
G1 X18.078 Y-22.976 Z4.800 F3903 A383.67284; Inset 
G1 X17.946 Y-23.083 Z4.800 F3903 A383.67876; Inset 
G1 X17.822 Y-23.125 Z4.800 F3903 A383.68336; Inset 
G1 X17.659 Y-23.126 Z4.800 F3903 A383.68904; Inset 
G1 X16.692 Y-22.958 Z4.800 F3903 A383.72336; Inset 
G1 X17.251 Y-16.533 Z4.800 F3903 A383.94884; Inset 
G1 X17.238 Y-15.859 Z4.800 F3903 A383.97242; Inset 
G1 X17.113 Y-15.217 Z4.800 F3903 A383.99528; Inset 
G1 X16.903 Y-14.651 Z4.800 F3903 A384.01636; Inset 
G1 X16.579 Y-14.083 Z4.800 F3903 A384.03922; Inset 
G1 X16.164 Y-13.578 Z4.800 F3903 A384.06209; Inset 
G1 X15.669 Y-13.150 Z4.800 F3903 A384.08495; Inset 
G1 X15.110 Y-12.812 Z4.800 F3903 A384.10781; Inset 
G1 X14.501 Y-12.574 Z4.800 F3903 A384.13067; Inset 
G1 X13.860 Y-12.442 Z4.800 F3903 A384.15353; Inset 
G1 X13.206 Y-12.421 Z4.800 F3903 A384.17639; Inset 
G1 X12.559 Y-12.510 Z4.800 F3903 A384.19926; Inset 
G1 X11.935 Y-12.707 Z4.800 F3903 A384.22212; Inset 
G1 X11.354 Y-13.007 Z4.800 F3903 A384.24498; Inset 
G1 X10.794 Y-13.435 Z4.800 F3903 A384.26962; Inset 
G1 X10.353 Y-13.917 Z4.800 F3903 A384.29248; Inset 
G1 X9.999 Y-14.467 Z4.800 F3903 A384.31534; Inset 
G1 X9.743 Y-15.069 Z4.800 F3903 A384.33820; Inset 
G1 X9.594 Y-15.697 Z4.800 F3903 A384.36078; Inset 
G1 X9.142 Y-20.894 Z4.800 F3903 A384.54312; Inset 
G1 X8.048 Y-20.481 Z4.800 F3903 A384.58400; Inset 
G1 X7.905 Y-20.395 Z4.800 F3903 A384.58985; Inset 
G1 X7.905 Y-20.395 Z4.800 F1500 A383.28985; Retract 
G1 X7.905 Y-20.395 Z4.800 F3000; Retract 
G1 X7.643 Y-20.705 Z4.800 F9000; Travel Move 
G1 X7.643 Y-20.705 Z4.800 F1500 A384.58985; Restart 
G1 X7.478 Y-20.512 Z4.800 F1735 A384.59873; Inset 
G1 X7.381 Y-20.277 Z4.800 F1735 A384.60761; Inset 
G1 X7.362 Y-20.011 Z4.800 F1735 A384.61695; Inset 
G1 X8.425 Y-7.784 Z4.800 F1735 A385.04599; Inset 
G1 X8.470 Y-7.520 Z4.800 F1735 A385.05536; Inset 
G1 X8.586 Y-7.510 Z4.800 F1735 A385.05942; Inset 
G1 X9.387 Y-9.789 Z4.800 F1735 A385.14387; Inset 
G1 X19.341 Y-13.561 Z4.800 F1735 A385.51601; Inset 
G1 X19.350 Y-13.706 Z4.800 F1735 A385.52110; Inset 
G1 X18.559 Y-22.799 Z4.800 F1735 A385.84017; Inset 
G1 X18.537 Y-22.929 Z4.800 F1735 A385.84478; Inset 
G1 X18.424 Y-23.184 Z4.800 F1735 A385.85455; Inset 
G1 X18.352 Y-23.275 Z4.800 F1735 A385.85858; Inset 
G1 X18.138 Y-23.440 Z4.800 F1735 A385.86805; Inset 
G1 X17.888 Y-23.525 Z4.800 F1735 A385.87725; Inset 
G1 X17.626 Y-23.526 Z4.800 F1735 A385.88644; Inset 
G1 X16.262 Y-23.290 Z4.800 F1735 A385.93484; Inset 
G1 X16.852 Y-16.503 Z4.800 F1735 A386.17299; Inset 
G1 X16.843 Y-15.924 Z4.800 F1735 A386.19325; Inset 
G1 X16.735 Y-15.348 Z4.800 F1735 A386.21374; Inset 
G1 X16.531 Y-14.798 Z4.800 F1735 A386.23423; Inset 
G1 X16.238 Y-14.291 Z4.800 F1735 A386.25472; Inset 
M73 P49; Update Progress 
G1 X15.862 Y-13.841 Z4.800 F1735 A386.27521; Inset 
G1 X15.416 Y-13.460 Z4.800 F1735 A386.29571; Inset 
G1 X14.912 Y-13.161 Z4.800 F1735 A386.31620; Inset 
G1 X14.365 Y-12.951 Z4.800 F1735 A386.33669; Inset 
G1 X13.790 Y-12.836 Z4.800 F1735 A386.35719; Inset 
G1 X13.204 Y-12.821 Z4.800 F1735 A386.37768; Inset 
G1 X12.624 Y-12.904 Z4.800 F1735 A386.39817; Inset 
G1 X12.066 Y-13.085 Z4.800 F1735 A386.41866; Inset 
G1 X11.547 Y-13.357 Z4.800 F1735 A386.43916; Inset 
G1 X11.082 Y-13.713 Z4.800 F1735 A386.45965; Inset 
G1 X10.683 Y-14.143 Z4.800 F1735 A386.48014; Inset 
G1 X10.363 Y-14.634 Z4.800 F1735 A386.50063; Inset 
G1 X10.130 Y-15.172 Z4.800 F1735 A386.52113; Inset 
G1 X9.992 Y-15.740 Z4.800 F1735 A386.54155; Inset 
G1 X9.495 Y-21.454 Z4.800 F1735 A386.74208; Inset 
G1 X7.873 Y-20.843 Z4.800 F1735 A386.80268; Inset 
G1 X7.643 Y-20.705 Z4.800 F1735 A386.81205; Inset 
G1 X7.643 Y-20.705 Z4.800 F1500 A385.51205; Retract 
G1 X7.643 Y-20.705 Z4.800 F3000; Retract 
G1 X8.549 Y-19.795 Z4.800 F9000; Travel Move 
G1 X8.549 Y-19.795 Z4.800 F1500 A386.81205; Restart 
G1 X8.477 Y-19.723 Z4.800 F3903 A386.81561; Infill 
G1 X8.594 Y-19.280 Z4.800 F3903 A386.83163; Connection 
G1 X8.522 Y-19.208 Z4.800 F3903 A386.83520; Infill 
G1 X8.639 Y-18.764 Z4.800 F3903 A386.85122; Connection 
G1 X8.567 Y-18.692 Z4.800 F3903 A386.85478; Infill 
G1 X8.684 Y-18.249 Z4.800 F3903 A386.87080; Connection 
G1 X8.612 Y-18.177 Z4.800 F3903 A386.87437; Infill 
G1 X8.729 Y-17.734 Z4.800 F3903 A386.89039; Connection 
G1 X8.656 Y-17.662 Z4.800 F3903 A386.89395; Infill 
G1 X8.773 Y-17.219 Z4.800 F3903 A386.90997; Connection 
G1 X8.701 Y-17.147 Z4.800 F3903 A386.91354; Infill 
G1 X8.818 Y-16.704 Z4.800 F3903 A386.92956; Connection 
G1 X8.746 Y-16.632 Z4.800 F3903 A386.93312; Infill 
G1 X8.863 Y-16.188 Z4.800 F3903 A386.94914; Connection 
G1 X8.791 Y-16.116 Z4.800 F3903 A386.95271; Infill 
G1 X8.908 Y-15.673 Z4.800 F3903 A386.96873; Connection 
G1 X8.836 Y-15.601 Z4.800 F3903 A386.97229; Infill 
G1 X9.006 Y-15.211 Z4.800 F3903 A386.98717; Connection 
G1 X8.881 Y-15.086 Z4.800 F3903 A386.99335; Infill 
G1 X9.127 Y-14.772 Z4.800 F3903 A387.00730; Connection 
G1 X8.925 Y-14.571 Z4.800 F3903 A387.01725; Infill 
G1 X9.293 Y-14.378 Z4.800 F3903 A387.03175; Connection 
G1 X8.970 Y-14.055 Z4.800 F3903 A387.04769; Infill 
G1 X9.482 Y-14.007 Z4.800 F3903 A387.06566; Connection 
G1 X9.015 Y-13.540 Z4.800 F3903 A387.08874; Infill 
G1 X9.060 Y-13.025 Z4.800 F3903 A387.10682; Connection 
G1 X9.700 Y-13.665 Z4.800 F3903 A387.13847; Infill 
G1 X9.945 Y-13.350 Z4.800 F3903 A387.15242; Connection 
G1 X9.105 Y-12.510 Z4.800 F3903 A387.19395; Infill 
G1 X9.149 Y-11.995 Z4.800 F3903 A387.21203; Connection 
G1 X10.211 Y-13.057 Z4.800 F3903 A387.26454; Infill 
G1 X10.507 Y-12.792 Z4.800 F3903 A387.27841; Connection 
G1 X9.194 Y-11.479 Z4.800 F3903 A387.34331; Infill 
G1 X9.239 Y-10.964 Z4.800 F3903 A387.36139; Connection 
G1 X10.821 Y-12.546 Z4.800 F3903 A387.43962; Infill 
G1 X11.169 Y-12.334 Z4.800 F3903 A387.45386; Connection 
G1 X10.028 Y-11.194 Z4.800 F3903 A387.51027; Infill 
G1 X10.930 Y-11.535 Z4.800 F3903 A387.54398; Connection 
G1 X11.534 Y-12.139 Z4.800 F3903 A387.57381; Infill 
G1 X11.832 Y-11.877 Z4.800 F3903 A387.58768; Connection 
G1 X11.943 Y-11.988 Z4.800 F3903 A387.59316; Infill 
G1 X11.943 Y-11.988 Z4.800 F1500 A386.29316; Retract 
G1 X11.943 Y-11.988 Z4.800 F3000; Retract 
G1 X17.336 Y-14.021 Z4.800 F9000; Travel Move 
G1 X17.336 Y-14.021 Z4.800 F1500 A387.59316; Restart 
G1 X18.161 Y-14.845 Z4.800 F3903 A387.63391; Infill 
G1 X17.769 Y-15.013 Z4.800 F3903 A387.64882; Connection 
G1 X18.116 Y-15.361 Z4.800 F3903 A387.66598; Infill 
G1 X17.899 Y-15.704 Z4.800 F3903 A387.68018; Connection 
G1 X18.071 Y-15.876 Z4.800 F3903 A387.68867; Infill 
G1 X17.933 Y-16.298 Z4.800 F3903 A387.70419; Connection 
G1 X18.026 Y-16.391 Z4.800 F3903 A387.70879; Infill 
G1 X17.913 Y-16.838 Z4.800 F3903 A387.72490; Connection 
G1 X17.981 Y-16.906 Z4.800 F3903 A387.72829; Infill 
G1 X17.868 Y-17.353 Z4.800 F3903 A387.74440; Connection 
G1 X17.937 Y-17.422 Z4.800 F3903 A387.74780; Infill 
G1 X17.823 Y-17.868 Z4.800 F3903 A387.76390; Connection 
G1 X17.892 Y-17.937 Z4.800 F3903 A387.76730; Infill 
G1 X17.778 Y-18.383 Z4.800 F3903 A387.78341; Connection 
G1 X17.847 Y-18.452 Z4.800 F3903 A387.78680; Infill 
G1 X17.733 Y-18.899 Z4.800 F3903 A387.80291; Connection 
G1 X17.802 Y-18.967 Z4.800 F3903 A387.80630; Infill 
G1 X17.689 Y-19.414 Z4.800 F3903 A387.82241; Connection 
G1 X17.757 Y-19.482 Z4.800 F3903 A387.82580; Infill 
G1 X17.644 Y-19.929 Z4.800 F3903 A387.84191; Connection 
G1 X17.713 Y-19.998 Z4.800 F3903 A387.84531; Infill 
G1 X17.599 Y-20.444 Z4.800 F3903 A387.86141; Connection 
G1 X17.668 Y-20.513 Z4.800 F3903 A387.86481; Infill 
G1 X17.554 Y-20.959 Z4.800 F3903 A387.88092; Connection 
G1 X17.623 Y-21.028 Z4.800 F3903 A387.88431; Infill 
G1 X17.509 Y-21.475 Z4.800 F3903 A387.90042; Connection 
G1 X17.578 Y-21.543 Z4.800 F3903 A387.90381; Infill 
G1 X17.465 Y-21.990 Z4.800 F3903 A387.91992; Connection 
G1 X17.533 Y-22.059 Z4.800 F3903 A387.92331; Infill 
G1 X18.205 Y-14.330 Z4.800 F3903 A388.19451; Connection 
G1 X18.144 Y-14.268 Z4.800 F3903 A388.19757; Infill 
; Chunk 47 
; Lower Position  4.6 
; Upper Position  4.8 
; Thickness       0.2 
; Width           0.4 
G1 X18.144 Y-14.268 Z4.800 F1500 A386.89757; Retract 
G1 X18.144 Y-14.268 Z4.800 F3000; Retract 
G1 X18.632 Y-12.284 Z4.800 F9000; Travel Move 
G1 X18.632 Y-12.284 Z4.800 F1500 A388.19757; Restart 
G1 X18.632 Y-5.622 Z4.800 F3903 A388.43049; Support 
G1 X16.652 Y-3.594 Z4.800 F6505; Leaky Travel Move 
G1 X16.652 Y-11.293 Z4.800 F3903 A388.69964; Support 
G1 X14.672 Y-10.302 Z4.800 F6505; Leaky Travel Move 
G1 X14.672 Y-3.351 Z4.800 F3903 A388.94266; Support 
G1 X12.692 Y-4.029 Z4.800 F6505; Leaky Travel Move 
G1 X12.692 Y-9.311 Z4.800 F3903 A389.12734; Support 
G1 X10.712 Y-8.320 Z4.800 F6505; Leaky Travel Move 
G1 X10.712 Y-4.707 Z4.800 F3903 A389.25366; Support 
G1 X8.732 Y-5.609 Z4.800 F6505; Leaky Travel Move 
G1 X8.732 Y-6.356 Z4.800 F3903 A389.27977; Support 
; Chunk 48 
; Lower Position  4.8 
; Upper Position  5 
; Thickness       0.2 
; Width           0.4 
G1 X8.732 Y-6.356 Z4.800 F1500 A387.97977; Retract 
G1 X8.732 Y-6.356 Z4.800 F3000; Retract 
G1 X8.732 Y-6.356 Z5.000 F1380; Travel Move 
G1 X8.732 Y-6.356 Z5.000 F1500 A389.27977; Restart 
G1 X8.732 Y-5.609 Z5.000 F3818 A389.30588; Support 
G1 X10.712 Y-4.707 Z5.000 F6363; Leaky Travel Move 
G1 X10.712 Y-8.320 Z5.000 F3818 A389.43220; Support 
G1 X12.692 Y-9.311 Z5.000 F6363; Leaky Travel Move 
G1 X12.692 Y-4.029 Z5.000 F3818 A389.61687; Support 
G1 X14.672 Y-3.351 Z5.000 F6363; Leaky Travel Move 
G1 X14.672 Y-10.302 Z5.000 F3818 A389.85990; Support 
G1 X16.652 Y-11.293 Z5.000 F6363; Leaky Travel Move 
G1 X16.652 Y-3.594 Z5.000 F3818 A390.12905; Support 
G1 X18.632 Y-5.622 Z5.000 F6363; Leaky Travel Move 
G1 X18.632 Y-12.284 Z5.000 F3818 A390.36196; Support 
; Chunk 49 
; Lower Position  4.8 
; Upper Position  5 
; Thickness       0.2 
; Width           0.4 
G1 X18.632 Y-12.284 Z5.000 F1500 A389.06196; Retract 
G1 X18.632 Y-12.284 Z5.000 F3000; Retract 
G1 X17.122 Y-22.627 Z5.000 F9000; Travel Move 
G1 X17.122 Y-22.627 Z5.000 F1500 A390.36196; Restart 
G1 X17.650 Y-16.557 Z5.000 F3818 A390.57495; Inset 
G1 X17.642 Y-15.886 Z5.000 F3818 A390.59841; Inset 
G1 X17.494 Y-15.094 Z5.000 F3818 A390.62660; Inset 
G1 X17.236 Y-14.419 Z5.000 F3818 A390.65184; Inset 
G1 X16.917 Y-13.868 Z5.000 F3818 A390.67411; Inset 
G1 X16.480 Y-13.332 Z5.000 F3818 A390.69828; Inset 
G1 X18.512 Y-14.102 Z5.000 F3818 A390.77425; Inset 
G1 X17.765 Y-22.696 Z5.000 F3818 A391.07581; Inset 
G1 X17.752 Y-22.725 Z5.000 F3818 A391.07694; Inset 
G1 X17.122 Y-22.627 Z5.000 F3818 A391.09922; Inset 
G1 X17.122 Y-22.627 Z5.000 F1500 A389.79922; Retract 
G1 X17.122 Y-22.627 Z5.000 F3000; Retract 
G1 X8.170 Y-20.088 Z5.000 F9000; Travel Move 
G1 X8.170 Y-20.088 Z5.000 F1500 A391.09922; Restart 
G1 X8.165 Y-20.017 Z5.000 F3818 A391.10172; Inset 
G1 X8.993 Y-10.495 Z5.000 F3818 A391.43584; Inset 
G1 X13.054 Y-12.034 Z5.000 F3818 A391.58766; Inset 
G1 X12.402 Y-12.135 Z5.000 F3818 A391.61073; Inset 
G1 X11.717 Y-12.365 Z5.000 F3818 A391.63596; Inset 
G1 X11.082 Y-12.706 Z5.000 F3818 A391.66120; Inset 
G1 X10.513 Y-13.150 Z5.000 F3818 A391.68643; Inset 
G1 X10.027 Y-13.684 Z5.000 F3818 A391.71167; Inset 
G1 X9.639 Y-14.293 Z5.000 F3818 A391.73690; Inset 
G1 X9.359 Y-14.958 Z5.000 F3818 A391.76214; Inset 
G1 X9.197 Y-15.648 Z5.000 F3818 A391.78689; Inset 
G1 X8.790 Y-20.333 Z5.000 F3818 A391.95132; Inset 
G1 X8.170 Y-20.088 Z5.000 F3818 A391.97463; Inset 
G1 X8.170 Y-20.088 Z5.000 F1500 A390.67463; Retract 
G1 X8.170 Y-20.088 Z5.000 F3000; Retract 
G1 X7.905 Y-20.395 Z5.000 F9000; Travel Move 
G1 X7.905 Y-20.395 Z5.000 F1500 A391.97463; Restart 
G1 X7.823 Y-20.301 Z5.000 F3818 A391.97899; Inset 
G1 X7.776 Y-20.185 Z5.000 F3818 A391.98337; Inset 
G1 X7.763 Y-20.014 Z5.000 F3818 A391.98937; Inset 
G1 X8.714 Y-9.081 Z5.000 F3818 A392.37302; Inset 
G1 X9.023 Y-9.959 Z5.000 F3818 A392.40556; Inset 
G1 X9.208 Y-10.149 Z5.000 F3818 A392.41484; Inset 
G1 X18.937 Y-13.835 Z5.000 F3818 A392.77855; Inset 
G1 X18.162 Y-22.747 Z5.000 F3818 A393.09129; Inset 
G1 X18.078 Y-22.976 Z5.000 F3818 A393.09981; Inset 
G1 X17.946 Y-23.083 Z5.000 F3818 A393.10573; Inset 
G1 X17.822 Y-23.125 Z5.000 F3818 A393.11033; Inset 
G1 X17.659 Y-23.126 Z5.000 F3818 A393.11601; Inset 
G1 X16.692 Y-22.958 Z5.000 F3818 A393.15033; Inset 
G1 X17.251 Y-16.533 Z5.000 F3818 A393.37581; Inset 
G1 X17.238 Y-15.859 Z5.000 F3818 A393.39938; Inset 
G1 X17.113 Y-15.217 Z5.000 F3818 A393.42225; Inset 
G1 X16.903 Y-14.651 Z5.000 F3818 A393.44333; Inset 
G1 X16.579 Y-14.083 Z5.000 F3818 A393.46619; Inset 
G1 X16.164 Y-13.578 Z5.000 F3818 A393.48905; Inset 
G1 X15.669 Y-13.150 Z5.000 F3818 A393.51191; Inset 
G1 X15.110 Y-12.812 Z5.000 F3818 A393.53478; Inset 
G1 X14.501 Y-12.574 Z5.000 F3818 A393.55764; Inset 
G1 X13.860 Y-12.442 Z5.000 F3818 A393.58050; Inset 
G1 X13.206 Y-12.421 Z5.000 F3818 A393.60336; Inset 
G1 X12.559 Y-12.510 Z5.000 F3818 A393.62622; Inset 
G1 X11.935 Y-12.707 Z5.000 F3818 A393.64909; Inset 
G1 X11.354 Y-13.007 Z5.000 F3818 A393.67195; Inset 
G1 X10.794 Y-13.435 Z5.000 F3818 A393.69658; Inset 
G1 X10.353 Y-13.917 Z5.000 F3818 A393.71945; Inset 
G1 X9.999 Y-14.467 Z5.000 F3818 A393.74231; Inset 
G1 X9.743 Y-15.069 Z5.000 F3818 A393.76517; Inset 
G1 X9.594 Y-15.697 Z5.000 F3818 A393.78774; Inset 
G1 X9.142 Y-20.894 Z5.000 F3818 A393.97009; Inset 
M73 P50; Update Progress 
G1 X8.048 Y-20.481 Z5.000 F3818 A394.01097; Inset 
G1 X7.905 Y-20.395 Z5.000 F3818 A394.01681; Inset 
G1 X7.905 Y-20.395 Z5.000 F1500 A392.71681; Retract 
G1 X7.905 Y-20.395 Z5.000 F3000; Retract 
G1 X7.643 Y-20.705 Z5.000 F9000; Travel Move 
G1 X7.643 Y-20.705 Z5.000 F1500 A394.01681; Restart 
G1 X7.478 Y-20.512 Z5.000 F1697 A394.02569; Inset 
G1 X7.381 Y-20.277 Z5.000 F1697 A394.03457; Inset 
G1 X7.362 Y-20.011 Z5.000 F1697 A394.04392; Inset 
G1 X8.425 Y-7.784 Z5.000 F1697 A394.47296; Inset 
G1 X8.470 Y-7.520 Z5.000 F1697 A394.48233; Inset 
G1 X8.586 Y-7.510 Z5.000 F1697 A394.48639; Inset 
G1 X9.387 Y-9.789 Z5.000 F1697 A394.57084; Inset 
G1 X19.341 Y-13.561 Z5.000 F1697 A394.94298; Inset 
G1 X19.350 Y-13.706 Z5.000 F1697 A394.94807; Inset 
G1 X18.559 Y-22.799 Z5.000 F1697 A395.26714; Inset 
G1 X18.537 Y-22.929 Z5.000 F1697 A395.27175; Inset 
G1 X18.424 Y-23.184 Z5.000 F1697 A395.28151; Inset 
G1 X18.352 Y-23.275 Z5.000 F1697 A395.28555; Inset 
G1 X18.138 Y-23.440 Z5.000 F1697 A395.29501; Inset 
G1 X17.888 Y-23.525 Z5.000 F1697 A395.30422; Inset 
G1 X17.626 Y-23.526 Z5.000 F1697 A395.31340; Inset 
G1 X16.262 Y-23.290 Z5.000 F1697 A395.36181; Inset 
G1 X16.852 Y-16.503 Z5.000 F1697 A395.59996; Inset 
G1 X16.843 Y-15.924 Z5.000 F1697 A395.62021; Inset 
G1 X16.735 Y-15.348 Z5.000 F1697 A395.64070; Inset 
G1 X16.531 Y-14.798 Z5.000 F1697 A395.66120; Inset 
G1 X16.238 Y-14.291 Z5.000 F1697 A395.68169; Inset 
G1 X15.862 Y-13.841 Z5.000 F1697 A395.70218; Inset 
G1 X15.416 Y-13.460 Z5.000 F1697 A395.72268; Inset 
G1 X14.912 Y-13.161 Z5.000 F1697 A395.74317; Inset 
G1 X14.365 Y-12.951 Z5.000 F1697 A395.76366; Inset 
G1 X13.790 Y-12.836 Z5.000 F1697 A395.78416; Inset 
G1 X13.204 Y-12.821 Z5.000 F1697 A395.80464; Inset 
G1 X12.624 Y-12.904 Z5.000 F1697 A395.82514; Inset 
G1 X12.066 Y-13.085 Z5.000 F1697 A395.84563; Inset 
G1 X11.547 Y-13.357 Z5.000 F1697 A395.86612; Inset 
G1 X11.082 Y-13.713 Z5.000 F1697 A395.88662; Inset 
G1 X10.683 Y-14.143 Z5.000 F1697 A395.90711; Inset 
G1 X10.363 Y-14.634 Z5.000 F1697 A395.92760; Inset 
G1 X10.130 Y-15.172 Z5.000 F1697 A395.94809; Inset 
G1 X9.992 Y-15.740 Z5.000 F1697 A395.96852; Inset 
G1 X9.495 Y-21.454 Z5.000 F1697 A396.16904; Inset 
G1 X7.873 Y-20.843 Z5.000 F1697 A396.22964; Inset 
G1 X7.643 Y-20.705 Z5.000 F1697 A396.23901; Inset 
G1 X7.643 Y-20.705 Z5.000 F1500 A394.93901; Retract 
G1 X7.643 Y-20.705 Z5.000 F3000; Retract 
G1 X8.505 Y-19.913 Z5.000 F9000; Travel Move 
G1 X8.505 Y-19.913 Z5.000 F1500 A396.23901; Restart 
G1 X8.542 Y-19.876 Z5.000 F3818 A396.24086; Infill 
G1 X8.510 Y-19.348 Z5.000 F3818 A396.25934; Connection 
G1 X8.596 Y-19.262 Z5.000 F3818 A396.26358; Infill 
G1 X8.563 Y-18.735 Z5.000 F3818 A396.28206; Connection 
G1 X8.649 Y-18.649 Z5.000 F3818 A396.28630; Infill 
G1 X8.617 Y-18.121 Z5.000 F3818 A396.30478; Connection 
G1 X8.702 Y-18.035 Z5.000 F3818 A396.30903; Infill 
G1 X8.670 Y-17.508 Z5.000 F3818 A396.32750; Connection 
G1 X8.756 Y-17.422 Z5.000 F3818 A396.33175; Infill 
G1 X8.723 Y-16.895 Z5.000 F3818 A396.35023; Connection 
G1 X8.809 Y-16.809 Z5.000 F3818 A396.35447; Infill 
G1 X8.777 Y-16.281 Z5.000 F3818 A396.37295; Connection 
G1 X8.862 Y-16.195 Z5.000 F3818 A396.37719; Infill 
G1 X8.830 Y-15.668 Z5.000 F3818 A396.39567; Connection 
G1 X8.920 Y-15.578 Z5.000 F3818 A396.40010; Infill 
G1 X8.883 Y-15.054 Z5.000 F3818 A396.41845; Connection 
G1 X9.098 Y-14.839 Z5.000 F3818 A396.42909; Infill 
G1 X8.937 Y-14.441 Z5.000 F3818 A396.44412; Connection 
G1 X9.678 Y-13.700 Z5.000 F3818 A396.48076; Infill 
G1 X8.990 Y-13.828 Z5.000 F3818 A396.50522; Connection 
G1 X11.186 Y-11.632 Z5.000 F3818 A396.61378; Infill 
G1 X10.779 Y-11.478 Z5.000 F3818 A396.62896; Connection 
G1 X9.043 Y-13.214 Z5.000 F3818 A396.71480; Infill 
G1 X9.097 Y-12.601 Z5.000 F3818 A396.73632; Connection 
G1 X10.373 Y-11.324 Z5.000 F3818 A396.79944; Infill 
G1 X9.967 Y-11.170 Z5.000 F3818 A396.81463; Connection 
G1 X9.150 Y-11.988 Z5.000 F3818 A396.85503; Infill 
G1 X9.203 Y-11.374 Z5.000 F3818 A396.87656; Connection 
G1 X9.561 Y-11.016 Z5.000 F3818 A396.89424; Infill 
G1 X10.866 Y-12.512 Z5.000 F3818 A396.96362; Connection 
G1 X11.592 Y-11.786 Z5.000 F3818 A396.99950; Infill 
G1 X11.954 Y-11.984 Z5.000 F3818 A397.01393; Connection 
G1 X11.998 Y-11.940 Z5.000 F3818 A397.01610; Infill 
G1 X11.998 Y-11.940 Z5.000 F1500 A395.71610; Retract 
G1 X11.998 Y-11.940 Z5.000 F3000; Retract 
G1 X17.490 Y-14.288 Z5.000 F9000; Travel Move 
G1 X17.490 Y-14.288 Z5.000 F1500 A397.01610; Restart 
G1 X17.684 Y-14.094 Z5.000 F3818 A397.02566; Infill 
G1 X18.090 Y-14.248 Z5.000 F3818 A397.04085; Connection 
G1 X17.647 Y-14.692 Z5.000 F3818 A397.06277; Infill 
G1 X17.788 Y-15.110 Z5.000 F3818 A397.07822; Connection 
G1 X18.171 Y-14.727 Z5.000 F3818 A397.09714; Infill 
G1 X18.118 Y-15.341 Z5.000 F3818 A397.11867; Connection 
G1 X17.876 Y-15.582 Z5.000 F3818 A397.13059; Infill 
G1 X18.064 Y-15.954 Z5.000 F3818 A397.14517; Connection 
G1 X17.931 Y-16.087 Z5.000 F3818 A397.15176; Infill 
G1 X18.011 Y-16.567 Z5.000 F3818 A397.16877; Connection 
G1 X17.929 Y-16.649 Z5.000 F3818 A397.17281; Infill 
G1 X17.957 Y-17.181 Z5.000 F3818 A397.19143; Connection 
G1 X17.876 Y-17.262 Z5.000 F3818 A397.19547; Infill 
G1 X17.904 Y-17.794 Z5.000 F3818 A397.21408; Connection 
G1 X17.822 Y-17.876 Z5.000 F3818 A397.21812; Infill 
G1 X17.851 Y-18.408 Z5.000 F3818 A397.23673; Connection 
G1 X17.769 Y-18.489 Z5.000 F3818 A397.24077; Infill 
G1 X17.797 Y-19.021 Z5.000 F3818 A397.25939; Connection 
G1 X17.716 Y-19.103 Z5.000 F3818 A397.26343; Infill 
G1 X17.744 Y-19.634 Z5.000 F3818 A397.28204; Connection 
G1 X17.662 Y-19.716 Z5.000 F3818 A397.28608; Infill 
G1 X17.691 Y-20.248 Z5.000 F3818 A397.30469; Connection 
G1 X17.609 Y-20.329 Z5.000 F3818 A397.30873; Infill 
G1 X17.637 Y-20.861 Z5.000 F3818 A397.32735; Connection 
G1 X17.556 Y-20.943 Z5.000 F3818 A397.33139; Infill 
G1 X17.584 Y-21.474 Z5.000 F3818 A397.35000; Connection 
G1 X17.502 Y-21.556 Z5.000 F3818 A397.35404; Infill 
G1 X17.531 Y-22.088 Z5.000 F3818 A397.37265; Connection 
G1 X17.449 Y-22.169 Z5.000 F3818 A397.37669; Infill 
; Chunk 50 
; Lower Position  5 
; Upper Position  5.2 
; Thickness       0.2 
; Width           0.4 
G1 X17.449 Y-22.169 Z5.000 F1500 A396.07669; Retract 
G1 X17.449 Y-22.169 Z5.000 F3000; Retract 
G1 X17.449 Y-22.169 Z5.200 F1380; Travel Move 
G1 X17.122 Y-22.627 Z5.200 F9000; Travel Move 
G1 X17.122 Y-22.627 Z5.200 F1500 A397.37669; Restart 
G1 X17.650 Y-16.557 Z5.200 F3903 A397.58968; Inset 
G1 X17.642 Y-15.886 Z5.200 F3903 A397.61314; Inset 
G1 X17.494 Y-15.094 Z5.200 F3903 A397.64133; Inset 
G1 X17.236 Y-14.419 Z5.200 F3903 A397.66657; Inset 
G1 X16.917 Y-13.868 Z5.200 F3903 A397.68884; Inset 
G1 X16.480 Y-13.332 Z5.200 F3903 A397.71301; Inset 
G1 X18.512 Y-14.102 Z5.200 F3903 A397.78898; Inset 
G1 X17.765 Y-22.696 Z5.200 F3903 A398.09054; Inset 
G1 X17.752 Y-22.725 Z5.200 F3903 A398.09167; Inset 
G1 X17.122 Y-22.627 Z5.200 F3903 A398.11395; Inset 
G1 X17.122 Y-22.627 Z5.200 F1500 A396.81395; Retract 
G1 X17.122 Y-22.627 Z5.200 F3000; Retract 
G1 X8.170 Y-20.088 Z5.200 F9000; Travel Move 
G1 X8.170 Y-20.088 Z5.200 F1500 A398.11395; Restart 
G1 X8.165 Y-20.017 Z5.200 F3903 A398.11645; Inset 
G1 X8.993 Y-10.495 Z5.200 F3903 A398.45057; Inset 
G1 X13.054 Y-12.034 Z5.200 F3903 A398.60240; Inset 
G1 X12.402 Y-12.135 Z5.200 F3903 A398.62546; Inset 
G1 X11.717 Y-12.365 Z5.200 F3903 A398.65069; Inset 
G1 X11.082 Y-12.706 Z5.200 F3903 A398.67593; Inset 
G1 X10.513 Y-13.150 Z5.200 F3903 A398.70116; Inset 
G1 X10.027 Y-13.684 Z5.200 F3903 A398.72640; Inset 
G1 X9.639 Y-14.293 Z5.200 F3903 A398.75163; Inset 
G1 X9.359 Y-14.958 Z5.200 F3903 A398.77687; Inset 
G1 X9.197 Y-15.648 Z5.200 F3903 A398.80163; Inset 
G1 X8.790 Y-20.333 Z5.200 F3903 A398.96605; Inset 
G1 X8.170 Y-20.088 Z5.200 F3903 A398.98936; Inset 
G1 X8.170 Y-20.088 Z5.200 F1500 A397.68936; Retract 
G1 X8.170 Y-20.088 Z5.200 F3000; Retract 
G1 X7.905 Y-20.395 Z5.200 F9000; Travel Move 
G1 X7.905 Y-20.395 Z5.200 F1500 A398.98936; Restart 
G1 X7.823 Y-20.301 Z5.200 F3903 A398.99372; Inset 
G1 X7.776 Y-20.185 Z5.200 F3903 A398.99810; Inset 
G1 X7.763 Y-20.014 Z5.200 F3903 A399.00410; Inset 
G1 X8.714 Y-9.081 Z5.200 F3903 A399.38774; Inset 
G1 X9.023 Y-9.959 Z5.200 F3903 A399.42029; Inset 
G1 X9.208 Y-10.149 Z5.200 F3903 A399.42957; Inset 
G1 X18.937 Y-13.835 Z5.200 F3903 A399.79328; Inset 
G1 X18.162 Y-22.747 Z5.200 F3903 A400.10602; Inset 
M73 P51; Update Progress 
G1 X18.078 Y-22.976 Z5.200 F3903 A400.11454; Inset 
G1 X17.946 Y-23.083 Z5.200 F3903 A400.12046; Inset 
G1 X17.822 Y-23.125 Z5.200 F3903 A400.12505; Inset 
G1 X17.659 Y-23.126 Z5.200 F3903 A400.13074; Inset 
G1 X16.692 Y-22.958 Z5.200 F3903 A400.16506; Inset 
G1 X17.251 Y-16.533 Z5.200 F3903 A400.39054; Inset 
G1 X17.238 Y-15.859 Z5.200 F3903 A400.41411; Inset 
G1 X17.113 Y-15.217 Z5.200 F3903 A400.43698; Inset 
G1 X16.903 Y-14.651 Z5.200 F3903 A400.45806; Inset 
G1 X16.579 Y-14.083 Z5.200 F3903 A400.48092; Inset 
G1 X16.164 Y-13.578 Z5.200 F3903 A400.50378; Inset 
G1 X15.669 Y-13.150 Z5.200 F3903 A400.52664; Inset 
G1 X15.110 Y-12.812 Z5.200 F3903 A400.54951; Inset 
G1 X14.501 Y-12.574 Z5.200 F3903 A400.57237; Inset 
G1 X13.860 Y-12.442 Z5.200 F3903 A400.59523; Inset 
G1 X13.206 Y-12.421 Z5.200 F3903 A400.61809; Inset 
G1 X12.559 Y-12.510 Z5.200 F3903 A400.64095; Inset 
G1 X11.935 Y-12.707 Z5.200 F3903 A400.66381; Inset 
G1 X11.354 Y-13.007 Z5.200 F3903 A400.68668; Inset 
G1 X10.794 Y-13.435 Z5.200 F3903 A400.71131; Inset 
G1 X10.353 Y-13.917 Z5.200 F3903 A400.73418; Inset 
G1 X9.999 Y-14.467 Z5.200 F3903 A400.75704; Inset 
G1 X9.743 Y-15.069 Z5.200 F3903 A400.77990; Inset 
G1 X9.594 Y-15.697 Z5.200 F3903 A400.80247; Inset 
G1 X9.142 Y-20.894 Z5.200 F3903 A400.98482; Inset 
G1 X8.048 Y-20.481 Z5.200 F3903 A401.02570; Inset 
G1 X7.905 Y-20.395 Z5.200 F3903 A401.03154; Inset 
G1 X7.905 Y-20.395 Z5.200 F1500 A399.73154; Retract 
G1 X7.905 Y-20.395 Z5.200 F3000; Retract 
G1 X7.643 Y-20.705 Z5.200 F9000; Travel Move 
G1 X7.643 Y-20.705 Z5.200 F1500 A401.03154; Restart 
G1 X7.478 Y-20.512 Z5.200 F1735 A401.04041; Inset 
G1 X7.381 Y-20.277 Z5.200 F1735 A401.04929; Inset 
G1 X7.362 Y-20.011 Z5.200 F1735 A401.05865; Inset 
G1 X8.425 Y-7.784 Z5.200 F1735 A401.48769; Inset 
G1 X8.470 Y-7.520 Z5.200 F1735 A401.49706; Inset 
G1 X8.586 Y-7.510 Z5.200 F1735 A401.50112; Inset 
G1 X9.387 Y-9.789 Z5.200 F1735 A401.58557; Inset 
G1 X19.341 Y-13.561 Z5.200 F1735 A401.95771; Inset 
G1 X19.350 Y-13.706 Z5.200 F1735 A401.96280; Inset 
G1 X18.559 Y-22.799 Z5.200 F1735 A402.28187; Inset 
G1 X18.537 Y-22.929 Z5.200 F1735 A402.28648; Inset 
G1 X18.424 Y-23.184 Z5.200 F1735 A402.29625; Inset 
G1 X18.352 Y-23.275 Z5.200 F1735 A402.30028; Inset 
G1 X18.138 Y-23.440 Z5.200 F1735 A402.30975; Inset 
G1 X17.888 Y-23.525 Z5.200 F1735 A402.31895; Inset 
G1 X17.626 Y-23.526 Z5.200 F1735 A402.32814; Inset 
G1 X16.262 Y-23.290 Z5.200 F1735 A402.37654; Inset 
G1 X16.852 Y-16.503 Z5.200 F1735 A402.61469; Inset 
G1 X16.843 Y-15.924 Z5.200 F1735 A402.63494; Inset 
G1 X16.735 Y-15.348 Z5.200 F1735 A402.65544; Inset 
G1 X16.531 Y-14.798 Z5.200 F1735 A402.67593; Inset 
G1 X16.238 Y-14.291 Z5.200 F1735 A402.69642; Inset 
G1 X15.862 Y-13.841 Z5.200 F1735 A402.71691; Inset 
G1 X15.416 Y-13.460 Z5.200 F1735 A402.73741; Inset 
G1 X14.912 Y-13.161 Z5.200 F1735 A402.75790; Inset 
G1 X14.365 Y-12.951 Z5.200 F1735 A402.77839; Inset 
G1 X13.790 Y-12.836 Z5.200 F1735 A402.79889; Inset 
G1 X13.204 Y-12.821 Z5.200 F1735 A402.81938; Inset 
G1 X12.624 Y-12.904 Z5.200 F1735 A402.83987; Inset 
G1 X12.066 Y-13.085 Z5.200 F1735 A402.86036; Inset 
G1 X11.547 Y-13.357 Z5.200 F1735 A402.88086; Inset 
G1 X11.082 Y-13.713 Z5.200 F1735 A402.90135; Inset 
G1 X10.683 Y-14.143 Z5.200 F1735 A402.92184; Inset 
G1 X10.363 Y-14.634 Z5.200 F1735 A402.94233; Inset 
G1 X10.130 Y-15.172 Z5.200 F1735 A402.96283; Inset 
G1 X9.992 Y-15.740 Z5.200 F1735 A402.98325; Inset 
G1 X9.495 Y-21.454 Z5.200 F1735 A403.18378; Inset 
G1 X7.873 Y-20.843 Z5.200 F1735 A403.24438; Inset 
G1 X7.643 Y-20.705 Z5.200 F1735 A403.25374; Inset 
G1 X7.643 Y-20.705 Z5.200 F1500 A401.95374; Retract 
G1 X7.643 Y-20.705 Z5.200 F3000; Retract 
G1 X8.549 Y-19.795 Z5.200 F9000; Travel Move 
G1 X8.549 Y-19.795 Z5.200 F1500 A403.25374; Restart 
G1 X8.477 Y-19.723 Z5.200 F3903 A403.25731; Infill 
G1 X8.594 Y-19.280 Z5.200 F3903 A403.27333; Connection 
G1 X8.522 Y-19.208 Z5.200 F3903 A403.27689; Infill 
G1 X8.639 Y-18.764 Z5.200 F3903 A403.29291; Connection 
G1 X8.567 Y-18.692 Z5.200 F3903 A403.29648; Infill 
G1 X8.684 Y-18.249 Z5.200 F3903 A403.31250; Connection 
G1 X8.612 Y-18.177 Z5.200 F3903 A403.31606; Infill 
G1 X8.729 Y-17.734 Z5.200 F3903 A403.33208; Connection 
G1 X8.656 Y-17.662 Z5.200 F3903 A403.33565; Infill 
G1 X8.773 Y-17.219 Z5.200 F3903 A403.35167; Connection 
G1 X8.701 Y-17.147 Z5.200 F3903 A403.35523; Infill 
G1 X8.818 Y-16.704 Z5.200 F3903 A403.37126; Connection 
G1 X8.746 Y-16.632 Z5.200 F3903 A403.37482; Infill 
G1 X8.863 Y-16.188 Z5.200 F3903 A403.39084; Connection 
G1 X8.791 Y-16.116 Z5.200 F3903 A403.39440; Infill 
G1 X8.908 Y-15.673 Z5.200 F3903 A403.41043; Connection 
G1 X8.836 Y-15.601 Z5.200 F3903 A403.41399; Infill 
G1 X9.006 Y-15.211 Z5.200 F3903 A403.42886; Connection 
G1 X8.881 Y-15.086 Z5.200 F3903 A403.43505; Infill 
G1 X9.127 Y-14.772 Z5.200 F3903 A403.44900; Connection 
G1 X8.925 Y-14.571 Z5.200 F3903 A403.45895; Infill 
G1 X9.293 Y-14.378 Z5.200 F3903 A403.47345; Connection 
G1 X8.970 Y-14.055 Z5.200 F3903 A403.48939; Infill 
G1 X9.482 Y-14.007 Z5.200 F3903 A403.50736; Connection 
G1 X9.015 Y-13.540 Z5.200 F3903 A403.53043; Infill 
G1 X9.060 Y-13.025 Z5.200 F3903 A403.54851; Connection 
G1 X9.700 Y-13.665 Z5.200 F3903 A403.58017; Infill 
G1 X9.945 Y-13.350 Z5.200 F3903 A403.59412; Connection 
G1 X9.105 Y-12.510 Z5.200 F3903 A403.63565; Infill 
G1 X9.149 Y-11.995 Z5.200 F3903 A403.65373; Connection 
G1 X10.211 Y-13.057 Z5.200 F3903 A403.70624; Infill 
G1 X10.507 Y-12.792 Z5.200 F3903 A403.72010; Connection 
G1 X9.194 Y-11.479 Z5.200 F3903 A403.78500; Infill 
G1 X9.239 Y-10.964 Z5.200 F3903 A403.80308; Connection 
G1 X10.821 Y-12.546 Z5.200 F3903 A403.88132; Infill 
G1 X11.169 Y-12.334 Z5.200 F3903 A403.89556; Connection 
G1 X10.028 Y-11.194 Z5.200 F3903 A403.95197; Infill 
G1 X10.930 Y-11.535 Z5.200 F3903 A403.98568; Connection 
G1 X11.534 Y-12.139 Z5.200 F3903 A404.01551; Infill 
G1 X11.832 Y-11.877 Z5.200 F3903 A404.02938; Connection 
G1 X11.943 Y-11.988 Z5.200 F3903 A404.03486; Infill 
G1 X11.943 Y-11.988 Z5.200 F1500 A402.73486; Retract 
G1 X11.943 Y-11.988 Z5.200 F3000; Retract 
G1 X17.336 Y-14.021 Z5.200 F9000; Travel Move 
G1 X17.336 Y-14.021 Z5.200 F1500 A404.03486; Restart 
G1 X18.161 Y-14.845 Z5.200 F3903 A404.07560; Infill 
G1 X17.769 Y-15.013 Z5.200 F3903 A404.09052; Connection 
G1 X18.116 Y-15.361 Z5.200 F3903 A404.10768; Infill 
G1 X17.899 Y-15.704 Z5.200 F3903 A404.12188; Connection 
G1 X18.071 Y-15.876 Z5.200 F3903 A404.13036; Infill 
G1 X17.933 Y-16.298 Z5.200 F3903 A404.14589; Connection 
G1 X18.026 Y-16.391 Z5.200 F3903 A404.15049; Infill 
G1 X17.913 Y-16.838 Z5.200 F3903 A404.16660; Connection 
G1 X17.981 Y-16.906 Z5.200 F3903 A404.16999; Infill 
G1 X17.868 Y-17.353 Z5.200 F3903 A404.18610; Connection 
G1 X17.937 Y-17.422 Z5.200 F3903 A404.18950; Infill 
G1 X17.823 Y-17.868 Z5.200 F3903 A404.20560; Connection 
G1 X17.892 Y-17.937 Z5.200 F3903 A404.20900; Infill 
G1 X17.778 Y-18.383 Z5.200 F3903 A404.22511; Connection 
G1 X17.847 Y-18.452 Z5.200 F3903 A404.22850; Infill 
G1 X17.733 Y-18.899 Z5.200 F3903 A404.24461; Connection 
G1 X17.802 Y-18.967 Z5.200 F3903 A404.24800; Infill 
G1 X17.689 Y-19.414 Z5.200 F3903 A404.26411; Connection 
G1 X17.757 Y-19.482 Z5.200 F3903 A404.26750; Infill 
G1 X17.644 Y-19.929 Z5.200 F3903 A404.28361; Connection 
G1 X17.713 Y-19.998 Z5.200 F3903 A404.28700; Infill 
G1 X17.599 Y-20.444 Z5.200 F3903 A404.30311; Connection 
G1 X17.668 Y-20.513 Z5.200 F3903 A404.30651; Infill 
G1 X17.554 Y-20.959 Z5.200 F3903 A404.32262; Connection 
G1 X17.623 Y-21.028 Z5.200 F3903 A404.32601; Infill 
G1 X17.509 Y-21.475 Z5.200 F3903 A404.34212; Connection 
G1 X17.578 Y-21.543 Z5.200 F3903 A404.34551; Infill 
G1 X17.465 Y-21.990 Z5.200 F3903 A404.36162; Connection 
G1 X17.533 Y-22.059 Z5.200 F3903 A404.36501; Infill 
G1 X18.205 Y-14.330 Z5.200 F3903 A404.63621; Connection 
G1 X18.144 Y-14.268 Z5.200 F3903 A404.63927; Infill 
; Chunk 51 
; Lower Position  5 
; Upper Position  5.2 
; Thickness       0.2 
; Width           0.4 
G1 X18.144 Y-14.268 Z5.200 F1500 A403.33927; Retract 
G1 X18.144 Y-14.268 Z5.200 F3000; Retract 
G1 X18.632 Y-12.284 Z5.200 F9000; Travel Move 
G1 X18.632 Y-12.284 Z5.200 F1500 A404.63927; Restart 
G1 X18.632 Y-5.622 Z5.200 F3903 A404.87219; Support 
G1 X16.652 Y-3.594 Z5.200 F6505; Leaky Travel Move 
G1 X16.652 Y-11.293 Z5.200 F3903 A405.14134; Support 
G1 X14.672 Y-10.302 Z5.200 F6505; Leaky Travel Move 
G1 X14.672 Y-3.351 Z5.200 F3903 A405.38436; Support 
G1 X12.692 Y-4.029 Z5.200 F6505; Leaky Travel Move 
G1 X12.692 Y-9.311 Z5.200 F3903 A405.56904; Support 
G1 X10.712 Y-8.320 Z5.200 F6505; Leaky Travel Move 
G1 X10.712 Y-4.707 Z5.200 F3903 A405.69536; Support 
G1 X8.732 Y-5.609 Z5.200 F6505; Leaky Travel Move 
G1 X8.732 Y-6.356 Z5.200 F3903 A405.72147; Support 
; Chunk 52 
; Lower Position  5.2 
; Upper Position  5.4 
; Thickness       0.2 
; Width           0.4 
G1 X8.732 Y-6.356 Z5.200 F1500 A404.42147; Retract 
G1 X8.732 Y-6.356 Z5.200 F3000; Retract 
G1 X8.732 Y-6.356 Z5.400 F1380; Travel Move 
G1 X8.732 Y-6.356 Z5.400 F1500 A405.72147; Restart 
G1 X8.732 Y-5.609 Z5.400 F3818 A405.74758; Support 
G1 X10.712 Y-4.707 Z5.400 F6363; Leaky Travel Move 
G1 X10.712 Y-8.320 Z5.400 F3818 A405.87390; Support 
G1 X12.692 Y-9.311 Z5.400 F6363; Leaky Travel Move 
G1 X12.692 Y-4.029 Z5.400 F3818 A406.05857; Support 
G1 X14.672 Y-3.351 Z5.400 F6363; Leaky Travel Move 
G1 X14.672 Y-10.302 Z5.400 F3818 A406.30160; Support 
M73 P52; Update Progress 
G1 X16.652 Y-11.293 Z5.400 F6363; Leaky Travel Move 
G1 X16.652 Y-3.594 Z5.400 F3818 A406.57075; Support 
G1 X18.632 Y-5.622 Z5.400 F6363; Leaky Travel Move 
G1 X18.632 Y-12.284 Z5.400 F3818 A406.80366; Support 
; Chunk 53 
; Lower Position  5.2 
; Upper Position  5.4 
; Thickness       0.2 
; Width           0.4 
G1 X18.632 Y-12.284 Z5.400 F1500 A405.50366; Retract 
G1 X18.632 Y-12.284 Z5.400 F3000; Retract 
G1 X17.122 Y-22.627 Z5.400 F9000; Travel Move 
G1 X17.122 Y-22.627 Z5.400 F1500 A406.80366; Restart 
G1 X17.650 Y-16.557 Z5.400 F3818 A407.01665; Inset 
G1 X17.642 Y-15.886 Z5.400 F3818 A407.04011; Inset 
G1 X17.494 Y-15.094 Z5.400 F3818 A407.06830; Inset 
G1 X17.236 Y-14.419 Z5.400 F3818 A407.09354; Inset 
G1 X16.917 Y-13.868 Z5.400 F3818 A407.11581; Inset 
G1 X16.480 Y-13.332 Z5.400 F3818 A407.13998; Inset 
G1 X18.512 Y-14.102 Z5.400 F3818 A407.21595; Inset 
G1 X17.765 Y-22.696 Z5.400 F3818 A407.51751; Inset 
G1 X17.752 Y-22.725 Z5.400 F3818 A407.51864; Inset 
G1 X17.122 Y-22.627 Z5.400 F3818 A407.54092; Inset 
G1 X17.122 Y-22.627 Z5.400 F1500 A406.24092; Retract 
G1 X17.122 Y-22.627 Z5.400 F3000; Retract 
G1 X8.170 Y-20.088 Z5.400 F9000; Travel Move 
G1 X8.170 Y-20.088 Z5.400 F1500 A407.54092; Restart 
G1 X8.165 Y-20.017 Z5.400 F3818 A407.54342; Inset 
G1 X8.993 Y-10.495 Z5.400 F3818 A407.87754; Inset 
G1 X13.054 Y-12.034 Z5.400 F3818 A408.02937; Inset 
G1 X12.402 Y-12.135 Z5.400 F3818 A408.05243; Inset 
G1 X11.717 Y-12.365 Z5.400 F3818 A408.07766; Inset 
G1 X11.082 Y-12.706 Z5.400 F3818 A408.10290; Inset 
G1 X10.513 Y-13.150 Z5.400 F3818 A408.12813; Inset 
G1 X10.027 Y-13.684 Z5.400 F3818 A408.15337; Inset 
G1 X9.639 Y-14.293 Z5.400 F3818 A408.17860; Inset 
G1 X9.359 Y-14.958 Z5.400 F3818 A408.20384; Inset 
G1 X9.197 Y-15.648 Z5.400 F3818 A408.22860; Inset 
G1 X8.790 Y-20.333 Z5.400 F3818 A408.39302; Inset 
G1 X8.170 Y-20.088 Z5.400 F3818 A408.41632; Inset 
G1 X8.170 Y-20.088 Z5.400 F1500 A407.11632; Retract 
G1 X8.170 Y-20.088 Z5.400 F3000; Retract 
G1 X7.905 Y-20.395 Z5.400 F9000; Travel Move 
G1 X7.905 Y-20.395 Z5.400 F1500 A408.41632; Restart 
G1 X7.823 Y-20.301 Z5.400 F3818 A408.42069; Inset 
G1 X7.776 Y-20.185 Z5.400 F3818 A408.42506; Inset 
G1 X7.763 Y-20.014 Z5.400 F3818 A408.43107; Inset 
G1 X8.714 Y-9.081 Z5.400 F3818 A408.81471; Inset 
G1 X9.023 Y-9.959 Z5.400 F3818 A408.84726; Inset 
G1 X9.208 Y-10.149 Z5.400 F3818 A408.85654; Inset 
G1 X18.937 Y-13.835 Z5.400 F3818 A409.22025; Inset 
G1 X18.162 Y-22.747 Z5.400 F3818 A409.53299; Inset 
G1 X18.078 Y-22.976 Z5.400 F3818 A409.54151; Inset 
G1 X17.946 Y-23.083 Z5.400 F3818 A409.54743; Inset 
G1 X17.822 Y-23.125 Z5.400 F3818 A409.55203; Inset 
G1 X17.659 Y-23.126 Z5.400 F3818 A409.55771; Inset 
G1 X16.692 Y-22.958 Z5.400 F3818 A409.59203; Inset 
G1 X17.251 Y-16.533 Z5.400 F3818 A409.81751; Inset 
G1 X17.238 Y-15.859 Z5.400 F3818 A409.84108; Inset 
G1 X17.113 Y-15.217 Z5.400 F3818 A409.86395; Inset 
G1 X16.903 Y-14.651 Z5.400 F3818 A409.88503; Inset 
G1 X16.579 Y-14.083 Z5.400 F3818 A409.90789; Inset 
G1 X16.164 Y-13.578 Z5.400 F3818 A409.93075; Inset 
G1 X15.669 Y-13.150 Z5.400 F3818 A409.95361; Inset 
G1 X15.110 Y-12.812 Z5.400 F3818 A409.97648; Inset 
G1 X14.501 Y-12.574 Z5.400 F3818 A409.99934; Inset 
G1 X13.860 Y-12.442 Z5.400 F3818 A410.02220; Inset 
G1 X13.206 Y-12.421 Z5.400 F3818 A410.04506; Inset 
G1 X12.559 Y-12.510 Z5.400 F3818 A410.06792; Inset 
G1 X11.935 Y-12.707 Z5.400 F3818 A410.09078; Inset 
G1 X11.354 Y-13.007 Z5.400 F3818 A410.11365; Inset 
G1 X10.794 Y-13.435 Z5.400 F3818 A410.13828; Inset 
G1 X10.353 Y-13.917 Z5.400 F3818 A410.16115; Inset 
G1 X9.999 Y-14.467 Z5.400 F3818 A410.18401; Inset 
G1 X9.743 Y-15.069 Z5.400 F3818 A410.20687; Inset 
G1 X9.594 Y-15.697 Z5.400 F3818 A410.22944; Inset 
G1 X9.142 Y-20.894 Z5.400 F3818 A410.41179; Inset 
G1 X8.048 Y-20.481 Z5.400 F3818 A410.45267; Inset 
G1 X7.905 Y-20.395 Z5.400 F3818 A410.45851; Inset 
G1 X7.905 Y-20.395 Z5.400 F1500 A409.15851; Retract 
G1 X7.905 Y-20.395 Z5.400 F3000; Retract 
G1 X7.643 Y-20.705 Z5.400 F9000; Travel Move 
G1 X7.643 Y-20.705 Z5.400 F1500 A410.45851; Restart 
G1 X7.478 Y-20.512 Z5.400 F1697 A410.46738; Inset 
G1 X7.381 Y-20.278 Z5.400 F1697 A410.47626; Inset 
G1 X7.362 Y-20.011 Z5.400 F1697 A410.48562; Inset 
G1 X8.425 Y-7.784 Z5.400 F1697 A410.91466; Inset 
G1 X8.470 Y-7.520 Z5.400 F1697 A410.92403; Inset 
G1 X8.586 Y-7.510 Z5.400 F1697 A410.92809; Inset 
G1 X9.387 Y-9.789 Z5.400 F1697 A411.01254; Inset 
G1 X19.341 Y-13.561 Z5.400 F1697 A411.38468; Inset 
G1 X19.350 Y-13.706 Z5.400 F1697 A411.38977; Inset 
G1 X18.559 Y-22.799 Z5.400 F1697 A411.70884; Inset 
G1 X18.537 Y-22.929 Z5.400 F1697 A411.71345; Inset 
G1 X18.424 Y-23.184 Z5.400 F1697 A411.72322; Inset 
G1 X18.352 Y-23.275 Z5.400 F1697 A411.72725; Inset 
G1 X18.138 Y-23.440 Z5.400 F1697 A411.73672; Inset 
G1 X17.888 Y-23.525 Z5.400 F1697 A411.74592; Inset 
G1 X17.626 Y-23.526 Z5.400 F1697 A411.75511; Inset 
G1 X16.262 Y-23.290 Z5.400 F1697 A411.80351; Inset 
G1 X16.852 Y-16.503 Z5.400 F1697 A412.04166; Inset 
G1 X16.843 Y-15.924 Z5.400 F1697 A412.06192; Inset 
G1 X16.735 Y-15.348 Z5.400 F1697 A412.08241; Inset 
G1 X16.531 Y-14.798 Z5.400 F1697 A412.10290; Inset 
G1 X16.238 Y-14.291 Z5.400 F1697 A412.12339; Inset 
G1 X15.862 Y-13.841 Z5.400 F1697 A412.14388; Inset 
G1 X15.416 Y-13.460 Z5.400 F1697 A412.16438; Inset 
G1 X14.912 Y-13.161 Z5.400 F1697 A412.18487; Inset 
G1 X14.365 Y-12.951 Z5.400 F1697 A412.20536; Inset 
G1 X13.790 Y-12.836 Z5.400 F1697 A412.22586; Inset 
G1 X13.204 Y-12.821 Z5.400 F1697 A412.24635; Inset 
G1 X12.624 Y-12.904 Z5.400 F1697 A412.26684; Inset 
G1 X12.066 Y-13.085 Z5.400 F1697 A412.28733; Inset 
G1 X11.547 Y-13.357 Z5.400 F1697 A412.30783; Inset 
G1 X11.082 Y-13.713 Z5.400 F1697 A412.32832; Inset 
G1 X10.683 Y-14.143 Z5.400 F1697 A412.34881; Inset 
G1 X10.363 Y-14.634 Z5.400 F1697 A412.36930; Inset 
G1 X10.130 Y-15.172 Z5.400 F1697 A412.38980; Inset 
G1 X9.992 Y-15.740 Z5.400 F1697 A412.41022; Inset 
G1 X9.495 Y-21.454 Z5.400 F1697 A412.61075; Inset 
M73 P53; Update Progress 
G1 X7.873 Y-20.843 Z5.400 F1697 A412.67135; Inset 
G1 X7.643 Y-20.705 Z5.400 F1697 A412.68071; Inset 
G1 X7.643 Y-20.705 Z5.400 F1500 A411.38071; Retract 
G1 X7.643 Y-20.705 Z5.400 F3000; Retract 
G1 X8.505 Y-19.913 Z5.400 F9000; Travel Move 
G1 X8.505 Y-19.913 Z5.400 F1500 A412.68071; Restart 
G1 X8.542 Y-19.876 Z5.400 F3818 A412.68256; Infill 
G1 X8.510 Y-19.348 Z5.400 F3818 A412.70104; Connection 
G1 X8.596 Y-19.262 Z5.400 F3818 A412.70528; Infill 
G1 X8.563 Y-18.735 Z5.400 F3818 A412.72376; Connection 
G1 X8.649 Y-18.649 Z5.400 F3818 A412.72800; Infill 
G1 X8.617 Y-18.121 Z5.400 F3818 A412.74648; Connection 
G1 X8.702 Y-18.035 Z5.400 F3818 A412.75072; Infill 
G1 X8.670 Y-17.508 Z5.400 F3818 A412.76920; Connection 
G1 X8.756 Y-17.422 Z5.400 F3818 A412.77344; Infill 
G1 X8.723 Y-16.895 Z5.400 F3818 A412.79192; Connection 
G1 X8.809 Y-16.809 Z5.400 F3818 A412.79616; Infill 
G1 X8.777 Y-16.281 Z5.400 F3818 A412.81464; Connection 
G1 X8.862 Y-16.195 Z5.400 F3818 A412.81889; Infill 
G1 X8.830 Y-15.668 Z5.400 F3818 A412.83736; Connection 
G1 X8.920 Y-15.578 Z5.400 F3818 A412.84180; Infill 
G1 X8.883 Y-15.054 Z5.400 F3818 A412.86015; Connection 
G1 X9.098 Y-14.839 Z5.400 F3818 A412.87079; Infill 
G1 X8.937 Y-14.441 Z5.400 F3818 A412.88582; Connection 
G1 X9.678 Y-13.700 Z5.400 F3818 A412.92246; Infill 
G1 X8.990 Y-13.828 Z5.400 F3818 A412.94692; Connection 
G1 X11.186 Y-11.632 Z5.400 F3818 A413.05548; Infill 
G1 X10.779 Y-11.478 Z5.400 F3818 A413.07066; Connection 
G1 X9.043 Y-13.214 Z5.400 F3818 A413.15650; Infill 
G1 X9.097 Y-12.601 Z5.400 F3818 A413.17802; Connection 
G1 X10.373 Y-11.324 Z5.400 F3818 A413.24114; Infill 
G1 X9.967 Y-11.170 Z5.400 F3818 A413.25633; Connection 
G1 X9.150 Y-11.988 Z5.400 F3818 A413.29673; Infill 
G1 X9.203 Y-11.374 Z5.400 F3818 A413.31825; Connection 
G1 X9.561 Y-11.016 Z5.400 F3818 A413.33594; Infill 
G1 X10.866 Y-12.512 Z5.400 F3818 A413.40532; Connection 
G1 X11.592 Y-11.786 Z5.400 F3818 A413.44120; Infill 
G1 X11.954 Y-11.984 Z5.400 F3818 A413.45563; Connection 
G1 X11.998 Y-11.940 Z5.400 F3818 A413.45780; Infill 
G1 X11.998 Y-11.940 Z5.400 F1500 A412.15780; Retract 
G1 X11.998 Y-11.940 Z5.400 F3000; Retract 
G1 X17.490 Y-14.288 Z5.400 F9000; Travel Move 
G1 X17.490 Y-14.288 Z5.400 F1500 A413.45780; Restart 
G1 X17.684 Y-14.094 Z5.400 F3818 A413.46736; Infill 
G1 X18.090 Y-14.248 Z5.400 F3818 A413.48255; Connection 
G1 X17.647 Y-14.692 Z5.400 F3818 A413.50447; Infill 
G1 X17.788 Y-15.110 Z5.400 F3818 A413.51992; Connection 
G1 X18.171 Y-14.727 Z5.400 F3818 A413.53884; Infill 
G1 X18.118 Y-15.341 Z5.400 F3818 A413.56037; Connection 
G1 X17.876 Y-15.582 Z5.400 F3818 A413.57229; Infill 
G1 X18.064 Y-15.954 Z5.400 F3818 A413.58686; Connection 
G1 X17.931 Y-16.087 Z5.400 F3818 A413.59346; Infill 
G1 X18.011 Y-16.567 Z5.400 F3818 A413.61047; Connection 
G1 X17.929 Y-16.649 Z5.400 F3818 A413.61451; Infill 
G1 X17.957 Y-17.181 Z5.400 F3818 A413.63313; Connection 
G1 X17.876 Y-17.262 Z5.400 F3818 A413.63717; Infill 
G1 X17.904 Y-17.794 Z5.400 F3818 A413.65578; Connection 
G1 X17.822 Y-17.876 Z5.400 F3818 A413.65982; Infill 
G1 X17.851 Y-18.408 Z5.400 F3818 A413.67843; Connection 
G1 X17.769 Y-18.489 Z5.400 F3818 A413.68247; Infill 
G1 X17.797 Y-19.021 Z5.400 F3818 A413.70109; Connection 
G1 X17.716 Y-19.103 Z5.400 F3818 A413.70513; Infill 
G1 X17.744 Y-19.634 Z5.400 F3818 A413.72374; Connection 
G1 X17.662 Y-19.716 Z5.400 F3818 A413.72778; Infill 
G1 X17.691 Y-20.248 Z5.400 F3818 A413.74639; Connection 
G1 X17.609 Y-20.329 Z5.400 F3818 A413.75043; Infill 
G1 X17.637 Y-20.861 Z5.400 F3818 A413.76905; Connection 
G1 X17.556 Y-20.943 Z5.400 F3818 A413.77309; Infill 
G1 X17.584 Y-21.474 Z5.400 F3818 A413.79170; Connection 
G1 X17.502 Y-21.556 Z5.400 F3818 A413.79574; Infill 
G1 X17.531 Y-22.088 Z5.400 F3818 A413.81435; Connection 
G1 X17.449 Y-22.169 Z5.400 F3818 A413.81839; Infill 
; Chunk 54 
; Lower Position  5.4 
; Upper Position  5.6 
; Thickness       0.2 
; Width           0.4 
G1 X17.449 Y-22.169 Z5.400 F1500 A412.51839; Retract 
G1 X17.449 Y-22.169 Z5.400 F3000; Retract 
G1 X17.449 Y-22.169 Z5.600 F1380; Travel Move 
G1 X17.122 Y-22.627 Z5.600 F9000; Travel Move 
G1 X17.122 Y-22.627 Z5.600 F1500 A413.81839; Restart 
G1 X17.650 Y-16.557 Z5.600 F3903 A414.03138; Inset 
G1 X17.642 Y-15.886 Z5.600 F3903 A414.05484; Inset 
G1 X17.494 Y-15.094 Z5.600 F3903 A414.08303; Inset 
G1 X17.236 Y-14.419 Z5.600 F3903 A414.10827; Inset 
G1 X16.917 Y-13.868 Z5.600 F3903 A414.13054; Inset 
G1 X16.480 Y-13.332 Z5.600 F3903 A414.15471; Inset 
G1 X18.512 Y-14.102 Z5.600 F3903 A414.23068; Inset 
G1 X17.765 Y-22.696 Z5.600 F3903 A414.53224; Inset 
G1 X17.752 Y-22.725 Z5.600 F3903 A414.53337; Inset 
G1 X17.122 Y-22.627 Z5.600 F3903 A414.55565; Inset 
G1 X17.122 Y-22.627 Z5.600 F1500 A413.25565; Retract 
G1 X17.122 Y-22.627 Z5.600 F3000; Retract 
G1 X8.170 Y-20.088 Z5.600 F9000; Travel Move 
G1 X8.170 Y-20.088 Z5.600 F1500 A414.55565; Restart 
G1 X8.165 Y-20.017 Z5.600 F3903 A414.55815; Inset 
G1 X8.993 Y-10.495 Z5.600 F3903 A414.89227; Inset 
G1 X13.054 Y-12.034 Z5.600 F3903 A415.04410; Inset 
G1 X12.402 Y-12.135 Z5.600 F3903 A415.06716; Inset 
G1 X11.717 Y-12.365 Z5.600 F3903 A415.09239; Inset 
G1 X11.082 Y-12.706 Z5.600 F3903 A415.11763; Inset 
G1 X10.513 Y-13.150 Z5.600 F3903 A415.14286; Inset 
G1 X10.027 Y-13.684 Z5.600 F3903 A415.16810; Inset 
G1 X9.639 Y-14.293 Z5.600 F3903 A415.19333; Inset 
G1 X9.359 Y-14.958 Z5.600 F3903 A415.21857; Inset 
G1 X9.197 Y-15.648 Z5.600 F3903 A415.24333; Inset 
G1 X8.790 Y-20.333 Z5.600 F3903 A415.40775; Inset 
G1 X8.170 Y-20.088 Z5.600 F3903 A415.43105; Inset 
G1 X8.170 Y-20.088 Z5.600 F1500 A414.13105; Retract 
G1 X8.170 Y-20.088 Z5.600 F3000; Retract 
G1 X7.905 Y-20.395 Z5.600 F9000; Travel Move 
G1 X7.905 Y-20.395 Z5.600 F1500 A415.43105; Restart 
G1 X7.823 Y-20.301 Z5.600 F3903 A415.43542; Inset 
G1 X7.776 Y-20.185 Z5.600 F3903 A415.43979; Inset 
G1 X7.763 Y-20.014 Z5.600 F3903 A415.44580; Inset 
G1 X8.714 Y-9.081 Z5.600 F3903 A415.82945; Inset 
G1 X9.023 Y-9.959 Z5.600 F3903 A415.86199; Inset 
G1 X9.208 Y-10.149 Z5.600 F3903 A415.87127; Inset 
G1 X18.937 Y-13.835 Z5.600 F3903 A416.23498; Inset 
G1 X18.162 Y-22.747 Z5.600 F3903 A416.54772; Inset 
G1 X18.078 Y-22.976 Z5.600 F3903 A416.55624; Inset 
G1 X17.946 Y-23.083 Z5.600 F3903 A416.56216; Inset 
G1 X17.822 Y-23.125 Z5.600 F3903 A416.56676; Inset 
G1 X17.659 Y-23.126 Z5.600 F3903 A416.57244; Inset 
G1 X16.692 Y-22.958 Z5.600 F3903 A416.60676; Inset 
G1 X17.251 Y-16.533 Z5.600 F3903 A416.83224; Inset 
G1 X17.238 Y-15.859 Z5.600 F3903 A416.85581; Inset 
G1 X17.113 Y-15.217 Z5.600 F3903 A416.87868; Inset 
G1 X16.903 Y-14.651 Z5.600 F3903 A416.89976; Inset 
G1 X16.579 Y-14.083 Z5.600 F3903 A416.92262; Inset 
G1 X16.164 Y-13.578 Z5.600 F3903 A416.94548; Inset 
G1 X15.669 Y-13.150 Z5.600 F3903 A416.96834; Inset 
G1 X15.110 Y-12.812 Z5.600 F3903 A416.99121; Inset 
G1 X14.501 Y-12.574 Z5.600 F3903 A417.01407; Inset 
G1 X13.860 Y-12.442 Z5.600 F3903 A417.03693; Inset 
G1 X13.206 Y-12.421 Z5.600 F3903 A417.05979; Inset 
G1 X12.559 Y-12.510 Z5.600 F3903 A417.08265; Inset 
G1 X11.935 Y-12.707 Z5.600 F3903 A417.10552; Inset 
G1 X11.354 Y-13.007 Z5.600 F3903 A417.12838; Inset 
G1 X10.794 Y-13.435 Z5.600 F3903 A417.15301; Inset 
G1 X10.353 Y-13.917 Z5.600 F3903 A417.17588; Inset 
G1 X9.999 Y-14.467 Z5.600 F3903 A417.19874; Inset 
G1 X9.743 Y-15.069 Z5.600 F3903 A417.22160; Inset 
G1 X9.594 Y-15.697 Z5.600 F3903 A417.24418; Inset 
G1 X9.142 Y-20.894 Z5.600 F3903 A417.42652; Inset 
G1 X8.048 Y-20.481 Z5.600 F3903 A417.46740; Inset 
G1 X7.905 Y-20.395 Z5.600 F3903 A417.47324; Inset 
G1 X7.905 Y-20.395 Z5.600 F1500 A416.17324; Retract 
G1 X7.905 Y-20.395 Z5.600 F3000; Retract 
G1 X7.643 Y-20.705 Z5.600 F9000; Travel Move 
G1 X7.643 Y-20.705 Z5.600 F1500 A417.47324; Restart 
G1 X7.478 Y-20.513 Z5.600 F1735 A417.48211; Inset 
G1 X7.381 Y-20.278 Z5.600 F1735 A417.49098; Inset 
G1 X7.362 Y-20.011 Z5.600 F1735 A417.50035; Inset 
G1 X8.425 Y-7.784 Z5.600 F1735 A417.92939; Inset 
G1 X8.470 Y-7.520 Z5.600 F1735 A417.93876; Inset 
G1 X8.586 Y-7.510 Z5.600 F1735 A417.94282; Inset 
G1 X9.387 Y-9.789 Z5.600 F1735 A418.02727; Inset 
G1 X19.341 Y-13.561 Z5.600 F1735 A418.39942; Inset 
G1 X19.350 Y-13.706 Z5.600 F1735 A418.40450; Inset 
G1 X18.559 Y-22.799 Z5.600 F1735 A418.72357; Inset 
G1 X18.537 Y-22.929 Z5.600 F1735 A418.72818; Inset 
G1 X18.424 Y-23.184 Z5.600 F1735 A418.73795; Inset 
G1 X18.352 Y-23.275 Z5.600 F1735 A418.74198; Inset 
G1 X18.138 Y-23.440 Z5.600 F1735 A418.75145; Inset 
G1 X17.888 Y-23.525 Z5.600 F1735 A418.76065; Inset 
G1 X17.626 Y-23.526 Z5.600 F1735 A418.76984; Inset 
G1 X16.262 Y-23.290 Z5.600 F1735 A418.81824; Inset 
G1 X16.852 Y-16.503 Z5.600 F1735 A419.05639; Inset 
G1 X16.843 Y-15.924 Z5.600 F1735 A419.07665; Inset 
G1 X16.735 Y-15.348 Z5.600 F1735 A419.09714; Inset 
G1 X16.531 Y-14.798 Z5.600 F1735 A419.11763; Inset 
M73 P54; Update Progress 
G1 X16.238 Y-14.291 Z5.600 F1735 A419.13812; Inset 
G1 X15.862 Y-13.841 Z5.600 F1735 A419.15862; Inset 
G1 X15.416 Y-13.460 Z5.600 F1735 A419.17911; Inset 
G1 X14.912 Y-13.161 Z5.600 F1735 A419.19960; Inset 
G1 X14.365 Y-12.951 Z5.600 F1735 A419.22009; Inset 
G1 X13.790 Y-12.836 Z5.600 F1735 A419.24059; Inset 
G1 X13.204 Y-12.821 Z5.600 F1735 A419.26108; Inset 
G1 X12.624 Y-12.904 Z5.600 F1735 A419.28157; Inset 
G1 X12.066 Y-13.085 Z5.600 F1735 A419.30206; Inset 
G1 X11.547 Y-13.357 Z5.600 F1735 A419.32256; Inset 
G1 X11.082 Y-13.713 Z5.600 F1735 A419.34305; Inset 
G1 X10.683 Y-14.143 Z5.600 F1735 A419.36354; Inset 
G1 X10.363 Y-14.634 Z5.600 F1735 A419.38404; Inset 
G1 X10.130 Y-15.172 Z5.600 F1735 A419.40453; Inset 
G1 X9.992 Y-15.740 Z5.600 F1735 A419.42495; Inset 
G1 X9.495 Y-21.454 Z5.600 F1735 A419.62548; Inset 
G1 X7.873 Y-20.843 Z5.600 F1735 A419.68608; Inset 
G1 X7.643 Y-20.705 Z5.600 F1735 A419.69544; Inset 
G1 X7.643 Y-20.705 Z5.600 F1500 A418.39544; Retract 
G1 X7.643 Y-20.705 Z5.600 F3000; Retract 
G1 X8.549 Y-19.795 Z5.600 F9000; Travel Move 
G1 X8.549 Y-19.795 Z5.600 F1500 A419.69544; Restart 
G1 X8.477 Y-19.723 Z5.600 F3903 A419.69900; Infill 
G1 X8.594 Y-19.280 Z5.600 F3903 A419.71503; Connection 
G1 X8.522 Y-19.208 Z5.600 F3903 A419.71859; Infill 
G1 X8.639 Y-18.764 Z5.600 F3903 A419.73461; Connection 
G1 X8.567 Y-18.692 Z5.600 F3903 A419.73817; Infill 
G1 X8.684 Y-18.249 Z5.600 F3903 A419.75420; Connection 
G1 X8.612 Y-18.177 Z5.600 F3903 A419.75776; Infill 
G1 X8.729 Y-17.734 Z5.600 F3903 A419.77378; Connection 
G1 X8.656 Y-17.662 Z5.600 F3903 A419.77734; Infill 
G1 X8.773 Y-17.219 Z5.600 F3903 A419.79337; Connection 
G1 X8.701 Y-17.147 Z5.600 F3903 A419.79693; Infill 
G1 X8.818 Y-16.704 Z5.600 F3903 A419.81295; Connection 
G1 X8.746 Y-16.632 Z5.600 F3903 A419.81651; Infill 
G1 X8.863 Y-16.188 Z5.600 F3903 A419.83254; Connection 
G1 X8.791 Y-16.116 Z5.600 F3903 A419.83610; Infill 
G1 X8.908 Y-15.673 Z5.600 F3903 A419.85212; Connection 
G1 X8.836 Y-15.601 Z5.600 F3903 A419.85568; Infill 
G1 X9.006 Y-15.211 Z5.600 F3903 A419.87056; Connection 
G1 X8.881 Y-15.086 Z5.600 F3903 A419.87675; Infill 
G1 X9.127 Y-14.772 Z5.600 F3903 A419.89069; Connection 
G1 X8.925 Y-14.571 Z5.600 F3903 A419.90065; Infill 
G1 X9.293 Y-14.378 Z5.600 F3903 A419.91515; Connection 
G1 X8.970 Y-14.055 Z5.600 F3903 A419.93109; Infill 
G1 X9.482 Y-14.007 Z5.600 F3903 A419.94905; Connection 
G1 X9.015 Y-13.540 Z5.600 F3903 A419.97213; Infill 
G1 X9.060 Y-13.025 Z5.600 F3903 A419.99021; Connection 
G1 X9.700 Y-13.665 Z5.600 F3903 A420.02186; Infill 
G1 X9.945 Y-13.350 Z5.600 F3903 A420.03581; Connection 
G1 X9.105 Y-12.510 Z5.600 F3903 A420.07735; Infill 
G1 X9.149 Y-11.995 Z5.600 F3903 A420.09543; Connection 
G1 X10.211 Y-13.057 Z5.600 F3903 A420.14793; Infill 
G1 X10.507 Y-12.792 Z5.600 F3903 A420.16180; Connection 
G1 X9.194 Y-11.479 Z5.600 F3903 A420.22670; Infill 
G1 X9.239 Y-10.964 Z5.600 F3903 A420.24478; Connection 
G1 X10.821 Y-12.546 Z5.600 F3903 A420.32301; Infill 
G1 X11.169 Y-12.334 Z5.600 F3903 A420.33726; Connection 
G1 X10.028 Y-11.194 Z5.600 F3903 A420.39366; Infill 
G1 X10.930 Y-11.535 Z5.600 F3903 A420.42737; Connection 
G1 X11.534 Y-12.139 Z5.600 F3903 A420.45720; Infill 
G1 X11.832 Y-11.877 Z5.600 F3903 A420.47108; Connection 
G1 X11.943 Y-11.988 Z5.600 F3903 A420.47655; Infill 
G1 X11.943 Y-11.988 Z5.600 F1500 A419.17655; Retract 
G1 X11.943 Y-11.988 Z5.600 F3000; Retract 
G1 X17.336 Y-14.021 Z5.600 F9000; Travel Move 
G1 X17.336 Y-14.021 Z5.600 F1500 A420.47655; Restart 
G1 X18.161 Y-14.845 Z5.600 F3903 A420.51730; Infill 
G1 X17.769 Y-15.013 Z5.600 F3903 A420.53221; Connection 
G1 X18.116 Y-15.361 Z5.600 F3903 A420.54938; Infill 
G1 X17.899 Y-15.704 Z5.600 F3903 A420.56357; Connection 
G1 X18.071 Y-15.876 Z5.600 F3903 A420.57206; Infill 
G1 X17.933 Y-16.298 Z5.600 F3903 A420.58759; Connection 
G1 X18.026 Y-16.391 Z5.600 F3903 A420.59219; Infill 
G1 X17.913 Y-16.838 Z5.600 F3903 A420.60829; Connection 
G1 X17.981 Y-16.906 Z5.600 F3903 A420.61169; Infill 
G1 X17.868 Y-17.353 Z5.600 F3903 A420.62780; Connection 
G1 X17.937 Y-17.422 Z5.600 F3903 A420.63119; Infill 
G1 X17.823 Y-17.868 Z5.600 F3903 A420.64730; Connection 
G1 X17.892 Y-17.937 Z5.600 F3903 A420.65069; Infill 
G1 X17.778 Y-18.383 Z5.600 F3903 A420.66680; Connection 
G1 X17.847 Y-18.452 Z5.600 F3903 A420.67019; Infill 
G1 X17.733 Y-18.899 Z5.600 F3903 A420.68630; Connection 
G1 X17.802 Y-18.967 Z5.600 F3903 A420.68970; Infill 
G1 X17.689 Y-19.414 Z5.600 F3903 A420.70580; Connection 
G1 X17.757 Y-19.482 Z5.600 F3903 A420.70920; Infill 
G1 X17.644 Y-19.929 Z5.600 F3903 A420.72531; Connection 
G1 X17.713 Y-19.998 Z5.600 F3903 A420.72870; Infill 
G1 X17.599 Y-20.444 Z5.600 F3903 A420.74481; Connection 
G1 X17.668 Y-20.513 Z5.600 F3903 A420.74820; Infill 
G1 X17.554 Y-20.959 Z5.600 F3903 A420.76431; Connection 
G1 X17.623 Y-21.028 Z5.600 F3903 A420.76770; Infill 
G1 X17.509 Y-21.475 Z5.600 F3903 A420.78381; Connection 
G1 X17.578 Y-21.543 Z5.600 F3903 A420.78720; Infill 
G1 X17.465 Y-21.990 Z5.600 F3903 A420.80331; Connection 
G1 X17.533 Y-22.059 Z5.600 F3903 A420.80671; Infill 
G1 X18.205 Y-14.330 Z5.600 F3903 A421.07791; Connection 
G1 X18.144 Y-14.268 Z5.600 F3903 A421.08097; Infill 
; Chunk 55 
; Lower Position  5.4 
; Upper Position  5.6 
; Thickness       0.2 
; Width           0.4 
G1 X18.144 Y-14.268 Z5.600 F1500 A419.78097; Retract 
G1 X18.144 Y-14.268 Z5.600 F3000; Retract 
G1 X18.632 Y-12.284 Z5.600 F9000; Travel Move 
G1 X18.632 Y-12.284 Z5.600 F1500 A421.08097; Restart 
G1 X18.632 Y-5.622 Z5.600 F3903 A421.31388; Support 
G1 X16.652 Y-3.594 Z5.600 F6505; Leaky Travel Move 
G1 X16.652 Y-11.293 Z5.600 F3903 A421.58303; Support 
G1 X14.672 Y-10.302 Z5.600 F6505; Leaky Travel Move 
G1 X14.672 Y-3.351 Z5.600 F3903 A421.82606; Support 
G1 X12.692 Y-4.029 Z5.600 F6505; Leaky Travel Move 
G1 X12.692 Y-9.311 Z5.600 F3903 A422.01073; Support 
G1 X10.712 Y-8.320 Z5.600 F6505; Leaky Travel Move 
G1 X10.712 Y-4.707 Z5.600 F3903 A422.13705; Support 
G1 X8.732 Y-5.609 Z5.600 F6505; Leaky Travel Move 
G1 X8.732 Y-6.356 Z5.600 F3903 A422.16316; Support 
; Chunk 56 
; Lower Position  5.6 
; Upper Position  5.8 
; Thickness       0.2 
; Width           0.4 
G1 X8.732 Y-6.356 Z5.600 F1500 A420.86316; Retract 
G1 X8.732 Y-6.356 Z5.600 F3000; Retract 
G1 X8.732 Y-6.356 Z5.800 F1380; Travel Move 
G1 X8.732 Y-6.356 Z5.800 F1500 A422.16316; Restart 
G1 X8.732 Y-5.609 Z5.800 F3818 A422.18927; Support 
G1 X10.712 Y-4.707 Z5.800 F6363; Leaky Travel Move 
G1 X10.712 Y-8.320 Z5.800 F3818 A422.31559; Support 
G1 X12.692 Y-9.311 Z5.800 F6363; Leaky Travel Move 
G1 X12.692 Y-4.029 Z5.800 F3818 A422.50027; Support 
G1 X14.672 Y-3.351 Z5.800 F6363; Leaky Travel Move 
G1 X14.672 Y-10.302 Z5.800 F3818 A422.74329; Support 
G1 X16.652 Y-11.293 Z5.800 F6363; Leaky Travel Move 
G1 X16.652 Y-3.594 Z5.800 F3818 A423.01244; Support 
G1 X18.632 Y-5.622 Z5.800 F6363; Leaky Travel Move 
G1 X18.632 Y-12.284 Z5.800 F3818 A423.24536; Support 
; Chunk 57 
; Lower Position  5.6 
; Upper Position  5.8 
; Thickness       0.2 
; Width           0.4 
G1 X18.632 Y-12.284 Z5.800 F1500 A421.94536; Retract 
G1 X18.632 Y-12.284 Z5.800 F3000; Retract 
G1 X17.122 Y-22.627 Z5.800 F9000; Travel Move 
G1 X17.122 Y-22.627 Z5.800 F1500 A423.24536; Restart 
G1 X17.650 Y-16.557 Z5.800 F3818 A423.45834; Inset 
G1 X17.642 Y-15.886 Z5.800 F3818 A423.48180; Inset 
G1 X17.494 Y-15.094 Z5.800 F3818 A423.51000; Inset 
G1 X17.236 Y-14.419 Z5.800 F3818 A423.53523; Inset 
G1 X16.917 Y-13.868 Z5.800 F3818 A423.55751; Inset 
G1 X16.480 Y-13.332 Z5.800 F3818 A423.58167; Inset 
G1 X18.512 Y-14.102 Z5.800 F3818 A423.65764; Inset 
G1 X17.765 Y-22.696 Z5.800 F3818 A423.95920; Inset 
G1 X17.752 Y-22.725 Z5.800 F3818 A423.96033; Inset 
G1 X17.122 Y-22.627 Z5.800 F3818 A423.98261; Inset 
G1 X17.122 Y-22.627 Z5.800 F1500 A422.68261; Retract 
G1 X17.122 Y-22.627 Z5.800 F3000; Retract 
G1 X8.170 Y-20.088 Z5.800 F9000; Travel Move 
G1 X8.170 Y-20.088 Z5.800 F1500 A423.98261; Restart 
G1 X8.165 Y-20.016 Z5.800 F3818 A423.98512; Inset 
G1 X8.993 Y-10.495 Z5.800 F3818 A424.31924; Inset 
G1 X13.054 Y-12.034 Z5.800 F3818 A424.47106; Inset 
G1 X12.402 Y-12.135 Z5.800 F3818 A424.49412; Inset 
G1 X11.717 Y-12.365 Z5.800 F3818 A424.51936; Inset 
G1 X11.082 Y-12.706 Z5.800 F3818 A424.54459; Inset 
G1 X10.513 Y-13.150 Z5.800 F3818 A424.56983; Inset 
G1 X10.027 Y-13.684 Z5.800 F3818 A424.59506; Inset 
G1 X9.639 Y-14.293 Z5.800 F3818 A424.62030; Inset 
G1 X9.359 Y-14.958 Z5.800 F3818 A424.64553; Inset 
G1 X9.197 Y-15.648 Z5.800 F3818 A424.67029; Inset 
G1 X8.790 Y-20.333 Z5.800 F3818 A424.83472; Inset 
G1 X8.170 Y-20.088 Z5.800 F3818 A424.85802; Inset 
G1 X8.170 Y-20.088 Z5.800 F1500 A423.55802; Retract 
G1 X8.170 Y-20.088 Z5.800 F3000; Retract 
G1 X7.905 Y-20.395 Z5.800 F9000; Travel Move 
G1 X7.905 Y-20.395 Z5.800 F1500 A424.85802; Restart 
G1 X7.823 Y-20.301 Z5.800 F3818 A424.86238; Inset 
G1 X7.776 Y-20.185 Z5.800 F3818 A424.86675; Inset 
G1 X7.763 Y-20.014 Z5.800 F3818 A424.87277; Inset 
G1 X8.714 Y-9.081 Z5.800 F3818 A425.25641; Inset 
G1 X9.023 Y-9.959 Z5.800 F3818 A425.28896; Inset 
G1 X9.208 Y-10.149 Z5.800 F3818 A425.29823; Inset 
G1 X18.937 Y-13.835 Z5.800 F3818 A425.66195; Inset 
G1 X18.162 Y-22.747 Z5.800 F3818 A425.97468; Inset 
G1 X18.078 Y-22.976 Z5.800 F3818 A425.98320; Inset 
G1 X17.946 Y-23.083 Z5.800 F3818 A425.98913; Inset 
G1 X17.822 Y-23.125 Z5.800 F3818 A425.99372; Inset 
G1 X17.659 Y-23.126 Z5.800 F3818 A425.99940; Inset 
G1 X16.692 Y-22.958 Z5.800 F3818 A426.03373; Inset 
G1 X17.251 Y-16.533 Z5.800 F3818 A426.25921; Inset 
G1 X17.238 Y-15.859 Z5.800 F3818 A426.28278; Inset 
G1 X17.113 Y-15.217 Z5.800 F3818 A426.30564; Inset 
G1 X16.903 Y-14.651 Z5.800 F3818 A426.32673; Inset 
G1 X16.579 Y-14.083 Z5.800 F3818 A426.34959; Inset 
G1 X16.164 Y-13.578 Z5.800 F3818 A426.37245; Inset 
G1 X15.669 Y-13.150 Z5.800 F3818 A426.39531; Inset 
G1 X15.110 Y-12.812 Z5.800 F3818 A426.41817; Inset 
G1 X14.501 Y-12.574 Z5.800 F3818 A426.44104; Inset 
G1 X13.860 Y-12.442 Z5.800 F3818 A426.46390; Inset 
G1 X13.206 Y-12.421 Z5.800 F3818 A426.48676; Inset 
G1 X12.559 Y-12.510 Z5.800 F3818 A426.50962; Inset 
G1 X11.935 Y-12.707 Z5.800 F3818 A426.53248; Inset 
G1 X11.354 Y-13.007 Z5.800 F3818 A426.55534; Inset 
G1 X10.794 Y-13.435 Z5.800 F3818 A426.57998; Inset 
G1 X10.353 Y-13.917 Z5.800 F3818 A426.60284; Inset 
G1 X9.999 Y-14.467 Z5.800 F3818 A426.62570; Inset 
G1 X9.743 Y-15.069 Z5.800 F3818 A426.64857; Inset 
G1 X9.594 Y-15.697 Z5.800 F3818 A426.67114; Inset 
G1 X9.142 Y-20.894 Z5.800 F3818 A426.85348; Inset 
M73 P55; Update Progress 
G1 X8.048 Y-20.481 Z5.800 F3818 A426.89437; Inset 
G1 X7.905 Y-20.395 Z5.800 F3818 A426.90021; Inset 
G1 X7.905 Y-20.395 Z5.800 F1500 A425.60021; Retract 
G1 X7.905 Y-20.395 Z5.800 F3000; Retract 
G1 X7.643 Y-20.705 Z5.800 F9000; Travel Move 
G1 X7.643 Y-20.705 Z5.800 F1500 A426.90021; Restart 
G1 X7.478 Y-20.513 Z5.800 F1697 A426.90907; Inset 
G1 X7.381 Y-20.278 Z5.800 F1697 A426.91794; Inset 
G1 X7.362 Y-20.010 Z5.800 F1697 A426.92732; Inset 
G1 X8.425 Y-7.784 Z5.800 F1697 A427.35636; Inset 
G1 X8.470 Y-7.520 Z5.800 F1697 A427.36573; Inset 
G1 X8.586 Y-7.510 Z5.800 F1697 A427.36979; Inset 
G1 X9.387 Y-9.789 Z5.800 F1697 A427.45424; Inset 
G1 X19.341 Y-13.561 Z5.800 F1697 A427.82639; Inset 
G1 X19.350 Y-13.706 Z5.800 F1697 A427.83147; Inset 
G1 X18.559 Y-22.799 Z5.800 F1697 A428.15054; Inset 
G1 X18.537 Y-22.929 Z5.800 F1697 A428.15515; Inset 
G1 X18.424 Y-23.184 Z5.800 F1697 A428.16492; Inset 
G1 X18.352 Y-23.275 Z5.800 F1697 A428.16895; Inset 
G1 X18.138 Y-23.440 Z5.800 F1697 A428.17842; Inset 
G1 X17.888 Y-23.525 Z5.800 F1697 A428.18762; Inset 
G1 X17.626 Y-23.526 Z5.800 F1697 A428.19681; Inset 
G1 X16.262 Y-23.290 Z5.800 F1697 A428.24521; Inset 
G1 X16.852 Y-16.503 Z5.800 F1697 A428.48336; Inset 
G1 X16.843 Y-15.924 Z5.800 F1697 A428.50362; Inset 
G1 X16.735 Y-15.348 Z5.800 F1697 A428.52411; Inset 
G1 X16.531 Y-14.798 Z5.800 F1697 A428.54460; Inset 
G1 X16.238 Y-14.291 Z5.800 F1697 A428.56509; Inset 
G1 X15.862 Y-13.841 Z5.800 F1697 A428.58558; Inset 
G1 X15.416 Y-13.460 Z5.800 F1697 A428.60608; Inset 
G1 X14.912 Y-13.161 Z5.800 F1697 A428.62657; Inset 
G1 X14.365 Y-12.951 Z5.800 F1697 A428.64706; Inset 
G1 X13.790 Y-12.836 Z5.800 F1697 A428.66756; Inset 
G1 X13.204 Y-12.821 Z5.800 F1697 A428.68805; Inset 
G1 X12.624 Y-12.904 Z5.800 F1697 A428.70854; Inset 
G1 X12.066 Y-13.085 Z5.800 F1697 A428.72903; Inset 
G1 X11.547 Y-13.357 Z5.800 F1697 A428.74953; Inset 
G1 X11.082 Y-13.713 Z5.800 F1697 A428.77002; Inset 
G1 X10.683 Y-14.143 Z5.800 F1697 A428.79051; Inset 
G1 X10.363 Y-14.634 Z5.800 F1697 A428.81101; Inset 
G1 X10.130 Y-15.172 Z5.800 F1697 A428.83150; Inset 
G1 X9.992 Y-15.740 Z5.800 F1697 A428.85192; Inset 
G1 X9.495 Y-21.454 Z5.800 F1697 A429.05245; Inset 
G1 X7.873 Y-20.843 Z5.800 F1697 A429.11305; Inset 
G1 X7.643 Y-20.705 Z5.800 F1697 A429.12241; Inset 
G1 X7.643 Y-20.705 Z5.800 F1500 A427.82241; Retract 
G1 X7.643 Y-20.705 Z5.800 F3000; Retract 
G1 X8.505 Y-19.913 Z5.800 F9000; Travel Move 
G1 X8.505 Y-19.913 Z5.800 F1500 A429.12241; Restart 
G1 X8.542 Y-19.876 Z5.800 F3818 A429.12426; Infill 
G1 X8.510 Y-19.348 Z5.800 F3818 A429.14274; Connection 
G1 X8.596 Y-19.262 Z5.800 F3818 A429.14698; Infill 
G1 X8.563 Y-18.735 Z5.800 F3818 A429.16546; Connection 
G1 X8.649 Y-18.649 Z5.800 F3818 A429.16970; Infill 
G1 X8.617 Y-18.121 Z5.800 F3818 A429.18818; Connection 
G1 X8.702 Y-18.035 Z5.800 F3818 A429.19242; Infill 
G1 X8.670 Y-17.508 Z5.800 F3818 A429.21090; Connection 
G1 X8.756 Y-17.422 Z5.800 F3818 A429.21514; Infill 
G1 X8.723 Y-16.895 Z5.800 F3818 A429.23362; Connection 
G1 X8.809 Y-16.809 Z5.800 F3818 A429.23786; Infill 
G1 X8.777 Y-16.281 Z5.800 F3818 A429.25634; Connection 
G1 X8.862 Y-16.195 Z5.800 F3818 A429.26058; Infill 
G1 X8.830 Y-15.668 Z5.800 F3818 A429.27906; Connection 
G1 X8.920 Y-15.578 Z5.800 F3818 A429.28349; Infill 
G1 X8.883 Y-15.054 Z5.800 F3818 A429.30185; Connection 
G1 X9.098 Y-14.839 Z5.800 F3818 A429.31248; Infill 
G1 X8.937 Y-14.441 Z5.800 F3818 A429.32751; Connection 
G1 X9.678 Y-13.700 Z5.800 F3818 A429.36416; Infill 
G1 X8.990 Y-13.828 Z5.800 F3818 A429.38862; Connection 
G1 X11.186 Y-11.632 Z5.800 F3818 A429.49717; Infill 
G1 X10.779 Y-11.478 Z5.800 F3818 A429.51236; Connection 
G1 X9.043 Y-13.214 Z5.800 F3818 A429.59819; Infill 
G1 X9.097 Y-12.601 Z5.800 F3818 A429.61972; Connection 
G1 X10.373 Y-11.324 Z5.800 F3818 A429.68284; Infill 
G1 X9.967 Y-11.170 Z5.800 F3818 A429.69802; Connection 
G1 X9.150 Y-11.988 Z5.800 F3818 A429.73843; Infill 
G1 X9.203 Y-11.374 Z5.800 F3818 A429.75995; Connection 
G1 X9.561 Y-11.016 Z5.800 F3818 A429.77763; Infill 
G1 X10.866 Y-12.512 Z5.800 F3818 A429.84701; Connection 
G1 X11.592 Y-11.786 Z5.800 F3818 A429.88290; Infill 
G1 X11.954 Y-11.984 Z5.800 F3818 A429.89732; Connection 
G1 X11.998 Y-11.940 Z5.800 F3818 A429.89950; Infill 
G1 X11.998 Y-11.940 Z5.800 F1500 A428.59950; Retract 
G1 X11.998 Y-11.940 Z5.800 F3000; Retract 
G1 X17.490 Y-14.288 Z5.800 F9000; Travel Move 
G1 X17.490 Y-14.288 Z5.800 F1500 A429.89950; Restart 
G1 X17.684 Y-14.094 Z5.800 F3818 A429.90906; Infill 
G1 X18.090 Y-14.248 Z5.800 F3818 A429.92424; Connection 
G1 X17.647 Y-14.692 Z5.800 F3818 A429.94617; Infill 
G1 X17.788 Y-15.110 Z5.800 F3818 A429.96161; Connection 
G1 X18.171 Y-14.727 Z5.800 F3818 A429.98054; Infill 
G1 X18.118 Y-15.341 Z5.800 F3818 A430.00206; Connection 
G1 X17.876 Y-15.582 Z5.800 F3818 A430.01398; Infill 
G1 X18.064 Y-15.954 Z5.800 F3818 A430.02856; Connection 
G1 X17.931 Y-16.087 Z5.800 F3818 A430.03516; Infill 
G1 X18.011 Y-16.567 Z5.800 F3818 A430.05217; Connection 
G1 X17.929 Y-16.649 Z5.800 F3818 A430.05621; Infill 
G1 X17.957 Y-17.181 Z5.800 F3818 A430.07482; Connection 
G1 X17.876 Y-17.262 Z5.800 F3818 A430.07886; Infill 
G1 X17.904 Y-17.794 Z5.800 F3818 A430.09747; Connection 
G1 X17.822 Y-17.876 Z5.800 F3818 A430.10152; Infill 
G1 X17.851 Y-18.408 Z5.800 F3818 A430.12013; Connection 
G1 X17.769 Y-18.489 Z5.800 F3818 A430.12417; Infill 
G1 X17.797 Y-19.021 Z5.800 F3818 A430.14278; Connection 
G1 X17.716 Y-19.103 Z5.800 F3818 A430.14682; Infill 
G1 X17.744 Y-19.634 Z5.800 F3818 A430.16543; Connection 
G1 X17.662 Y-19.716 Z5.800 F3818 A430.16947; Infill 
G1 X17.691 Y-20.248 Z5.800 F3818 A430.18809; Connection 
G1 X17.609 Y-20.329 Z5.800 F3818 A430.19213; Infill 
G1 X17.637 Y-20.861 Z5.800 F3818 A430.21074; Connection 
G1 X17.556 Y-20.943 Z5.800 F3818 A430.21478; Infill 
G1 X17.584 Y-21.474 Z5.800 F3818 A430.23339; Connection 
G1 X17.502 Y-21.556 Z5.800 F3818 A430.23743; Infill 
G1 X17.531 Y-22.088 Z5.800 F3818 A430.25605; Connection 
G1 X17.449 Y-22.169 Z5.800 F3818 A430.26009; Infill 
; Chunk 58 
; Lower Position  5.8 
; Upper Position  6 
; Thickness       0.2 
; Width           0.4 
G1 X17.449 Y-22.169 Z5.800 F1500 A428.96009; Retract 
G1 X17.449 Y-22.169 Z5.800 F3000; Retract 
G1 X17.449 Y-22.169 Z6.000 F1380; Travel Move 
G1 X17.122 Y-22.627 Z6.000 F9000; Travel Move 
G1 X17.122 Y-22.627 Z6.000 F1500 A430.26009; Restart 
G1 X17.650 Y-16.557 Z6.000 F3903 A430.47307; Inset 
G1 X17.642 Y-15.886 Z6.000 F3903 A430.49653; Inset 
G1 X17.494 Y-15.094 Z6.000 F3903 A430.52473; Inset 
G1 X17.236 Y-14.419 Z6.000 F3903 A430.54996; Inset 
G1 X16.917 Y-13.868 Z6.000 F3903 A430.57224; Inset 
G1 X16.480 Y-13.332 Z6.000 F3903 A430.59640; Inset 
G1 X18.512 Y-14.102 Z6.000 F3903 A430.67238; Inset 
G1 X17.765 Y-22.696 Z6.000 F3903 A430.97393; Inset 
G1 X17.752 Y-22.725 Z6.000 F3903 A430.97506; Inset 
G1 X17.122 Y-22.627 Z6.000 F3903 A430.99734; Inset 
G1 X17.122 Y-22.627 Z6.000 F1500 A429.69734; Retract 
G1 X17.122 Y-22.627 Z6.000 F3000; Retract 
G1 X8.170 Y-20.088 Z6.000 F9000; Travel Move 
G1 X8.170 Y-20.088 Z6.000 F1500 A430.99734; Restart 
G1 X8.165 Y-20.016 Z6.000 F3903 A430.99985; Inset 
G1 X8.993 Y-10.495 Z6.000 F3903 A431.33397; Inset 
G1 X13.054 Y-12.034 Z6.000 F3903 A431.48579; Inset 
G1 X12.402 Y-12.135 Z6.000 F3903 A431.50885; Inset 
G1 X11.717 Y-12.365 Z6.000 F3903 A431.53409; Inset 
G1 X11.082 Y-12.706 Z6.000 F3903 A431.55932; Inset 
G1 X10.513 Y-13.150 Z6.000 F3903 A431.58456; Inset 
G1 X10.027 Y-13.684 Z6.000 F3903 A431.60980; Inset 
G1 X9.639 Y-14.293 Z6.000 F3903 A431.63503; Inset 
G1 X9.359 Y-14.958 Z6.000 F3903 A431.66027; Inset 
G1 X9.197 Y-15.648 Z6.000 F3903 A431.68502; Inset 
G1 X8.790 Y-20.333 Z6.000 F3903 A431.84945; Inset 
G1 X8.170 Y-20.088 Z6.000 F3903 A431.87275; Inset 
G1 X8.170 Y-20.088 Z6.000 F1500 A430.57275; Retract 
G1 X8.170 Y-20.088 Z6.000 F3000; Retract 
G1 X7.905 Y-20.395 Z6.000 F9000; Travel Move 
G1 X7.905 Y-20.395 Z6.000 F1500 A431.87275; Restart 
G1 X7.823 Y-20.301 Z6.000 F3903 A431.87711; Inset 
G1 X7.776 Y-20.185 Z6.000 F3903 A431.88148; Inset 
G1 X7.763 Y-20.013 Z6.000 F3903 A431.88750; Inset 
G1 X8.714 Y-9.081 Z6.000 F3903 A432.27114; Inset 
G1 X9.023 Y-9.959 Z6.000 F3903 A432.30369; Inset 
G1 X9.208 Y-10.149 Z6.000 F3903 A432.31297; Inset 
G1 X18.937 Y-13.835 Z6.000 F3903 A432.67668; Inset 
G1 X18.162 Y-22.747 Z6.000 F3903 A432.98941; Inset 
M73 P56; Update Progress 
G1 X18.078 Y-22.976 Z6.000 F3903 A432.99793; Inset 
G1 X17.946 Y-23.083 Z6.000 F3903 A433.00386; Inset 
G1 X17.822 Y-23.125 Z6.000 F3903 A433.00845; Inset 
G1 X17.659 Y-23.126 Z6.000 F3903 A433.01414; Inset 
G1 X16.692 Y-22.958 Z6.000 F3903 A433.04846; Inset 
G1 X17.251 Y-16.533 Z6.000 F3903 A433.27394; Inset 
G1 X17.238 Y-15.859 Z6.000 F3903 A433.29751; Inset 
G1 X17.113 Y-15.217 Z6.000 F3903 A433.32037; Inset 
G1 X16.903 Y-14.651 Z6.000 F3903 A433.34146; Inset 
G1 X16.579 Y-14.083 Z6.000 F3903 A433.36432; Inset 
G1 X16.164 Y-13.578 Z6.000 F3903 A433.38718; Inset 
G1 X15.669 Y-13.150 Z6.000 F3903 A433.41004; Inset 
G1 X15.110 Y-12.812 Z6.000 F3903 A433.43291; Inset 
G1 X14.501 Y-12.574 Z6.000 F3903 A433.45577; Inset 
G1 X13.860 Y-12.442 Z6.000 F3903 A433.47863; Inset 
G1 X13.206 Y-12.421 Z6.000 F3903 A433.50149; Inset 
G1 X12.559 Y-12.510 Z6.000 F3903 A433.52435; Inset 
G1 X11.935 Y-12.707 Z6.000 F3903 A433.54721; Inset 
G1 X11.354 Y-13.007 Z6.000 F3903 A433.57008; Inset 
G1 X10.794 Y-13.435 Z6.000 F3903 A433.59471; Inset 
G1 X10.353 Y-13.917 Z6.000 F3903 A433.61758; Inset 
G1 X9.999 Y-14.467 Z6.000 F3903 A433.64044; Inset 
G1 X9.743 Y-15.069 Z6.000 F3903 A433.66330; Inset 
G1 X9.594 Y-15.697 Z6.000 F3903 A433.68587; Inset 
G1 X9.142 Y-20.894 Z6.000 F3903 A433.86822; Inset 
G1 X8.048 Y-20.481 Z6.000 F3903 A433.90910; Inset 
G1 X7.905 Y-20.395 Z6.000 F3903 A433.91494; Inset 
G1 X7.905 Y-20.395 Z6.000 F1500 A432.61494; Retract 
G1 X7.905 Y-20.395 Z6.000 F3000; Retract 
G1 X7.644 Y-20.705 Z6.000 F9000; Travel Move 
G1 X7.644 Y-20.705 Z6.000 F1500 A433.91494; Restart 
G1 X7.478 Y-20.513 Z6.000 F1735 A433.92380; Inset 
G1 X7.382 Y-20.278 Z6.000 F1735 A433.93267; Inset 
G1 X7.362 Y-20.011 Z6.000 F1735 A433.94205; Inset 
G1 X8.425 Y-7.784 Z6.000 F1735 A434.37110; Inset 
G1 X8.470 Y-7.520 Z6.000 F1735 A434.38047; Inset 
G1 X8.586 Y-7.510 Z6.000 F1735 A434.38453; Inset 
G1 X9.387 Y-9.789 Z6.000 F1735 A434.46897; Inset 
G1 X19.341 Y-13.561 Z6.000 F1735 A434.84112; Inset 
G1 X19.350 Y-13.706 Z6.000 F1735 A434.84620; Inset 
G1 X18.559 Y-22.799 Z6.000 F1735 A435.16528; Inset 
G1 X18.537 Y-22.929 Z6.000 F1735 A435.16988; Inset 
G1 X18.424 Y-23.184 Z6.000 F1735 A435.17965; Inset 
G1 X18.352 Y-23.275 Z6.000 F1735 A435.18368; Inset 
G1 X18.138 Y-23.440 Z6.000 F1735 A435.19315; Inset 
G1 X17.888 Y-23.525 Z6.000 F1735 A435.20236; Inset 
G1 X17.626 Y-23.526 Z6.000 F1735 A435.21154; Inset 
G1 X16.262 Y-23.290 Z6.000 F1735 A435.25994; Inset 
G1 X16.852 Y-16.503 Z6.000 F1735 A435.49809; Inset 
G1 X16.843 Y-15.924 Z6.000 F1735 A435.51835; Inset 
G1 X16.735 Y-15.348 Z6.000 F1735 A435.53884; Inset 
G1 X16.531 Y-14.798 Z6.000 F1735 A435.55933; Inset 
G1 X16.238 Y-14.291 Z6.000 F1735 A435.57983; Inset 
G1 X15.862 Y-13.841 Z6.000 F1735 A435.60032; Inset 
G1 X15.416 Y-13.460 Z6.000 F1735 A435.62081; Inset 
G1 X14.912 Y-13.161 Z6.000 F1735 A435.64130; Inset 
G1 X14.365 Y-12.951 Z6.000 F1735 A435.66180; Inset 
G1 X13.790 Y-12.836 Z6.000 F1735 A435.68229; Inset 
G1 X13.204 Y-12.821 Z6.000 F1735 A435.70278; Inset 
G1 X12.624 Y-12.904 Z6.000 F1735 A435.72328; Inset 
G1 X12.066 Y-13.085 Z6.000 F1735 A435.74377; Inset 
G1 X11.547 Y-13.357 Z6.000 F1735 A435.76426; Inset 
G1 X11.082 Y-13.713 Z6.000 F1735 A435.78475; Inset 
G1 X10.683 Y-14.143 Z6.000 F1735 A435.80525; Inset 
G1 X10.363 Y-14.634 Z6.000 F1735 A435.82574; Inset 
G1 X10.130 Y-15.172 Z6.000 F1735 A435.84623; Inset 
G1 X9.992 Y-15.740 Z6.000 F1735 A435.86666; Inset 
G1 X9.495 Y-21.454 Z6.000 F1735 A436.06718; Inset 
G1 X7.873 Y-20.843 Z6.000 F1735 A436.12778; Inset 
G1 X7.644 Y-20.705 Z6.000 F1735 A436.13714; Inset 
G1 X7.644 Y-20.705 Z6.000 F1500 A434.83714; Retract 
G1 X7.644 Y-20.705 Z6.000 F3000; Retract 
G1 X8.549 Y-19.795 Z6.000 F9000; Travel Move 
G1 X8.549 Y-19.795 Z6.000 F1500 A436.13714; Restart 
G1 X8.477 Y-19.723 Z6.000 F3903 A436.14070; Infill 
G1 X8.594 Y-19.280 Z6.000 F3903 A436.15672; Connection 
G1 X8.522 Y-19.208 Z6.000 F3903 A436.16028; Infill 
G1 X8.639 Y-18.764 Z6.000 F3903 A436.17631; Connection 
G1 X8.567 Y-18.692 Z6.000 F3903 A436.17987; Infill 
G1 X8.684 Y-18.249 Z6.000 F3903 A436.19589; Connection 
G1 X8.612 Y-18.177 Z6.000 F3903 A436.19945; Infill 
G1 X8.729 Y-17.734 Z6.000 F3903 A436.21548; Connection 
G1 X8.656 Y-17.662 Z6.000 F3903 A436.21904; Infill 
G1 X8.773 Y-17.219 Z6.000 F3903 A436.23506; Connection 
G1 X8.701 Y-17.147 Z6.000 F3903 A436.23862; Infill 
G1 X8.818 Y-16.704 Z6.000 F3903 A436.25465; Connection 
G1 X8.746 Y-16.632 Z6.000 F3903 A436.25821; Infill 
G1 X8.863 Y-16.188 Z6.000 F3903 A436.27423; Connection 
G1 X8.791 Y-16.116 Z6.000 F3903 A436.27779; Infill 
G1 X8.908 Y-15.673 Z6.000 F3903 A436.29382; Connection 
G1 X8.836 Y-15.601 Z6.000 F3903 A436.29738; Infill 
G1 X9.006 Y-15.211 Z6.000 F3903 A436.31226; Connection 
G1 X8.881 Y-15.086 Z6.000 F3903 A436.31844; Infill 
G1 X9.127 Y-14.772 Z6.000 F3903 A436.33239; Connection 
G1 X8.925 Y-14.571 Z6.000 F3903 A436.34234; Infill 
G1 X9.293 Y-14.378 Z6.000 F3903 A436.35684; Connection 
G1 X8.970 Y-14.055 Z6.000 F3903 A436.37278; Infill 
G1 X9.482 Y-14.007 Z6.000 F3903 A436.39075; Connection 
G1 X9.015 Y-13.540 Z6.000 F3903 A436.41382; Infill 
G1 X9.060 Y-13.025 Z6.000 F3903 A436.43190; Connection 
G1 X9.700 Y-13.665 Z6.000 F3903 A436.46356; Infill 
G1 X9.945 Y-13.350 Z6.000 F3903 A436.47751; Connection 
G1 X9.105 Y-12.510 Z6.000 F3903 A436.51904; Infill 
G1 X9.149 Y-11.995 Z6.000 F3903 A436.53712; Connection 
G1 X10.211 Y-13.057 Z6.000 F3903 A436.58963; Infill 
G1 X10.507 Y-12.792 Z6.000 F3903 A436.60349; Connection 
G1 X9.194 Y-11.479 Z6.000 F3903 A436.66839; Infill 
G1 X9.239 Y-10.964 Z6.000 F3903 A436.68647; Connection 
G1 X10.821 Y-12.546 Z6.000 F3903 A436.76471; Infill 
G1 X11.169 Y-12.334 Z6.000 F3903 A436.77895; Connection 
G1 X10.028 Y-11.194 Z6.000 F3903 A436.83536; Infill 
G1 X10.930 Y-11.535 Z6.000 F3903 A436.86907; Connection 
G1 X11.534 Y-12.139 Z6.000 F3903 A436.89890; Infill 
G1 X11.832 Y-11.877 Z6.000 F3903 A436.91277; Connection 
G1 X11.943 Y-11.988 Z6.000 F3903 A436.91825; Infill 
G1 X11.943 Y-11.988 Z6.000 F1500 A435.61825; Retract 
G1 X11.943 Y-11.988 Z6.000 F3000; Retract 
G1 X17.336 Y-14.021 Z6.000 F9000; Travel Move 
G1 X17.336 Y-14.021 Z6.000 F1500 A436.91825; Restart 
G1 X18.161 Y-14.845 Z6.000 F3903 A436.95899; Infill 
G1 X17.769 Y-15.013 Z6.000 F3903 A436.97390; Connection 
G1 X18.116 Y-15.361 Z6.000 F3903 A436.99107; Infill 
G1 X17.899 Y-15.704 Z6.000 F3903 A437.00527; Connection 
G1 X18.071 Y-15.876 Z6.000 F3903 A437.01375; Infill 
G1 X17.933 Y-16.298 Z6.000 F3903 A437.02928; Connection 
G1 X18.026 Y-16.391 Z6.000 F3903 A437.03388; Infill 
G1 X17.913 Y-16.838 Z6.000 F3903 A437.04999; Connection 
G1 X17.981 Y-16.906 Z6.000 F3903 A437.05338; Infill 
G1 X17.868 Y-17.353 Z6.000 F3903 A437.06949; Connection 
G1 X17.937 Y-17.422 Z6.000 F3903 A437.07288; Infill 
G1 X17.823 Y-17.868 Z6.000 F3903 A437.08899; Connection 
G1 X17.892 Y-17.937 Z6.000 F3903 A437.09239; Infill 
G1 X17.778 Y-18.383 Z6.000 F3903 A437.10850; Connection 
G1 X17.847 Y-18.452 Z6.000 F3903 A437.11189; Infill 
G1 X17.733 Y-18.899 Z6.000 F3903 A437.12800; Connection 
G1 X17.802 Y-18.967 Z6.000 F3903 A437.13139; Infill 
G1 X17.689 Y-19.414 Z6.000 F3903 A437.14750; Connection 
G1 X17.757 Y-19.482 Z6.000 F3903 A437.15089; Infill 
G1 X17.644 Y-19.929 Z6.000 F3903 A437.16700; Connection 
G1 X17.713 Y-19.998 Z6.000 F3903 A437.17039; Infill 
G1 X17.599 Y-20.444 Z6.000 F3903 A437.18650; Connection 
G1 X17.668 Y-20.513 Z6.000 F3903 A437.18990; Infill 
G1 X17.554 Y-20.959 Z6.000 F3903 A437.20600; Connection 
G1 X17.623 Y-21.028 Z6.000 F3903 A437.20940; Infill 
G1 X17.509 Y-21.475 Z6.000 F3903 A437.22551; Connection 
G1 X17.578 Y-21.543 Z6.000 F3903 A437.22890; Infill 
G1 X17.465 Y-21.990 Z6.000 F3903 A437.24501; Connection 
G1 X17.533 Y-22.059 Z6.000 F3903 A437.24840; Infill 
G1 X18.205 Y-14.330 Z6.000 F3903 A437.51960; Connection 
G1 X18.144 Y-14.268 Z6.000 F3903 A437.52266; Infill 
; Chunk 59 
; Lower Position  5.8 
; Upper Position  6 
; Thickness       0.2 
; Width           0.4 
G1 X18.144 Y-14.268 Z6.000 F1500 A436.22266; Retract 
G1 X18.144 Y-14.268 Z6.000 F3000; Retract 
G1 X18.632 Y-12.284 Z6.000 F9000; Travel Move 
G1 X18.632 Y-12.284 Z6.000 F1500 A437.52266; Restart 
G1 X18.632 Y-5.622 Z6.000 F3903 A437.75558; Support 
G1 X16.652 Y-3.594 Z6.000 F6505; Leaky Travel Move 
G1 X16.652 Y-11.293 Z6.000 F3903 A438.02473; Support 
G1 X14.672 Y-10.302 Z6.000 F6505; Leaky Travel Move 
G1 X14.672 Y-3.349 Z6.000 F3903 A438.26782; Support 
G1 X12.692 Y-4.022 Z6.000 F6505; Leaky Travel Move 
G1 X12.692 Y-9.311 Z6.000 F3903 A438.45272; Support 
G1 X10.712 Y-8.320 Z6.000 F6505; Leaky Travel Move 
G1 X10.712 Y-4.705 Z6.000 F3903 A438.57912; Support 
G1 X8.732 Y-5.609 Z6.000 F6505; Leaky Travel Move 
G1 X8.732 Y-6.356 Z6.000 F3903 A438.60523; Support 
; Chunk 60 
; Lower Position  6 
; Upper Position  6.2 
; Thickness       0.2 
; Width           0.4 
G1 X8.732 Y-6.356 Z6.000 F1500 A437.30523; Retract 
G1 X8.732 Y-6.356 Z6.000 F3000; Retract 
G1 X8.732 Y-6.356 Z6.200 F1380; Travel Move 
G1 X8.170 Y-20.088 Z6.200 F9000; Travel Move 
G1 X8.170 Y-20.088 Z6.200 F1500 A438.60523; Restart 
G1 X8.165 Y-20.016 Z6.200 F5400 A438.60775; Inset 
G1 X9.220 Y-7.886 Z6.200 F5400 A439.03342; Inset 
M73 P57; Update Progress 
G1 X9.347 Y-7.373 Z6.200 F5400 A439.05190; Inset 
G1 X9.614 Y-6.964 Z6.200 F5400 A439.06896; Inset 
G1 X9.998 Y-6.663 Z6.200 F5400 A439.08602; Inset 
G1 X10.259 Y-6.547 Z6.200 F5400 A439.09601; Inset 
G1 X13.777 Y-5.310 Z6.200 F5400 A439.22639; Inset 
G1 X13.378 Y-5.694 Z6.200 F5400 A439.24574; Inset 
G1 X13.277 Y-5.831 Z6.200 F5400 A439.25169; Inset 
G1 X12.973 Y-6.436 Z6.200 F5400 A439.27537; Inset 
G1 X12.924 Y-6.599 Z6.200 F5400 A439.28132; Inset 
G1 X12.842 Y-7.250 Z6.200 F5400 A439.30425; Inset 
G1 X12.891 Y-7.756 Z6.200 F5400 A439.32203; Inset 
G1 X13.161 Y-8.468 Z6.200 F5400 A439.34865; Inset 
G1 X13.452 Y-8.886 Z6.200 F5400 A439.36643; Inset 
G1 X14.051 Y-9.389 Z6.200 F5400 A439.39379; Inset 
G1 X14.200 Y-9.472 Z6.200 F5400 A439.39974; Inset 
G1 X14.819 Y-9.689 Z6.200 F5400 A439.42267; Inset 
G1 X15.324 Y-9.747 Z6.200 F5400 A439.44045; Inset 
G1 X16.098 Y-9.629 Z6.200 F5400 A439.46781; Inset 
G1 X16.258 Y-9.572 Z6.200 F5400 A439.47376; Inset 
G1 X16.849 Y-9.241 Z6.200 F5400 A439.49744; Inset 
G1 X16.981 Y-9.134 Z6.200 F5400 A439.50339; Inset 
G1 X17.427 Y-8.625 Z6.200 F5400 A439.52707; Inset 
G1 X17.575 Y-8.332 Z6.200 F5400 A439.53854; Inset 
G1 X18.542 Y-13.556 Z6.200 F5400 A439.72428; Inset 
G1 X18.548 Y-13.690 Z6.200 F5400 A439.72895; Inset 
G1 X17.765 Y-22.696 Z6.200 F5400 A440.04499; Inset 
G1 X17.752 Y-22.725 Z6.200 F5400 A440.04612; Inset 
G1 X17.697 Y-22.725 Z6.200 F5400 A440.04805; Inset 
G1 X15.599 Y-22.346 Z6.200 F5400 A440.12256; Inset 
G1 X13.433 Y-21.838 Z6.200 F5400 A440.20035; Inset 
G1 X11.433 Y-21.265 Z6.200 F5400 A440.27309; Inset 
G1 X8.215 Y-20.115 Z6.200 F5400 A440.39254; Inset 
G1 X8.170 Y-20.088 Z6.200 F5400 A440.39439; Inset 
G1 X8.170 Y-20.088 Z6.200 F1500 A439.09439; Retract 
G1 X8.170 Y-20.088 Z6.200 F3000; Retract 
G1 X14.275 Y-9.056 Z6.200 F9000; Travel Move 
G1 X14.275 Y-9.056 Z6.200 F1500 A440.39439; Restart 
G1 X14.365 Y-9.105 Z6.200 F5400 A440.39796; Inset 
G1 X15.002 Y-9.319 Z6.200 F5400 A440.42147; Inset 
G1 X15.408 Y-9.343 Z6.200 F5400 A440.43570; Inset 
G1 X16.092 Y-9.207 Z6.200 F5400 A440.46007; Inset 
G1 X16.703 Y-8.844 Z6.200 F5400 A440.48489; Inset 
G1 X17.158 Y-8.299 Z6.200 F5400 A440.50971; Inset 
G1 X17.405 Y-7.634 Z6.200 F5400 A440.53454; Inset 
G1 X17.416 Y-6.924 Z6.200 F5400 A440.55936; Inset 
G1 X17.209 Y-6.284 Z6.200 F5400 A440.58286; Inset 
G1 X16.987 Y-5.943 Z6.200 F5400 A440.59709; Inset 
G1 X16.503 Y-5.495 Z6.200 F5400 A440.62014; Inset 
G1 X16.143 Y-5.306 Z6.200 F5400 A440.63437; Inset 
G1 X15.578 Y-5.160 Z6.200 F5400 A440.65477; Inset 
G1 X15.095 Y-5.161 Z6.200 F5400 A440.67165; Inset 
G1 X14.460 Y-5.338 Z6.200 F5400 A440.69470; Inset 
G1 X14.110 Y-5.545 Z6.200 F5400 A440.70893; Inset 
G1 X13.619 Y-6.041 Z6.200 F5400 A440.73331; Inset 
G1 X13.317 Y-6.683 Z6.200 F5400 A440.75813; Inset 
G1 X13.242 Y-7.351 Z6.200 F5400 A440.78163; Inset 
G1 X13.304 Y-7.753 Z6.200 F5400 A440.79586; Inset 
G1 X13.523 Y-8.294 Z6.200 F5400 A440.81626; Inset 
G1 X13.758 Y-8.627 Z6.200 F5400 A440.83049; Inset 
G1 X14.275 Y-9.056 Z6.200 F5400 A440.85399; Inset 
G1 X14.275 Y-9.056 Z6.200 F1500 A439.55399; Retract 
G1 X14.275 Y-9.056 Z6.200 F3000; Retract 
G1 X14.513 Y-8.734 Z6.200 F9000; Travel Move 
G1 X14.513 Y-8.734 Z6.200 F1500 A440.85399; Restart 
G1 X15.048 Y-8.921 Z6.200 F2400 A440.87381; Inset 
G1 X15.352 Y-8.947 Z6.200 F2400 A440.88449; Inset 
G1 X15.911 Y-8.850 Z6.200 F2400 A440.90432; Inset 
G1 X16.413 Y-8.568 Z6.200 F2400 A440.92444; Inset 
G1 X16.792 Y-8.135 Z6.200 F2400 A440.94456; Inset 
G1 X17.006 Y-7.601 Z6.200 F2400 A440.96468; Inset 
G1 X17.029 Y-7.026 Z6.200 F2400 A440.98480; Inset 
G1 X16.862 Y-6.484 Z6.200 F2400 A441.00462; Inset 
G1 X16.701 Y-6.224 Z6.200 F2400 A441.01531; Inset 
G1 X16.298 Y-5.839 Z6.200 F2400 A441.03482; Inset 
G1 X16.031 Y-5.690 Z6.200 F2400 A441.04551; Inset 
G1 X15.490 Y-5.550 Z6.200 F2400 A441.06503; Inset 
G1 X15.184 Y-5.551 Z6.200 F2400 A441.07571; Inset 
G1 X14.645 Y-5.693 Z6.200 F2400 A441.09523; Inset 
G1 X14.378 Y-5.842 Z6.200 F2400 A441.10591; Inset 
G1 X13.969 Y-6.235 Z6.200 F2400 A441.12573; Inset 
G1 X13.711 Y-6.750 Z6.200 F2400 A441.14585; Inset 
G1 X13.640 Y-7.312 Z6.200 F2400 A441.16567; Inset 
G1 X13.680 Y-7.615 Z6.200 F2400 A441.17636; Inset 
G1 X13.889 Y-8.133 Z6.200 F2400 A441.19587; Inset 
G1 X14.071 Y-8.378 Z6.200 F2400 A441.20656; Inset 
G1 X14.513 Y-8.734 Z6.200 F2400 A441.22637; Inset 
G1 X14.513 Y-8.734 Z6.200 F1500 A439.92637; Retract 
G1 X14.513 Y-8.734 Z6.200 F3000; Retract 
G1 X7.905 Y-20.395 Z6.200 F9000; Travel Move 
G1 X7.905 Y-20.395 Z6.200 F1500 A441.22637; Restart 
G1 X7.823 Y-20.301 Z6.200 F5400 A441.23073; Inset 
G1 X7.776 Y-20.186 Z6.200 F5400 A441.23510; Inset 
G1 X7.763 Y-20.013 Z6.200 F5400 A441.24113; Inset 
G1 X8.823 Y-7.835 Z6.200 F5400 A441.66849; Inset 
G1 X8.879 Y-7.505 Z6.200 F5400 A441.68020; Inset 
G1 X8.980 Y-7.212 Z6.200 F5400 A441.69105; Inset 
G1 X9.128 Y-6.939 Z6.200 F5400 A441.70190; Inset 
G1 X9.318 Y-6.693 Z6.200 F5400 A441.71275; Inset 
G1 X9.546 Y-6.482 Z6.200 F5400 A441.72360; Inset 
G1 X9.805 Y-6.311 Z6.200 F5400 A441.73446; Inset 
G1 X10.111 Y-6.175 Z6.200 F5400 A441.74617; Inset 
G1 X14.457 Y-4.647 Z6.200 F5400 A441.90722; Inset 
G1 X14.882 Y-4.538 Z6.200 F5400 A441.92259; Inset 
G1 X15.295 Y-4.505 Z6.200 F5400 A441.93706; Inset 
G1 X15.690 Y-4.541 Z6.200 F5400 A441.95093; Inset 
G1 X16.083 Y-4.645 Z6.200 F5400 A441.96512; Inset 
G1 X16.502 Y-4.843 Z6.200 F5400 A441.98134; Inset 
G1 X16.832 Y-5.079 Z6.200 F5400 A441.99552; Inset 
G1 X17.120 Y-5.369 Z6.200 F5400 A442.00981; Inset 
G1 X17.348 Y-5.694 Z6.200 F5400 A442.02369; Inset 
G1 X17.525 Y-6.068 Z6.200 F5400 A442.03816; Inset 
G1 X17.642 Y-6.492 Z6.200 F5400 A442.05351; Inset 
G1 X18.940 Y-13.510 Z6.200 F5400 A442.30303; Inset 
G1 X18.949 Y-13.697 Z6.200 F5400 A442.30959; Inset 
G1 X18.162 Y-22.747 Z6.200 F5400 A442.62717; Inset 
G1 X18.078 Y-22.976 Z6.200 F5400 A442.63569; Inset 
G1 X17.946 Y-23.083 Z6.200 F5400 A442.64161; Inset 
G1 X17.822 Y-23.125 Z6.200 F5400 A442.64621; Inset 
G1 X17.662 Y-23.126 Z6.200 F5400 A442.65181; Inset 
G1 X15.518 Y-22.738 Z6.200 F5400 A442.72796; Inset 
G1 X13.332 Y-22.226 Z6.200 F5400 A442.80645; Inset 
G1 X11.310 Y-21.646 Z6.200 F5400 A442.87999; Inset 
G1 X8.043 Y-20.479 Z6.200 F5400 A443.00127; Inset 
G1 X7.905 Y-20.395 Z6.200 F5400 A443.00692; Inset 
G1 X7.905 Y-20.395 Z6.200 F1500 A441.70692; Retract 
G1 X7.905 Y-20.395 Z6.200 F3000; Retract 
G1 X7.644 Y-20.705 Z6.200 F9000; Travel Move 
G1 X7.644 Y-20.705 Z6.200 F1500 A443.00692; Restart 
G1 X7.478 Y-20.513 Z6.200 F2400 A443.01578; Inset 
G1 X7.382 Y-20.279 Z6.200 F2400 A443.02465; Inset 
G1 X7.362 Y-20.011 Z6.200 F2400 A443.03404; Inset 
G1 X8.425 Y-7.784 Z6.200 F2400 A443.46308; Inset 
G1 X8.490 Y-7.406 Z6.200 F2400 A443.47651; Inset 
G1 X8.613 Y-7.050 Z6.200 F2400 A443.48966; Inset 
G1 X8.792 Y-6.719 Z6.200 F2400 A443.50280; Inset 
G1 X9.022 Y-6.422 Z6.200 F2400 A443.51595; Inset 
G1 X9.298 Y-6.167 Z6.200 F2400 A443.52910; Inset 
G1 X9.612 Y-5.959 Z6.200 F2400 A443.54224; Inset 
G1 X9.962 Y-5.803 Z6.200 F2400 A443.55567; Inset 
G1 X14.341 Y-4.264 Z6.200 F2400 A443.71791; Inset 
G1 X14.816 Y-4.142 Z6.200 F2400 A443.73509; Inset 
G1 X15.298 Y-4.104 Z6.200 F2400 A443.75196; Inset 
G1 X15.760 Y-4.146 Z6.200 F2400 A443.76821; Inset 
G1 X16.220 Y-4.268 Z6.200 F2400 A443.78485; Inset 
G1 X16.705 Y-4.497 Z6.200 F2400 A443.80358; Inset 
G1 X17.093 Y-4.773 Z6.200 F2400 A443.82022; Inset 
G1 X17.428 Y-5.112 Z6.200 F2400 A443.83689; Inset 
G1 X17.695 Y-5.492 Z6.200 F2400 A443.85314; Inset 
G1 X17.901 Y-5.929 Z6.200 F2400 A443.87001; Inset 
G1 X18.032 Y-6.402 Z6.200 F2400 A443.88718; Inset 
G1 X19.338 Y-13.464 Z6.200 F2400 A444.13824; Inset 
G1 X19.350 Y-13.705 Z6.200 F2400 A444.14670; Inset 
G1 X18.559 Y-22.799 Z6.200 F2400 A444.46580; Inset 
G1 X18.537 Y-22.929 Z6.200 F2400 A444.47041; Inset 
G1 X18.424 Y-23.184 Z6.200 F2400 A444.48018; Inset 
G1 X18.352 Y-23.275 Z6.200 F2400 A444.48421; Inset 
G1 X18.138 Y-23.440 Z6.200 F2400 A444.49368; Inset 
G1 X17.888 Y-23.525 Z6.200 F2400 A444.50288; Inset 
G1 X17.627 Y-23.526 Z6.200 F2400 A444.51204; Inset 
G1 X15.437 Y-23.130 Z6.200 F2400 A444.58984; Inset 
G1 X13.231 Y-22.613 Z6.200 F2400 A444.66902; Inset 
G1 X11.188 Y-22.027 Z6.200 F2400 A444.74335; Inset 
G1 X7.871 Y-20.842 Z6.200 F2400 A444.86647; Inset 
G1 X7.644 Y-20.705 Z6.200 F2400 A444.87576; Inset 
G1 X7.644 Y-20.705 Z6.200 F1500 A443.57576; Retract 
G1 X7.644 Y-20.705 Z6.200 F3000; Retract 
G1 X8.503 Y-19.915 Z6.200 F9000; Travel Move 
G1 X8.503 Y-19.915 Z6.200 F1500 A444.87576; Restart 
G1 X8.842 Y-19.576 Z6.200 F5400 A444.89249; Infill 
G1 X8.510 Y-19.348 Z6.200 F5400 A444.90656; Connection 
G1 X8.857 Y-19.001 Z6.200 F5400 A444.92374; Infill 
G1 X8.563 Y-18.735 Z6.200 F5400 A444.93760; Connection 
G1 X8.964 Y-18.334 Z6.200 F5400 A444.95740; Infill 
G1 X8.617 Y-18.121 Z6.200 F5400 A444.97164; Connection 
G1 X8.979 Y-17.759 Z6.200 F5400 A444.98955; Infill 
G1 X8.670 Y-17.508 Z6.200 F5400 A445.00347; Connection 
G1 X9.085 Y-17.093 Z6.200 F5400 A445.02398; Infill 
G1 X8.723 Y-16.895 Z6.200 F5400 A445.03840; Connection 
G1 X9.089 Y-16.528 Z6.200 F5400 A445.05651; Infill 
G1 X8.777 Y-16.281 Z6.200 F5400 A445.07044; Connection 
G1 X9.167 Y-15.891 Z6.200 F5400 A445.08973; Infill 
G1 X8.830 Y-15.668 Z6.200 F5400 A445.10386; Connection 
G1 X9.272 Y-15.226 Z6.200 F5400 A445.12572; Infill 
G1 X8.883 Y-15.054 Z6.200 F5400 A445.14058; Connection 
G1 X9.714 Y-14.224 Z6.200 F5400 A445.18164; Infill 
G1 X8.937 Y-14.441 Z6.200 F5400 A445.20986; Connection 
G1 X12.367 Y-11.011 Z6.200 F5400 A445.37944; Infill 
G1 X11.960 Y-10.857 Z6.200 F5400 A445.39462; Connection 
G1 X8.990 Y-13.828 Z6.200 F5400 A445.54148; Infill 
G1 X9.043 Y-13.214 Z6.200 F5400 A445.56300; Connection 
G1 X11.554 Y-10.703 Z6.200 F5400 A445.68715; Infill 
G1 X11.148 Y-10.549 Z6.200 F5400 A445.70233; Connection 
G1 X9.097 Y-12.601 Z6.200 F5400 A445.80375; Infill 
G1 X9.150 Y-11.988 Z6.200 F5400 A445.82528; Connection 
G1 X10.742 Y-10.396 Z6.200 F5400 A445.90398; Infill 
G1 X10.336 Y-10.242 Z6.200 F5400 A445.91917; Connection 
G1 X9.203 Y-11.374 Z6.200 F5400 A445.97516; Infill 
G1 X9.257 Y-10.761 Z6.200 F5400 A445.99668; Connection 
G1 X9.930 Y-10.088 Z6.200 F5400 A446.02996; Infill 
G1 X9.524 Y-9.934 Z6.200 F5400 A446.04514; Connection 
G1 X9.310 Y-10.147 Z6.200 F5400 A446.05569; Infill 
G1 X11.256 Y-12.682 Z6.200 F5400 A446.16740; Connection 
G1 X12.773 Y-11.165 Z6.200 F5400 A446.24240; Infill 
G1 X13.161 Y-11.336 Z6.200 F5400 A446.25726; Connection 
G1 X11.884 Y-12.613 Z6.200 F5400 A446.32040; Infill 
G1 X12.329 Y-12.728 Z6.200 F5400 A446.33647; Connection 
G1 X13.535 Y-11.523 Z6.200 F5400 A446.39606; Infill 
G1 X13.908 Y-11.710 Z6.200 F5400 A446.41065; Connection 
G1 X12.831 Y-12.787 Z6.200 F5400 A446.46389; Infill 
G1 X13.438 Y-12.740 Z6.200 F5400 A446.48516; Connection 
G1 X14.281 Y-11.897 Z6.200 F5400 A446.52685; Infill 
G1 X14.655 Y-12.083 Z6.200 F5400 A446.54145; Connection 
G1 X13.957 Y-12.781 Z6.200 F5400 A446.57593; Infill 
G1 X14.420 Y-12.878 Z6.200 F5400 A446.59245; Connection 
G1 X15.028 Y-12.270 Z6.200 F5400 A446.62253; Infill 
G1 X15.401 Y-12.457 Z6.200 F5400 A446.63712; Connection 
G1 X14.824 Y-13.034 Z6.200 F5400 A446.66564; Infill 
G1 X15.192 Y-13.226 Z6.200 F5400 A446.68015; Connection 
G1 X15.774 Y-12.643 Z6.200 F5400 A446.70894; Infill 
G1 X16.148 Y-12.830 Z6.200 F5400 A446.72353; Connection 
G1 X15.533 Y-13.445 Z6.200 F5400 A446.75393; Infill 
G1 X15.838 Y-13.700 Z6.200 F5400 A446.76783; Connection 
G1 X16.521 Y-13.017 Z6.200 F5400 A446.80161; Infill 
G1 X16.894 Y-13.204 Z6.200 F5400 A446.81620; Connection 
G1 X16.276 Y-13.822 Z6.200 F5400 A446.84675; Infill 
G1 X16.708 Y-13.950 Z6.200 F5400 A446.86248; Connection 
G1 X17.268 Y-13.390 Z6.200 F5400 A446.89017; Infill 
G1 X17.641 Y-13.577 Z6.200 F5400 A446.90476; Connection 
G1 X16.993 Y-14.225 Z6.200 F5400 A446.93681; Infill 
G1 X17.165 Y-14.613 Z6.200 F5400 A446.95165; Connection 
G1 X18.014 Y-13.764 Z6.200 F5400 A446.99363; Infill 
G1 X18.224 Y-14.114 Z6.200 F5400 A447.00790; Connection 
G1 X17.321 Y-15.017 Z6.200 F5400 A447.05255; Infill 
G1 X17.440 Y-15.458 Z6.200 F5400 A447.06851; Connection 
G1 X18.171 Y-14.727 Z6.200 F5400 A447.10462; Infill 
G1 X18.118 Y-15.341 Z6.200 F5400 A447.12614; Connection 
G1 X17.526 Y-15.932 Z6.200 F5400 A447.15537; Infill 
G1 X18.064 Y-15.954 Z6.200 F5400 A447.17419; Connection 
G1 X17.527 Y-16.492 Z6.200 F5400 A447.20077; Infill 
G1 X18.011 Y-16.567 Z6.200 F5400 A447.21791; Connection 
G1 X17.518 Y-17.060 Z6.200 F5400 A447.24226; Infill 
G1 X17.957 Y-17.181 Z6.200 F5400 A447.25818; Connection 
G1 X17.427 Y-17.711 Z6.200 F5400 A447.28440; Infill 
G1 X17.904 Y-17.794 Z6.200 F5400 A447.30133; Connection 
G1 X17.401 Y-18.297 Z6.200 F5400 A447.32620; Infill 
G1 X17.851 Y-18.408 Z6.200 F5400 A447.34238; Connection 
G1 X17.345 Y-18.913 Z6.200 F5400 A447.36739; Infill 
G1 X17.797 Y-19.021 Z6.200 F5400 A447.38365; Connection 
G1 X17.280 Y-19.539 Z6.200 F5400 A447.40925; Infill 
G1 X17.744 Y-19.634 Z6.200 F5400 A447.42582; Connection 
G1 X17.263 Y-20.116 Z6.200 F5400 A447.44962; Infill 
G1 X17.691 Y-20.248 Z6.200 F5400 A447.46528; Connection 
G1 X17.158 Y-20.780 Z6.200 F5400 A447.49162; Infill 
G1 X17.637 Y-20.861 Z6.200 F5400 A447.50862; Connection 
G1 X17.142 Y-21.356 Z6.200 F5400 A447.53309; Infill 
G1 X17.584 Y-21.474 Z6.200 F5400 A447.54907; Connection 
G1 X16.788 Y-22.270 Z6.200 F5400 A447.58843; Infill 
G1 X17.262 Y-22.356 Z6.200 F5400 A447.60528; Connection 
G1 X17.531 Y-22.088 Z6.200 F5400 A447.61855; Infill 
G1 X18.246 Y-13.532 Z6.200 F5400 A447.91871; Connection 
G1 X18.221 Y-13.557 Z6.200 F5400 A447.91994; Infill 
G1 X18.221 Y-13.557 Z6.200 F1500 A446.61994; Retract 
G1 X18.221 Y-13.557 Z6.200 F3000; Retract 
G1 X9.351 Y-20.187 Z6.200 F9000; Travel Move 
G1 X9.351 Y-20.187 Z6.200 F1500 A447.91994; Restart 
G1 X9.328 Y-20.209 Z6.200 F5400 A447.92107; Infill 
G1 X8.939 Y-20.039 Z6.200 F5400 A447.93594; Connection 
G1 X8.916 Y-20.062 Z6.200 F5400 A447.93706; Infill 
G1 X8.916 Y-20.062 Z6.200 F1500 A446.63706; Retract 
G1 X8.916 Y-20.062 Z6.200 F3000; Retract 
G1 X8.858 Y-19.720 Z6.200 F9000; Travel Move 
G1 X8.858 Y-19.720 Z6.200 F1500 A447.93706; Restart 
G1 X17.019 Y-21.988 Z6.200 F2400 A448.23320; Bridge 
M73 P58; Update Progress 
G1 X17.093 Y-21.593 Z6.200 F2400 A448.24723; Connection 
G1 X8.869 Y-19.308 Z6.200 F2400 A448.54564; Bridge 
G1 X8.880 Y-18.896 Z6.200 F2400 A448.56005; Connection 
G1 X17.127 Y-21.187 Z6.200 F2400 A448.85928; Bridge 
G1 X17.138 Y-20.775 Z6.200 F2400 A448.87369; Connection 
G1 X8.976 Y-18.508 Z6.200 F2400 A449.16984; Bridge 
G1 X8.990 Y-18.097 Z6.200 F2400 A449.18423; Connection 
G1 X17.179 Y-20.372 Z6.200 F2400 A449.48135; Bridge 
G1 X17.248 Y-19.976 Z6.200 F2400 A449.49540; Connection 
G1 X9.001 Y-17.684 Z6.200 F2400 A449.79465; Bridge 
G1 X9.063 Y-17.287 Z6.200 F2400 A449.80873; Connection 
G1 X17.259 Y-19.564 Z6.200 F2400 A450.10611; Bridge 
G1 X17.270 Y-19.151 Z6.200 F2400 A450.12052; Connection 
G1 X9.107 Y-16.884 Z6.200 F2400 A450.41672; Bridge 
G1 X9.110 Y-16.469 Z6.200 F2400 A450.43121; Connection 
G1 X17.362 Y-18.762 Z6.200 F2400 A450.73062; Bridge 
G1 X17.380 Y-18.352 Z6.200 F2400 A450.74498; Connection 
G1 X9.159 Y-16.068 Z6.200 F2400 A451.04326; Bridge 
G1 X9.222 Y-15.670 Z6.200 F2400 A451.05734; Connection 
G1 X17.391 Y-17.940 Z6.200 F2400 A451.35373; Bridge 
G1 X17.448 Y-17.540 Z6.200 F2400 A451.36783; Connection 
G1 X9.285 Y-15.272 Z6.200 F2400 A451.66403; Bridge 
G1 X9.408 Y-14.892 Z6.200 F2400 A451.67803; Connection 
G1 X17.497 Y-17.139 Z6.200 F2400 A451.97153; Bridge 
G1 X17.503 Y-16.725 Z6.200 F2400 A451.98599; Connection 
G1 X9.585 Y-14.525 Z6.200 F2400 A452.27330; Bridge 
G1 X9.770 Y-14.162 Z6.200 F2400 A452.28758; Connection 
G1 X17.509 Y-16.312 Z6.200 F2400 A452.56836; Bridge 
G1 X17.502 Y-15.895 Z6.200 F2400 A452.58295; Connection 
G1 X10.013 Y-13.814 Z6.200 F2400 A452.85468; Bridge 
G1 X10.286 Y-13.475 Z6.200 F2400 A452.86991; Connection 
G1 X17.419 Y-15.457 Z6.200 F2400 A453.12874; Bridge 
G1 X17.298 Y-15.008 Z6.200 F2400 A453.14500; Connection 
G1 X10.615 Y-13.151 Z6.200 F2400 A453.38747; Bridge 
G1 X11.039 Y-12.854 Z6.200 F2400 A453.40556; Connection 
G1 X17.111 Y-14.541 Z6.200 F2400 A453.62588; Bridge 
G1 X16.830 Y-14.047 Z6.200 F2400 A453.64573; Connection 
G1 X11.677 Y-12.616 Z6.200 F2400 A453.83271; Bridge 
G1 X11.677 Y-12.616 Z6.200 F1500 A452.53271; Retract 
G1 X11.677 Y-12.616 Z6.200 F3000; Retract 
G1 X10.698 Y-20.647 Z6.200 F9000; Travel Move 
M73 P59; Update Progress 
G1 X10.698 Y-20.647 Z6.200 F1500 A453.83271; Restart 
G1 X15.450 Y-21.967 Z6.200 F2400 A454.00510; Bridge 
G1 X15.450 Y-21.967 Z6.200 F1500 A452.70510; Retract 
G1 X15.450 Y-21.967 Z6.200 F3000; Retract 
G1 X15.402 Y-21.976 Z6.200 F9000; Travel Move 
G1 X15.402 Y-21.976 Z6.200 F1500 A454.00510; Restart 
G1 X15.378 Y-22.000 Z6.200 F5400 A454.00629; Infill 
G1 X14.948 Y-21.870 Z6.200 F5400 A454.02199; Connection 
G1 X14.924 Y-21.894 Z6.200 F5400 A454.02318; Infill 
G1 X14.495 Y-21.764 Z6.200 F5400 A454.03888; Connection 
G1 X14.471 Y-21.788 Z6.200 F5400 A454.04007; Infill 
G1 X14.041 Y-21.657 Z6.200 F5400 A454.05576; Connection 
G1 X14.017 Y-21.681 Z6.200 F5400 A454.05696; Infill 
G1 X13.587 Y-21.551 Z6.200 F5400 A454.07265; Connection 
G1 X13.563 Y-21.575 Z6.200 F5400 A454.07384; Infill 
G1 X13.149 Y-21.429 Z6.200 F5400 A454.08920; Connection 
G1 X13.126 Y-21.453 Z6.200 F5400 A454.09036; Infill 
G1 X12.714 Y-21.305 Z6.200 F5400 A454.10566; Connection 
G1 X12.690 Y-21.328 Z6.200 F5400 A454.10682; Infill 
G1 X12.278 Y-21.180 Z6.200 F5400 A454.12212; Connection 
G1 X12.255 Y-21.203 Z6.200 F5400 A454.12328; Infill 
G1 X11.843 Y-21.055 Z6.200 F5400 A454.13858; Connection 
G1 X11.820 Y-21.078 Z6.200 F5400 A454.13974; Infill 
G1 X11.414 Y-20.924 Z6.200 F5400 A454.15491; Connection 
G1 X11.391 Y-20.947 Z6.200 F5400 A454.15603; Infill 
G1 X11.002 Y-20.777 Z6.200 F5400 A454.17090; Connection 
G1 X10.979 Y-20.799 Z6.200 F5400 A454.17202; Infill 
G1 X10.589 Y-20.629 Z6.200 F5400 A454.18690; Connection 
G1 X10.566 Y-20.652 Z6.200 F5400 A454.18802; Infill 
G1 X10.176 Y-20.482 Z6.200 F5400 A454.20289; Connection 
G1 X10.154 Y-20.504 Z6.200 F5400 A454.20401; Infill 
G1 X15.840 Y-22.099 Z6.200 F5400 A454.41046; Connection 
G1 X15.865 Y-22.074 Z6.200 F5400 A454.41169; Infill 
G1 X15.865 Y-22.074 Z6.200 F1500 A453.11169; Retract 
G1 X15.865 Y-22.074 Z6.200 F3000; Retract 
G1 X18.212 Y-13.688 Z6.200 F9000; Travel Move 
G1 X18.212 Y-13.688 Z6.200 F1500 A454.41169; Restart 
G1 X9.432 Y-9.315 Z6.200 F2400 A454.75462; Bridge 
G1 X9.469 Y-8.887 Z6.200 F2400 A454.76965; Connection 
G1 X18.136 Y-13.203 Z6.200 F2400 A455.10814; Bridge 
G1 X18.045 Y-12.711 Z6.200 F2400 A455.12564; Connection 
G1 X9.506 Y-8.459 Z6.200 F2400 A455.45912; Bridge 
G1 X9.506 Y-8.459 Z6.200 F1500 A454.15912; Retract 
G1 X9.506 Y-8.459 Z6.200 F3000; Retract 
G1 X9.470 Y-8.307 Z6.200 F9000; Travel Move 
G1 X9.470 Y-8.307 Z6.200 F1500 A455.45912; Restart 
G1 X11.290 Y-6.488 Z6.200 F5400 A455.54909; Infill 
G1 X10.426 Y-6.791 Z6.200 F5400 A455.58109; Connection 
G1 X9.575 Y-7.642 Z6.200 F5400 A455.62317; Infill 
G1 X9.575 Y-7.642 Z6.200 F1500 A454.32317; Retract 
G1 X9.575 Y-7.642 Z6.200 F3000; Retract 
G1 X9.887 Y-8.451 Z6.200 F9000; Travel Move 
G1 X9.887 Y-8.451 Z6.200 F1500 A455.62317; Restart 
G1 X12.153 Y-6.184 Z6.200 F5400 A455.73524; Infill 
G1 X12.847 Y-6.050 Z6.200 F5400 A455.75995; Connection 
G1 X10.260 Y-8.638 Z6.200 F5400 A455.88789; Infill 
G1 X10.633 Y-8.825 Z6.200 F5400 A455.90248; Connection 
G1 X12.604 Y-6.854 Z6.200 F5400 A455.99992; Infill 
G1 X12.573 Y-7.444 Z6.200 F5400 A456.02058; Connection 
G1 X11.006 Y-9.012 Z6.200 F5400 A456.09808; Infill 
G1 X11.379 Y-9.199 Z6.200 F5400 A456.11267; Connection 
G1 X12.650 Y-7.927 Z6.200 F5400 A456.17553; Infill 
G1 X12.804 Y-8.333 Z6.200 F5400 A456.19071; Connection 
G1 X11.752 Y-9.386 Z6.200 F5400 A456.24274; Infill 
G1 X12.125 Y-9.572 Z6.200 F5400 A456.25733; Connection 
G1 X12.984 Y-8.714 Z6.200 F5400 A456.29979; Infill 
G1 X13.213 Y-9.044 Z6.200 F5400 A456.31386; Connection 
G1 X12.498 Y-9.759 Z6.200 F5400 A456.34922; Infill 
G1 X12.871 Y-9.946 Z6.200 F5400 A456.36381; Connection 
G1 X13.510 Y-9.308 Z6.200 F5400 A456.39537; Infill 
G1 X13.814 Y-9.563 Z6.200 F5400 A456.40927; Connection 
G1 X13.244 Y-10.133 Z6.200 F5400 A456.43745; Infill 
G1 X13.617 Y-10.320 Z6.200 F5400 A456.45203; Connection 
G1 X14.173 Y-9.765 Z6.200 F5400 A456.47948; Infill 
G1 X14.587 Y-9.911 Z6.200 F5400 A456.49484; Connection 
G1 X13.991 Y-10.507 Z6.200 F5400 A456.52433; Infill 
G1 X14.364 Y-10.694 Z6.200 F5400 A456.53892; Connection 
G1 X15.054 Y-10.004 Z6.200 F5400 A456.57305; Infill 
G1 X15.628 Y-9.990 Z6.200 F5400 A456.59311; Connection 
G1 X14.737 Y-10.881 Z6.200 F5400 A456.63715; Infill 
G1 X15.110 Y-11.068 Z6.200 F5400 A456.65174; Connection 
G1 X16.326 Y-9.852 Z6.200 F5400 A456.71187; Infill 
G1 X17.460 Y-9.278 Z6.200 F5400 A456.75629; Connection 
G1 X15.483 Y-11.255 Z6.200 F5400 A456.85402; Infill 
G1 X15.856 Y-11.442 Z6.200 F5400 A456.86861; Connection 
G1 X17.547 Y-9.751 Z6.200 F5400 A456.95222; Infill 
G1 X17.634 Y-10.223 Z6.200 F5400 A456.96902; Connection 
G1 X16.229 Y-11.629 Z6.200 F5400 A457.03851; Infill 
G1 X16.602 Y-11.816 Z6.200 F5400 A457.05310; Connection 
G1 X17.722 Y-10.696 Z6.200 F5400 A457.10846; Infill 
G1 X17.809 Y-11.169 Z6.200 F5400 A457.12526; Connection 
G1 X16.975 Y-12.003 Z6.200 F5400 A457.16650; Infill 
G1 X17.348 Y-12.190 Z6.200 F5400 A457.18109; Connection 
G1 X17.897 Y-11.641 Z6.200 F5400 A457.20820; Infill 
G1 X17.984 Y-12.114 Z6.200 F5400 A457.22501; Connection 
G1 X17.721 Y-12.377 Z6.200 F5400 A457.23800; Infill 
G1 X18.047 Y-12.611 Z6.200 F5400 A457.25202; Connection 
G1 X18.072 Y-12.586 Z6.200 F5400 A457.25325; Infill 
G1 X18.072 Y-12.586 Z6.200 F1500 A455.95325; Retract 
G1 X18.072 Y-12.586 Z6.200 F3000; Retract 
G1 X9.449 Y-8.889 Z6.200 F9000; Travel Move 
G1 X9.449 Y-8.889 Z6.200 F1500 A457.25325; Restart 
G1 X9.417 Y-8.921 Z6.200 F5400 A457.25483; Infill 
G1 X9.417 Y-8.921 Z6.200 F1500 A455.95483; Retract 
G1 X9.417 Y-8.921 Z6.200 F3000; Retract 
G1 X9.773 Y-9.684 Z6.200 F9000; Travel Move 
G1 X9.773 Y-9.684 Z6.200 F1500 A457.25483; Restart 
G1 X9.750 Y-9.707 Z6.200 F5400 A457.25598; Infill 
G1 X10.156 Y-9.861 Z6.200 F5400 A457.27116; Connection 
G1 X10.175 Y-9.842 Z6.200 F5400 A457.27210; Infill 
G1 X10.175 Y-9.842 Z6.200 F1500 A455.97210; Retract 
G1 X10.175 Y-9.842 Z6.200 F3000; Retract 
G1 X13.670 Y-13.068 Z6.200 F9000; Travel Move 
G1 X13.670 Y-13.068 Z6.200 F1500 A457.27210; Restart 
G1 X13.699 Y-13.039 Z6.200 F5400 A457.27355; Infill 
G1 X14.124 Y-13.174 Z6.200 F5400 A457.28914; Connection 
G1 X14.176 Y-13.122 Z6.200 F5400 A457.29170; Infill 
G1 X14.563 Y-13.295 Z6.200 F5400 A457.30652; Connection 
G1 X14.598 Y-13.260 Z6.200 F5400 A457.30827; Infill 
G1 X14.961 Y-13.457 Z6.200 F5400 A457.32270; Connection 
G1 X14.979 Y-13.439 Z6.200 F5400 A457.32361; Infill 
; Chunk 61 
; Lower Position  6 
; Upper Position  6.2 
; Thickness       0.2 
; Width           0.4 
G1 X14.979 Y-13.439 Z6.200 F1500 A456.02361; Retract 
G1 X14.979 Y-13.439 Z6.200 F3000; Retract 
G1 X14.672 Y-8.062 Z6.200 F9000; Travel Move 
G1 X14.672 Y-8.062 Z6.200 F1500 A457.32361; Restart 
G1 X14.672 Y-6.446 Z6.200 F5400 A457.38010; Support 
; Chunk 62 
; Lower Position  6.2 
; Upper Position  6.4 
; Thickness       0.2 
; Width           0.4 
G1 X14.672 Y-6.446 Z6.200 F1500 A456.08010; Retract 
G1 X14.672 Y-6.446 Z6.200 F3000; Retract 
G1 X14.672 Y-6.446 Z6.400 F1380; Travel Move 
G1 X14.672 Y-6.446 Z6.400 F1500 A457.38010; Restart 
G1 X14.672 Y-8.062 Z6.400 F5400 A457.43658; Support 
; Chunk 63 
; Lower Position  6.2 
; Upper Position  6.4 
; Thickness       0.2 
; Width           0.4 
G1 X14.672 Y-8.062 Z6.400 F1500 A456.13658; Retract 
G1 X14.672 Y-8.062 Z6.400 F3000; Retract 
G1 X8.170 Y-20.088 Z6.400 F9000; Travel Move 
G1 X8.170 Y-20.088 Z6.400 F1500 A457.43658; Restart 
G1 X8.165 Y-20.016 Z6.400 F5400 A457.43910; Inset 
G1 X9.220 Y-7.886 Z6.400 F5400 A457.86477; Inset 
G1 X9.347 Y-7.373 Z6.400 F5400 A457.88326; Inset 
G1 X9.614 Y-6.964 Z6.400 F5400 A457.90031; Inset 
G1 X9.998 Y-6.663 Z6.400 F5400 A457.91737; Inset 
G1 X10.259 Y-6.547 Z6.400 F5400 A457.92736; Inset 
G1 X13.777 Y-5.310 Z6.400 F5400 A458.05774; Inset 
G1 X13.378 Y-5.694 Z6.400 F5400 A458.07709; Inset 
G1 X13.277 Y-5.831 Z6.400 F5400 A458.08305; Inset 
G1 X12.973 Y-6.436 Z6.400 F5400 A458.10672; Inset 
G1 X12.924 Y-6.599 Z6.400 F5400 A458.11267; Inset 
G1 X12.842 Y-7.250 Z6.400 F5400 A458.13560; Inset 
G1 X12.891 Y-7.756 Z6.400 F5400 A458.15339; Inset 
G1 X13.161 Y-8.468 Z6.400 F5400 A458.18000; Inset 
G1 X13.452 Y-8.886 Z6.400 F5400 A458.19778; Inset 
G1 X14.051 Y-9.389 Z6.400 F5400 A458.22514; Inset 
G1 X14.200 Y-9.472 Z6.400 F5400 A458.23109; Inset 
G1 X14.819 Y-9.689 Z6.400 F5400 A458.25402; Inset 
G1 X15.324 Y-9.747 Z6.400 F5400 A458.27181; Inset 
G1 X16.098 Y-9.629 Z6.400 F5400 A458.29916; Inset 
G1 X16.258 Y-9.572 Z6.400 F5400 A458.30512; Inset 
G1 X16.849 Y-9.241 Z6.400 F5400 A458.32879; Inset 
G1 X16.981 Y-9.134 Z6.400 F5400 A458.33474; Inset 
G1 X17.427 Y-8.625 Z6.400 F5400 A458.35842; Inset 
G1 X17.575 Y-8.332 Z6.400 F5400 A458.36989; Inset 
G1 X18.542 Y-13.556 Z6.400 F5400 A458.55563; Inset 
G1 X18.548 Y-13.690 Z6.400 F5400 A458.56031; Inset 
G1 X17.765 Y-22.696 Z6.400 F5400 A458.87634; Inset 
G1 X17.752 Y-22.725 Z6.400 F5400 A458.87747; Inset 
G1 X17.697 Y-22.725 Z6.400 F5400 A458.87939; Inset 
G1 X15.518 Y-22.329 Z6.400 F5400 A458.95681; Inset 
G1 X13.788 Y-21.929 Z6.400 F5400 A459.01889; Inset 
G1 X11.541 Y-21.299 Z6.400 F5400 A459.10048; Inset 
G1 X8.215 Y-20.115 Z6.400 F5400 A459.22391; Inset 
G1 X8.170 Y-20.088 Z6.400 F5400 A459.22574; Inset 
G1 X8.170 Y-20.088 Z6.400 F1500 A457.92574; Retract 
G1 X8.170 Y-20.088 Z6.400 F3000; Retract 
G1 X14.275 Y-9.056 Z6.400 F9000; Travel Move 
G1 X14.275 Y-9.056 Z6.400 F1500 A459.22574; Restart 
G1 X14.365 Y-9.105 Z6.400 F5400 A459.22931; Inset 
G1 X15.002 Y-9.319 Z6.400 F5400 A459.25281; Inset 
G1 X15.408 Y-9.343 Z6.400 F5400 A459.26704; Inset 
G1 X16.092 Y-9.207 Z6.400 F5400 A459.29142; Inset 
G1 X16.703 Y-8.844 Z6.400 F5400 A459.31624; Inset 
G1 X17.158 Y-8.299 Z6.400 F5400 A459.34106; Inset 
G1 X17.405 Y-7.634 Z6.400 F5400 A459.36588; Inset 
G1 X17.416 Y-6.924 Z6.400 F5400 A459.39070; Inset 
G1 X17.209 Y-6.284 Z6.400 F5400 A459.41421; Inset 
G1 X16.987 Y-5.943 Z6.400 F5400 A459.42843; Inset 
G1 X16.503 Y-5.495 Z6.400 F5400 A459.45149; Inset 
G1 X16.143 Y-5.306 Z6.400 F5400 A459.46572; Inset 
G1 X15.578 Y-5.160 Z6.400 F5400 A459.48612; Inset 
G1 X15.095 Y-5.161 Z6.400 F5400 A459.50299; Inset 
G1 X14.460 Y-5.338 Z6.400 F5400 A459.52605; Inset 
G1 X14.110 Y-5.545 Z6.400 F5400 A459.54028; Inset 
G1 X13.619 Y-6.041 Z6.400 F5400 A459.56465; Inset 
G1 X13.317 Y-6.683 Z6.400 F5400 A459.58947; Inset 
G1 X13.242 Y-7.351 Z6.400 F5400 A459.61298; Inset 
G1 X13.304 Y-7.753 Z6.400 F5400 A459.62720; Inset 
G1 X13.523 Y-8.294 Z6.400 F5400 A459.64760; Inset 
G1 X13.758 Y-8.627 Z6.400 F5400 A459.66183; Inset 
G1 X14.275 Y-9.056 Z6.400 F5400 A459.68533; Inset 
G1 X14.275 Y-9.056 Z6.400 F1500 A458.38533; Retract 
G1 X14.275 Y-9.056 Z6.400 F3000; Retract 
G1 X14.513 Y-8.734 Z6.400 F9000; Travel Move 
G1 X14.513 Y-8.734 Z6.400 F1500 A459.68533; Restart 
G1 X15.048 Y-8.921 Z6.400 F2400 A459.70516; Inset 
G1 X15.352 Y-8.947 Z6.400 F2400 A459.71584; Inset 
G1 X15.911 Y-8.850 Z6.400 F2400 A459.73566; Inset 
G1 X16.413 Y-8.568 Z6.400 F2400 A459.75578; Inset 
G1 X16.792 Y-8.135 Z6.400 F2400 A459.77591; Inset 
G1 X17.006 Y-7.601 Z6.400 F2400 A459.79603; Inset 
G1 X17.029 Y-7.026 Z6.400 F2400 A459.81615; Inset 
G1 X16.862 Y-6.484 Z6.400 F2400 A459.83597; Inset 
G1 X16.701 Y-6.224 Z6.400 F2400 A459.84666; Inset 
G1 X16.298 Y-5.839 Z6.400 F2400 A459.86617; Inset 
G1 X16.031 Y-5.690 Z6.400 F2400 A459.87686; Inset 
G1 X15.490 Y-5.550 Z6.400 F2400 A459.89637; Inset 
G1 X15.184 Y-5.551 Z6.400 F2400 A459.90706; Inset 
G1 X14.645 Y-5.693 Z6.400 F2400 A459.92657; Inset 
G1 X14.378 Y-5.842 Z6.400 F2400 A459.93726; Inset 
G1 X13.969 Y-6.235 Z6.400 F2400 A459.95708; Inset 
G1 X13.711 Y-6.750 Z6.400 F2400 A459.97720; Inset 
G1 X13.640 Y-7.312 Z6.400 F2400 A459.99702; Inset 
G1 X13.680 Y-7.615 Z6.400 F2400 A460.00770; Inset 
G1 X13.889 Y-8.133 Z6.400 F2400 A460.02722; Inset 
G1 X14.071 Y-8.378 Z6.400 F2400 A460.03790; Inset 
G1 X14.513 Y-8.734 Z6.400 F2400 A460.05772; Inset 
G1 X14.513 Y-8.734 Z6.400 F1500 A458.75772; Retract 
G1 X14.513 Y-8.734 Z6.400 F3000; Retract 
G1 X7.905 Y-20.396 Z6.400 F9000; Travel Move 
G1 X7.905 Y-20.396 Z6.400 F1500 A460.05772; Restart 
G1 X7.824 Y-20.301 Z6.400 F5400 A460.06208; Inset 
G1 X7.776 Y-20.186 Z6.400 F5400 A460.06644; Inset 
G1 X7.763 Y-20.013 Z6.400 F5400 A460.07248; Inset 
G1 X8.823 Y-7.835 Z6.400 F5400 A460.49983; Inset 
G1 X8.879 Y-7.505 Z6.400 F5400 A460.51154; Inset 
G1 X8.980 Y-7.212 Z6.400 F5400 A460.52240; Inset 
G1 X9.128 Y-6.939 Z6.400 F5400 A460.53325; Inset 
G1 X9.318 Y-6.693 Z6.400 F5400 A460.54410; Inset 
G1 X9.546 Y-6.482 Z6.400 F5400 A460.55495; Inset 
G1 X9.805 Y-6.311 Z6.400 F5400 A460.56580; Inset 
G1 X10.111 Y-6.175 Z6.400 F5400 A460.57752; Inset 
G1 X14.457 Y-4.647 Z6.400 F5400 A460.73857; Inset 
G1 X14.882 Y-4.538 Z6.400 F5400 A460.75393; Inset 
G1 X15.294 Y-4.505 Z6.400 F5400 A460.76838; Inset 
G1 X15.706 Y-4.544 Z6.400 F5400 A460.78283; Inset 
G1 X16.099 Y-4.651 Z6.400 F5400 A460.79708; Inset 
G1 X16.551 Y-4.873 Z6.400 F5400 A460.81467; Inset 
G1 X16.815 Y-5.063 Z6.400 F5400 A460.82605; Inset 
G1 X17.110 Y-5.357 Z6.400 F5400 A460.84061; Inset 
G1 X17.348 Y-5.695 Z6.400 F5400 A460.85506; Inset 
G1 X17.525 Y-6.068 Z6.400 F5400 A460.86951; Inset 
G1 X17.642 Y-6.492 Z6.400 F5400 A460.88486; Inset 
G1 X18.940 Y-13.510 Z6.400 F5400 A461.13438; Inset 
G1 X18.949 Y-13.697 Z6.400 F5400 A461.14094; Inset 
G1 X18.162 Y-22.747 Z6.400 F5400 A461.45852; Inset 
G1 X18.078 Y-22.976 Z6.400 F5400 A461.46704; Inset 
G1 X17.946 Y-23.083 Z6.400 F5400 A461.47296; Inset 
G1 X17.822 Y-23.125 Z6.400 F5400 A461.47756; Inset 
G1 X17.662 Y-23.126 Z6.400 F5400 A461.48315; Inset 
G1 X15.437 Y-22.721 Z6.400 F5400 A461.56220; Inset 
G1 X13.689 Y-22.316 Z6.400 F5400 A461.62494; Inset 
G1 X11.420 Y-21.680 Z6.400 F5400 A461.70732; Inset 
G1 X8.043 Y-20.479 Z6.400 F5400 A461.83263; Inset 
G1 X7.905 Y-20.396 Z6.400 F5400 A461.83826; Inset 
G1 X7.905 Y-20.396 Z6.400 F1500 A460.53826; Retract 
G1 X7.905 Y-20.396 Z6.400 F3000; Retract 
G1 X7.644 Y-20.705 Z6.400 F9000; Travel Move 
G1 X7.644 Y-20.705 Z6.400 F1500 A461.83826; Restart 
G1 X7.478 Y-20.513 Z6.400 F2400 A461.84712; Inset 
G1 X7.382 Y-20.279 Z6.400 F2400 A461.85598; Inset 
G1 X7.362 Y-20.011 Z6.400 F2400 A461.86539; Inset 
G1 X8.425 Y-7.784 Z6.400 F2400 A462.29443; Inset 
G1 X8.490 Y-7.406 Z6.400 F2400 A462.30786; Inset 
G1 X8.613 Y-7.050 Z6.400 F2400 A462.32100; Inset 
G1 X8.792 Y-6.719 Z6.400 F2400 A462.33415; Inset 
G1 X9.022 Y-6.422 Z6.400 F2400 A462.34730; Inset 
G1 X9.298 Y-6.167 Z6.400 F2400 A462.36044; Inset 
G1 X9.612 Y-5.959 Z6.400 F2400 A462.37359; Inset 
G1 X9.962 Y-5.803 Z6.400 F2400 A462.38702; Inset 
G1 X14.341 Y-4.264 Z6.400 F2400 A462.54926; Inset 
M73 P60; Update Progress 
G1 X14.816 Y-4.142 Z6.400 F2400 A462.56643; Inset 
G1 X15.297 Y-4.104 Z6.400 F2400 A462.58330; Inset 
G1 X15.778 Y-4.149 Z6.400 F2400 A462.60017; Inset 
G1 X16.241 Y-4.275 Z6.400 F2400 A462.61697; Inset 
G1 X16.757 Y-4.529 Z6.400 F2400 A462.63706; Inset 
G1 X17.075 Y-4.757 Z6.400 F2400 A462.65072; Inset 
G1 X17.417 Y-5.098 Z6.400 F2400 A462.66762; Inset 
G1 X17.695 Y-5.492 Z6.400 F2400 A462.68450; Inset 
G1 X17.901 Y-5.929 Z6.400 F2400 A462.70136; Inset 
G1 X18.032 Y-6.402 Z6.400 F2400 A462.71853; Inset 
G1 X19.338 Y-13.464 Z6.400 F2400 A462.96959; Inset 
G1 X19.350 Y-13.705 Z6.400 F2400 A462.97805; Inset 
G1 X18.559 Y-22.799 Z6.400 F2400 A463.29715; Inset 
G1 X18.537 Y-22.929 Z6.400 F2400 A463.30176; Inset 
G1 X18.424 Y-23.184 Z6.400 F2400 A463.31153; Inset 
G1 X18.352 Y-23.275 Z6.400 F2400 A463.31556; Inset 
G1 X18.138 Y-23.440 Z6.400 F2400 A463.32503; Inset 
G1 X17.888 Y-23.525 Z6.400 F2400 A463.33423; Inset 
G1 X17.627 Y-23.526 Z6.400 F2400 A463.34339; Inset 
G1 X15.357 Y-23.113 Z6.400 F2400 A463.42405; Inset 
G1 X13.589 Y-22.704 Z6.400 F2400 A463.48746; Inset 
G1 X11.299 Y-22.061 Z6.400 F2400 A463.57063; Inset 
G1 X7.871 Y-20.842 Z6.400 F2400 A463.69782; Inset 
G1 X7.644 Y-20.705 Z6.400 F2400 A463.70710; Inset 
G1 X7.644 Y-20.705 Z6.400 F1500 A462.40710; Retract 
G1 X7.644 Y-20.705 Z6.400 F3000; Retract 
G1 X8.477 Y-19.723 Z6.400 F9000; Travel Move 
G1 X8.477 Y-19.723 Z6.400 F1500 A463.70710; Restart 
G1 X8.760 Y-20.005 Z6.400 F5400 A463.72107; Infill 
G1 X8.522 Y-19.208 Z6.400 F5400 A463.75018; Connection 
G1 X9.629 Y-20.315 Z6.400 F5400 A463.80491; Infill 
G1 X10.498 Y-20.624 Z6.400 F5400 A463.83717; Connection 
G1 X8.567 Y-18.692 Z6.400 F5400 A463.93266; Infill 
G1 X8.612 Y-18.177 Z6.400 F5400 A463.95074; Connection 
G1 X11.368 Y-20.933 Z6.400 F5400 A464.08701; Infill 
G1 X12.173 Y-21.179 Z6.400 F5400 A464.11645; Connection 
G1 X8.656 Y-17.662 Z6.400 F5400 A464.29033; Infill 
G1 X8.701 Y-17.147 Z6.400 F5400 A464.30841; Connection 
G1 X12.952 Y-21.397 Z6.400 F5400 A464.51855; Infill 
G1 X13.730 Y-21.616 Z6.400 F5400 A464.54682; Connection 
G1 X8.746 Y-16.632 Z6.400 F5400 A464.79323; Infill 
G1 X8.791 Y-16.116 Z6.400 F5400 A464.81131; Connection 
G1 X14.467 Y-21.792 Z6.400 F5400 A465.09194; Infill 
G1 X15.195 Y-21.961 Z6.400 F5400 A465.11808; Connection 
G1 X8.836 Y-15.601 Z6.400 F5400 A465.43252; Infill 
G1 X8.881 Y-15.086 Z6.400 F5400 A465.45060; Connection 
G1 X15.903 Y-22.108 Z6.400 F5400 A465.79779; Infill 
G1 X16.588 Y-22.233 Z6.400 F5400 A465.82212; Connection 
G1 X8.925 Y-14.571 Z6.400 F5400 A466.20094; Infill 
G1 X8.970 Y-14.055 Z6.400 F5400 A466.21902; Connection 
G1 X17.194 Y-22.279 Z6.400 F5400 A466.62561; Infill 
G1 X17.239 Y-21.764 Z6.400 F5400 A466.64369; Connection 
G1 X9.015 Y-13.540 Z6.400 F5400 A467.05028; Infill 
G1 X9.060 Y-13.025 Z6.400 F5400 A467.06836; Connection 
G1 X17.283 Y-21.249 Z6.400 F5400 A467.47495; Infill 
G1 X17.328 Y-20.734 Z6.400 F5400 A467.49303; Connection 
G1 X9.105 Y-12.510 Z6.400 F5400 A467.89962; Infill 
G1 X9.149 Y-11.995 Z6.400 F5400 A467.91770; Connection 
G1 X17.373 Y-20.218 Z6.400 F5400 A468.32429; Infill 
G1 X17.418 Y-19.703 Z6.400 F5400 A468.34237; Connection 
G1 X9.194 Y-11.479 Z6.400 F5400 A468.74895; Infill 
G1 X9.239 Y-10.964 Z6.400 F5400 A468.76703; Connection 
G1 X17.463 Y-19.188 Z6.400 F5400 A469.17362; Infill 
G1 X17.508 Y-18.673 Z6.400 F5400 A469.19170; Connection 
G1 X9.284 Y-10.449 Z6.400 F5400 A469.59829; Infill 
G1 X9.329 Y-9.934 Z6.400 F5400 A469.61637; Connection 
G1 X17.552 Y-18.157 Z6.400 F5400 A470.02296; Infill 
G1 X17.597 Y-17.642 Z6.400 F5400 A470.04104; Connection 
G1 X9.373 Y-9.418 Z6.400 F5400 A470.44763; Infill 
G1 X9.418 Y-8.903 Z6.400 F5400 A470.46571; Connection 
G1 X17.642 Y-17.127 Z6.400 F5400 A470.87230; Infill 
G1 X17.687 Y-16.612 Z6.400 F5400 A470.89038; Connection 
G1 X9.463 Y-8.388 Z6.400 F5400 A471.29696; Infill 
G1 X9.516 Y-7.881 Z6.400 F5400 A471.31480; Connection 
G1 X17.732 Y-16.097 Z6.400 F5400 A471.72099; Infill 
G1 X17.776 Y-15.581 Z6.400 F5400 A471.73907; Connection 
G1 X9.641 Y-7.446 Z6.400 F5400 A472.14128; Infill 
G1 X9.877 Y-7.122 Z6.400 F5400 A472.15530; Connection 
G1 X17.821 Y-15.066 Z6.400 F5400 A472.54808; Infill 
G1 X17.892 Y-14.577 Z6.400 F5400 A472.56536; Connection 
G1 X10.201 Y-6.886 Z6.400 F5400 A472.94561; Infill 
G1 X10.604 Y-6.729 Z6.400 F5400 A472.96073; Connection 
G1 X18.140 Y-14.265 Z6.400 F5400 A473.33334; Infill 
G1 X18.250 Y-13.815 Z6.400 F5400 A473.34953; Connection 
G1 X14.215 Y-9.780 Z6.400 F5400 A473.54902; Infill 
G1 X14.992 Y-9.997 Z6.400 F5400 A473.57722; Connection 
G1 X18.183 Y-13.188 Z6.400 F5400 A473.73497; Infill 
G1 X18.056 Y-12.500 Z6.400 F5400 A473.75940; Connection 
G1 X15.556 Y-10.001 Z6.400 F5400 A473.88297; Infill 
G1 X16.042 Y-9.927 Z6.400 F5400 A473.90016; Connection 
G1 X17.929 Y-11.813 Z6.400 F5400 A473.99341; Infill 
M73 P61; Update Progress 
G1 X17.801 Y-11.126 Z6.400 F5400 A474.01784; Connection 
G1 X16.461 Y-9.786 Z6.400 F5400 A474.08409; Infill 
G1 X16.820 Y-9.585 Z6.400 F5400 A474.09847; Connection 
G1 X17.674 Y-10.439 Z6.400 F5400 A474.14070; Infill 
G1 X17.547 Y-9.752 Z6.400 F5400 A474.16513; Connection 
G1 X17.156 Y-9.360 Z6.400 F5400 A474.18449; Infill 
G1 X17.156 Y-9.360 Z6.400 F1500 A472.88449; Retract 
G1 X17.156 Y-9.360 Z6.400 F3000; Retract 
G1 X12.826 Y-8.391 Z6.400 F9000; Travel Move 
G1 X12.826 Y-8.391 Z6.400 F1500 A474.18449; Restart 
G1 X11.018 Y-6.583 Z6.400 F5400 A474.27390; Infill 
G1 X11.433 Y-6.437 Z6.400 F5400 A474.28925; Connection 
G1 X12.588 Y-7.593 Z6.400 F5400 A474.34638; Infill 
G1 X12.582 Y-7.027 Z6.400 F5400 A474.36618; Connection 
G1 X11.847 Y-6.292 Z6.400 F5400 A474.40251; Infill 
G1 X12.261 Y-6.146 Z6.400 F5400 A474.41786; Connection 
G1 X12.646 Y-6.531 Z6.400 F5400 A474.43689; Infill 
G1 X12.807 Y-6.131 Z6.400 F5400 A474.45194; Connection 
G1 X12.676 Y-6.000 Z6.400 F5400 A474.45841; Infill 
G1 X12.676 Y-6.000 Z6.400 F1500 A473.15841; Retract 
G1 X12.676 Y-6.000 Z6.400 F3000; Retract 
G1 X18.136 Y-14.821 Z6.400 F9000; Travel Move 
G1 X18.136 Y-14.821 Z6.400 F1500 A474.45841; Restart 
G1 X18.161 Y-14.845 Z6.400 F5400 A474.45965; Infill 
G1 X18.091 Y-15.336 Z6.400 F5400 A474.47696; Connection 
G1 X18.116 Y-15.361 Z6.400 F5400 A474.47819; Infill 
G1 X18.046 Y-15.851 Z6.400 F5400 A474.49550; Connection 
G1 X18.071 Y-15.876 Z6.400 F5400 A474.49674; Infill 
G1 X18.001 Y-16.366 Z6.400 F5400 A474.51405; Connection 
G1 X18.026 Y-16.391 Z6.400 F5400 A474.51528; Infill 
G1 X17.956 Y-16.881 Z6.400 F5400 A474.53260; Connection 
G1 X17.981 Y-16.906 Z6.400 F5400 A474.53383; Infill 
G1 X17.912 Y-17.397 Z6.400 F5400 A474.55114; Connection 
G1 X17.937 Y-17.422 Z6.400 F5400 A474.55238; Infill 
G1 X17.867 Y-17.912 Z6.400 F5400 A474.56969; Connection 
G1 X17.892 Y-17.937 Z6.400 F5400 A474.57092; Infill 
G1 X17.822 Y-18.427 Z6.400 F5400 A474.58824; Connection 
G1 X17.847 Y-18.452 Z6.400 F5400 A474.58947; Infill 
G1 X17.777 Y-18.942 Z6.400 F5400 A474.60678; Connection 
G1 X17.802 Y-18.967 Z6.400 F5400 A474.60802; Infill 
G1 X17.732 Y-19.458 Z6.400 F5400 A474.62533; Connection 
G1 X17.757 Y-19.482 Z6.400 F5400 A474.62656; Infill 
G1 X17.688 Y-19.973 Z6.400 F5400 A474.64387; Connection 
G1 X17.713 Y-19.998 Z6.400 F5400 A474.64511; Infill 
G1 X17.643 Y-20.488 Z6.400 F5400 A474.66242; Connection 
G1 X17.668 Y-20.513 Z6.400 F5400 A474.66365; Infill 
G1 X17.598 Y-21.003 Z6.400 F5400 A474.68097; Connection 
G1 X17.623 Y-21.028 Z6.400 F5400 A474.68220; Infill 
G1 X17.553 Y-21.518 Z6.400 F5400 A474.69951; Connection 
G1 X17.578 Y-21.543 Z6.400 F5400 A474.70075; Infill 
G1 X17.508 Y-22.034 Z6.400 F5400 A474.71806; Connection 
G1 X17.533 Y-22.059 Z6.400 F5400 A474.71929; Infill 
; Chunk 64 
; Lower Position  6.4 
; Upper Position  6.6 
; Thickness       0.2 
; Width           0.4 
G1 X17.533 Y-22.059 Z6.400 F1500 A473.41929; Retract 
G1 X17.533 Y-22.059 Z6.400 F3000; Retract 
G1 X17.533 Y-22.059 Z6.600 F1380; Travel Move 
G1 X8.170 Y-20.088 Z6.600 F9000; Travel Move 
G1 X8.170 Y-20.088 Z6.600 F1500 A474.71929; Restart 
G1 X8.165 Y-20.016 Z6.600 F5400 A474.72181; Inset 
G1 X9.220 Y-7.886 Z6.600 F5400 A475.14748; Inset 
G1 X9.347 Y-7.373 Z6.600 F5400 A475.16596; Inset 
G1 X9.614 Y-6.964 Z6.600 F5400 A475.18302; Inset 
G1 X9.998 Y-6.663 Z6.600 F5400 A475.20007; Inset 
G1 X10.259 Y-6.547 Z6.600 F5400 A475.21007; Inset 
G1 X13.777 Y-5.310 Z6.600 F5400 A475.34045; Inset 
G1 X13.378 Y-5.694 Z6.600 F5400 A475.35980; Inset 
G1 X13.277 Y-5.831 Z6.600 F5400 A475.36575; Inset 
G1 X12.973 Y-6.436 Z6.600 F5400 A475.38943; Inset 
G1 X12.924 Y-6.599 Z6.600 F5400 A475.39538; Inset 
G1 X12.842 Y-7.250 Z6.600 F5400 A475.41831; Inset 
G1 X12.891 Y-7.756 Z6.600 F5400 A475.43609; Inset 
G1 X13.161 Y-8.468 Z6.600 F5400 A475.46270; Inset 
G1 X13.452 Y-8.886 Z6.600 F5400 A475.48049; Inset 
G1 X14.051 Y-9.389 Z6.600 F5400 A475.50785; Inset 
G1 X14.200 Y-9.472 Z6.600 F5400 A475.51380; Inset 
G1 X14.819 Y-9.689 Z6.600 F5400 A475.53673; Inset 
G1 X15.324 Y-9.747 Z6.600 F5400 A475.55451; Inset 
G1 X16.098 Y-9.629 Z6.600 F5400 A475.58187; Inset 
G1 X16.258 Y-9.572 Z6.600 F5400 A475.58782; Inset 
G1 X16.849 Y-9.241 Z6.600 F5400 A475.61150; Inset 
G1 X16.981 Y-9.134 Z6.600 F5400 A475.61745; Inset 
G1 X17.427 Y-8.625 Z6.600 F5400 A475.64112; Inset 
G1 X17.575 Y-8.332 Z6.600 F5400 A475.65260; Inset 
G1 X18.542 Y-13.556 Z6.600 F5400 A475.83834; Inset 
G1 X18.548 Y-13.690 Z6.600 F5400 A475.84301; Inset 
G1 X17.765 Y-22.696 Z6.600 F5400 A476.15905; Inset 
G1 X17.752 Y-22.725 Z6.600 F5400 A476.16018; Inset 
G1 X17.698 Y-22.725 Z6.600 F5400 A476.16208; Inset 
G1 X15.452 Y-22.315 Z6.600 F5400 A476.24190; Inset 
G1 X11.606 Y-21.318 Z6.600 F5400 A476.38079; Inset 
G1 X8.214 Y-20.115 Z6.600 F5400 A476.50659; Inset 
G1 X8.170 Y-20.088 Z6.600 F5400 A476.50841; Inset 
G1 X8.170 Y-20.088 Z6.600 F1500 A475.20841; Retract 
G1 X8.170 Y-20.088 Z6.600 F3000; Retract 
G1 X14.275 Y-9.056 Z6.600 F9000; Travel Move 
G1 X14.275 Y-9.056 Z6.600 F1500 A476.50841; Restart 
G1 X14.365 Y-9.105 Z6.600 F5400 A476.51198; Inset 
G1 X15.002 Y-9.319 Z6.600 F5400 A476.53548; Inset 
G1 X15.408 Y-9.343 Z6.600 F5400 A476.54971; Inset 
G1 X16.092 Y-9.207 Z6.600 F5400 A476.57408; Inset 
G1 X16.703 Y-8.844 Z6.600 F5400 A476.59891; Inset 
G1 X17.158 Y-8.299 Z6.600 F5400 A476.62373; Inset 
G1 X17.405 Y-7.634 Z6.600 F5400 A476.64855; Inset 
G1 X17.416 Y-6.924 Z6.600 F5400 A476.67337; Inset 
G1 X17.209 Y-6.284 Z6.600 F5400 A476.69688; Inset 
G1 X16.987 Y-5.943 Z6.600 F5400 A476.71110; Inset 
G1 X16.503 Y-5.495 Z6.600 F5400 A476.73416; Inset 
G1 X16.143 Y-5.306 Z6.600 F5400 A476.74839; Inset 
G1 X15.578 Y-5.160 Z6.600 F5400 A476.76879; Inset 
G1 X15.095 Y-5.161 Z6.600 F5400 A476.78566; Inset 
G1 X14.460 Y-5.338 Z6.600 F5400 A476.80872; Inset 
G1 X14.110 Y-5.545 Z6.600 F5400 A476.82295; Inset 
G1 X13.619 Y-6.041 Z6.600 F5400 A476.84732; Inset 
G1 X13.317 Y-6.683 Z6.600 F5400 A476.87214; Inset 
G1 X13.242 Y-7.351 Z6.600 F5400 A476.89565; Inset 
G1 X13.304 Y-7.753 Z6.600 F5400 A476.90987; Inset 
G1 X13.523 Y-8.294 Z6.600 F5400 A476.93027; Inset 
G1 X13.758 Y-8.627 Z6.600 F5400 A476.94450; Inset 
G1 X14.275 Y-9.056 Z6.600 F5400 A476.96800; Inset 
G1 X14.275 Y-9.056 Z6.600 F1500 A475.66800; Retract 
G1 X14.275 Y-9.056 Z6.600 F3000; Retract 
G1 X14.513 Y-8.734 Z6.600 F9000; Travel Move 
G1 X14.513 Y-8.734 Z6.600 F1500 A476.96800; Restart 
G1 X15.048 Y-8.921 Z6.600 F2400 A476.98783; Inset 
G1 X15.352 Y-8.947 Z6.600 F2400 A476.99851; Inset 
G1 X15.911 Y-8.850 Z6.600 F2400 A477.01833; Inset 
G1 X16.413 Y-8.568 Z6.600 F2400 A477.03845; Inset 
G1 X16.792 Y-8.135 Z6.600 F2400 A477.05857; Inset 
G1 X17.006 Y-7.601 Z6.600 F2400 A477.07870; Inset 
G1 X17.029 Y-7.026 Z6.600 F2400 A477.09882; Inset 
G1 X16.862 Y-6.484 Z6.600 F2400 A477.11864; Inset 
G1 X16.701 Y-6.224 Z6.600 F2400 A477.12933; Inset 
G1 X16.298 Y-5.839 Z6.600 F2400 A477.14884; Inset 
G1 X16.031 Y-5.690 Z6.600 F2400 A477.15953; Inset 
G1 X15.490 Y-5.550 Z6.600 F2400 A477.17904; Inset 
G1 X15.184 Y-5.551 Z6.600 F2400 A477.18972; Inset 
G1 X14.645 Y-5.693 Z6.600 F2400 A477.20924; Inset 
G1 X14.378 Y-5.842 Z6.600 F2400 A477.21993; Inset 
G1 X13.969 Y-6.235 Z6.600 F2400 A477.23975; Inset 
G1 X13.711 Y-6.750 Z6.600 F2400 A477.25987; Inset 
G1 X13.640 Y-7.312 Z6.600 F2400 A477.27969; Inset 
G1 X13.680 Y-7.615 Z6.600 F2400 A477.29037; Inset 
G1 X13.889 Y-8.133 Z6.600 F2400 A477.30989; Inset 
G1 X14.071 Y-8.378 Z6.600 F2400 A477.32057; Inset 
G1 X14.513 Y-8.734 Z6.600 F2400 A477.34039; Inset 
G1 X14.513 Y-8.734 Z6.600 F1500 A476.04039; Retract 
G1 X14.513 Y-8.734 Z6.600 F3000; Retract 
G1 X7.905 Y-20.396 Z6.600 F9000; Travel Move 
G1 X7.905 Y-20.396 Z6.600 F1500 A477.34039; Restart 
G1 X7.824 Y-20.301 Z6.600 F5400 A477.34475; Inset 
G1 X7.776 Y-20.186 Z6.600 F5400 A477.34911; Inset 
G1 X7.763 Y-20.013 Z6.600 F5400 A477.35515; Inset 
G1 X8.823 Y-7.835 Z6.600 F5400 A477.78250; Inset 
G1 X8.879 Y-7.505 Z6.600 F5400 A477.79421; Inset 
G1 X8.980 Y-7.212 Z6.600 F5400 A477.80507; Inset 
G1 X9.128 Y-6.939 Z6.600 F5400 A477.81592; Inset 
G1 X9.318 Y-6.693 Z6.600 F5400 A477.82677; Inset 
G1 X9.546 Y-6.482 Z6.600 F5400 A477.83762; Inset 
G1 X9.805 Y-6.311 Z6.600 F5400 A477.84847; Inset 
G1 X10.111 Y-6.175 Z6.600 F5400 A477.86019; Inset 
G1 X14.458 Y-4.647 Z6.600 F5400 A478.02129; Inset 
G1 X14.855 Y-4.543 Z6.600 F5400 A478.03562; Inset 
G1 X15.296 Y-4.505 Z6.600 F5400 A478.05110; Inset 
G1 X15.706 Y-4.544 Z6.600 F5400 A478.06550; Inset 
G1 X16.096 Y-4.650 Z6.600 F5400 A478.07964; Inset 
G1 X16.599 Y-4.904 Z6.600 F5400 A478.09932; Inset 
G1 X17.110 Y-5.357 Z6.600 F5400 A478.12320; Inset 
G1 X17.347 Y-5.693 Z6.600 F5400 A478.13760; Inset 
G1 X17.535 Y-6.095 Z6.600 F5400 A478.15308; Inset 
G1 X17.642 Y-6.490 Z6.600 F5400 A478.16740; Inset 
G1 X18.940 Y-13.510 Z6.600 F5400 A478.41697; Inset 
G1 X18.949 Y-13.697 Z6.600 F5400 A478.42353; Inset 
G1 X18.162 Y-22.747 Z6.600 F5400 A478.74111; Inset 
G1 X18.078 Y-22.976 Z6.600 F5400 A478.74963; Inset 
G1 X17.946 Y-23.083 Z6.600 F5400 A478.75556; Inset 
G1 X17.822 Y-23.125 Z6.600 F5400 A478.76015; Inset 
G1 X17.662 Y-23.126 Z6.600 F5400 A478.76573; Inset 
G1 X15.365 Y-22.706 Z6.600 F5400 A478.84737; Inset 
G1 X11.489 Y-21.701 Z6.600 F5400 A478.98737; Inset 
G1 X8.043 Y-20.478 Z6.600 F5400 A479.11519; Inset 
G1 X7.905 Y-20.396 Z6.600 F5400 A479.12082; Inset 
G1 X7.905 Y-20.396 Z6.600 F1500 A477.82082; Retract 
G1 X7.905 Y-20.396 Z6.600 F3000; Retract 
G1 X7.644 Y-20.705 Z6.600 F9000; Travel Move 
G1 X7.644 Y-20.705 Z6.600 F1500 A479.12082; Restart 
G1 X7.478 Y-20.513 Z6.600 F2400 A479.12968; Inset 
G1 X7.382 Y-20.279 Z6.600 F2400 A479.13853; Inset 
G1 X7.362 Y-20.010 Z6.600 F2400 A479.14794; Inset 
G1 X8.425 Y-7.784 Z6.600 F2400 A479.57698; Inset 
G1 X8.490 Y-7.406 Z6.600 F2400 A479.59042; Inset 
G1 X8.613 Y-7.050 Z6.600 F2400 A479.60356; Inset 
G1 X8.792 Y-6.719 Z6.600 F2400 A479.61671; Inset 
G1 X9.022 Y-6.422 Z6.600 F2400 A479.62986; Inset 
G1 X9.298 Y-6.167 Z6.600 F2400 A479.64300; Inset 
G1 X9.612 Y-5.959 Z6.600 F2400 A479.65615; Inset 
G1 X9.962 Y-5.803 Z6.600 F2400 A479.66958; Inset 
G1 X14.341 Y-4.264 Z6.600 F2400 A479.83183; Inset 
G1 X14.787 Y-4.147 Z6.600 F2400 A479.84793; Inset 
G1 X15.298 Y-4.104 Z6.600 F2400 A479.86587; Inset 
G1 X15.778 Y-4.149 Z6.600 F2400 A479.88273; Inset 
G1 X16.240 Y-4.275 Z6.600 F2400 A479.89949; Inset 
G1 X16.808 Y-4.562 Z6.600 F2400 A479.92173; Inset 
G1 X17.074 Y-4.756 Z6.600 F2400 A479.93323; Inset 
G1 X17.417 Y-5.098 Z6.600 F2400 A479.95017; Inset 
G1 X17.695 Y-5.492 Z6.600 F2400 A479.96703; Inset 
G1 X17.912 Y-5.957 Z6.600 F2400 A479.98497; Inset 
G1 X18.032 Y-6.402 Z6.600 F2400 A480.00106; Inset 
G1 X19.338 Y-13.464 Z6.600 F2400 A480.25214; Inset 
G1 X19.350 Y-13.705 Z6.600 F2400 A480.26059; Inset 
G1 X18.559 Y-22.799 Z6.600 F2400 A480.57970; Inset 
G1 X18.537 Y-22.929 Z6.600 F2400 A480.58431; Inset 
G1 X18.424 Y-23.184 Z6.600 F2400 A480.59407; Inset 
G1 X18.352 Y-23.275 Z6.600 F2400 A480.59811; Inset 
G1 X18.138 Y-23.440 Z6.600 F2400 A480.60757; Inset 
G1 X17.888 Y-23.525 Z6.600 F2400 A480.61678; Inset 
G1 X17.627 Y-23.526 Z6.600 F2400 A480.62593; Inset 
G1 X15.279 Y-23.096 Z6.600 F2400 A480.70937; Inset 
G1 X11.371 Y-22.084 Z6.600 F2400 A480.85049; Inset 
G1 X7.871 Y-20.842 Z6.600 F2400 A480.98033; Inset 
G1 X7.644 Y-20.705 Z6.600 F2400 A480.98961; Inset 
G1 X7.644 Y-20.705 Z6.600 F1500 A479.68961; Retract 
G1 X7.644 Y-20.705 Z6.600 F3000; Retract 
G1 X8.504 Y-19.914 Z6.600 F9000; Travel Move 
G1 X8.504 Y-19.914 Z6.600 F1500 A480.98961; Restart 
G1 X17.722 Y-10.696 Z6.600 F5400 A481.44536; Infill 
G1 X17.634 Y-10.223 Z6.600 F5400 A481.46216; Connection 
G1 X8.510 Y-19.348 Z6.600 F5400 A481.91329; Infill 
G1 X8.563 Y-18.735 Z6.600 F5400 A481.93482; Connection 
G1 X17.547 Y-9.751 Z6.600 F5400 A482.37899; Infill 
G1 X17.460 Y-9.278 Z6.600 F5400 A482.39579; Connection 
G1 X8.617 Y-18.121 Z6.600 F5400 A482.83300; Infill 
G1 X8.670 Y-17.508 Z6.600 F5400 A482.85452; Connection 
G1 X16.326 Y-9.852 Z6.600 F5400 A483.23305; Infill 
M73 P62; Update Progress 
G1 X15.628 Y-9.990 Z6.600 F5400 A483.25794; Connection 
G1 X8.723 Y-16.895 Z6.600 F5400 A483.59930; Infill 
G1 X8.777 Y-16.281 Z6.600 F5400 A483.62082; Connection 
G1 X15.054 Y-10.004 Z6.600 F5400 A483.93117; Infill 
G1 X14.587 Y-9.911 Z6.600 F5400 A483.94782; Connection 
G1 X8.830 Y-15.668 Z6.600 F5400 A484.23245; Infill 
G1 X8.883 Y-15.054 Z6.600 F5400 A484.25398; Connection 
G1 X14.173 Y-9.765 Z6.600 F5400 A484.51549; Infill 
G1 X13.814 Y-9.563 Z6.600 F5400 A484.52987; Connection 
G1 X8.937 Y-14.441 Z6.600 F5400 A484.77102; Infill 
G1 X8.990 Y-13.828 Z6.600 F5400 A484.79254; Connection 
G1 X13.510 Y-9.308 Z6.600 F5400 A485.01600; Infill 
G1 X13.213 Y-9.044 Z6.600 F5400 A485.02987; Connection 
G1 X9.043 Y-13.214 Z6.600 F5400 A485.23604; Infill 
G1 X9.097 Y-12.601 Z6.600 F5400 A485.25757; Connection 
G1 X12.984 Y-8.714 Z6.600 F5400 A485.44976; Infill 
G1 X12.804 Y-8.333 Z6.600 F5400 A485.46447; Connection 
G1 X9.150 Y-11.988 Z6.600 F5400 A485.64514; Infill 
G1 X9.203 Y-11.374 Z6.600 F5400 A485.66667; Connection 
G1 X12.650 Y-7.927 Z6.600 F5400 A485.83709; Infill 
G1 X12.573 Y-7.444 Z6.600 F5400 A485.85420; Connection 
G1 X9.257 Y-10.761 Z6.600 F5400 A486.01818; Infill 
G1 X9.310 Y-10.147 Z6.600 F5400 A486.03971; Connection 
G1 X12.604 Y-6.854 Z6.600 F5400 A486.20254; Infill 
G1 X12.847 Y-6.050 Z6.600 F5400 A486.23191; Connection 
G1 X9.363 Y-9.534 Z6.600 F5400 A486.40416; Infill 
G1 X9.417 Y-8.921 Z6.600 F5400 A486.42568; Connection 
G1 X12.153 Y-6.184 Z6.600 F5400 A486.56098; Infill 
G1 X11.290 Y-6.488 Z6.600 F5400 A486.59298; Connection 
G1 X9.470 Y-8.307 Z6.600 F5400 A486.68295; Infill 
G1 X9.575 Y-7.642 Z6.600 F5400 A486.70650; Connection 
G1 X10.426 Y-6.791 Z6.600 F5400 A486.74858; Infill 
G1 X10.426 Y-6.791 Z6.600 F1500 A485.44858; Retract 
G1 X10.426 Y-6.791 Z6.600 F3000; Retract 
G1 X17.809 Y-11.169 Z6.600 F9000; Travel Move 
G1 X17.809 Y-11.169 Z6.600 F1500 A486.74858; Restart 
G1 X8.917 Y-20.061 Z6.600 F5400 A487.18821; Infill 
G1 X9.331 Y-20.207 Z6.600 F5400 A487.20355; Connection 
G1 X17.897 Y-11.641 Z6.600 F5400 A487.62707; Infill 
G1 X17.984 Y-12.114 Z6.600 F5400 A487.64387; Connection 
G1 X9.744 Y-20.354 Z6.600 F5400 A488.05127; Infill 
G1 X10.157 Y-20.501 Z6.600 F5400 A488.06661; Connection 
G1 X18.072 Y-12.586 Z6.600 F5400 A488.45789; Infill 
G1 X18.159 Y-13.059 Z6.600 F5400 A488.47470; Connection 
G1 X10.571 Y-20.647 Z6.600 F5400 A488.84987; Infill 
G1 X10.984 Y-20.794 Z6.600 F5400 A488.86520; Connection 
G1 X18.246 Y-13.532 Z6.600 F5400 A489.22426; Infill 
G1 X18.224 Y-14.114 Z6.600 F5400 A489.24463; Connection 
G1 X11.397 Y-20.941 Z6.600 F5400 A489.58215; Infill 
G1 X11.820 Y-21.078 Z6.600 F5400 A489.59769; Connection 
G1 X17.820 Y-15.078 Z6.600 F5400 A489.89434; Infill 
G1 X17.767 Y-15.691 Z6.600 F5400 A489.91587; Connection 
G1 X12.265 Y-21.193 Z6.600 F5400 A490.18790; Infill 
G1 X12.709 Y-21.309 Z6.600 F5400 A490.20396; Connection 
G1 X17.713 Y-16.305 Z6.600 F5400 A490.45136; Infill 
G1 X17.660 Y-16.918 Z6.600 F5400 A490.47288; Connection 
G1 X13.154 Y-21.424 Z6.600 F5400 A490.69566; Infill 
G1 X13.599 Y-21.539 Z6.600 F5400 A490.71172; Connection 
G1 X17.607 Y-17.531 Z6.600 F5400 A490.90987; Infill 
G1 X17.553 Y-18.145 Z6.600 F5400 A490.93139; Connection 
G1 X14.044 Y-21.654 Z6.600 F5400 A491.10491; Infill 
G1 X14.489 Y-21.770 Z6.600 F5400 A491.12098; Connection 
G1 X17.500 Y-18.758 Z6.600 F5400 A491.26987; Infill 
G1 X17.447 Y-19.372 Z6.600 F5400 A491.29139; Connection 
G1 X14.933 Y-21.885 Z6.600 F5400 A491.41566; Infill 
G1 X15.378 Y-22.000 Z6.600 F5400 A491.43172; Connection 
G1 X17.393 Y-19.985 Z6.600 F5400 A491.53136; Infill 
G1 X17.340 Y-20.598 Z6.600 F5400 A491.55288; Connection 
G1 X15.843 Y-22.096 Z6.600 F5400 A491.62691; Infill 
G1 X16.316 Y-22.182 Z6.600 F5400 A491.64373; Connection 
G1 X17.287 Y-21.212 Z6.600 F5400 A491.69171; Infill 
G1 X17.233 Y-21.825 Z6.600 F5400 A491.71324; Connection 
G1 X16.790 Y-22.269 Z6.600 F5400 A491.73517; Infill 
G1 X16.790 Y-22.269 Z6.600 F1500 A490.43517; Retract 
G1 X16.790 Y-22.269 Z6.600 F3000; Retract 
G1 X17.501 Y-22.117 Z6.600 F9000; Travel Move 
G1 X17.501 Y-22.117 Z6.600 F1500 A491.73517; Restart 
G1 X17.531 Y-22.088 Z6.600 F5400 A491.73663; Infill 
G1 X17.554 Y-21.504 Z6.600 F5400 A491.75706; Connection 
G1 X17.584 Y-21.474 Z6.600 F5400 A491.75853; Infill 
G1 X17.608 Y-20.891 Z6.600 F5400 A491.77895; Connection 
G1 X17.637 Y-20.861 Z6.600 F5400 A491.78042; Infill 
G1 X17.661 Y-20.277 Z6.600 F5400 A491.80084; Connection 
G1 X17.691 Y-20.248 Z6.600 F5400 A491.80231; Infill 
G1 X17.714 Y-19.664 Z6.600 F5400 A491.82273; Connection 
G1 X17.744 Y-19.634 Z6.600 F5400 A491.82420; Infill 
G1 X17.768 Y-19.051 Z6.600 F5400 A491.84462; Connection 
G1 X17.797 Y-19.021 Z6.600 F5400 A491.84609; Infill 
G1 X17.821 Y-18.437 Z6.600 F5400 A491.86651; Connection 
G1 X17.851 Y-18.408 Z6.600 F5400 A491.86798; Infill 
G1 X17.874 Y-17.824 Z6.600 F5400 A491.88840; Connection 
G1 X17.904 Y-17.794 Z6.600 F5400 A491.88987; Infill 
G1 X17.928 Y-17.210 Z6.600 F5400 A491.91029; Connection 
G1 X17.957 Y-17.181 Z6.600 F5400 A491.91176; Infill 
G1 X17.981 Y-16.597 Z6.600 F5400 A491.93218; Connection 
G1 X18.011 Y-16.567 Z6.600 F5400 A491.93365; Infill 
G1 X18.034 Y-15.984 Z6.600 F5400 A491.95407; Connection 
G1 X18.064 Y-15.954 Z6.600 F5400 A491.95554; Infill 
G1 X18.088 Y-15.370 Z6.600 F5400 A491.97596; Connection 
G1 X18.118 Y-15.341 Z6.600 F5400 A491.97743; Infill 
G1 X18.142 Y-14.756 Z6.600 F5400 A491.99790; Connection 
G1 X18.171 Y-14.727 Z6.600 F5400 A491.99931; Infill 
; Chunk 65 
; Lower Position  6.4 
; Upper Position  6.6 
; Thickness       0.2 
; Width           0.4 
G1 X18.171 Y-14.727 Z6.600 F1500 A490.69931; Retract 
G1 X18.171 Y-14.727 Z6.600 F3000; Retract 
G1 X14.672 Y-8.062 Z6.600 F9000; Travel Move 
G1 X14.672 Y-8.062 Z6.600 F1500 A491.99931; Restart 
G1 X14.672 Y-6.446 Z6.600 F5400 A492.05579; Support 
; Chunk 66 
; Lower Position  6.6 
; Upper Position  6.8 
; Thickness       0.2 
; Width           0.4 
G1 X14.672 Y-6.446 Z6.600 F1500 A490.75579; Retract 
G1 X14.672 Y-6.446 Z6.600 F3000; Retract 
G1 X14.672 Y-6.446 Z6.800 F1380; Travel Move 
G1 X14.672 Y-6.446 Z6.800 F1500 A492.05579; Restart 
G1 X14.672 Y-8.062 Z6.800 F5400 A492.11228; Support 
; Chunk 67 
; Lower Position  6.6 
; Upper Position  6.8 
; Thickness       0.2 
; Width           0.4 
G1 X14.672 Y-8.062 Z6.800 F1500 A490.81228; Retract 
G1 X14.672 Y-8.062 Z6.800 F3000; Retract 
G1 X8.190 Y-20.106 Z6.800 F9000; Travel Move 
G1 X8.190 Y-20.106 Z6.800 F1500 A492.11228; Restart 
G1 X8.170 Y-20.089 Z6.800 F5400 A492.11318; Inset 
G1 X8.165 Y-20.016 Z6.800 F5400 A492.11575; Inset 
G1 X9.220 Y-7.886 Z6.800 F5400 A492.54141; Inset 
G1 X9.347 Y-7.373 Z6.800 F5400 A492.55990; Inset 
G1 X9.614 Y-6.964 Z6.800 F5400 A492.57695; Inset 
G1 X9.998 Y-6.663 Z6.800 F5400 A492.59401; Inset 
G1 X10.259 Y-6.547 Z6.800 F5400 A492.60400; Inset 
G1 X13.777 Y-5.310 Z6.800 F5400 A492.73438; Inset 
G1 X13.378 Y-5.694 Z6.800 F5400 A492.75374; Inset 
G1 X13.277 Y-5.831 Z6.800 F5400 A492.75969; Inset 
G1 X12.973 Y-6.436 Z6.800 F5400 A492.78336; Inset 
G1 X12.924 Y-6.599 Z6.800 F5400 A492.78931; Inset 
G1 X12.842 Y-7.250 Z6.800 F5400 A492.81224; Inset 
G1 X12.891 Y-7.756 Z6.800 F5400 A492.83003; Inset 
G1 X13.161 Y-8.468 Z6.800 F5400 A492.85664; Inset 
G1 X13.452 Y-8.886 Z6.800 F5400 A492.87442; Inset 
G1 X14.051 Y-9.389 Z6.800 F5400 A492.90178; Inset 
G1 X14.200 Y-9.472 Z6.800 F5400 A492.90773; Inset 
G1 X14.819 Y-9.689 Z6.800 F5400 A492.93066; Inset 
G1 X15.324 Y-9.747 Z6.800 F5400 A492.94845; Inset 
G1 X16.098 Y-9.629 Z6.800 F5400 A492.97581; Inset 
G1 X16.258 Y-9.572 Z6.800 F5400 A492.98176; Inset 
G1 X16.849 Y-9.241 Z6.800 F5400 A493.00543; Inset 
G1 X16.981 Y-9.134 Z6.800 F5400 A493.01138; Inset 
G1 X17.427 Y-8.625 Z6.800 F5400 A493.03506; Inset 
G1 X17.575 Y-8.332 Z6.800 F5400 A493.04653; Inset 
G1 X18.542 Y-13.556 Z6.800 F5400 A493.23227; Inset 
G1 X18.548 Y-13.690 Z6.800 F5400 A493.23695; Inset 
G1 X17.765 Y-22.696 Z6.800 F5400 A493.55299; Inset 
G1 X17.752 Y-22.725 Z6.800 F5400 A493.55412; Inset 
G1 X17.705 Y-22.725 Z6.800 F5400 A493.55574; Inset 
G1 X14.125 Y-22.013 Z6.800 F5400 A493.68335; Inset 
G1 X11.687 Y-21.344 Z6.800 F5400 A493.77176; Inset 
G1 X8.190 Y-20.106 Z6.800 F5400 A493.90144; Inset 
G1 X8.190 Y-20.106 Z6.800 F1500 A492.60144; Retract 
G1 X8.190 Y-20.106 Z6.800 F3000; Retract 
G1 X14.275 Y-9.056 Z6.800 F9000; Travel Move 
G1 X14.275 Y-9.056 Z6.800 F1500 A493.90144; Restart 
G1 X14.365 Y-9.105 Z6.800 F5400 A493.90501; Inset 
G1 X15.002 Y-9.319 Z6.800 F5400 A493.92851; Inset 
G1 X15.408 Y-9.343 Z6.800 F5400 A493.94274; Inset 
G1 X16.092 Y-9.207 Z6.800 F5400 A493.96712; Inset 
G1 X16.703 Y-8.844 Z6.800 F5400 A493.99194; Inset 
G1 X17.158 Y-8.299 Z6.800 F5400 A494.01676; Inset 
G1 X17.405 Y-7.634 Z6.800 F5400 A494.04158; Inset 
G1 X17.416 Y-6.924 Z6.800 F5400 A494.06641; Inset 
G1 X17.209 Y-6.284 Z6.800 F5400 A494.08991; Inset 
G1 X16.987 Y-5.943 Z6.800 F5400 A494.10414; Inset 
G1 X16.503 Y-5.495 Z6.800 F5400 A494.12719; Inset 
G1 X16.143 Y-5.306 Z6.800 F5400 A494.14142; Inset 
G1 X15.578 Y-5.160 Z6.800 F5400 A494.16182; Inset 
G1 X15.095 Y-5.161 Z6.800 F5400 A494.17870; Inset 
G1 X14.460 Y-5.338 Z6.800 F5400 A494.20175; Inset 
G1 X14.110 Y-5.545 Z6.800 F5400 A494.21598; Inset 
G1 X13.619 Y-6.041 Z6.800 F5400 A494.24035; Inset 
G1 X13.317 Y-6.683 Z6.800 F5400 A494.26518; Inset 
G1 X13.242 Y-7.351 Z6.800 F5400 A494.28868; Inset 
G1 X13.304 Y-7.753 Z6.800 F5400 A494.30291; Inset 
G1 X13.523 Y-8.294 Z6.800 F5400 A494.32331; Inset 
G1 X13.758 Y-8.627 Z6.800 F5400 A494.33753; Inset 
G1 X14.275 Y-9.056 Z6.800 F5400 A494.36104; Inset 
G1 X14.275 Y-9.056 Z6.800 F1500 A493.06104; Retract 
G1 X14.275 Y-9.056 Z6.800 F3000; Retract 
G1 X14.513 Y-8.734 Z6.800 F9000; Travel Move 
G1 X14.513 Y-8.734 Z6.800 F1500 A494.36104; Restart 
G1 X15.048 Y-8.921 Z6.800 F2400 A494.38086; Inset 
G1 X15.352 Y-8.947 Z6.800 F2400 A494.39154; Inset 
G1 X15.911 Y-8.850 Z6.800 F2400 A494.41136; Inset 
G1 X16.413 Y-8.568 Z6.800 F2400 A494.43148; Inset 
G1 X16.792 Y-8.135 Z6.800 F2400 A494.45161; Inset 
G1 X17.006 Y-7.601 Z6.800 F2400 A494.47173; Inset 
G1 X17.029 Y-7.026 Z6.800 F2400 A494.49185; Inset 
G1 X16.862 Y-6.484 Z6.800 F2400 A494.51167; Inset 
G1 X16.701 Y-6.224 Z6.800 F2400 A494.52236; Inset 
G1 X16.298 Y-5.839 Z6.800 F2400 A494.54187; Inset 
G1 X16.031 Y-5.690 Z6.800 F2400 A494.55256; Inset 
G1 X15.490 Y-5.550 Z6.800 F2400 A494.57207; Inset 
G1 X15.184 Y-5.551 Z6.800 F2400 A494.58276; Inset 
G1 X14.645 Y-5.693 Z6.800 F2400 A494.60227; Inset 
G1 X14.378 Y-5.842 Z6.800 F2400 A494.61296; Inset 
G1 X13.969 Y-6.235 Z6.800 F2400 A494.63278; Inset 
G1 X13.711 Y-6.750 Z6.800 F2400 A494.65290; Inset 
G1 X13.640 Y-7.312 Z6.800 F2400 A494.67272; Inset 
M73 P63; Update Progress 
G1 X13.680 Y-7.615 Z6.800 F2400 A494.68340; Inset 
G1 X13.889 Y-8.133 Z6.800 F2400 A494.70292; Inset 
G1 X14.071 Y-8.378 Z6.800 F2400 A494.71360; Inset 
G1 X14.513 Y-8.734 Z6.800 F2400 A494.73342; Inset 
G1 X14.513 Y-8.734 Z6.800 F1500 A493.43342; Retract 
G1 X14.513 Y-8.734 Z6.800 F3000; Retract 
G1 X8.020 Y-20.470 Z6.800 F9000; Travel Move 
G1 X8.020 Y-20.470 Z6.800 F1500 A494.73342; Restart 
G1 X7.842 Y-20.336 Z6.800 F5400 A494.74122; Inset 
G1 X7.776 Y-20.186 Z6.800 F5400 A494.74695; Inset 
G1 X7.763 Y-20.013 Z6.800 F5400 A494.75300; Inset 
G1 X8.823 Y-7.835 Z6.800 F5400 A495.18035; Inset 
G1 X8.879 Y-7.505 Z6.800 F5400 A495.19206; Inset 
G1 X8.980 Y-7.212 Z6.800 F5400 A495.20291; Inset 
G1 X9.128 Y-6.939 Z6.800 F5400 A495.21376; Inset 
G1 X9.318 Y-6.693 Z6.800 F5400 A495.22461; Inset 
G1 X9.546 Y-6.482 Z6.800 F5400 A495.23546; Inset 
G1 X9.805 Y-6.311 Z6.800 F5400 A495.24632; Inset 
G1 X10.111 Y-6.175 Z6.800 F5400 A495.25803; Inset 
G1 X14.459 Y-4.647 Z6.800 F5400 A495.41917; Inset 
G1 X14.848 Y-4.544 Z6.800 F5400 A495.43322; Inset 
G1 X15.224 Y-4.505 Z6.800 F5400 A495.44645; Inset 
G1 X15.602 Y-4.527 Z6.800 F5400 A495.45967; Inset 
G1 X15.971 Y-4.608 Z6.800 F5400 A495.47290; Inset 
G1 X16.325 Y-4.746 Z6.800 F5400 A495.48619; Inset 
G1 X16.626 Y-4.921 Z6.800 F5400 A495.49834; Inset 
G1 X16.923 Y-5.159 Z6.800 F5400 A495.51163; Inset 
G1 X17.176 Y-5.439 Z6.800 F5400 A495.52485; Inset 
G1 X17.383 Y-5.756 Z6.800 F5400 A495.53808; Inset 
G1 X17.537 Y-6.101 Z6.800 F5400 A495.55130; Inset 
G1 X17.641 Y-6.490 Z6.800 F5400 A495.56536; Inset 
G1 X18.940 Y-13.510 Z6.800 F5400 A495.81495; Inset 
G1 X18.949 Y-13.697 Z6.800 F5400 A495.82151; Inset 
G1 X18.162 Y-22.747 Z6.800 F5400 A496.13909; Inset 
G1 X18.078 Y-22.976 Z6.800 F5400 A496.14761; Inset 
G1 X17.946 Y-23.083 Z6.800 F5400 A496.15353; Inset 
G1 X17.822 Y-23.125 Z6.800 F5400 A496.15813; Inset 
G1 X17.667 Y-23.126 Z6.800 F5400 A496.16355; Inset 
G1 X14.033 Y-22.403 Z6.800 F5400 A496.29308; Inset 
G1 X11.567 Y-21.725 Z6.800 F5400 A496.38248; Inset 
G1 X8.020 Y-20.470 Z6.800 F5400 A496.51402; Inset 
G1 X8.020 Y-20.470 Z6.800 F1500 A495.21402; Retract 
G1 X8.020 Y-20.470 Z6.800 F3000; Retract 
G1 X7.753 Y-20.784 Z6.800 F9000; Travel Move 
G1 X7.753 Y-20.784 Z6.800 F1500 A496.51402; Restart 
G1 X7.547 Y-20.611 Z6.800 F2400 A496.52344; Inset 
G1 X7.382 Y-20.279 Z6.800 F2400 A496.53640; Inset 
G1 X7.362 Y-20.010 Z6.800 F2400 A496.54581; Inset 
G1 X8.425 Y-7.784 Z6.800 F2400 A496.97485; Inset 
G1 X8.490 Y-7.406 Z6.800 F2400 A496.98829; Inset 
G1 X8.613 Y-7.050 Z6.800 F2400 A497.00143; Inset 
G1 X8.792 Y-6.719 Z6.800 F2400 A497.01458; Inset 
G1 X9.022 Y-6.422 Z6.800 F2400 A497.02772; Inset 
G1 X9.298 Y-6.167 Z6.800 F2400 A497.04087; Inset 
G1 X9.612 Y-5.959 Z6.800 F2400 A497.05402; Inset 
G1 X9.962 Y-5.803 Z6.800 F2400 A497.06745; Inset 
G1 X14.341 Y-4.264 Z6.800 F2400 A497.22971; Inset 
G1 X14.776 Y-4.149 Z6.800 F2400 A497.24543; Inset 
G1 X15.215 Y-4.104 Z6.800 F2400 A497.26087; Inset 
G1 X15.656 Y-4.130 Z6.800 F2400 A497.27631; Inset 
G1 X16.088 Y-4.224 Z6.800 F2400 A497.29175; Inset 
G1 X16.500 Y-4.385 Z6.800 F2400 A497.30721; Inset 
G1 X16.853 Y-4.590 Z6.800 F2400 A497.32149; Inset 
G1 X17.198 Y-4.867 Z6.800 F2400 A497.33695; Inset 
G1 X17.494 Y-5.194 Z6.800 F2400 A497.35238; Inset 
G1 X17.735 Y-5.564 Z6.800 F2400 A497.36783; Inset 
G1 X17.916 Y-5.967 Z6.800 F2400 A497.38326; Inset 
G1 X18.032 Y-6.401 Z6.800 F2400 A497.39898; Inset 
G1 X19.338 Y-13.464 Z6.800 F2400 A497.65006; Inset 
G1 X19.350 Y-13.705 Z6.800 F2400 A497.65852; Inset 
G1 X18.559 Y-22.799 Z6.800 F2400 A497.97762; Inset 
G1 X18.537 Y-22.929 Z6.800 F2400 A497.98223; Inset 
G1 X18.424 Y-23.184 Z6.800 F2400 A497.99200; Inset 
G1 X18.352 Y-23.275 Z6.800 F2400 A497.99603; Inset 
G1 X18.138 Y-23.440 Z6.800 F2400 A498.00550; Inset 
G1 X17.888 Y-23.525 Z6.800 F2400 A498.01471; Inset 
G1 X17.628 Y-23.526 Z6.800 F2400 A498.02380; Inset 
G1 X13.941 Y-22.792 Z6.800 F2400 A498.15523; Inset 
G1 X11.447 Y-22.107 Z6.800 F2400 A498.24565; Inset 
G1 X7.864 Y-20.839 Z6.800 F2400 A498.37854; Inset 
G1 X7.753 Y-20.784 Z6.800 F2400 A498.38285; Inset 
G1 X7.753 Y-20.784 Z6.800 F1500 A497.08285; Retract 
G1 X7.753 Y-20.784 Z6.800 F3000; Retract 
G1 X8.758 Y-20.004 Z6.800 F9000; Travel Move 
G1 X8.758 Y-20.004 Z6.800 F1500 A498.38285; Restart 
G1 X8.477 Y-19.723 Z6.800 F5400 A498.39674; Infill 
G1 X8.522 Y-19.208 Z6.800 F5400 A498.41482; Connection 
G1 X9.625 Y-20.311 Z6.800 F5400 A498.46935; Infill 
G1 X10.492 Y-20.617 Z6.800 F5400 A498.50150; Connection 
G1 X8.567 Y-18.692 Z6.800 F5400 A498.59666; Infill 
G1 X8.612 Y-18.177 Z6.800 F5400 A498.61474; Connection 
G1 X11.358 Y-20.924 Z6.800 F5400 A498.75054; Infill 
G1 X12.176 Y-21.181 Z6.800 F5400 A498.78050; Connection 
G1 X8.656 Y-17.662 Z6.800 F5400 A498.95449; Infill 
G1 X8.701 Y-17.147 Z6.800 F5400 A498.97257; Connection 
G1 X12.948 Y-21.393 Z6.800 F5400 A499.18252; Infill 
G1 X13.720 Y-21.605 Z6.800 F5400 A499.21050; Connection 
G1 X8.746 Y-16.632 Z6.800 F5400 A499.45640; Infill 
G1 X8.791 Y-16.116 Z6.800 F5400 A499.47448; Connection 
G1 X14.463 Y-21.789 Z6.800 F5400 A499.75493; Infill 
G1 X15.162 Y-21.928 Z6.800 F5400 A499.77985; Connection 
G1 X8.836 Y-15.601 Z6.800 F5400 A500.09265; Infill 
G1 X8.881 Y-15.086 Z6.800 F5400 A500.11073; Connection 
G1 X15.862 Y-22.067 Z6.800 F5400 A500.45588; Infill 
G1 X16.561 Y-22.206 Z6.800 F5400 A500.48080; Connection 
G1 X8.925 Y-14.571 Z6.800 F5400 A500.85830; Infill 
G1 X8.970 Y-14.055 Z6.800 F5400 A500.87638; Connection 
G1 X17.194 Y-22.279 Z6.800 F5400 A501.28297; Infill 
G1 X17.239 Y-21.764 Z6.800 F5400 A501.30105; Connection 
G1 X9.015 Y-13.540 Z6.800 F5400 A501.70764; Infill 
G1 X9.060 Y-13.025 Z6.800 F5400 A501.72572; Connection 
G1 X17.284 Y-21.249 Z6.800 F5400 A502.13231; Infill 
G1 X17.328 Y-20.734 Z6.800 F5400 A502.15039; Connection 
G1 X9.105 Y-12.510 Z6.800 F5400 A502.55697; Infill 
G1 X9.149 Y-11.995 Z6.800 F5400 A502.57505; Connection 
G1 X17.373 Y-20.218 Z6.800 F5400 A502.98164; Infill 
G1 X17.418 Y-19.703 Z6.800 F5400 A502.99972; Connection 
G1 X9.194 Y-11.479 Z6.800 F5400 A503.40631; Infill 
G1 X9.239 Y-10.964 Z6.800 F5400 A503.42439; Connection 
G1 X17.463 Y-19.188 Z6.800 F5400 A503.83098; Infill 
G1 X17.508 Y-18.673 Z6.800 F5400 A503.84906; Connection 
G1 X9.284 Y-10.449 Z6.800 F5400 A504.25565; Infill 
G1 X9.329 Y-9.934 Z6.800 F5400 A504.27373; Connection 
G1 X17.552 Y-18.157 Z6.800 F5400 A504.68032; Infill 
G1 X17.597 Y-17.642 Z6.800 F5400 A504.69840; Connection 
G1 X9.373 Y-9.418 Z6.800 F5400 A505.10499; Infill 
M73 P64; Update Progress 
G1 X9.418 Y-8.903 Z6.800 F5400 A505.12307; Connection 
G1 X17.642 Y-17.127 Z6.800 F5400 A505.52965; Infill 
G1 X17.687 Y-16.612 Z6.800 F5400 A505.54773; Connection 
G1 X9.463 Y-8.388 Z6.800 F5400 A505.95432; Infill 
G1 X9.516 Y-7.881 Z6.800 F5400 A505.97215; Connection 
G1 X17.732 Y-16.097 Z6.800 F5400 A506.37835; Infill 
G1 X17.776 Y-15.581 Z6.800 F5400 A506.39643; Connection 
G1 X9.641 Y-7.446 Z6.800 F5400 A506.79864; Infill 
G1 X9.877 Y-7.122 Z6.800 F5400 A506.81266; Connection 
G1 X17.821 Y-15.066 Z6.800 F5400 A507.20544; Infill 
G1 X17.892 Y-14.577 Z6.800 F5400 A507.22272; Connection 
G1 X10.201 Y-6.886 Z6.800 F5400 A507.60297; Infill 
G1 X10.604 Y-6.729 Z6.800 F5400 A507.61809; Connection 
G1 X18.140 Y-14.265 Z6.800 F5400 A507.99069; Infill 
G1 X18.250 Y-13.815 Z6.800 F5400 A508.00689; Connection 
G1 X14.215 Y-9.780 Z6.800 F5400 A508.20638; Infill 
G1 X14.992 Y-9.997 Z6.800 F5400 A508.23457; Connection 
G1 X18.183 Y-13.188 Z6.800 F5400 A508.39233; Infill 
G1 X18.056 Y-12.500 Z6.800 F5400 A508.41676; Connection 
G1 X15.556 Y-10.001 Z6.800 F5400 A508.54033; Infill 
G1 X16.042 Y-9.927 Z6.800 F5400 A508.55752; Connection 
G1 X17.929 Y-11.813 Z6.800 F5400 A508.65077; Infill 
G1 X17.801 Y-11.126 Z6.800 F5400 A508.67520; Connection 
G1 X16.461 Y-9.786 Z6.800 F5400 A508.74145; Infill 
G1 X16.820 Y-9.585 Z6.800 F5400 A508.75583; Connection 
G1 X17.674 Y-10.439 Z6.800 F5400 A508.79806; Infill 
G1 X17.547 Y-9.752 Z6.800 F5400 A508.82249; Connection 
G1 X17.156 Y-9.360 Z6.800 F5400 A508.84185; Infill 
G1 X17.156 Y-9.360 Z6.800 F1500 A507.54185; Retract 
G1 X17.156 Y-9.360 Z6.800 F3000; Retract 
G1 X12.826 Y-8.391 Z6.800 F9000; Travel Move 
G1 X12.826 Y-8.391 Z6.800 F1500 A508.84185; Restart 
G1 X11.018 Y-6.583 Z6.800 F5400 A508.93125; Infill 
G1 X11.433 Y-6.437 Z6.800 F5400 A508.94661; Connection 
G1 X12.588 Y-7.593 Z6.800 F5400 A509.00374; Infill 
G1 X12.582 Y-7.027 Z6.800 F5400 A509.02354; Connection 
G1 X11.847 Y-6.292 Z6.800 F5400 A509.05987; Infill 
G1 X12.261 Y-6.146 Z6.800 F5400 A509.07522; Connection 
G1 X12.646 Y-6.531 Z6.800 F5400 A509.09425; Infill 
G1 X12.807 Y-6.131 Z6.800 F5400 A509.10930; Connection 
G1 X12.676 Y-6.000 Z6.800 F5400 A509.11577; Infill 
G1 X12.676 Y-6.000 Z6.800 F1500 A507.81577; Retract 
G1 X12.676 Y-6.000 Z6.800 F3000; Retract 
G1 X18.136 Y-14.821 Z6.800 F9000; Travel Move 
G1 X18.136 Y-14.821 Z6.800 F1500 A509.11577; Restart 
G1 X18.161 Y-14.845 Z6.800 F5400 A509.11700; Infill 
G1 X18.091 Y-15.336 Z6.800 F5400 A509.13432; Connection 
G1 X18.116 Y-15.361 Z6.800 F5400 A509.13555; Infill 
G1 X18.046 Y-15.851 Z6.800 F5400 A509.15286; Connection 
G1 X18.071 Y-15.876 Z6.800 F5400 A509.15410; Infill 
G1 X18.001 Y-16.366 Z6.800 F5400 A509.17141; Connection 
G1 X18.026 Y-16.391 Z6.800 F5400 A509.17264; Infill 
G1 X17.956 Y-16.881 Z6.800 F5400 A509.18996; Connection 
G1 X17.981 Y-16.906 Z6.800 F5400 A509.19119; Infill 
G1 X17.912 Y-17.397 Z6.800 F5400 A509.20850; Connection 
G1 X17.937 Y-17.422 Z6.800 F5400 A509.20974; Infill 
G1 X17.867 Y-17.912 Z6.800 F5400 A509.22705; Connection 
G1 X17.892 Y-17.937 Z6.800 F5400 A509.22828; Infill 
G1 X17.822 Y-18.427 Z6.800 F5400 A509.24559; Connection 
G1 X17.847 Y-18.452 Z6.800 F5400 A509.24683; Infill 
G1 X17.777 Y-18.942 Z6.800 F5400 A509.26414; Connection 
G1 X17.802 Y-18.967 Z6.800 F5400 A509.26537; Infill 
G1 X17.732 Y-19.457 Z6.800 F5400 A509.28269; Connection 
G1 X17.757 Y-19.482 Z6.800 F5400 A509.28392; Infill 
G1 X17.688 Y-19.973 Z6.800 F5400 A509.30123; Connection 
G1 X17.713 Y-19.998 Z6.800 F5400 A509.30247; Infill 
G1 X17.643 Y-20.488 Z6.800 F5400 A509.31978; Connection 
G1 X17.668 Y-20.513 Z6.800 F5400 A509.32101; Infill 
G1 X17.598 Y-21.003 Z6.800 F5400 A509.33833; Connection 
G1 X17.623 Y-21.028 Z6.800 F5400 A509.33956; Infill 
G1 X17.553 Y-21.518 Z6.800 F5400 A509.35687; Connection 
G1 X17.578 Y-21.543 Z6.800 F5400 A509.35811; Infill 
G1 X17.508 Y-22.034 Z6.800 F5400 A509.37542; Connection 
G1 X17.533 Y-22.059 Z6.800 F5400 A509.37665; Infill 
; Chunk 68 
; Lower Position  6.8 
; Upper Position  7 
; Thickness       0.2 
; Width           0.4 
G1 X17.533 Y-22.059 Z6.800 F1500 A508.07665; Retract 
G1 X17.533 Y-22.059 Z6.800 F3000; Retract 
G1 X17.533 Y-22.059 Z7.000 F1380; Travel Move 
G1 X8.218 Y-20.059 Z7.000 F9000; Travel Move 
G1 X8.218 Y-20.059 Z7.000 F1500 A509.37665; Restart 
G1 X8.215 Y-20.020 Z7.000 F5400 A509.37799; Inset 
G1 X9.270 Y-7.891 Z7.000 F5400 A509.80365; Inset 
G1 X9.317 Y-7.617 Z7.000 F5400 A509.81335; Inset 
G1 X9.506 Y-7.186 Z7.000 F5400 A509.82983; Inset 
G1 X9.825 Y-6.838 Z7.000 F5400 A509.84630; Inset 
G1 X10.276 Y-6.595 Z7.000 F5400 A509.86421; Inset 
G1 X13.689 Y-5.395 Z7.000 F5400 A509.99070; Inset 
G1 X13.277 Y-5.831 Z7.000 F5400 A510.01167; Inset 
G1 X12.973 Y-6.436 Z7.000 F5400 A510.03534; Inset 
G1 X12.924 Y-6.599 Z7.000 F5400 A510.04129; Inset 
G1 X12.842 Y-7.250 Z7.000 F5400 A510.06422; Inset 
G1 X12.891 Y-7.756 Z7.000 F5400 A510.08201; Inset 
G1 X13.161 Y-8.468 Z7.000 F5400 A510.10862; Inset 
G1 X13.452 Y-8.886 Z7.000 F5400 A510.12640; Inset 
G1 X14.051 Y-9.389 Z7.000 F5400 A510.15376; Inset 
G1 X14.200 Y-9.472 Z7.000 F5400 A510.15971; Inset 
G1 X14.819 Y-9.689 Z7.000 F5400 A510.18264; Inset 
G1 X15.324 Y-9.747 Z7.000 F5400 A510.20043; Inset 
G1 X16.098 Y-9.629 Z7.000 F5400 A510.22778; Inset 
G1 X16.258 Y-9.572 Z7.000 F5400 A510.23374; Inset 
G1 X16.849 Y-9.241 Z7.000 F5400 A510.25741; Inset 
G1 X16.981 Y-9.134 Z7.000 F5400 A510.26336; Inset 
G1 X17.427 Y-8.625 Z7.000 F5400 A510.28704; Inset 
G1 X17.539 Y-8.424 Z7.000 F5400 A510.29506; Inset 
G1 X18.495 Y-13.630 Z7.000 F5400 A510.48009; Inset 
G1 X18.428 Y-14.500 Z7.000 F5400 A510.51060; Inset 
G1 X18.448 Y-14.843 Z7.000 F5400 A510.52262; Inset 
G1 X17.765 Y-22.696 Z7.000 F5400 A510.79819; Inset 
G1 X17.754 Y-22.721 Z7.000 F5400 A510.79915; Inset 
G1 X17.520 Y-22.650 Z7.000 F5400 A510.80770; Inset 
G1 X15.358 Y-22.243 Z7.000 F5400 A510.88462; Inset 
G1 X12.857 Y-21.632 Z7.000 F5400 A510.97462; Inset 
G1 X10.579 Y-20.934 Z7.000 F5400 A511.05790; Inset 
G1 X8.218 Y-20.059 Z7.000 F5400 A511.14593; Inset 
G1 X8.218 Y-20.059 Z7.000 F1500 A509.84593; Retract 
G1 X8.218 Y-20.059 Z7.000 F3000; Retract 
G1 X14.275 Y-9.056 Z7.000 F9000; Travel Move 
G1 X14.275 Y-9.056 Z7.000 F1500 A511.14593; Restart 
G1 X14.365 Y-9.105 Z7.000 F5400 A511.14950; Inset 
G1 X15.002 Y-9.319 Z7.000 F5400 A511.17301; Inset 
G1 X15.408 Y-9.343 Z7.000 F5400 A511.18723; Inset 
G1 X16.092 Y-9.207 Z7.000 F5400 A511.21161; Inset 
G1 X16.703 Y-8.844 Z7.000 F5400 A511.23643; Inset 
G1 X17.158 Y-8.299 Z7.000 F5400 A511.26125; Inset 
G1 X17.405 Y-7.634 Z7.000 F5400 A511.28607; Inset 
G1 X17.416 Y-6.924 Z7.000 F5400 A511.31090; Inset 
G1 X17.209 Y-6.284 Z7.000 F5400 A511.33440; Inset 
G1 X16.987 Y-5.943 Z7.000 F5400 A511.34863; Inset 
G1 X16.503 Y-5.495 Z7.000 F5400 A511.37168; Inset 
G1 X16.143 Y-5.306 Z7.000 F5400 A511.38591; Inset 
G1 X15.578 Y-5.160 Z7.000 F5400 A511.40631; Inset 
G1 X15.095 Y-5.161 Z7.000 F5400 A511.42319; Inset 
G1 X14.460 Y-5.338 Z7.000 F5400 A511.44624; Inset 
G1 X14.110 Y-5.545 Z7.000 F5400 A511.46047; Inset 
G1 X13.619 Y-6.041 Z7.000 F5400 A511.48484; Inset 
G1 X13.317 Y-6.683 Z7.000 F5400 A511.50967; Inset 
G1 X13.242 Y-7.351 Z7.000 F5400 A511.53317; Inset 
G1 X13.304 Y-7.753 Z7.000 F5400 A511.54740; Inset 
G1 X13.523 Y-8.294 Z7.000 F5400 A511.56780; Inset 
G1 X13.758 Y-8.627 Z7.000 F5400 A511.58202; Inset 
G1 X14.275 Y-9.056 Z7.000 F5400 A511.60553; Inset 
G1 X14.275 Y-9.056 Z7.000 F1500 A510.30553; Retract 
G1 X14.275 Y-9.056 Z7.000 F3000; Retract 
G1 X14.513 Y-8.734 Z7.000 F9000; Travel Move 
G1 X14.513 Y-8.734 Z7.000 F1500 A511.60553; Restart 
G1 X15.048 Y-8.921 Z7.000 F2400 A511.62535; Inset 
G1 X15.352 Y-8.947 Z7.000 F2400 A511.63603; Inset 
G1 X15.911 Y-8.850 Z7.000 F2400 A511.65585; Inset 
G1 X16.413 Y-8.568 Z7.000 F2400 A511.67597; Inset 
G1 X16.792 Y-8.135 Z7.000 F2400 A511.69610; Inset 
G1 X17.006 Y-7.601 Z7.000 F2400 A511.71622; Inset 
G1 X17.029 Y-7.026 Z7.000 F2400 A511.73634; Inset 
G1 X16.862 Y-6.484 Z7.000 F2400 A511.75616; Inset 
G1 X16.701 Y-6.224 Z7.000 F2400 A511.76685; Inset 
G1 X16.298 Y-5.839 Z7.000 F2400 A511.78636; Inset 
G1 X16.031 Y-5.690 Z7.000 F2400 A511.79705; Inset 
G1 X15.490 Y-5.550 Z7.000 F2400 A511.81656; Inset 
G1 X15.184 Y-5.551 Z7.000 F2400 A511.82725; Inset 
G1 X14.645 Y-5.693 Z7.000 F2400 A511.84676; Inset 
G1 X14.378 Y-5.842 Z7.000 F2400 A511.85745; Inset 
G1 X13.969 Y-6.235 Z7.000 F2400 A511.87727; Inset 
G1 X13.711 Y-6.750 Z7.000 F2400 A511.89739; Inset 
G1 X13.640 Y-7.312 Z7.000 F2400 A511.91721; Inset 
G1 X13.680 Y-7.615 Z7.000 F2400 A511.92789; Inset 
G1 X13.889 Y-8.133 Z7.000 F2400 A511.94741; Inset 
G1 X14.071 Y-8.378 Z7.000 F2400 A511.95810; Inset 
G1 X14.513 Y-8.734 Z7.000 F2400 A511.97791; Inset 
G1 X14.513 Y-8.734 Z7.000 F1500 A510.67791; Retract 
G1 X14.513 Y-8.734 Z7.000 F3000; Retract 
G1 X7.938 Y-20.357 Z7.000 F9000; Travel Move 
G1 X7.938 Y-20.357 Z7.000 F1500 A511.97791; Restart 
G1 X7.825 Y-20.174 Z7.000 F5400 A511.98540; Inset 
G1 X7.814 Y-20.018 Z7.000 F5400 A511.99089; Inset 
G1 X8.873 Y-7.840 Z7.000 F5400 A512.41824; Inset 
G1 X8.928 Y-7.518 Z7.000 F5400 A512.42966; Inset 
G1 X9.026 Y-7.232 Z7.000 F5400 A512.44022; Inset 
G1 X9.355 Y-6.728 Z7.000 F5400 A512.46127; Inset 
G1 X9.829 Y-6.356 Z7.000 F5400 A512.48232; Inset 
G1 X10.128 Y-6.223 Z7.000 F5400 A512.49375; Inset 
G1 X14.476 Y-4.694 Z7.000 F5400 A512.65488; Inset 
G1 X14.854 Y-4.594 Z7.000 F5400 A512.66858; Inset 
G1 X15.220 Y-4.556 Z7.000 F5400 A512.68144; Inset 
G1 X15.588 Y-4.576 Z7.000 F5400 A512.69430; Inset 
G1 X15.948 Y-4.653 Z7.000 F5400 A512.70716; Inset 
G1 X16.291 Y-4.786 Z7.000 F5400 A512.72003; Inset 
G1 X16.609 Y-4.970 Z7.000 F5400 A512.73288; Inset 
G1 X16.895 Y-5.202 Z7.000 F5400 A512.74575; Inset 
G1 X17.141 Y-5.476 Z7.000 F5400 A512.75861; Inset 
G1 X17.341 Y-5.784 Z7.000 F5400 A512.77148; Inset 
G1 X17.490 Y-6.121 Z7.000 F5400 A512.78434; Inset 
G1 X17.591 Y-6.498 Z7.000 F5400 A512.79801; Inset 
G1 X18.898 Y-13.608 Z7.000 F5400 A513.05074; Inset 
G1 X18.828 Y-14.515 Z7.000 F5400 A513.08253; Inset 
G1 X18.849 Y-14.845 Z7.000 F5400 A513.09409; Inset 
G1 X18.162 Y-22.747 Z7.000 F5400 A513.37140; Inset 
G1 X18.078 Y-22.976 Z7.000 F5400 A513.37992; Inset 
G1 X17.946 Y-23.083 Z7.000 F5400 A513.38584; Inset 
G1 X17.821 Y-23.125 Z7.000 F5400 A513.39045; Inset 
G1 X17.706 Y-23.126 Z7.000 F5400 A513.39448; Inset 
G1 X17.434 Y-23.041 Z7.000 F5400 A513.40446; Inset 
G1 X15.273 Y-22.634 Z7.000 F5400 A513.48132; Inset 
G1 X12.751 Y-22.017 Z7.000 F5400 A513.57210; Inset 
G1 X10.451 Y-21.314 Z7.000 F5400 A513.65618; Inset 
G1 X8.065 Y-20.433 Z7.000 F5400 A513.74509; Inset 
G1 X7.938 Y-20.357 Z7.000 F5400 A513.75028; Inset 
G1 X7.938 Y-20.357 Z7.000 F1500 A512.45028; Retract 
G1 X7.938 Y-20.357 Z7.000 F3000; Retract 
G1 X7.676 Y-20.666 Z7.000 F9000; Travel Move 
G1 X7.676 Y-20.666 Z7.000 F1500 A513.75028; Restart 
G1 X7.522 Y-20.487 Z7.000 F2400 A513.75857; Inset 
G1 X7.431 Y-20.268 Z7.000 F2400 A513.76686; Inset 
G1 X7.413 Y-20.015 Z7.000 F2400 A513.77572; Inset 
G1 X8.476 Y-7.789 Z7.000 F2400 A514.20476; Inset 
G1 X8.539 Y-7.418 Z7.000 F2400 A514.21790; Inset 
G1 X8.659 Y-7.071 Z7.000 F2400 A514.23075; Inset 
G1 X8.834 Y-6.747 Z7.000 F2400 A514.24361; Inset 
G1 X9.060 Y-6.457 Z7.000 F2400 A514.25647; Inset 
G1 X9.329 Y-6.207 Z7.000 F2400 A514.26932; Inset 
G1 X9.636 Y-6.004 Z7.000 F2400 A514.28218; Inset 
G1 X9.979 Y-5.851 Z7.000 F2400 A514.29532; Inset 
G1 X14.358 Y-4.312 Z7.000 F2400 A514.45758; Inset 
G1 X14.782 Y-4.199 Z7.000 F2400 A514.47292; Inset 
G1 X15.211 Y-4.155 Z7.000 F2400 A514.48798; Inset 
G1 X15.641 Y-4.178 Z7.000 F2400 A514.50304; Inset 
G1 X16.062 Y-4.269 Z7.000 F2400 A514.51810; Inset 
G1 X16.464 Y-4.424 Z7.000 F2400 A514.53316; Inset 
G1 X16.837 Y-4.640 Z7.000 F2400 A514.54823; Inset 
G1 X17.171 Y-4.911 Z7.000 F2400 A514.56329; Inset 
G1 X17.459 Y-5.232 Z7.000 F2400 A514.57835; Inset 
G1 X17.694 Y-5.593 Z7.000 F2400 A514.59341; Inset 
G1 X17.869 Y-5.987 Z7.000 F2400 A514.60847; Inset 
G1 X17.982 Y-6.410 Z7.000 F2400 A514.62380; Inset 
G1 X19.301 Y-13.587 Z7.000 F2400 A514.87890; Inset 
G1 X19.227 Y-14.539 Z7.000 F2400 A514.91226; Inset 
M73 P65; Update Progress 
G1 X19.250 Y-14.848 Z7.000 F2400 A514.92309; Inset 
G1 X18.559 Y-22.799 Z7.000 F2400 A515.20211; Inset 
G1 X18.537 Y-22.929 Z7.000 F2400 A515.20672; Inset 
G1 X18.424 Y-23.184 Z7.000 F2400 A515.21648; Inset 
G1 X18.352 Y-23.275 Z7.000 F2400 A515.22051; Inset 
G1 X18.138 Y-23.440 Z7.000 F2400 A515.22998; Inset 
G1 X17.888 Y-23.525 Z7.000 F2400 A515.23919; Inset 
G1 X17.645 Y-23.526 Z7.000 F2400 A515.24771; Inset 
G1 X17.354 Y-23.433 Z7.000 F2400 A515.25840; Inset 
G1 X15.188 Y-23.026 Z7.000 F2400 A515.33542; Inset 
G1 X12.645 Y-22.403 Z7.000 F2400 A515.42697; Inset 
G1 X10.323 Y-21.693 Z7.000 F2400 A515.51185; Inset 
G1 X7.891 Y-20.795 Z7.000 F2400 A515.60247; Inset 
G1 X7.676 Y-20.666 Z7.000 F2400 A515.61123; Inset 
G1 X7.676 Y-20.666 Z7.000 F1500 A514.31123; Retract 
G1 X7.676 Y-20.666 Z7.000 F3000; Retract 
G1 X8.544 Y-19.874 Z7.000 F9000; Travel Move 
G1 X8.544 Y-19.874 Z7.000 F1500 A515.61123; Restart 
G1 X17.674 Y-10.744 Z7.000 F5400 A516.06265; Infill 
G1 X17.587 Y-10.271 Z7.000 F5400 A516.07946; Connection 
G1 X8.566 Y-19.292 Z7.000 F5400 A516.52549; Infill 
G1 X8.619 Y-18.679 Z7.000 F5400 A516.54701; Connection 
G1 X17.500 Y-9.798 Z7.000 F5400 A516.98610; Infill 
G1 X17.413 Y-9.325 Z7.000 F5400 A517.00292; Connection 
G1 X8.672 Y-18.065 Z7.000 F5400 A517.43508; Infill 
G1 X8.726 Y-17.452 Z7.000 F5400 A517.45660; Connection 
G1 X16.326 Y-9.852 Z7.000 F5400 A517.83237; Infill 
G1 X15.628 Y-9.990 Z7.000 F5400 A517.85726; Connection 
G1 X8.779 Y-16.839 Z7.000 F5400 A518.19585; Infill 
G1 X8.832 Y-16.225 Z7.000 F5400 A518.21738; Connection 
G1 X15.054 Y-10.004 Z7.000 F5400 A518.52497; Infill 
G1 X14.587 Y-9.911 Z7.000 F5400 A518.54161; Connection 
G1 X8.886 Y-15.612 Z7.000 F5400 A518.82349; Infill 
G1 X8.939 Y-14.999 Z7.000 F5400 A518.84501; Connection 
G1 X14.173 Y-9.765 Z7.000 F5400 A519.10376; Infill 
G1 X13.814 Y-9.563 Z7.000 F5400 A519.11814; Connection 
G1 X8.992 Y-14.385 Z7.000 F5400 A519.35653; Infill 
G1 X9.046 Y-13.772 Z7.000 F5400 A519.37806; Connection 
G1 X13.510 Y-9.308 Z7.000 F5400 A519.59876; Infill 
G1 X13.213 Y-9.044 Z7.000 F5400 A519.61262; Connection 
G1 X9.099 Y-13.158 Z7.000 F5400 A519.81603; Infill 
G1 X9.152 Y-12.545 Z7.000 F5400 A519.83756; Connection 
G1 X12.984 Y-8.714 Z7.000 F5400 A520.02699; Infill 
G1 X12.804 Y-8.333 Z7.000 F5400 A520.04170; Connection 
G1 X9.206 Y-11.932 Z7.000 F5400 A520.21961; Infill 
G1 X9.259 Y-11.318 Z7.000 F5400 A520.24114; Connection 
G1 X12.650 Y-7.927 Z7.000 F5400 A520.40880; Infill 
G1 X12.573 Y-7.444 Z7.000 F5400 A520.42590; Connection 
G1 X9.313 Y-10.705 Z7.000 F5400 A520.58713; Infill 
G1 X9.366 Y-10.092 Z7.000 F5400 A520.60865; Connection 
G1 X12.604 Y-6.854 Z7.000 F5400 A520.76873; Infill 
G1 X12.847 Y-6.050 Z7.000 F5400 A520.79809; Connection 
G1 X9.419 Y-9.478 Z7.000 F5400 A520.96758; Infill 
G1 X9.473 Y-8.865 Z7.000 F5400 A520.98910; Connection 
G1 X12.070 Y-6.267 Z7.000 F5400 A521.11754; Infill 
G1 X11.207 Y-6.571 Z7.000 F5400 A521.14954; Connection 
G1 X9.526 Y-8.251 Z7.000 F5400 A521.23265; Infill 
G1 X9.652 Y-7.565 Z7.000 F5400 A521.25703; Connection 
G1 X10.324 Y-6.894 Z7.000 F5400 A521.29024; Infill 
G1 X10.324 Y-6.894 Z7.000 F1500 A519.99024; Retract 
G1 X10.324 Y-6.894 Z7.000 F3000; Retract 
G1 X17.761 Y-11.217 Z7.000 F9000; Travel Move 
G1 X17.761 Y-11.217 Z7.000 F1500 A521.29024; Restart 
G1 X8.952 Y-20.026 Z7.000 F5400 A521.72576; Infill 
G1 X9.361 Y-20.177 Z7.000 F5400 A521.74099; Connection 
G1 X17.848 Y-11.690 Z7.000 F5400 A522.16061; Infill 
G1 X17.935 Y-12.163 Z7.000 F5400 A522.17743; Connection 
G1 X9.769 Y-20.329 Z7.000 F5400 A522.58115; Infill 
G1 X10.178 Y-20.481 Z7.000 F5400 A522.59638; Connection 
G1 X18.022 Y-12.636 Z7.000 F5400 A522.98421; Infill 
G1 X18.109 Y-13.109 Z7.000 F5400 A523.00103; Connection 
G1 X10.586 Y-20.632 Z7.000 F5400 A523.37296; Infill 
G1 X11.011 Y-20.767 Z7.000 F5400 A523.38854; Connection 
G1 X18.196 Y-13.582 Z7.000 F5400 A523.74377; Infill 
G1 X18.166 Y-14.172 Z7.000 F5400 A523.76440; Connection 
G1 X11.439 Y-20.899 Z7.000 F5400 A524.09699; Infill 
G1 X11.868 Y-21.030 Z7.000 F5400 A524.11266; Connection 
G1 X17.820 Y-15.078 Z7.000 F5400 A524.40693; Infill 
G1 X17.767 Y-15.691 Z7.000 F5400 A524.42846; Connection 
G1 X12.297 Y-21.161 Z7.000 F5400 A524.69889; Infill 
G1 X12.726 Y-21.292 Z7.000 F5400 A524.71457; Connection 
G1 X17.713 Y-16.305 Z7.000 F5400 A524.96116; Infill 
G1 X17.660 Y-16.918 Z7.000 F5400 A524.98268; Connection 
G1 X13.166 Y-21.413 Z7.000 F5400 A525.20490; Infill 
G1 X13.616 Y-21.523 Z7.000 F5400 A525.22109; Connection 
G1 X17.607 Y-17.531 Z7.000 F5400 A525.41843; Infill 
G1 X17.553 Y-18.145 Z7.000 F5400 A525.43995; Connection 
G1 X14.065 Y-21.633 Z7.000 F5400 A525.61240; Infill 
G1 X14.515 Y-21.743 Z7.000 F5400 A525.62859; Connection 
G1 X17.500 Y-18.758 Z7.000 F5400 A525.77616; Infill 
G1 X17.447 Y-19.372 Z7.000 F5400 A525.79768; Connection 
G1 X14.965 Y-21.853 Z7.000 F5400 A525.92036; Infill 
G1 X15.415 Y-21.963 Z7.000 F5400 A525.93656; Connection 
G1 X17.393 Y-19.985 Z7.000 F5400 A526.03436; Infill 
G1 X17.340 Y-20.598 Z7.000 F5400 A526.05588; Connection 
G1 X15.887 Y-22.052 Z7.000 F5400 A526.12774; Infill 
G1 X16.358 Y-22.140 Z7.000 F5400 A526.14451; Connection 
G1 X17.287 Y-21.212 Z7.000 F5400 A526.19043; Infill 
G1 X17.233 Y-21.825 Z7.000 F5400 A526.21195; Connection 
G1 X16.829 Y-22.229 Z7.000 F5400 A526.23192; Infill 
G1 X16.829 Y-22.229 Z7.000 F1500 A524.93192; Retract 
G1 X16.829 Y-22.229 Z7.000 F3000; Retract 
G1 X17.501 Y-22.117 Z7.000 F9000; Travel Move 
G1 X17.501 Y-22.117 Z7.000 F1500 A526.23192; Restart 
G1 X17.531 Y-22.088 Z7.000 F5400 A526.23339; Infill 
G1 X17.554 Y-21.504 Z7.000 F5400 A526.25381; Connection 
G1 X17.584 Y-21.474 Z7.000 F5400 A526.25528; Infill 
G1 X17.608 Y-20.891 Z7.000 F5400 A526.27570; Connection 
G1 X17.637 Y-20.861 Z7.000 F5400 A526.27717; Infill 
G1 X17.661 Y-20.277 Z7.000 F5400 A526.29759; Connection 
G1 X17.691 Y-20.248 Z7.000 F5400 A526.29906; Infill 
G1 X17.714 Y-19.664 Z7.000 F5400 A526.31948; Connection 
G1 X17.744 Y-19.634 Z7.000 F5400 A526.32095; Infill 
G1 X17.768 Y-19.051 Z7.000 F5400 A526.34137; Connection 
G1 X17.797 Y-19.021 Z7.000 F5400 A526.34284; Infill 
G1 X17.821 Y-18.437 Z7.000 F5400 A526.36326; Connection 
G1 X17.851 Y-18.408 Z7.000 F5400 A526.36473; Infill 
G1 X17.874 Y-17.824 Z7.000 F5400 A526.38515; Connection 
G1 X17.904 Y-17.794 Z7.000 F5400 A526.38662; Infill 
G1 X17.928 Y-17.210 Z7.000 F5400 A526.40704; Connection 
G1 X17.957 Y-17.181 Z7.000 F5400 A526.40851; Infill 
G1 X17.981 Y-16.597 Z7.000 F5400 A526.42893; Connection 
G1 X18.011 Y-16.567 Z7.000 F5400 A526.43040; Infill 
G1 X18.034 Y-15.984 Z7.000 F5400 A526.45082; Connection 
G1 X18.064 Y-15.954 Z7.000 F5400 A526.45229; Infill 
G1 X18.088 Y-15.370 Z7.000 F5400 A526.47271; Connection 
G1 X18.118 Y-15.341 Z7.000 F5400 A526.47418; Infill 
G1 X18.142 Y-14.756 Z7.000 F5400 A526.49465; Connection 
G1 X18.156 Y-14.743 Z7.000 F5400 A526.49530; Infill 
; Chunk 69 
; Lower Position  6.8 
; Upper Position  7 
; Thickness       0.2 
; Width           0.4 
G1 X18.156 Y-14.743 Z7.000 F1500 A525.19530; Retract 
G1 X18.156 Y-14.743 Z7.000 F3000; Retract 
G1 X14.672 Y-8.062 Z7.000 F9000; Travel Move 
G1 X14.672 Y-8.062 Z7.000 F1500 A526.49530; Restart 
G1 X14.672 Y-6.446 Z7.000 F5400 A526.55179; Support 
; Chunk 70 
; Lower Position  7 
; Upper Position  7.2 
; Thickness       0.2 
; Width           0.4 
G1 X14.672 Y-6.446 Z7.000 F1500 A525.25179; Retract 
G1 X14.672 Y-6.446 Z7.000 F3000; Retract 
G1 X14.672 Y-6.446 Z7.200 F1380; Travel Move 
G1 X14.672 Y-6.446 Z7.200 F1500 A526.55179; Restart 
G1 X14.672 Y-8.062 Z7.200 F1620 A526.60827; Support 
M73 P66; Update Progress 
; Chunk 71 
; Lower Position  7 
; Upper Position  7.2 
; Thickness       0.2 
; Width           0.4 
G1 X14.672 Y-8.062 Z7.200 F1500 A525.30827; Retract 
G1 X14.672 Y-8.062 Z7.200 F3000; Retract 
G1 X14.513 Y-8.734 Z7.200 F9000; Travel Move 
G1 X14.513 Y-8.734 Z7.200 F1500 A526.60827; Restart 
G1 X15.048 Y-8.921 Z7.200 F720 A526.62810; Inset 
G1 X15.352 Y-8.947 Z7.200 F720 A526.63878; Inset 
G1 X15.911 Y-8.850 Z7.200 F720 A526.65860; Inset 
G1 X16.413 Y-8.568 Z7.200 F720 A526.67872; Inset 
G1 X16.792 Y-8.135 Z7.200 F720 A526.69884; Inset 
G1 X17.006 Y-7.601 Z7.200 F720 A526.71897; Inset 
G1 X17.029 Y-7.026 Z7.200 F720 A526.73909; Inset 
G1 X16.862 Y-6.484 Z7.200 F720 A526.75891; Inset 
G1 X16.701 Y-6.224 Z7.200 F720 A526.76959; Inset 
G1 X16.298 Y-5.839 Z7.200 F720 A526.78911; Inset 
G1 X16.031 Y-5.690 Z7.200 F720 A526.79979; Inset 
G1 X15.490 Y-5.550 Z7.200 F720 A526.81931; Inset 
G1 X15.184 Y-5.551 Z7.200 F720 A526.82999; Inset 
G1 X14.645 Y-5.693 Z7.200 F720 A526.84951; Inset 
G1 X14.378 Y-5.842 Z7.200 F720 A526.86019; Inset 
G1 X13.969 Y-6.235 Z7.200 F720 A526.88002; Inset 
G1 X13.711 Y-6.750 Z7.200 F720 A526.90014; Inset 
G1 X13.640 Y-7.312 Z7.200 F720 A526.91996; Inset 
G1 X13.680 Y-7.615 Z7.200 F720 A526.93064; Inset 
G1 X13.889 Y-8.133 Z7.200 F720 A526.95016; Inset 
G1 X14.071 Y-8.378 Z7.200 F720 A526.96084; Inset 
G1 X14.513 Y-8.734 Z7.200 F720 A526.98066; Inset 
G1 X14.513 Y-8.734 Z7.200 F1500 A525.68066; Retract 
G1 X14.513 Y-8.734 Z7.200 F3000; Retract 
G1 X13.926 Y-9.190 Z7.200 F9000; Travel Move 
G1 X13.926 Y-9.190 Z7.200 F1500 A526.98066; Restart 
G1 X13.648 Y-8.925 Z7.200 F720 A526.99408; Inset 
G1 X13.415 Y-8.612 Z7.200 F720 A527.00772; Inset 
G1 X13.239 Y-8.265 Z7.200 F720 A527.02135; Inset 
G1 X13.123 Y-7.892 Z7.200 F720 A527.03499; Inset 
G1 X13.073 Y-7.506 Z7.200 F720 A527.04861; Inset 
G1 X13.089 Y-7.110 Z7.200 F720 A527.06246; Inset 
G1 X13.170 Y-6.729 Z7.200 F720 A527.07608; Inset 
G1 X13.316 Y-6.367 Z7.200 F720 A527.08972; Inset 
G1 X13.516 Y-6.039 Z7.200 F720 A527.10315; Inset 
G1 X13.773 Y-5.746 Z7.200 F720 A527.11678; Inset 
G1 X14.081 Y-5.496 Z7.200 F720 A527.13062; Inset 
G1 X14.421 Y-5.306 Z7.200 F720 A527.14425; Inset 
G1 X14.789 Y-5.176 Z7.200 F720 A527.15789; Inset 
G1 X15.170 Y-5.110 Z7.200 F720 A527.17142; Inset 
G1 X15.560 Y-5.109 Z7.200 F720 A527.18505; Inset 
G1 X15.941 Y-5.174 Z7.200 F720 A527.19858; Inset 
G1 X16.315 Y-5.305 Z7.200 F720 A527.21242; Inset 
G1 X16.656 Y-5.495 Z7.200 F720 A527.22605; Inset 
G1 X16.959 Y-5.740 Z7.200 F720 A527.23968; Inset 
G1 X17.217 Y-6.032 Z7.200 F720 A527.25332; Inset 
G1 X17.422 Y-6.364 Z7.200 F720 A527.26695; Inset 
G1 X17.565 Y-6.720 Z7.200 F720 A527.28037; Inset 
G1 X17.650 Y-7.107 Z7.200 F720 A527.29422; Inset 
G1 X17.666 Y-7.497 Z7.200 F720 A527.30785; Inset 
G1 X17.618 Y-7.878 Z7.200 F720 A527.32128; Inset 
G1 X17.505 Y-8.251 Z7.200 F720 A527.33491; Inset 
G1 X17.331 Y-8.600 Z7.200 F720 A527.34855; Inset 
G1 X17.100 Y-8.914 Z7.200 F720 A527.36217; Inset 
G1 X16.815 Y-9.188 Z7.200 F720 A527.37602; Inset 
G1 X16.492 Y-9.407 Z7.200 F720 A527.38965; Inset 
G1 X16.137 Y-9.568 Z7.200 F720 A527.40328; Inset 
G1 X15.759 Y-9.666 Z7.200 F720 A527.41691; Inset 
G1 X15.371 Y-9.700 Z7.200 F720 A527.43055; Inset 
G1 X14.988 Y-9.668 Z7.200 F720 A527.44397; Inset 
G1 X14.610 Y-9.571 Z7.200 F720 A527.45761; Inset 
G1 X14.249 Y-9.408 Z7.200 F720 A527.47145; Inset 
G1 X13.926 Y-9.190 Z7.200 F720 A527.48508; Inset 
G1 X13.926 Y-9.190 Z7.200 F1500 A526.18508; Retract 
G1 X13.926 Y-9.190 Z7.200 F3000; Retract 
G1 X17.510 Y-23.040 Z7.200 F9000; Travel Move 
G1 X17.510 Y-23.040 Z7.200 F1500 A527.48508; Restart 
G1 X17.399 Y-22.882 Z7.200 F1620 A527.49185; Inset 
G1 X17.365 Y-22.678 Z7.200 F1620 A527.49906; Inset 
G1 X18.054 Y-14.758 Z7.200 F1620 A527.77700; Inset 
G1 X18.127 Y-14.552 Z7.200 F1620 A527.78464; Inset 
G1 X18.215 Y-14.457 Z7.200 F1620 A527.78915; Inset 
G1 X18.329 Y-14.396 Z7.200 F1620 A527.79366; Inset 
G1 X18.456 Y-14.376 Z7.200 F1620 A527.79817; Inset 
G1 X18.622 Y-14.408 Z7.200 F1620 A527.80409; Inset 
G1 X18.748 Y-14.507 Z7.200 F1620 A527.80966; Inset 
G1 X18.837 Y-14.668 Z7.200 F1620 A527.81609; Inset 
G1 X18.849 Y-14.844 Z7.200 F1620 A527.82228; Inset 
G1 X18.162 Y-22.747 Z7.200 F1620 A528.09962; Inset 
G1 X18.078 Y-22.976 Z7.200 F1620 A528.10814; Inset 
G1 X17.946 Y-23.083 Z7.200 F1620 A528.11406; Inset 
G1 X17.823 Y-23.125 Z7.200 F1620 A528.11862; Inset 
G1 X17.702 Y-23.125 Z7.200 F1620 A528.12284; Inset 
G1 X17.510 Y-23.040 Z7.200 F1620 A528.13017; Inset 
G1 X17.510 Y-23.040 Z7.200 F1500 A526.83017; Retract 
G1 X17.510 Y-23.040 Z7.200 F3000; Retract 
G1 X17.375 Y-23.436 Z7.200 F9000; Travel Move 
G1 X17.375 Y-23.436 Z7.200 F1500 A528.13017; Restart 
G1 X17.222 Y-23.325 Z7.200 F720 A528.13679; Inset 
G1 X17.029 Y-23.051 Z7.200 F720 A528.14850; Inset 
G1 X16.964 Y-22.792 Z7.200 F720 A528.15783; Inset 
G1 X16.965 Y-22.660 Z7.200 F720 A528.16244; Inset 
G1 X17.657 Y-14.706 Z7.200 F720 A528.44155; Inset 
G1 X17.679 Y-14.576 Z7.200 F720 A528.44615; Inset 
G1 X17.789 Y-14.329 Z7.200 F720 A528.45563; Inset 
G1 X17.967 Y-14.136 Z7.200 F720 A528.46480; Inset 
G1 X18.199 Y-14.012 Z7.200 F720 A528.47397; Inset 
G1 X18.458 Y-13.970 Z7.200 F720 A528.48315; Inset 
G1 X18.725 Y-14.016 Z7.200 F720 A528.49262; Inset 
G1 X18.830 Y-14.063 Z7.200 F720 A528.49665; Inset 
G1 X19.045 Y-14.231 Z7.200 F720 A528.50618; Inset 
G1 X19.177 Y-14.429 Z7.200 F720 A528.51451; Inset 
G1 X19.232 Y-14.587 Z7.200 F720 A528.52035; Inset 
G1 X19.250 Y-14.847 Z7.200 F720 A528.52949; Inset 
G1 X18.559 Y-22.799 Z7.200 F720 A528.80851; Inset 
M73 P67; Update Progress 
G1 X18.537 Y-22.929 Z7.200 F720 A528.81312; Inset 
G1 X18.424 Y-23.184 Z7.200 F720 A528.82289; Inset 
G1 X18.352 Y-23.275 Z7.200 F720 A528.82692; Inset 
G1 X18.138 Y-23.440 Z7.200 F720 A528.83639; Inset 
G1 X17.889 Y-23.524 Z7.200 F720 A528.84558; Inset 
G1 X17.636 Y-23.525 Z7.200 F720 A528.85443; Inset 
G1 X17.375 Y-23.436 Z7.200 F720 A528.86405; Inset 
; Chunk 72 
; Lower Position  7.2 
; Upper Position  7.4 
; Thickness       0.2 
; Width           0.4 
G1 X17.375 Y-23.436 Z7.200 F1500 A527.56405; Retract 
G1 X17.375 Y-23.436 Z7.200 F3000; Retract 
G1 X17.375 Y-23.436 Z7.400 F1380; Travel Move 
G1 X17.513 Y-23.042 Z7.400 F9000; Travel Move 
G1 X17.513 Y-23.042 Z7.400 F1500 A528.86405; Restart 
G1 X17.399 Y-22.881 Z7.400 F1620 A528.87095; Inset 
G1 X17.365 Y-22.678 Z7.400 F1620 A528.87813; Inset 
G1 X18.054 Y-14.758 Z7.400 F1620 A529.15608; Inset 
G1 X18.127 Y-14.552 Z7.400 F1620 A529.16371; Inset 
G1 X18.215 Y-14.457 Z7.400 F1620 A529.16822; Inset 
G1 X18.329 Y-14.396 Z7.400 F1620 A529.17273; Inset 
G1 X18.456 Y-14.376 Z7.400 F1620 A529.17724; Inset 
G1 X18.622 Y-14.408 Z7.400 F1620 A529.18316; Inset 
G1 X18.748 Y-14.506 Z7.400 F1620 A529.18872; Inset 
G1 X18.837 Y-14.667 Z7.400 F1620 A529.19513; Inset 
G1 X18.849 Y-14.845 Z7.400 F1620 A529.20137; Inset 
G1 X18.162 Y-22.747 Z7.400 F1620 A529.47869; Inset 
G1 X18.078 Y-22.976 Z7.400 F1620 A529.48721; Inset 
G1 X17.946 Y-23.083 Z7.400 F1620 A529.49313; Inset 
G1 X17.823 Y-23.124 Z7.400 F1620 A529.49769; Inset 
G1 X17.702 Y-23.125 Z7.400 F1620 A529.50193; Inset 
G1 X17.513 Y-23.042 Z7.400 F1620 A529.50914; Inset 
G1 X17.513 Y-23.042 Z7.400 F1500 A528.20914; Retract 
G1 X17.513 Y-23.042 Z7.400 F3000; Retract 
G1 X17.375 Y-23.436 Z7.400 F9000; Travel Move 
G1 X17.375 Y-23.436 Z7.400 F1500 A529.50914; Restart 
G1 X17.225 Y-23.327 Z7.400 F720 A529.51562; Inset 
G1 X17.029 Y-23.051 Z7.400 F720 A529.52746; Inset 
G1 X16.964 Y-22.792 Z7.400 F720 A529.53679; Inset 
G1 X16.965 Y-22.660 Z7.400 F720 A529.54139; Inset 
G1 X17.657 Y-14.706 Z7.400 F720 A529.82050; Inset 
G1 X17.679 Y-14.576 Z7.400 F720 A529.82511; Inset 
G1 X17.789 Y-14.329 Z7.400 F720 A529.83458; Inset 
G1 X17.967 Y-14.136 Z7.400 F720 A529.84376; Inset 
G1 X18.199 Y-14.012 Z7.400 F720 A529.85293; Inset 
G1 X18.458 Y-13.970 Z7.400 F720 A529.86211; Inset 
G1 X18.725 Y-14.016 Z7.400 F720 A529.87158; Inset 
G1 X18.830 Y-14.063 Z7.400 F720 A529.87561; Inset 
G1 X19.044 Y-14.231 Z7.400 F720 A529.88514; Inset 
G1 X19.178 Y-14.430 Z7.400 F720 A529.89352; Inset 
G1 X19.232 Y-14.586 Z7.400 F720 A529.89927; Inset 
G1 X19.250 Y-14.848 Z7.400 F720 A529.90845; Inset 
G1 X18.559 Y-22.799 Z7.400 F720 A530.18747; Inset 
G1 X18.537 Y-22.929 Z7.400 F720 A530.19208; Inset 
G1 X18.424 Y-23.184 Z7.400 F720 A530.20184; Inset 
G1 X18.352 Y-23.275 Z7.400 F720 A530.20587; Inset 
G1 X18.138 Y-23.440 Z7.400 F720 A530.21534; Inset 
G1 X17.889 Y-23.524 Z7.400 F720 A530.22454; Inset 
G1 X17.635 Y-23.525 Z7.400 F720 A530.23340; Inset 
G1 X17.375 Y-23.436 Z7.400 F720 A530.24302; Inset 
G1 X17.375 Y-23.436 Z7.400 F1500 A528.94302; Retract 
G1 X17.375 Y-23.436 Z7.400 F3000; Retract 
G1 X14.513 Y-8.734 Z7.400 F9000; Travel Move 
G1 X14.513 Y-8.734 Z7.400 F1500 A530.24302; Restart 
G1 X15.048 Y-8.921 Z7.400 F720 A530.26284; Inset 
G1 X15.352 Y-8.947 Z7.400 F720 A530.27352; Inset 
G1 X15.911 Y-8.850 Z7.400 F720 A530.29334; Inset 
G1 X16.413 Y-8.568 Z7.400 F720 A530.31347; Inset 
G1 X16.792 Y-8.135 Z7.400 F720 A530.33359; Inset 
G1 X17.006 Y-7.601 Z7.400 F720 A530.35371; Inset 
G1 X17.029 Y-7.026 Z7.400 F720 A530.37383; Inset 
G1 X16.862 Y-6.484 Z7.400 F720 A530.39365; Inset 
G1 X16.701 Y-6.224 Z7.400 F720 A530.40434; Inset 
G1 X16.298 Y-5.839 Z7.400 F720 A530.42385; Inset 
G1 X16.031 Y-5.690 Z7.400 F720 A530.43454; Inset 
G1 X15.490 Y-5.550 Z7.400 F720 A530.45406; Inset 
G1 X15.184 Y-5.551 Z7.400 F720 A530.46474; Inset 
G1 X14.645 Y-5.693 Z7.400 F720 A530.48425; Inset 
G1 X14.378 Y-5.842 Z7.400 F720 A530.49494; Inset 
G1 X13.969 Y-6.235 Z7.400 F720 A530.51476; Inset 
G1 X13.711 Y-6.750 Z7.400 F720 A530.53488; Inset 
G1 X13.640 Y-7.312 Z7.400 F720 A530.55470; Inset 
G1 X13.680 Y-7.615 Z7.400 F720 A530.56539; Inset 
G1 X13.889 Y-8.133 Z7.400 F720 A530.58490; Inset 
G1 X14.071 Y-8.378 Z7.400 F720 A530.59559; Inset 
G1 X14.513 Y-8.734 Z7.400 F720 A530.61540; Inset 
G1 X14.513 Y-8.734 Z7.400 F1500 A529.31540; Retract 
G1 X14.513 Y-8.734 Z7.400 F3000; Retract 
G1 X13.921 Y-9.186 Z7.400 F9000; Travel Move 
G1 X13.921 Y-9.186 Z7.400 F1500 A530.61540; Restart 
G1 X13.652 Y-8.929 Z7.400 F720 A530.62840; Inset 
G1 X13.419 Y-8.617 Z7.400 F720 A530.64205; Inset 
G1 X13.241 Y-8.270 Z7.400 F720 A530.65568; Inset 
G1 X13.125 Y-7.898 Z7.400 F720 A530.66931; Inset 
G1 X13.073 Y-7.512 Z7.400 F720 A530.68293; Inset 
M73 P68; Update Progress 
G1 X13.090 Y-7.104 Z7.400 F720 A530.69719; Inset 
G1 X13.172 Y-6.723 Z7.400 F720 A530.71081; Inset 
G1 X13.319 Y-6.361 Z7.400 F720 A530.72445; Inset 
G1 X13.513 Y-6.044 Z7.400 F720 A530.73745; Inset 
G1 X13.769 Y-5.750 Z7.400 F720 A530.75109; Inset 
G1 X14.086 Y-5.493 Z7.400 F720 A530.76535; Inset 
G1 X14.426 Y-5.304 Z7.400 F720 A530.77897; Inset 
G1 X14.794 Y-5.175 Z7.400 F720 A530.79261; Inset 
G1 X15.170 Y-5.110 Z7.400 F720 A530.80593; Inset 
G1 X15.560 Y-5.109 Z7.400 F720 A530.81957; Inset 
G1 X15.935 Y-5.172 Z7.400 F720 A530.83287; Inset 
G1 X16.320 Y-5.308 Z7.400 F720 A530.84714; Inset 
G1 X16.660 Y-5.498 Z7.400 F720 A530.86076; Inset 
G1 X16.963 Y-5.744 Z7.400 F720 A530.87439; Inset 
G1 X17.220 Y-6.037 Z7.400 F720 A530.88802; Inset 
G1 X17.424 Y-6.370 Z7.400 F720 A530.90167; Inset 
G1 X17.563 Y-6.714 Z7.400 F720 A530.91466; Inset 
G1 X17.650 Y-7.113 Z7.400 F720 A530.92893; Inset 
G1 X17.666 Y-7.503 Z7.400 F720 A530.94256; Inset 
G1 X17.619 Y-7.872 Z7.400 F720 A530.95557; Inset 
G1 X17.507 Y-8.246 Z7.400 F720 A530.96921; Inset 
G1 X17.334 Y-8.595 Z7.400 F720 A530.98284; Inset 
G1 X17.104 Y-8.909 Z7.400 F720 A530.99646; Inset 
G1 X16.810 Y-9.192 Z7.400 F720 A531.01072; Inset 
G1 X16.487 Y-9.410 Z7.400 F720 A531.02434; Inset 
G1 X16.131 Y-9.570 Z7.400 F720 A531.03797; Inset 
G1 X15.754 Y-9.667 Z7.400 F720 A531.05160; Inset 
G1 X15.365 Y-9.699 Z7.400 F720 A531.06525; Inset 
G1 X14.994 Y-9.669 Z7.400 F720 A531.07825; Inset 
G1 X14.616 Y-9.573 Z7.400 F720 A531.09188; Inset 
G1 X14.244 Y-9.405 Z7.400 F720 A531.10614; Inset 
G1 X13.921 Y-9.186 Z7.400 F720 A531.11978; Inset 
; Chunk 73 
; Lower Position  7.2 
; Upper Position  7.4 
; Thickness       0.2 
; Width           0.4 
G1 X13.921 Y-9.186 Z7.400 F1500 A529.81978; Retract 
G1 X13.921 Y-9.186 Z7.400 F3000; Retract 
G1 X14.672 Y-8.062 Z7.400 F9000; Travel Move 
G1 X14.672 Y-8.062 Z7.400 F1500 A531.11978; Restart 
G1 X14.672 Y-6.446 Z7.400 F1620 A531.17626; Support 
; Chunk 74 
; Lower Position  7.4 
; Upper Position  7.6 
; Thickness       0.2 
; Width           0.4 
G1 X14.672 Y-6.446 Z7.400 F1500 A529.87626; Retract 
G1 X14.672 Y-6.446 Z7.400 F3000; Retract 
G1 X14.672 Y-6.446 Z7.600 F1380; Travel Move 
G1 X14.672 Y-6.446 Z7.600 F1500 A531.17626; Restart 
G1 X14.672 Y-8.062 Z7.600 F1620 A531.23275; Support 
; Chunk 75 
; Lower Position  7.4 
; Upper Position  7.6 
; Thickness       0.2 
; Width           0.4 
G1 X14.672 Y-8.062 Z7.600 F1500 A529.93275; Retract 
G1 X14.672 Y-8.062 Z7.600 F3000; Retract 
G1 X14.513 Y-8.734 Z7.600 F9000; Travel Move 
G1 X14.513 Y-8.734 Z7.600 F1500 A531.23275; Restart 
G1 X15.048 Y-8.921 Z7.600 F720 A531.25257; Inset 
G1 X15.352 Y-8.947 Z7.600 F720 A531.26325; Inset 
G1 X15.911 Y-8.850 Z7.600 F720 A531.28307; Inset 
G1 X16.413 Y-8.568 Z7.600 F720 A531.30319; Inset 
G1 X16.792 Y-8.135 Z7.600 F720 A531.32332; Inset 
G1 X17.006 Y-7.601 Z7.600 F720 A531.34344; Inset 
G1 X17.029 Y-7.026 Z7.600 F720 A531.36356; Inset 
G1 X16.862 Y-6.484 Z7.600 F720 A531.38338; Inset 
G1 X16.701 Y-6.224 Z7.600 F720 A531.39407; Inset 
G1 X16.298 Y-5.839 Z7.600 F720 A531.41358; Inset 
G1 X16.031 Y-5.690 Z7.600 F720 A531.42427; Inset 
G1 X15.490 Y-5.550 Z7.600 F720 A531.44378; Inset 
G1 X15.184 Y-5.551 Z7.600 F720 A531.45447; Inset 
G1 X14.645 Y-5.693 Z7.600 F720 A531.47398; Inset 
G1 X14.378 Y-5.842 Z7.600 F720 A531.48467; Inset 
G1 X13.969 Y-6.235 Z7.600 F720 A531.50449; Inset 
G1 X13.711 Y-6.750 Z7.600 F720 A531.52461; Inset 
G1 X13.640 Y-7.312 Z7.600 F720 A531.54443; Inset 
G1 X13.680 Y-7.615 Z7.600 F720 A531.55511; Inset 
G1 X13.889 Y-8.133 Z7.600 F720 A531.57463; Inset 
G1 X14.071 Y-8.378 Z7.600 F720 A531.58531; Inset 
G1 X14.513 Y-8.734 Z7.600 F720 A531.60513; Inset 
G1 X14.513 Y-8.734 Z7.600 F1500 A530.30513; Retract 
G1 X14.513 Y-8.734 Z7.600 F3000; Retract 
G1 X13.917 Y-9.182 Z7.600 F9000; Travel Move 
G1 X13.917 Y-9.182 Z7.600 F1500 A531.60513; Restart 
G1 X13.657 Y-8.934 Z7.600 F720 A531.61771; Inset 
G1 X13.422 Y-8.622 Z7.600 F720 A531.63137; Inset 
G1 X13.243 Y-8.275 Z7.600 F720 A531.64499; Inset 
G1 X13.126 Y-7.903 Z7.600 F720 A531.65863; Inset 
G1 X13.074 Y-7.518 Z7.600 F720 A531.67223; Inset 
G1 X13.091 Y-7.098 Z7.600 F720 A531.68692; Inset 
G1 X13.174 Y-6.718 Z7.600 F720 A531.70052; Inset 
G1 X13.321 Y-6.356 Z7.600 F720 A531.71417; Inset 
G1 X13.510 Y-6.049 Z7.600 F720 A531.72676; Inset 
G1 X13.765 Y-5.755 Z7.600 F720 A531.74038; Inset 
G1 X14.091 Y-5.490 Z7.600 F720 A531.75506; Inset 
G1 X14.432 Y-5.302 Z7.600 F720 A531.76867; Inset 
G1 X14.800 Y-5.173 Z7.600 F720 A531.78232; Inset 
G1 X15.170 Y-5.110 Z7.600 F720 A531.79543; Inset 
G1 X15.560 Y-5.109 Z7.600 F720 A531.80907; Inset 
G1 X15.929 Y-5.171 Z7.600 F720 A531.82216; Inset 
G1 X16.326 Y-5.310 Z7.600 F720 A531.83685; Inset 
G1 X16.665 Y-5.502 Z7.600 F720 A531.85046; Inset 
G1 X16.967 Y-5.748 Z7.600 F720 A531.86409; Inset 
G1 X17.223 Y-6.042 Z7.600 F720 A531.87772; Inset 
G1 X17.427 Y-6.375 Z7.600 F720 A531.89137; Inset 
G1 X17.561 Y-6.708 Z7.600 F720 A531.90393; Inset 
G1 X17.651 Y-7.119 Z7.600 F720 A531.91864; Inset 
G1 X17.665 Y-7.509 Z7.600 F720 A531.93226; Inset 
G1 X17.620 Y-7.866 Z7.600 F720 A531.94484; Inset 
G1 X17.509 Y-8.240 Z7.600 F720 A531.95849; Inset 
G1 X17.336 Y-8.590 Z7.600 F720 A531.97213; Inset 
G1 X17.108 Y-8.904 Z7.600 F720 A531.98573; Inset 
G1 X16.805 Y-9.196 Z7.600 F720 A532.00041; Inset 
G1 X16.482 Y-9.412 Z7.600 F720 A532.01402; Inset 
G1 X16.126 Y-9.571 Z7.600 F720 A532.02765; Inset 
G1 X15.748 Y-9.668 Z7.600 F720 A532.04128; Inset 
G1 X15.359 Y-9.699 Z7.600 F720 A532.05493; Inset 
G1 X15.000 Y-9.669 Z7.600 F720 A532.06751; Inset 
G1 X14.622 Y-9.574 Z7.600 F720 A532.08114; Inset 
G1 X14.239 Y-9.402 Z7.600 F720 A532.09583; Inset 
G1 X13.917 Y-9.182 Z7.600 F720 A532.10945; Inset 
G1 X13.917 Y-9.182 Z7.600 F1500 A530.80945; Retract 
G1 X13.917 Y-9.182 Z7.600 F3000; Retract 
G1 X17.579 Y-23.083 Z7.600 F9000; Travel Move 
G1 X17.579 Y-23.083 Z7.600 F1500 A532.10945; Restart 
G1 X17.451 Y-22.977 Z7.600 F1620 A532.11527; Inset 
G1 X17.404 Y-22.900 Z7.600 F1620 A532.11843; Inset 
G1 X17.365 Y-22.678 Z7.600 F1620 A532.12630; Inset 
G1 X18.054 Y-14.758 Z7.600 F1620 A532.40425; Inset 
G1 X18.127 Y-14.552 Z7.600 F1620 A532.41189; Inset 
G1 X18.215 Y-14.457 Z7.600 F1620 A532.41639; Inset 
G1 X18.329 Y-14.396 Z7.600 F1620 A532.42090; Inset 
G1 X18.456 Y-14.376 Z7.600 F1620 A532.42541; Inset 
G1 X18.608 Y-14.402 Z7.600 F1620 A532.43080; Inset 
G1 X18.739 Y-14.500 Z7.600 F1620 A532.43654; Inset 
G1 X18.822 Y-14.633 Z7.600 F1620 A532.44200; Inset 
G1 X18.851 Y-14.822 Z7.600 F1620 A532.44868; Inset 
G1 X18.162 Y-22.747 Z7.600 F1620 A532.72681; Inset 
G1 X18.078 Y-22.976 Z7.600 F1620 A532.73533; Inset 
G1 X17.946 Y-23.083 Z7.600 F1620 A532.74126; Inset 
G1 X17.823 Y-23.124 Z7.600 F1620 A532.74581; Inset 
G1 X17.701 Y-23.125 Z7.600 F1620 A532.75006; Inset 
G1 X17.579 Y-23.083 Z7.600 F1620 A532.75456; Inset 
G1 X17.579 Y-23.083 Z7.600 F1500 A531.45456; Retract 
G1 X17.579 Y-23.083 Z7.600 F3000; Retract 
G1 X17.381 Y-23.438 Z7.600 F9000; Travel Move 
G1 X17.381 Y-23.438 Z7.600 F1500 A532.75456; Restart 
G1 X17.145 Y-23.243 Z7.600 F720 A532.76525; Inset 
G1 X17.031 Y-23.057 Z7.600 F720 A532.77290; Inset 
M73 P69; Update Progress 
G1 X16.964 Y-22.792 Z7.600 F720 A532.78246; Inset 
G1 X16.965 Y-22.660 Z7.600 F720 A532.78706; Inset 
G1 X17.657 Y-14.706 Z7.600 F720 A533.06617; Inset 
G1 X17.679 Y-14.576 Z7.600 F720 A533.07078; Inset 
G1 X17.789 Y-14.329 Z7.600 F720 A533.08025; Inset 
G1 X17.967 Y-14.136 Z7.600 F720 A533.08943; Inset 
G1 X18.199 Y-14.012 Z7.600 F720 A533.09860; Inset 
G1 X18.458 Y-13.970 Z7.600 F720 A533.10778; Inset 
G1 X18.725 Y-14.016 Z7.600 F720 A533.11725; Inset 
G1 X18.830 Y-14.063 Z7.600 F720 A533.12128; Inset 
G1 X19.042 Y-14.229 Z7.600 F720 A533.13069; Inset 
G1 X19.197 Y-14.479 Z7.600 F720 A533.14097; Inset 
G1 X19.251 Y-14.840 Z7.600 F720 A533.15375; Inset 
G1 X18.559 Y-22.799 Z7.600 F720 A533.43303; Inset 
G1 X18.537 Y-22.929 Z7.600 F720 A533.43764; Inset 
G1 X18.424 Y-23.184 Z7.600 F720 A533.44740; Inset 
G1 X18.352 Y-23.275 Z7.600 F720 A533.45144; Inset 
G1 X18.138 Y-23.440 Z7.600 F720 A533.46090; Inset 
G1 X17.889 Y-23.524 Z7.600 F720 A533.47010; Inset 
G1 X17.635 Y-23.525 Z7.600 F720 A533.47898; Inset 
G1 X17.381 Y-23.438 Z7.600 F720 A533.48835; Inset 
; Chunk 76 
; Lower Position  7.6 
; Upper Position  7.8 
; Thickness       0.2 
; Width           0.4 
G1 X17.381 Y-23.438 Z7.600 F1500 A532.18835; Retract 
G1 X17.381 Y-23.438 Z7.600 F3000; Retract 
G1 X17.381 Y-23.438 Z7.800 F1380; Travel Move 
G1 X17.551 Y-23.068 Z7.800 F9000; Travel Move 
G1 X17.551 Y-23.068 Z7.800 F1500 A533.48835; Restart 
G1 X17.402 Y-22.893 Z7.800 F1620 A533.49636; Inset 
G1 X17.365 Y-22.678 Z7.800 F1620 A533.50400; Inset 
G1 X18.054 Y-14.758 Z7.800 F1620 A533.78194; Inset 
G1 X18.127 Y-14.552 Z7.800 F1620 A533.78958; Inset 
G1 X18.215 Y-14.457 Z7.800 F1620 A533.79409; Inset 
G1 X18.329 Y-14.396 Z7.800 F1620 A533.79860; Inset 
G1 X18.456 Y-14.376 Z7.800 F1620 A533.80310; Inset 
G1 X18.608 Y-14.402 Z7.800 F1620 A533.80850; Inset 
G1 X18.740 Y-14.500 Z7.800 F1620 A533.81424; Inset 
G1 X18.822 Y-14.632 Z7.800 F1620 A533.81966; Inset 
G1 X18.851 Y-14.822 Z7.800 F1620 A533.82639; Inset 
G1 X18.162 Y-22.747 Z7.800 F1620 A534.10451; Inset 
G1 X18.078 Y-22.976 Z7.800 F1620 A534.11303; Inset 
G1 X17.946 Y-23.083 Z7.800 F1620 A534.11895; Inset 
G1 X17.823 Y-23.124 Z7.800 F1620 A534.12350; Inset 
G1 X17.707 Y-23.124 Z7.800 F1620 A534.12756; Inset 
G1 X17.551 Y-23.068 Z7.800 F1620 A534.13337; Inset 
G1 X17.551 Y-23.068 Z7.800 F1500 A532.83337; Retract 
G1 X17.551 Y-23.068 Z7.800 F3000; Retract 
G1 X17.351 Y-23.421 Z7.800 F9000; Travel Move 
G1 X17.351 Y-23.421 Z7.800 F1500 A534.13337; Restart 
G1 X17.174 Y-23.277 Z7.800 F720 A534.14135; Inset 
G1 X17.030 Y-23.055 Z7.800 F720 A534.15059; Inset 
G1 X16.964 Y-22.792 Z7.800 F720 A534.16006; Inset 
G1 X16.965 Y-22.660 Z7.800 F720 A534.16467; Inset 
G1 X17.657 Y-14.706 Z7.800 F720 A534.44378; Inset 
G1 X17.679 Y-14.576 Z7.800 F720 A534.44838; Inset 
G1 X17.789 Y-14.329 Z7.800 F720 A534.45786; Inset 
G1 X17.967 Y-14.136 Z7.800 F720 A534.46703; Inset 
G1 X18.199 Y-14.012 Z7.800 F720 A534.47621; Inset 
G1 X18.458 Y-13.970 Z7.800 F720 A534.48538; Inset 
G1 X18.725 Y-14.016 Z7.800 F720 A534.49485; Inset 
G1 X18.830 Y-14.063 Z7.800 F720 A534.49888; Inset 
G1 X19.042 Y-14.229 Z7.800 F720 A534.50829; Inset 
G1 X19.197 Y-14.477 Z7.800 F720 A534.51852; Inset 
G1 X19.251 Y-14.840 Z7.800 F720 A534.53136; Inset 
G1 X18.559 Y-22.799 Z7.800 F720 A534.81063; Inset 
G1 X18.537 Y-22.929 Z7.800 F720 A534.81524; Inset 
G1 X18.424 Y-23.184 Z7.800 F720 A534.82501; Inset 
G1 X18.352 Y-23.275 Z7.800 F720 A534.82904; Inset 
G1 X18.138 Y-23.440 Z7.800 F720 A534.83851; Inset 
G1 X17.889 Y-23.524 Z7.800 F720 A534.84770; Inset 
G1 X17.636 Y-23.524 Z7.800 F720 A534.85653; Inset 
G1 X17.351 Y-23.421 Z7.800 F720 A534.86716; Inset 
M73 P70; Update Progress 
G1 X17.351 Y-23.421 Z7.800 F1500 A533.56716; Retract 
G1 X17.351 Y-23.421 Z7.800 F3000; Retract 
G1 X14.513 Y-8.734 Z7.800 F9000; Travel Move 
G1 X14.513 Y-8.734 Z7.800 F1500 A534.86716; Restart 
G1 X15.048 Y-8.921 Z7.800 F720 A534.88698; Inset 
G1 X15.352 Y-8.947 Z7.800 F720 A534.89766; Inset 
G1 X15.911 Y-8.850 Z7.800 F720 A534.91748; Inset 
G1 X16.413 Y-8.568 Z7.800 F720 A534.93760; Inset 
G1 X16.792 Y-8.135 Z7.800 F720 A534.95773; Inset 
G1 X17.006 Y-7.601 Z7.800 F720 A534.97785; Inset 
G1 X17.029 Y-7.026 Z7.800 F720 A534.99797; Inset 
G1 X16.862 Y-6.484 Z7.800 F720 A535.01779; Inset 
G1 X16.701 Y-6.224 Z7.800 F720 A535.02848; Inset 
G1 X16.298 Y-5.839 Z7.800 F720 A535.04799; Inset 
G1 X16.031 Y-5.690 Z7.800 F720 A535.05868; Inset 
G1 X15.490 Y-5.550 Z7.800 F720 A535.07819; Inset 
G1 X15.184 Y-5.551 Z7.800 F720 A535.08888; Inset 
G1 X14.645 Y-5.693 Z7.800 F720 A535.10839; Inset 
G1 X14.378 Y-5.842 Z7.800 F720 A535.11908; Inset 
G1 X13.969 Y-6.235 Z7.800 F720 A535.13890; Inset 
G1 X13.711 Y-6.750 Z7.800 F720 A535.15902; Inset 
G1 X13.640 Y-7.312 Z7.800 F720 A535.17884; Inset 
G1 X13.680 Y-7.615 Z7.800 F720 A535.18952; Inset 
G1 X13.889 Y-8.133 Z7.800 F720 A535.20904; Inset 
G1 X14.071 Y-8.378 Z7.800 F720 A535.21973; Inset 
G1 X14.513 Y-8.734 Z7.800 F720 A535.23954; Inset 
G1 X14.513 Y-8.734 Z7.800 F1500 A533.93954; Retract 
G1 X14.513 Y-8.734 Z7.800 F3000; Retract 
G1 X13.912 Y-9.178 Z7.800 F9000; Travel Move 
G1 X13.912 Y-9.178 Z7.800 F1500 A535.23954; Restart 
G1 X13.661 Y-8.938 Z7.800 F720 A535.25170; Inset 
G1 X13.425 Y-8.627 Z7.800 F720 A535.26536; Inset 
G1 X13.246 Y-8.280 Z7.800 F720 A535.27899; Inset 
G1 X13.128 Y-7.909 Z7.800 F720 A535.29262; Inset 
G1 X13.074 Y-7.524 Z7.800 F720 A535.30621; Inset 
G1 X13.092 Y-7.092 Z7.800 F720 A535.32131; Inset 
G1 X13.176 Y-6.712 Z7.800 F720 A535.33491; Inset 
G1 X13.324 Y-6.351 Z7.800 F720 A535.34857; Inset 
G1 X13.506 Y-6.054 Z7.800 F720 A535.36073; Inset 
G1 X13.761 Y-5.759 Z7.800 F720 A535.37436; Inset 
G1 X14.096 Y-5.487 Z7.800 F720 A535.38945; Inset 
G1 X14.437 Y-5.300 Z7.800 F720 A535.40305; Inset 
G1 X14.806 Y-5.172 Z7.800 F720 A535.41671; Inset 
G1 X15.170 Y-5.110 Z7.800 F720 A535.42960; Inset 
G1 X15.560 Y-5.109 Z7.800 F720 A535.44325; Inset 
G1 X15.923 Y-5.170 Z7.800 F720 A535.45612; Inset 
G1 X16.331 Y-5.313 Z7.800 F720 A535.47124; Inset 
G1 X16.669 Y-5.505 Z7.800 F720 A535.48484; Inset 
G1 X16.971 Y-5.752 Z7.800 F720 A535.49846; Inset 
G1 X17.227 Y-6.047 Z7.800 F720 A535.51209; Inset 
G1 X17.429 Y-6.381 Z7.800 F720 A535.52575; Inset 
G1 X17.559 Y-6.702 Z7.800 F720 A535.53788; Inset 
G1 X17.651 Y-7.125 Z7.800 F720 A535.55301; Inset 
G1 X17.665 Y-7.515 Z7.800 F720 A535.56664; Inset 
G1 X17.621 Y-7.860 Z7.800 F720 A535.57880; Inset 
G1 X17.511 Y-8.235 Z7.800 F720 A535.59246; Inset 
G1 X17.339 Y-8.585 Z7.800 F720 A535.60609; Inset 
G1 X17.111 Y-8.900 Z7.800 F720 A535.61968; Inset 
G1 X16.800 Y-9.199 Z7.800 F720 A535.63478; Inset 
G1 X16.476 Y-9.415 Z7.800 F720 A535.64838; Inset 
G1 X16.120 Y-9.573 Z7.800 F720 A535.66201; Inset 
G1 X15.742 Y-9.669 Z7.800 F720 A535.67564; Inset 
G1 X15.352 Y-9.699 Z7.800 F720 A535.68930; Inset 
G1 X15.006 Y-9.670 Z7.800 F720 A535.70145; Inset 
G1 X14.628 Y-9.576 Z7.800 F720 A535.71509; Inset 
G1 X14.234 Y-9.399 Z7.800 F720 A535.73018; Inset 
G1 X13.912 Y-9.178 Z7.800 F720 A535.74381; Inset 
; Chunk 77 
; Lower Position  7.6 
; Upper Position  7.8 
; Thickness       0.2 
; Width           0.4 
G1 X13.912 Y-9.178 Z7.800 F1500 A534.44381; Retract 
G1 X13.912 Y-9.178 Z7.800 F3000; Retract 
G1 X14.672 Y-8.062 Z7.800 F9000; Travel Move 
G1 X14.672 Y-8.062 Z7.800 F1500 A535.74381; Restart 
G1 X14.672 Y-6.446 Z7.800 F1620 A535.80030; Support 
; Chunk 78 
; Lower Position  7.8 
; Upper Position  8 
; Thickness       0.2 
; Width           0.4 
G1 X14.672 Y-6.446 Z7.800 F1500 A534.50030; Retract 
G1 X14.672 Y-6.446 Z7.800 F3000; Retract 
G1 X14.672 Y-6.446 Z8.000 F1380; Travel Move 
G1 X14.672 Y-6.446 Z8.000 F1500 A535.80030; Restart 
G1 X14.672 Y-8.062 Z8.000 F1620 A535.85678; Support 
; Chunk 79 
; Lower Position  7.8 
; Upper Position  8 
; Thickness       0.2 
; Width           0.4 
G1 X14.672 Y-8.062 Z8.000 F1500 A534.55678; Retract 
G1 X14.672 Y-8.062 Z8.000 F3000; Retract 
G1 X14.513 Y-8.734 Z8.000 F9000; Travel Move 
G1 X14.513 Y-8.734 Z8.000 F1500 A535.85678; Restart 
G1 X15.048 Y-8.921 Z8.000 F720 A535.87661; Inset 
G1 X15.352 Y-8.947 Z8.000 F720 A535.88729; Inset 
G1 X15.911 Y-8.850 Z8.000 F720 A535.90711; Inset 
G1 X16.413 Y-8.568 Z8.000 F720 A535.92723; Inset 
G1 X16.792 Y-8.135 Z8.000 F720 A535.94736; Inset 
G1 X17.006 Y-7.601 Z8.000 F720 A535.96748; Inset 
G1 X17.029 Y-7.026 Z8.000 F720 A535.98760; Inset 
G1 X16.862 Y-6.484 Z8.000 F720 A536.00742; Inset 
G1 X16.701 Y-6.224 Z8.000 F720 A536.01811; Inset 
G1 X16.298 Y-5.839 Z8.000 F720 A536.03762; Inset 
G1 X16.031 Y-5.690 Z8.000 F720 A536.04831; Inset 
G1 X15.490 Y-5.550 Z8.000 F720 A536.06782; Inset 
G1 X15.184 Y-5.551 Z8.000 F720 A536.07851; Inset 
G1 X14.645 Y-5.693 Z8.000 F720 A536.09802; Inset 
G1 X14.378 Y-5.842 Z8.000 F720 A536.10871; Inset 
G1 X13.969 Y-6.235 Z8.000 F720 A536.12853; Inset 
G1 X13.711 Y-6.750 Z8.000 F720 A536.14865; Inset 
G1 X13.640 Y-7.312 Z8.000 F720 A536.16847; Inset 
G1 X13.680 Y-7.615 Z8.000 F720 A536.17915; Inset 
G1 X13.889 Y-8.133 Z8.000 F720 A536.19867; Inset 
G1 X14.071 Y-8.378 Z8.000 F720 A536.20935; Inset 
G1 X14.513 Y-8.734 Z8.000 F720 A536.22917; Inset 
G1 X14.513 Y-8.734 Z8.000 F1500 A534.92917; Retract 
G1 X14.513 Y-8.734 Z8.000 F3000; Retract 
G1 X13.908 Y-9.174 Z8.000 F9000; Travel Move 
G1 X13.908 Y-9.174 Z8.000 F1500 A536.22917; Restart 
G1 X13.665 Y-8.942 Z8.000 F720 A536.24091; Inset 
G1 X13.428 Y-8.631 Z8.000 F720 A536.25457; Inset 
G1 X13.248 Y-8.286 Z8.000 F720 A536.26820; Inset 
G1 X13.129 Y-7.914 Z8.000 F720 A536.28183; Inset 
G1 X13.075 Y-7.530 Z8.000 F720 A536.29542; Inset 
G1 X13.093 Y-7.086 Z8.000 F720 A536.31094; Inset 
G1 X13.178 Y-6.707 Z8.000 F720 A536.32452; Inset 
G1 X13.327 Y-6.346 Z8.000 F720 A536.33819; Inset 
G1 X13.503 Y-6.059 Z8.000 F720 A536.34993; Inset 
G1 X13.756 Y-5.763 Z8.000 F720 A536.36355; Inset 
G1 X14.101 Y-5.484 Z8.000 F720 A536.37907; Inset 
G1 X14.442 Y-5.298 Z8.000 F720 A536.39266; Inset 
G1 X14.812 Y-5.171 Z8.000 F720 A536.40632; Inset 
G1 X15.170 Y-5.110 Z8.000 F720 A536.41900; Inset 
G1 X15.560 Y-5.109 Z8.000 F720 A536.43265; Inset 
G1 X15.917 Y-5.169 Z8.000 F720 A536.44530; Inset 
G1 X16.337 Y-5.316 Z8.000 F720 A536.46085; Inset 
G1 X16.674 Y-5.509 Z8.000 F720 A536.47443; Inset 
G1 X16.975 Y-5.756 Z8.000 F720 A536.48806; Inset 
G1 X17.230 Y-6.051 Z8.000 F720 A536.50169; Inset 
G1 X17.432 Y-6.386 Z8.000 F720 A536.51536; Inset 
G1 X17.557 Y-6.696 Z8.000 F720 A536.52705; Inset 
G1 X17.652 Y-7.131 Z8.000 F720 A536.54261; Inset 
G1 X17.664 Y-7.521 Z8.000 F720 A536.55624; Inset 
G1 X17.622 Y-7.854 Z8.000 F720 A536.56798; Inset 
G1 X17.513 Y-8.229 Z8.000 F720 A536.58165; Inset 
G1 X17.342 Y-8.580 Z8.000 F720 A536.59527; Inset 
G1 X17.115 Y-8.895 Z8.000 F720 A536.60886; Inset 
M73 P71; Update Progress 
G1 X16.795 Y-9.203 Z8.000 F720 A536.62438; Inset 
G1 X16.471 Y-9.417 Z8.000 F720 A536.63796; Inset 
G1 X16.114 Y-9.575 Z8.000 F720 A536.65159; Inset 
G1 X15.736 Y-9.669 Z8.000 F720 A536.66522; Inset 
G1 X15.346 Y-9.699 Z8.000 F720 A536.67889; Inset 
G1 X15.012 Y-9.671 Z8.000 F720 A536.69062; Inset 
G1 X14.633 Y-9.578 Z8.000 F720 A536.70425; Inset 
G1 X14.229 Y-9.396 Z8.000 F720 A536.71977; Inset 
G1 X13.908 Y-9.174 Z8.000 F720 A536.73339; Inset 
G1 X13.908 Y-9.174 Z8.000 F1500 A535.43339; Retract 
G1 X13.908 Y-9.174 Z8.000 F3000; Retract 
G1 X17.533 Y-23.061 Z8.000 F9000; Travel Move 
G1 X17.533 Y-23.061 Z8.000 F1500 A536.73339; Restart 
G1 X17.408 Y-22.918 Z8.000 F1620 A536.74005; Inset 
G1 X17.365 Y-22.678 Z8.000 F1620 A536.74856; Inset 
G1 X18.054 Y-14.758 Z8.000 F1620 A537.02651; Inset 
G1 X18.127 Y-14.552 Z8.000 F1620 A537.03415; Inset 
G1 X18.215 Y-14.457 Z8.000 F1620 A537.03865; Inset 
G1 X18.329 Y-14.396 Z8.000 F1620 A537.04316; Inset 
G1 X18.456 Y-14.376 Z8.000 F1620 A537.04767; Inset 
G1 X18.608 Y-14.402 Z8.000 F1620 A537.05306; Inset 
G1 X18.740 Y-14.500 Z8.000 F1620 A537.05882; Inset 
G1 X18.821 Y-14.630 Z8.000 F1620 A537.06418; Inset 
G1 X18.851 Y-14.822 Z8.000 F1620 A537.07096; Inset 
G1 X18.162 Y-22.747 Z8.000 F1620 A537.34907; Inset 
G1 X18.078 Y-22.976 Z8.000 F1620 A537.35759; Inset 
G1 X17.946 Y-23.083 Z8.000 F1620 A537.36351; Inset 
G1 X17.823 Y-23.124 Z8.000 F1620 A537.36806; Inset 
G1 X17.701 Y-23.124 Z8.000 F1620 A537.37234; Inset 
G1 X17.533 Y-23.061 Z8.000 F1620 A537.37861; Inset 
G1 X17.533 Y-23.061 Z8.000 F1500 A536.07861; Retract 
G1 X17.533 Y-23.061 Z8.000 F3000; Retract 
G1 X17.270 Y-23.367 Z8.000 F9000; Travel Move 
G1 X17.270 Y-23.367 Z8.000 F1500 A537.37861; Restart 
G1 X17.087 Y-23.165 Z8.000 F720 A537.38816; Inset 
G1 X17.032 Y-23.063 Z8.000 F720 A537.39220; Inset 
G1 X16.964 Y-22.792 Z8.000 F720 A537.40197; Inset 
G1 X16.965 Y-22.660 Z8.000 F720 A537.40658; Inset 
G1 X17.657 Y-14.706 Z8.000 F720 A537.68569; Inset 
G1 X17.679 Y-14.576 Z8.000 F720 A537.69029; Inset 
G1 X17.789 Y-14.329 Z8.000 F720 A537.69977; Inset 
G1 X17.967 Y-14.136 Z8.000 F720 A537.70894; Inset 
G1 X18.199 Y-14.012 Z8.000 F720 A537.71811; Inset 
G1 X18.458 Y-13.970 Z8.000 F720 A537.72729; Inset 
G1 X18.725 Y-14.016 Z8.000 F720 A537.73676; Inset 
G1 X18.830 Y-14.063 Z8.000 F720 A537.74079; Inset 
G1 X19.042 Y-14.229 Z8.000 F720 A537.75021; Inset 
G1 X19.196 Y-14.475 Z8.000 F720 A537.76037; Inset 
G1 X19.251 Y-14.841 Z8.000 F720 A537.77328; Inset 
G1 X18.559 Y-22.799 Z8.000 F720 A538.05254; Inset 
G1 X18.537 Y-22.929 Z8.000 F720 A538.05715; Inset 
G1 X18.424 Y-23.184 Z8.000 F720 A538.06691; Inset 
G1 X18.352 Y-23.275 Z8.000 F720 A538.07095; Inset 
G1 X18.138 Y-23.440 Z8.000 F720 A538.08042; Inset 
G1 X17.889 Y-23.524 Z8.000 F720 A538.08961; Inset 
G1 X17.634 Y-23.524 Z8.000 F720 A538.09852; Inset 
G1 X17.371 Y-23.434 Z8.000 F720 A538.10823; Inset 
G1 X17.270 Y-23.367 Z8.000 F720 A538.11247; Inset 
; Chunk 80 
; Lower Position  8 
; Upper Position  8.2 
; Thickness       0.2 
; Width           0.4 
G1 X17.270 Y-23.367 Z8.000 F1500 A536.81247; Retract 
G1 X17.270 Y-23.367 Z8.000 F3000; Retract 
G1 X17.270 Y-23.367 Z8.200 F1380; Travel Move 
G1 X17.533 Y-23.062 Z8.200 F9000; Travel Move 
G1 X17.533 Y-23.062 Z8.200 F1500 A538.11247; Restart 
G1 X17.408 Y-22.918 Z8.200 F1620 A538.11913; Inset 
G1 X17.365 Y-22.678 Z8.200 F1620 A538.12765; Inset 
G1 X18.054 Y-14.758 Z8.200 F1620 A538.40560; Inset 
G1 X18.127 Y-14.552 Z8.200 F1620 A538.41323; Inset 
G1 X18.215 Y-14.457 Z8.200 F1620 A538.41774; Inset 
G1 X18.329 Y-14.396 Z8.200 F1620 A538.42225; Inset 
G1 X18.456 Y-14.376 Z8.200 F1620 A538.42676; Inset 
G1 X18.608 Y-14.402 Z8.200 F1620 A538.43215; Inset 
G1 X18.740 Y-14.501 Z8.200 F1620 A538.43791; Inset 
G1 X18.821 Y-14.629 Z8.200 F1620 A538.44323; Inset 
G1 X18.851 Y-14.822 Z8.200 F1620 A538.45006; Inset 
G1 X18.162 Y-22.747 Z8.200 F1620 A538.72816; Inset 
G1 X18.078 Y-22.976 Z8.200 F1620 A538.73668; Inset 
G1 X17.946 Y-23.083 Z8.200 F1620 A538.74260; Inset 
G1 X17.823 Y-23.124 Z8.200 F1620 A538.74715; Inset 
G1 X17.700 Y-23.124 Z8.200 F1620 A538.75144; Inset 
G1 X17.533 Y-23.062 Z8.200 F1620 A538.75768; Inset 
G1 X17.533 Y-23.062 Z8.200 F1500 A537.45768; Retract 
G1 X17.533 Y-23.062 Z8.200 F3000; Retract 
G1 X17.270 Y-23.367 Z8.200 F9000; Travel Move 
G1 X17.270 Y-23.367 Z8.200 F1500 A538.75768; Restart 
G1 X17.087 Y-23.165 Z8.200 F720 A538.76725; Inset 
G1 X17.032 Y-23.063 Z8.200 F720 A538.77129; Inset 
G1 X16.964 Y-22.792 Z8.200 F720 A538.78106; Inset 
G1 X16.965 Y-22.660 Z8.200 F720 A538.78567; Inset 
G1 X17.657 Y-14.706 Z8.200 F720 A539.06478; Inset 
M73 P72; Update Progress 
G1 X17.679 Y-14.576 Z8.200 F720 A539.06938; Inset 
G1 X17.789 Y-14.329 Z8.200 F720 A539.07886; Inset 
G1 X17.967 Y-14.136 Z8.200 F720 A539.08803; Inset 
G1 X18.199 Y-14.012 Z8.200 F720 A539.09720; Inset 
G1 X18.458 Y-13.970 Z8.200 F720 A539.10638; Inset 
G1 X18.725 Y-14.016 Z8.200 F720 A539.11585; Inset 
G1 X18.830 Y-14.063 Z8.200 F720 A539.11988; Inset 
G1 X19.042 Y-14.229 Z8.200 F720 A539.12930; Inset 
G1 X19.195 Y-14.474 Z8.200 F720 A539.13941; Inset 
G1 X19.251 Y-14.841 Z8.200 F720 A539.15238; Inset 
G1 X18.559 Y-22.799 Z8.200 F720 A539.43163; Inset 
G1 X18.537 Y-22.929 Z8.200 F720 A539.43624; Inset 
G1 X18.424 Y-23.184 Z8.200 F720 A539.44600; Inset 
G1 X18.352 Y-23.275 Z8.200 F720 A539.45004; Inset 
G1 X18.138 Y-23.440 Z8.200 F720 A539.45950; Inset 
G1 X17.889 Y-23.524 Z8.200 F720 A539.46869; Inset 
G1 X17.634 Y-23.524 Z8.200 F720 A539.47762; Inset 
G1 X17.371 Y-23.434 Z8.200 F720 A539.48732; Inset 
G1 X17.270 Y-23.367 Z8.200 F720 A539.49155; Inset 
G1 X17.270 Y-23.367 Z8.200 F1500 A538.19155; Retract 
G1 X17.270 Y-23.367 Z8.200 F3000; Retract 
G1 X14.513 Y-8.734 Z8.200 F9000; Travel Move 
G1 X14.513 Y-8.734 Z8.200 F1500 A539.49155; Restart 
G1 X15.048 Y-8.921 Z8.200 F720 A539.51137; Inset 
G1 X15.352 Y-8.947 Z8.200 F720 A539.52205; Inset 
G1 X15.911 Y-8.850 Z8.200 F720 A539.54187; Inset 
G1 X16.413 Y-8.568 Z8.200 F720 A539.56199; Inset 
G1 X16.792 Y-8.135 Z8.200 F720 A539.58212; Inset 
G1 X17.006 Y-7.601 Z8.200 F720 A539.60224; Inset 
G1 X17.029 Y-7.026 Z8.200 F720 A539.62236; Inset 
G1 X16.860 Y-6.476 Z8.200 F720 A539.64248; Inset 
G1 X16.517 Y-6.014 Z8.200 F720 A539.66261; Inset 
G1 X16.039 Y-5.692 Z8.200 F720 A539.68273; Inset 
G1 X15.490 Y-5.550 Z8.200 F720 A539.70255; Inset 
G1 X15.184 Y-5.551 Z8.200 F720 A539.71323; Inset 
G1 X14.645 Y-5.693 Z8.200 F720 A539.73275; Inset 
G1 X14.378 Y-5.842 Z8.200 F720 A539.74343; Inset 
G1 X13.969 Y-6.235 Z8.200 F720 A539.76325; Inset 
G1 X13.711 Y-6.750 Z8.200 F720 A539.78338; Inset 
G1 X13.640 Y-7.312 Z8.200 F720 A539.80320; Inset 
G1 X13.680 Y-7.615 Z8.200 F720 A539.81388; Inset 
G1 X13.889 Y-8.133 Z8.200 F720 A539.83340; Inset 
G1 X14.071 Y-8.378 Z8.200 F720 A539.84408; Inset 
G1 X14.513 Y-8.734 Z8.200 F720 A539.86390; Inset 
G1 X14.513 Y-8.734 Z8.200 F1500 A538.56390; Retract 
G1 X14.513 Y-8.734 Z8.200 F3000; Retract 
G1 X13.903 Y-9.170 Z8.200 F9000; Travel Move 
G1 X13.903 Y-9.170 Z8.200 F1500 A539.86390; Restart 
G1 X13.669 Y-8.947 Z8.200 F720 A539.87522; Inset 
G1 X13.432 Y-8.636 Z8.200 F720 A539.88889; Inset 
G1 X13.251 Y-8.291 Z8.200 F720 A539.90252; Inset 
G1 X13.131 Y-7.920 Z8.200 F720 A539.91614; Inset 
G1 X13.075 Y-7.536 Z8.200 F720 A539.92972; Inset 
G1 X13.094 Y-7.080 Z8.200 F720 A539.94566; Inset 
G1 X13.180 Y-6.702 Z8.200 F720 A539.95923; Inset 
G1 X13.330 Y-6.340 Z8.200 F720 A539.97291; Inset 
G1 X13.499 Y-6.064 Z8.200 F720 A539.98422; Inset 
G1 X13.752 Y-5.768 Z8.200 F720 A539.99785; Inset 
G1 X14.106 Y-5.481 Z8.200 F720 A540.01378; Inset 
G1 X14.448 Y-5.295 Z8.200 F720 A540.02736; Inset 
G1 X14.818 Y-5.170 Z8.200 F720 A540.04102; Inset 
G1 X15.170 Y-5.110 Z8.200 F720 A540.05350; Inset 
G1 X15.560 Y-5.109 Z8.200 F720 A540.06716; Inset 
G1 X15.911 Y-5.167 Z8.200 F720 A540.07959; Inset 
G1 X16.342 Y-5.319 Z8.200 F720 A540.09555; Inset 
G1 X16.679 Y-5.512 Z8.200 F720 A540.10913; Inset 
G1 X16.979 Y-5.761 Z8.200 F720 A540.12276; Inset 
G1 X17.233 Y-6.056 Z8.200 F720 A540.13639; Inset 
G1 X17.434 Y-6.392 Z8.200 F720 A540.15006; Inset 
G1 X17.555 Y-6.690 Z8.200 F720 A540.16133; Inset 
G1 X17.652 Y-7.137 Z8.200 F720 A540.17731; Inset 
G1 X17.664 Y-7.527 Z8.200 F720 A540.19094; Inset 
G1 X17.623 Y-7.848 Z8.200 F720 A540.20225; Inset 
G1 X17.515 Y-8.224 Z8.200 F720 A540.21593; Inset 
G1 X17.345 Y-8.574 Z8.200 F720 A540.22956; Inset 
G1 X17.119 Y-8.890 Z8.200 F720 A540.24313; Inset 
G1 X16.790 Y-9.206 Z8.200 F720 A540.25907; Inset 
G1 X16.466 Y-9.420 Z8.200 F720 A540.27264; Inset 
G1 X16.109 Y-9.576 Z8.200 F720 A540.28627; Inset 
G1 X15.731 Y-9.670 Z8.200 F720 A540.29990; Inset 
G1 X15.340 Y-9.699 Z8.200 F720 A540.31357; Inset 
G1 X15.018 Y-9.672 Z8.200 F720 A540.32489; Inset 
G1 X14.639 Y-9.579 Z8.200 F720 A540.33852; Inset 
G1 X14.224 Y-9.392 Z8.200 F720 A540.35445; Inset 
G1 X13.903 Y-9.170 Z8.200 F720 A540.36808; Inset 
; Chunk 81 
; Lower Position  8 
; Upper Position  8.2 
; Thickness       0.2 
; Width           0.4 
G1 X13.903 Y-9.170 Z8.200 F1500 A539.06808; Retract 
G1 X13.903 Y-9.170 Z8.200 F3000; Retract 
G1 X14.672 Y-8.062 Z8.200 F9000; Travel Move 
G1 X14.672 Y-8.062 Z8.200 F1500 A540.36808; Restart 
G1 X14.672 Y-6.446 Z8.200 F1620 A540.42456; Support 
; Chunk 82 
; Lower Position  8.2 
; Upper Position  8.4 
; Thickness       0.2 
; Width           0.4 
G1 X14.672 Y-6.446 Z8.200 F1500 A539.12456; Retract 
G1 X14.672 Y-6.446 Z8.200 F3000; Retract 
G1 X14.672 Y-6.446 Z8.400 F1380; Travel Move 
G1 X14.672 Y-6.446 Z8.400 F1500 A540.42456; Restart 
G1 X14.672 Y-8.062 Z8.400 F1620 A540.48105; Support 
; Chunk 83 
; Lower Position  8.2 
; Upper Position  8.4 
; Thickness       0.2 
; Width           0.4 
G1 X14.672 Y-8.062 Z8.400 F1500 A539.18105; Retract 
G1 X14.672 Y-8.062 Z8.400 F3000; Retract 
G1 X14.513 Y-8.734 Z8.400 F9000; Travel Move 
G1 X14.513 Y-8.734 Z8.400 F1500 A540.48105; Restart 
G1 X15.048 Y-8.921 Z8.400 F720 A540.50087; Inset 
G1 X15.352 Y-8.947 Z8.400 F720 A540.51155; Inset 
G1 X15.911 Y-8.850 Z8.400 F720 A540.53138; Inset 
G1 X16.413 Y-8.568 Z8.400 F720 A540.55150; Inset 
G1 X16.792 Y-8.135 Z8.400 F720 A540.57162; Inset 
G1 X17.006 Y-7.601 Z8.400 F720 A540.59174; Inset 
G1 X17.029 Y-7.026 Z8.400 F720 A540.61186; Inset 
G1 X16.860 Y-6.476 Z8.400 F720 A540.63199; Inset 
G1 X16.517 Y-6.014 Z8.400 F720 A540.65211; Inset 
G1 X16.039 Y-5.692 Z8.400 F720 A540.67223; Inset 
G1 X15.490 Y-5.550 Z8.400 F720 A540.69205; Inset 
G1 X15.184 Y-5.551 Z8.400 F720 A540.70274; Inset 
G1 X14.645 Y-5.693 Z8.400 F720 A540.72225; Inset 
G1 X14.378 Y-5.842 Z8.400 F720 A540.73294; Inset 
G1 X13.969 Y-6.235 Z8.400 F720 A540.75276; Inset 
M73 P73; Update Progress 
G1 X13.711 Y-6.750 Z8.400 F720 A540.77288; Inset 
G1 X13.640 Y-7.312 Z8.400 F720 A540.79270; Inset 
G1 X13.680 Y-7.615 Z8.400 F720 A540.80338; Inset 
G1 X13.889 Y-8.133 Z8.400 F720 A540.82290; Inset 
G1 X14.071 Y-8.378 Z8.400 F720 A540.83358; Inset 
G1 X14.513 Y-8.734 Z8.400 F720 A540.85340; Inset 
G1 X14.513 Y-8.734 Z8.400 F1500 A539.55340; Retract 
G1 X14.513 Y-8.734 Z8.400 F3000; Retract 
G1 X13.899 Y-9.166 Z8.400 F9000; Travel Move 
G1 X13.899 Y-9.166 Z8.400 F1500 A540.85340; Restart 
G1 X13.673 Y-8.951 Z8.400 F720 A540.86430; Inset 
G1 X13.435 Y-8.641 Z8.400 F720 A540.87798; Inset 
G1 X13.253 Y-8.296 Z8.400 F720 A540.89161; Inset 
G1 X13.132 Y-7.926 Z8.400 F720 A540.90523; Inset 
G1 X13.076 Y-7.542 Z8.400 F720 A540.91880; Inset 
G1 X13.095 Y-7.074 Z8.400 F720 A540.93515; Inset 
G1 X13.182 Y-6.696 Z8.400 F720 A540.94872; Inset 
G1 X13.333 Y-6.335 Z8.400 F720 A540.96240; Inset 
G1 X13.496 Y-6.069 Z8.400 F720 A540.97330; Inset 
G1 X13.748 Y-5.772 Z8.400 F720 A540.98692; Inset 
G1 X14.112 Y-5.478 Z8.400 F720 A541.00328; Inset 
G1 X14.453 Y-5.293 Z8.400 F720 A541.01684; Inset 
G1 X14.824 Y-5.168 Z8.400 F720 A541.03051; Inset 
G1 X15.169 Y-5.110 Z8.400 F720 A541.04277; Inset 
G1 X15.560 Y-5.109 Z8.400 F720 A541.05644; Inset 
G1 X15.905 Y-5.166 Z8.400 F720 A541.06865; Inset 
G1 X16.347 Y-5.321 Z8.400 F720 A541.08504; Inset 
G1 X16.683 Y-5.516 Z8.400 F720 A541.09861; Inset 
G1 X16.983 Y-5.765 Z8.400 F720 A541.11223; Inset 
G1 X17.236 Y-6.061 Z8.400 F720 A541.12586; Inset 
G1 X17.437 Y-6.397 Z8.400 F720 A541.13954; Inset 
G1 X17.553 Y-6.684 Z8.400 F720 A541.15038; Inset 
G1 X17.653 Y-7.143 Z8.400 F720 A541.16679; Inset 
G1 X17.663 Y-7.533 Z8.400 F720 A541.18041; Inset 
G1 X17.624 Y-7.842 Z8.400 F720 A541.19131; Inset 
G1 X17.517 Y-8.218 Z8.400 F720 A541.20499; Inset 
G1 X17.348 Y-8.569 Z8.400 F720 A541.21862; Inset 
G1 X17.123 Y-8.886 Z8.400 F720 A541.23218; Inset 
G1 X16.786 Y-9.210 Z8.400 F720 A541.24854; Inset 
G1 X16.461 Y-9.423 Z8.400 F720 A541.26211; Inset 
G1 X16.103 Y-9.578 Z8.400 F720 A541.27573; Inset 
G1 X15.725 Y-9.671 Z8.400 F720 A541.28936; Inset 
G1 X15.334 Y-9.698 Z8.400 F720 A541.30304; Inset 
G1 X15.024 Y-9.672 Z8.400 F720 A541.31393; Inset 
G1 X14.645 Y-9.581 Z8.400 F720 A541.32756; Inset 
G1 X14.218 Y-9.389 Z8.400 F720 A541.34391; Inset 
G1 X13.899 Y-9.166 Z8.400 F720 A541.35754; Inset 
G1 X13.899 Y-9.166 Z8.400 F1500 A540.05754; Retract 
G1 X13.899 Y-9.166 Z8.400 F3000; Retract 
G1 X17.533 Y-23.062 Z8.400 F9000; Travel Move 
G1 X17.533 Y-23.062 Z8.400 F1500 A541.35754; Restart 
G1 X17.408 Y-22.918 Z8.400 F1620 A541.36421; Inset 
G1 X17.365 Y-22.678 Z8.400 F1620 A541.37272; Inset 
G1 X18.054 Y-14.758 Z8.400 F1620 A541.65067; Inset 
G1 X18.127 Y-14.552 Z8.400 F1620 A541.65831; Inset 
G1 X18.215 Y-14.457 Z8.400 F1620 A541.66282; Inset 
G1 X18.329 Y-14.396 Z8.400 F1620 A541.66732; Inset 
G1 X18.456 Y-14.376 Z8.400 F1620 A541.67183; Inset 
G1 X18.608 Y-14.402 Z8.400 F1620 A541.67722; Inset 
G1 X18.740 Y-14.501 Z8.400 F1620 A541.68300; Inset 
G1 X18.820 Y-14.628 Z8.400 F1620 A541.68826; Inset 
G1 X18.851 Y-14.823 Z8.400 F1620 A541.69514; Inset 
G1 X18.162 Y-22.747 Z8.400 F1620 A541.97323; Inset 
G1 X18.078 Y-22.976 Z8.400 F1620 A541.98175; Inset 
G1 X17.946 Y-23.083 Z8.400 F1620 A541.98768; Inset 
G1 X17.823 Y-23.124 Z8.400 F1620 A541.99222; Inset 
G1 X17.700 Y-23.124 Z8.400 F1620 A541.99653; Inset 
G1 X17.533 Y-23.062 Z8.400 F1620 A542.00275; Inset 
G1 X17.533 Y-23.062 Z8.400 F1500 A540.70275; Retract 
G1 X17.533 Y-23.062 Z8.400 F3000; Retract 
G1 X17.271 Y-23.368 Z8.400 F9000; Travel Move 
G1 X17.271 Y-23.368 Z8.400 F1500 A542.00275; Restart 
G1 X17.087 Y-23.165 Z8.400 F720 A542.01232; Inset 
G1 X17.032 Y-23.063 Z8.400 F720 A542.01637; Inset 
G1 X16.964 Y-22.792 Z8.400 F720 A542.02613; Inset 
G1 X16.965 Y-22.660 Z8.400 F720 A542.03074; Inset 
G1 X17.657 Y-14.706 Z8.400 F720 A542.30985; Inset 
G1 X17.679 Y-14.576 Z8.400 F720 A542.31446; Inset 
G1 X17.789 Y-14.329 Z8.400 F720 A542.32393; Inset 
G1 X17.967 Y-14.136 Z8.400 F720 A542.33310; Inset 
G1 X18.199 Y-14.012 Z8.400 F720 A542.34228; Inset 
G1 X18.458 Y-13.970 Z8.400 F720 A542.35146; Inset 
G1 X18.725 Y-14.016 Z8.400 F720 A542.36092; Inset 
G1 X18.830 Y-14.063 Z8.400 F720 A542.36496; Inset 
G1 X19.042 Y-14.229 Z8.400 F720 A542.37438; Inset 
G1 X19.195 Y-14.473 Z8.400 F720 A542.38443; Inset 
G1 X19.251 Y-14.841 Z8.400 F720 A542.39746; Inset 
G1 X18.559 Y-22.799 Z8.400 F720 A542.67670; Inset 
G1 X18.537 Y-22.929 Z8.400 F720 A542.68131; Inset 
G1 X18.424 Y-23.184 Z8.400 F720 A542.69108; Inset 
G1 X18.352 Y-23.275 Z8.400 F720 A542.69511; Inset 
G1 X18.138 Y-23.440 Z8.400 F720 A542.70458; Inset 
G1 X17.889 Y-23.524 Z8.400 F720 A542.71377; Inset 
G1 X17.633 Y-23.524 Z8.400 F720 A542.72271; Inset 
G1 X17.371 Y-23.434 Z8.400 F720 A542.73239; Inset 
G1 X17.271 Y-23.368 Z8.400 F720 A542.73661; Inset 
; Chunk 84 
; Lower Position  8.4 
; Upper Position  8.6 
; Thickness       0.2 
; Width           0.4 
G1 X17.271 Y-23.368 Z8.400 F1500 A541.43661; Retract 
G1 X17.271 Y-23.368 Z8.400 F3000; Retract 
G1 X17.271 Y-23.368 Z8.600 F1380; Travel Move 
G1 X17.534 Y-23.062 Z8.600 F9000; Travel Move 
G1 X17.534 Y-23.062 Z8.600 F1500 A542.73661; Restart 
G1 X17.408 Y-22.918 Z8.600 F1620 A542.74329; Inset 
G1 X17.365 Y-22.678 Z8.600 F1620 A542.75181; Inset 
G1 X18.054 Y-14.758 Z8.600 F1620 A543.02975; Inset 
M73 P74; Update Progress 
G1 X18.127 Y-14.552 Z8.600 F1620 A543.03739; Inset 
G1 X18.215 Y-14.457 Z8.600 F1620 A543.04190; Inset 
G1 X18.329 Y-14.396 Z8.600 F1620 A543.04641; Inset 
G1 X18.456 Y-14.376 Z8.600 F1620 A543.05091; Inset 
G1 X18.608 Y-14.402 Z8.600 F1620 A543.05631; Inset 
G1 X18.740 Y-14.501 Z8.600 F1620 A543.06209; Inset 
G1 X18.820 Y-14.627 Z8.600 F1620 A543.06731; Inset 
G1 X18.851 Y-14.823 Z8.600 F1620 A543.07424; Inset 
G1 X18.162 Y-22.747 Z8.600 F1620 A543.35232; Inset 
G1 X18.078 Y-22.976 Z8.600 F1620 A543.36084; Inset 
G1 X17.946 Y-23.083 Z8.600 F1620 A543.36676; Inset 
G1 X17.823 Y-23.124 Z8.600 F1620 A543.37130; Inset 
G1 X17.700 Y-23.124 Z8.600 F1620 A543.37562; Inset 
G1 X17.534 Y-23.062 Z8.600 F1620 A543.38183; Inset 
G1 X17.534 Y-23.062 Z8.600 F1500 A542.08183; Retract 
G1 X17.534 Y-23.062 Z8.600 F3000; Retract 
G1 X17.271 Y-23.368 Z8.600 F9000; Travel Move 
G1 X17.271 Y-23.368 Z8.600 F1500 A543.38183; Restart 
G1 X17.087 Y-23.165 Z8.600 F720 A543.39142; Inset 
G1 X17.032 Y-23.063 Z8.600 F720 A543.39546; Inset 
G1 X16.964 Y-22.792 Z8.600 F720 A543.40522; Inset 
G1 X16.965 Y-22.660 Z8.600 F720 A543.40983; Inset 
G1 X17.657 Y-14.706 Z8.600 F720 A543.68894; Inset 
G1 X17.679 Y-14.576 Z8.600 F720 A543.69355; Inset 
G1 X17.789 Y-14.329 Z8.600 F720 A543.70302; Inset 
G1 X17.967 Y-14.136 Z8.600 F720 A543.71219; Inset 
G1 X18.199 Y-14.012 Z8.600 F720 A543.72137; Inset 
G1 X18.458 Y-13.970 Z8.600 F720 A543.73055; Inset 
G1 X18.725 Y-14.016 Z8.600 F720 A543.74001; Inset 
G1 X18.830 Y-14.063 Z8.600 F720 A543.74405; Inset 
G1 X19.042 Y-14.229 Z8.600 F720 A543.75347; Inset 
G1 X19.194 Y-14.471 Z8.600 F720 A543.76346; Inset 
G1 X19.251 Y-14.841 Z8.600 F720 A543.77656; Inset 
G1 X18.559 Y-22.799 Z8.600 F720 A544.05579; Inset 
G1 X18.537 Y-22.929 Z8.600 F720 A544.06040; Inset 
G1 X18.424 Y-23.184 Z8.600 F720 A544.07017; Inset 
G1 X18.352 Y-23.275 Z8.600 F720 A544.07420; Inset 
G1 X18.138 Y-23.440 Z8.600 F720 A544.08367; Inset 
G1 X17.889 Y-23.524 Z8.600 F720 A544.09286; Inset 
G1 X17.633 Y-23.524 Z8.600 F720 A544.10181; Inset 
G1 X17.371 Y-23.434 Z8.600 F720 A544.11148; Inset 
G1 X17.271 Y-23.368 Z8.600 F720 A544.11569; Inset 
G1 X17.271 Y-23.368 Z8.600 F1500 A542.81569; Retract 
G1 X17.271 Y-23.368 Z8.600 F3000; Retract 
G1 X14.513 Y-8.734 Z8.600 F9000; Travel Move 
G1 X14.513 Y-8.734 Z8.600 F1500 A544.11569; Restart 
G1 X15.048 Y-8.921 Z8.600 F720 A544.13551; Inset 
G1 X15.352 Y-8.947 Z8.600 F720 A544.14619; Inset 
G1 X15.911 Y-8.850 Z8.600 F720 A544.16601; Inset 
G1 X16.413 Y-8.568 Z8.600 F720 A544.18613; Inset 
G1 X16.792 Y-8.135 Z8.600 F720 A544.20626; Inset 
G1 X17.006 Y-7.601 Z8.600 F720 A544.22638; Inset 
G1 X17.029 Y-7.026 Z8.600 F720 A544.24650; Inset 
G1 X16.860 Y-6.476 Z8.600 F720 A544.26662; Inset 
G1 X16.517 Y-6.014 Z8.600 F720 A544.28675; Inset 
G1 X16.039 Y-5.692 Z8.600 F720 A544.30687; Inset 
G1 X15.490 Y-5.550 Z8.600 F720 A544.32669; Inset 
G1 X15.184 Y-5.551 Z8.600 F720 A544.33737; Inset 
G1 X14.645 Y-5.693 Z8.600 F720 A544.35689; Inset 
G1 X14.378 Y-5.842 Z8.600 F720 A544.36757; Inset 
G1 X13.969 Y-6.235 Z8.600 F720 A544.38739; Inset 
G1 X13.711 Y-6.750 Z8.600 F720 A544.40751; Inset 
G1 X13.640 Y-7.312 Z8.600 F720 A544.42734; Inset 
G1 X13.680 Y-7.615 Z8.600 F720 A544.43802; Inset 
G1 X13.889 Y-8.133 Z8.600 F720 A544.45754; Inset 
G1 X14.071 Y-8.378 Z8.600 F720 A544.46822; Inset 
G1 X14.513 Y-8.734 Z8.600 F720 A544.48804; Inset 
G1 X14.513 Y-8.734 Z8.600 F1500 A543.18804; Retract 
G1 X14.513 Y-8.734 Z8.600 F3000; Retract 
G1 X13.928 Y-9.192 Z8.600 F9000; Travel Move 
G1 X13.928 Y-9.192 Z8.600 F1500 A544.48804; Restart 
G1 X13.678 Y-8.956 Z8.600 F720 A544.50009; Inset 
G1 X13.413 Y-8.609 Z8.600 F720 A544.51534; Inset 
G1 X13.238 Y-8.263 Z8.600 F720 A544.52888; Inset 
G1 X13.115 Y-7.845 Z8.600 F720 A544.54414; Inset 
G1 X13.072 Y-7.504 Z8.600 F720 A544.55612; Inset 
G1 X13.096 Y-7.068 Z8.600 F720 A544.57139; Inset 
G1 X13.169 Y-6.733 Z8.600 F720 A544.58338; Inset 
G1 X13.336 Y-6.330 Z8.600 F720 A544.59865; Inset 
G1 X13.518 Y-6.037 Z8.600 F720 A544.61070; Inset 
G1 X13.744 Y-5.776 Z8.600 F720 A544.62275; Inset 
G1 X14.079 Y-5.497 Z8.600 F720 A544.63800; Inset 
G1 X14.418 Y-5.307 Z8.600 F720 A544.65159; Inset 
G1 X14.786 Y-5.177 Z8.600 F720 A544.66523; Inset 
G1 X15.170 Y-5.110 Z8.600 F720 A544.67886; Inset 
G1 X15.560 Y-5.109 Z8.600 F720 A544.69249; Inset 
G1 X15.944 Y-5.174 Z8.600 F720 A544.70613; Inset 
G1 X16.313 Y-5.304 Z8.600 F720 A544.71978; Inset 
G1 X16.615 Y-5.469 Z8.600 F720 A544.73181; Inset 
G1 X16.958 Y-5.738 Z8.600 F720 A544.74706; Inset 
G1 X17.214 Y-6.029 Z8.600 F720 A544.76061; Inset 
G1 X17.439 Y-6.403 Z8.600 F720 A544.77586; Inset 
G1 X17.566 Y-6.721 Z8.600 F720 A544.78785; Inset 
G1 X17.653 Y-7.149 Z8.600 F720 A544.80312; Inset 
G1 X17.667 Y-7.493 Z8.600 F720 A544.81515; Inset 
G1 X17.618 Y-7.881 Z8.600 F720 A544.82880; Inset 
M73 P75; Update Progress 
G1 X17.504 Y-8.254 Z8.600 F720 A544.84244; Inset 
G1 X17.329 Y-8.603 Z8.600 F720 A544.85609; Inset 
G1 X17.127 Y-8.881 Z8.600 F720 A544.86812; Inset 
G1 X16.816 Y-9.187 Z8.600 F720 A544.88337; Inset 
G1 X16.495 Y-9.405 Z8.600 F720 A544.89691; Inset 
G1 X16.096 Y-9.580 Z8.600 F720 A544.91217; Inset 
G1 X15.763 Y-9.666 Z8.600 F720 A544.92420; Inset 
G1 X15.373 Y-9.700 Z8.600 F720 A544.93787; Inset 
G1 X15.030 Y-9.673 Z8.600 F720 A544.94990; Inset 
G1 X14.607 Y-9.570 Z8.600 F720 A544.96511; Inset 
G1 X14.213 Y-9.386 Z8.600 F720 A544.98031; Inset 
G1 X13.928 Y-9.192 Z8.600 F720 A544.99236; Inset 
; Chunk 85 
; Lower Position  8.4 
; Upper Position  8.6 
; Thickness       0.2 
; Width           0.4 
G1 X13.928 Y-9.192 Z8.600 F1500 A543.69236; Retract 
G1 X13.928 Y-9.192 Z8.600 F3000; Retract 
G1 X14.672 Y-8.062 Z8.600 F9000; Travel Move 
G1 X14.672 Y-8.062 Z8.600 F1500 A544.99236; Restart 
G1 X14.672 Y-6.446 Z8.600 F1620 A545.04885; Support 
; Chunk 86 
; Lower Position  8.6 
; Upper Position  8.8 
; Thickness       0.2 
; Width           0.4 
G1 X14.672 Y-6.446 Z8.600 F1500 A543.74885; Retract 
G1 X14.672 Y-6.446 Z8.600 F3000; Retract 
G1 X14.672 Y-6.446 Z8.800 F1380; Travel Move 
G1 X14.672 Y-6.446 Z8.800 F9000; Travel Move 
G1 X14.672 Y-6.446 Z8.800 F1500 A545.04885; Restart 
G1 X14.672 Y-8.062 Z8.800 F1620 A545.10534; Support 
; Chunk 87 
; Lower Position  8.6 
; Upper Position  8.8 
; Thickness       0.2 
; Width           0.4 
G1 X14.672 Y-8.062 Z8.800 F1500 A543.80534; Retract 
G1 X14.672 Y-8.062 Z8.800 F3000; Retract 
G1 X14.513 Y-8.734 Z8.800 F9000; Travel Move 
G1 X14.513 Y-8.734 Z8.800 F1500 A545.10534; Restart 
G1 X15.048 Y-8.921 Z8.800 F720 A545.12516; Inset 
G1 X15.352 Y-8.947 Z8.800 F720 A545.13584; Inset 
G1 X15.911 Y-8.850 Z8.800 F720 A545.15566; Inset 
G1 X16.413 Y-8.568 Z8.800 F720 A545.17578; Inset 
G1 X16.792 Y-8.135 Z8.800 F720 A545.19591; Inset 
G1 X17.006 Y-7.601 Z8.800 F720 A545.21603; Inset 
G1 X17.029 Y-7.026 Z8.800 F720 A545.23615; Inset 
G1 X16.860 Y-6.476 Z8.800 F720 A545.25628; Inset 
G1 X16.517 Y-6.014 Z8.800 F720 A545.27640; Inset 
G1 X16.039 Y-5.692 Z8.800 F720 A545.29652; Inset 
G1 X15.490 Y-5.550 Z8.800 F720 A545.31634; Inset 
G1 X15.184 Y-5.551 Z8.800 F720 A545.32702; Inset 
G1 X14.645 Y-5.693 Z8.800 F720 A545.34654; Inset 
G1 X14.378 Y-5.842 Z8.800 F720 A545.35723; Inset 
G1 X13.969 Y-6.235 Z8.800 F720 A545.37705; Inset 
G1 X13.711 Y-6.750 Z8.800 F720 A545.39717; Inset 
G1 X13.640 Y-7.312 Z8.800 F720 A545.41699; Inset 
G1 X13.680 Y-7.615 Z8.800 F720 A545.42767; Inset 
G1 X13.889 Y-8.133 Z8.800 F720 A545.44719; Inset 
G1 X14.071 Y-8.378 Z8.800 F720 A545.45787; Inset 
G1 X14.513 Y-8.734 Z8.800 F720 A545.47769; Inset 
G1 X14.513 Y-8.734 Z8.800 F1500 A544.17769; Retract 
G1 X14.513 Y-8.734 Z8.800 F3000; Retract 
G1 X13.928 Y-9.192 Z8.800 F9000; Travel Move 
G1 X13.928 Y-9.192 Z8.800 F1500 A545.47769; Restart 
G1 X13.682 Y-8.960 Z8.800 F720 A545.48953; Inset 
G1 X13.413 Y-8.609 Z8.800 F720 A545.50499; Inset 
G1 X13.238 Y-8.263 Z8.800 F720 A545.51853; Inset 
G1 X13.114 Y-7.839 Z8.800 F720 A545.53399; Inset 
G1 X13.072 Y-7.505 Z8.800 F720 A545.54576; Inset 
G1 X13.097 Y-7.062 Z8.800 F720 A545.56125; Inset 
G1 X13.169 Y-6.733 Z8.800 F720 A545.57302; Inset 
G1 X13.339 Y-6.324 Z8.800 F720 A545.58851; Inset 
G1 X13.518 Y-6.037 Z8.800 F720 A545.60035; Inset 
G1 X13.740 Y-5.781 Z8.800 F720 A545.61218; Inset 
G1 X14.079 Y-5.497 Z8.800 F720 A545.62765; Inset 
G1 X14.418 Y-5.307 Z8.800 F720 A545.64124; Inset 
G1 X14.786 Y-5.177 Z8.800 F720 A545.65487; Inset 
G1 X15.170 Y-5.110 Z8.800 F720 A545.66850; Inset 
G1 X15.560 Y-5.109 Z8.800 F720 A545.68214; Inset 
G1 X15.944 Y-5.174 Z8.800 F720 A545.69577; Inset 
G1 X16.313 Y-5.304 Z8.800 F720 A545.70943; Inset 
G1 X16.609 Y-5.466 Z8.800 F720 A545.72124; Inset 
G1 X16.958 Y-5.739 Z8.800 F720 A545.73671; Inset 
G1 X17.214 Y-6.029 Z8.800 F720 A545.75024; Inset 
G1 X17.442 Y-6.408 Z8.800 F720 A545.76571; Inset 
G1 X17.566 Y-6.721 Z8.800 F720 A545.77748; Inset 
G1 X17.654 Y-7.155 Z8.800 F720 A545.79297; Inset 
G1 X17.667 Y-7.493 Z8.800 F720 A545.80478; Inset 
G1 X17.618 Y-7.881 Z8.800 F720 A545.81844; Inset 
G1 X17.504 Y-8.254 Z8.800 F720 A545.83208; Inset 
G1 X17.329 Y-8.603 Z8.800 F720 A545.84573; Inset 
G1 X17.130 Y-8.876 Z8.800 F720 A545.85755; Inset 
G1 X16.816 Y-9.187 Z8.800 F720 A545.87301; Inset 
G1 X16.496 Y-9.405 Z8.800 F720 A545.88655; Inset 
G1 X16.090 Y-9.582 Z8.800 F720 A545.90202; Inset 
G1 X15.763 Y-9.666 Z8.800 F720 A545.91383; Inset 
G1 X15.373 Y-9.700 Z8.800 F720 A545.92751; Inset 
G1 X15.036 Y-9.674 Z8.800 F720 A545.93933; Inset 
G1 X14.607 Y-9.570 Z8.800 F720 A545.95474; Inset 
G1 X14.208 Y-9.383 Z8.800 F720 A545.97016; Inset 
G1 X13.928 Y-9.192 Z8.800 F720 A545.98200; Inset 
G1 X13.928 Y-9.192 Z8.800 F1500 A544.68200; Retract 
G1 X13.928 Y-9.192 Z8.800 F3000; Retract 
G1 X17.534 Y-23.062 Z8.800 F9000; Travel Move 
G1 X17.534 Y-23.062 Z8.800 F1500 A545.98200; Restart 
G1 X17.408 Y-22.918 Z8.800 F1620 A545.98869; Inset 
G1 X17.365 Y-22.678 Z8.800 F1620 A545.99720; Inset 
G1 X18.054 Y-14.758 Z8.800 F1620 A546.27515; Inset 
G1 X18.127 Y-14.552 Z8.800 F1620 A546.28279; Inset 
G1 X18.215 Y-14.457 Z8.800 F1620 A546.28730; Inset 
G1 X18.329 Y-14.396 Z8.800 F1620 A546.29180; Inset 
G1 X18.456 Y-14.376 Z8.800 F1620 A546.29631; Inset 
G1 X18.608 Y-14.402 Z8.800 F1620 A546.30170; Inset 
G1 X18.741 Y-14.501 Z8.800 F1620 A546.30750; Inset 
G1 X18.819 Y-14.626 Z8.800 F1620 A546.31266; Inset 
G1 X18.851 Y-14.823 Z8.800 F1620 A546.31965; Inset 
G1 X18.162 Y-22.747 Z8.800 F1620 A546.59772; Inset 
G1 X18.078 Y-22.976 Z8.800 F1620 A546.60624; Inset 
G1 X17.946 Y-23.083 Z8.800 F1620 A546.61216; Inset 
G1 X17.823 Y-23.124 Z8.800 F1620 A546.61670; Inset 
G1 X17.699 Y-23.124 Z8.800 F1620 A546.62103; Inset 
G1 X17.534 Y-23.062 Z8.800 F1620 A546.62722; Inset 
G1 X17.534 Y-23.062 Z8.800 F1500 A545.32722; Retract 
G1 X17.534 Y-23.062 Z8.800 F3000; Retract 
G1 X17.271 Y-23.368 Z8.800 F9000; Travel Move 
G1 X17.271 Y-23.368 Z8.800 F1500 A546.62722; Restart 
G1 X17.087 Y-23.165 Z8.800 F720 A546.63682; Inset 
G1 X17.032 Y-23.063 Z8.800 F720 A546.64086; Inset 
G1 X16.964 Y-22.792 Z8.800 F720 A546.65062; Inset 
G1 X16.965 Y-22.660 Z8.800 F720 A546.65523; Inset 
G1 X17.657 Y-14.706 Z8.800 F720 A546.93434; Inset 
M73 P76; Update Progress 
G1 X17.679 Y-14.576 Z8.800 F720 A546.93895; Inset 
G1 X17.789 Y-14.329 Z8.800 F720 A546.94842; Inset 
G1 X17.967 Y-14.136 Z8.800 F720 A546.95759; Inset 
G1 X18.199 Y-14.012 Z8.800 F720 A546.96677; Inset 
G1 X18.458 Y-13.970 Z8.800 F720 A546.97595; Inset 
G1 X18.725 Y-14.016 Z8.800 F720 A546.98542; Inset 
G1 X18.830 Y-14.063 Z8.800 F720 A546.98945; Inset 
G1 X19.042 Y-14.229 Z8.800 F720 A546.99887; Inset 
G1 X19.194 Y-14.469 Z8.800 F720 A547.00880; Inset 
G1 X19.252 Y-14.717 Z8.800 F720 A547.01770; Inset 
G1 X19.251 Y-14.842 Z8.800 F720 A547.02205; Inset 
G1 X18.559 Y-22.799 Z8.800 F720 A547.30127; Inset 
G1 X18.537 Y-22.929 Z8.800 F720 A547.30588; Inset 
G1 X18.424 Y-23.184 Z8.800 F720 A547.31565; Inset 
G1 X18.352 Y-23.275 Z8.800 F720 A547.31968; Inset 
G1 X18.138 Y-23.440 Z8.800 F720 A547.32915; Inset 
G1 X17.889 Y-23.524 Z8.800 F720 A547.33834; Inset 
G1 X17.632 Y-23.524 Z8.800 F720 A547.34731; Inset 
G1 X17.371 Y-23.434 Z8.800 F720 A547.35697; Inset 
G1 X17.271 Y-23.368 Z8.800 F720 A547.36116; Inset 
; Chunk 88 
; Lower Position  8.8 
; Upper Position  9 
; Thickness       0.2 
; Width           0.4 
G1 X17.271 Y-23.368 Z8.800 F1500 A546.06116; Retract 
G1 X17.271 Y-23.368 Z8.800 F3000; Retract 
G1 X17.271 Y-23.368 Z9.000 F1380; Travel Move 
G1 X17.534 Y-23.062 Z9.000 F9000; Travel Move 
G1 X17.534 Y-23.062 Z9.000 F1500 A547.36116; Restart 
G1 X17.408 Y-22.918 Z9.000 F1620 A547.36785; Inset 
G1 X17.365 Y-22.678 Z9.000 F1620 A547.37637; Inset 
G1 X18.054 Y-14.758 Z9.000 F1620 A547.65432; Inset 
G1 X18.127 Y-14.552 Z9.000 F1620 A547.66195; Inset 
G1 X18.215 Y-14.457 Z9.000 F1620 A547.66646; Inset 
G1 X18.329 Y-14.396 Z9.000 F1620 A547.67097; Inset 
G1 X18.456 Y-14.376 Z9.000 F1620 A547.67548; Inset 
G1 X18.608 Y-14.402 Z9.000 F1620 A547.68087; Inset 
G1 X18.741 Y-14.501 Z9.000 F1620 A547.68667; Inset 
G1 X18.819 Y-14.625 Z9.000 F1620 A547.69178; Inset 
G1 X18.851 Y-14.824 Z9.000 F1620 A547.69882; Inset 
G1 X18.162 Y-22.747 Z9.000 F1620 A547.97688; Inset 
G1 X18.078 Y-22.976 Z9.000 F1620 A547.98540; Inset 
G1 X17.946 Y-23.083 Z9.000 F1620 A547.99132; Inset 
G1 X17.823 Y-23.124 Z9.000 F1620 A547.99586; Inset 
G1 X17.699 Y-23.124 Z9.000 F1620 A548.00021; Inset 
G1 X17.534 Y-23.062 Z9.000 F1620 A548.00637; Inset 
G1 X17.534 Y-23.062 Z9.000 F1500 A546.70637; Retract 
G1 X17.534 Y-23.062 Z9.000 F3000; Retract 
G1 X17.272 Y-23.368 Z9.000 F9000; Travel Move 
G1 X17.272 Y-23.368 Z9.000 F1500 A548.00637; Restart 
G1 X17.087 Y-23.165 Z9.000 F720 A548.01598; Inset 
G1 X17.032 Y-23.063 Z9.000 F720 A548.02002; Inset 
G1 X16.964 Y-22.792 Z9.000 F720 A548.02979; Inset 
G1 X16.965 Y-22.660 Z9.000 F720 A548.03440; Inset 
G1 X17.657 Y-14.706 Z9.000 F720 A548.31351; Inset 
G1 X17.679 Y-14.576 Z9.000 F720 A548.31812; Inset 
G1 X17.789 Y-14.329 Z9.000 F720 A548.32759; Inset 
G1 X17.967 Y-14.136 Z9.000 F720 A548.33676; Inset 
G1 X18.199 Y-14.012 Z9.000 F720 A548.34594; Inset 
G1 X18.458 Y-13.970 Z9.000 F720 A548.35511; Inset 
G1 X18.725 Y-14.016 Z9.000 F720 A548.36458; Inset 
G1 X18.830 Y-14.063 Z9.000 F720 A548.36861; Inset 
G1 X19.042 Y-14.229 Z9.000 F720 A548.37804; Inset 
G1 X19.193 Y-14.468 Z9.000 F720 A548.38791; Inset 
G1 X19.252 Y-14.717 Z9.000 F720 A548.39685; Inset 
G1 X19.251 Y-14.842 Z9.000 F720 A548.40123; Inset 
G1 X18.559 Y-22.799 Z9.000 F720 A548.68044; Inset 
G1 X18.537 Y-22.929 Z9.000 F720 A548.68505; Inset 
G1 X18.424 Y-23.184 Z9.000 F720 A548.69481; Inset 
G1 X18.352 Y-23.275 Z9.000 F720 A548.69885; Inset 
G1 X18.138 Y-23.440 Z9.000 F720 A548.70832; Inset 
G1 X17.889 Y-23.524 Z9.000 F720 A548.71750; Inset 
G1 X17.632 Y-23.524 Z9.000 F720 A548.72649; Inset 
G1 X17.371 Y-23.434 Z9.000 F720 A548.73613; Inset 
G1 X17.272 Y-23.368 Z9.000 F720 A548.74031; Inset 
G1 X17.272 Y-23.368 Z9.000 F1500 A547.44031; Retract 
G1 X17.272 Y-23.368 Z9.000 F3000; Retract 
G1 X14.513 Y-8.734 Z9.000 F9000; Travel Move 
G1 X14.513 Y-8.734 Z9.000 F1500 A548.74031; Restart 
G1 X15.048 Y-8.921 Z9.000 F720 A548.76013; Inset 
G1 X15.352 Y-8.947 Z9.000 F720 A548.77081; Inset 
G1 X15.911 Y-8.850 Z9.000 F720 A548.79064; Inset 
G1 X16.413 Y-8.568 Z9.000 F720 A548.81076; Inset 
G1 X16.792 Y-8.135 Z9.000 F720 A548.83088; Inset 
G1 X17.006 Y-7.601 Z9.000 F720 A548.85100; Inset 
G1 X17.029 Y-7.026 Z9.000 F720 A548.87113; Inset 
G1 X16.860 Y-6.476 Z9.000 F720 A548.89125; Inset 
G1 X16.517 Y-6.014 Z9.000 F720 A548.91137; Inset 
G1 X16.039 Y-5.692 Z9.000 F720 A548.93149; Inset 
G1 X15.490 Y-5.550 Z9.000 F720 A548.95131; Inset 
G1 X15.184 Y-5.551 Z9.000 F720 A548.96200; Inset 
G1 X14.645 Y-5.693 Z9.000 F720 A548.98151; Inset 
M73 P77; Update Progress 
G1 X14.378 Y-5.842 Z9.000 F720 A548.99220; Inset 
G1 X13.969 Y-6.235 Z9.000 F720 A549.01202; Inset 
G1 X13.711 Y-6.750 Z9.000 F720 A549.03214; Inset 
G1 X13.640 Y-7.312 Z9.000 F720 A549.05196; Inset 
G1 X13.680 Y-7.615 Z9.000 F720 A549.06264; Inset 
G1 X13.889 Y-8.133 Z9.000 F720 A549.08216; Inset 
G1 X14.071 Y-8.378 Z9.000 F720 A549.09284; Inset 
G1 X14.513 Y-8.734 Z9.000 F720 A549.11266; Inset 
G1 X14.513 Y-8.734 Z9.000 F1500 A547.81266; Retract 
G1 X14.513 Y-8.734 Z9.000 F3000; Retract 
G1 X13.928 Y-9.192 Z9.000 F9000; Travel Move 
G1 X13.928 Y-9.192 Z9.000 F1500 A549.11266; Restart 
G1 X13.686 Y-8.964 Z9.000 F720 A549.12429; Inset 
G1 X13.413 Y-8.608 Z9.000 F720 A549.13997; Inset 
G1 X13.238 Y-8.263 Z9.000 F720 A549.15350; Inset 
G1 X13.113 Y-7.833 Z9.000 F720 A549.16918; Inset 
G1 X13.072 Y-7.505 Z9.000 F720 A549.18073; Inset 
G1 X13.098 Y-7.056 Z9.000 F720 A549.19643; Inset 
G1 X13.169 Y-6.734 Z9.000 F720 A549.20798; Inset 
G1 X13.342 Y-6.319 Z9.000 F720 A549.22369; Inset 
G1 X13.517 Y-6.039 Z9.000 F720 A549.23523; Inset 
G1 X13.818 Y-5.706 Z9.000 F720 A549.25094; Inset 
G1 X14.077 Y-5.498 Z9.000 F720 A549.26254; Inset 
G1 X14.418 Y-5.307 Z9.000 F720 A549.27620; Inset 
G1 X14.786 Y-5.177 Z9.000 F720 A549.28984; Inset 
G1 X15.170 Y-5.110 Z9.000 F720 A549.30347; Inset 
G1 X15.560 Y-5.109 Z9.000 F720 A549.31710; Inset 
G1 X15.944 Y-5.174 Z9.000 F720 A549.33074; Inset 
G1 X16.313 Y-5.304 Z9.000 F720 A549.34440; Inset 
G1 X16.604 Y-5.463 Z9.000 F720 A549.35600; Inset 
G1 X16.958 Y-5.739 Z9.000 F720 A549.37168; Inset 
G1 X17.214 Y-6.029 Z9.000 F720 A549.38521; Inset 
G1 X17.444 Y-6.414 Z9.000 F720 A549.40089; Inset 
G1 X17.566 Y-6.721 Z9.000 F720 A549.41244; Inset 
G1 X17.654 Y-7.161 Z9.000 F720 A549.42814; Inset 
G1 X17.667 Y-7.493 Z9.000 F720 A549.43975; Inset 
G1 X17.618 Y-7.881 Z9.000 F720 A549.45340; Inset 
G1 X17.504 Y-8.254 Z9.000 F720 A549.46704; Inset 
G1 X17.329 Y-8.603 Z9.000 F720 A549.48070; Inset 
G1 X17.134 Y-8.872 Z9.000 F720 A549.49230; Inset 
G1 X16.816 Y-9.188 Z9.000 F720 A549.50798; Inset 
G1 X16.496 Y-9.405 Z9.000 F720 A549.52151; Inset 
G1 X16.085 Y-9.584 Z9.000 F720 A549.53719; Inset 
G1 X15.763 Y-9.666 Z9.000 F720 A549.54880; Inset 
G1 X15.373 Y-9.700 Z9.000 F720 A549.56247; Inset 
G1 X15.042 Y-9.675 Z9.000 F720 A549.57408; Inset 
G1 X14.608 Y-9.570 Z9.000 F720 A549.58971; Inset 
G1 X14.203 Y-9.380 Z9.000 F720 A549.60533; Inset 
G1 X13.928 Y-9.192 Z9.000 F720 A549.61696; Inset 
; Chunk 89 
; Lower Position  8.8 
; Upper Position  9 
; Thickness       0.2 
; Width           0.4 
G1 X13.928 Y-9.192 Z9.000 F1500 A548.31696; Retract 
G1 X13.928 Y-9.192 Z9.000 F3000; Retract 
G1 X14.672 Y-8.062 Z9.000 F9000; Travel Move 
G1 X14.672 Y-8.062 Z9.000 F1500 A549.61696; Restart 
G1 X14.672 Y-6.446 Z9.000 F1620 A549.67345; Support 
; Chunk 90 
; Lower Position  9 
; Upper Position  9.2 
; Thickness       0.2 
; Width           0.4 
G1 X14.672 Y-6.446 Z9.000 F1500 A548.37345; Retract 
G1 X14.672 Y-6.446 Z9.000 F3000; Retract 
G1 X14.672 Y-6.446 Z9.200 F1380; Travel Move 
G1 X14.672 Y-6.446 Z9.200 F1500 A549.67345; Restart 
G1 X14.672 Y-8.062 Z9.200 F1620 A549.72993; Support 
; Chunk 91 
; Lower Position  9 
; Upper Position  9.2 
; Thickness       0.2 
; Width           0.4 
G1 X14.672 Y-8.062 Z9.200 F1500 A548.42993; Retract 
G1 X14.672 Y-8.062 Z9.200 F3000; Retract 
G1 X14.513 Y-8.734 Z9.200 F9000; Travel Move 
G1 X14.513 Y-8.734 Z9.200 F1500 A549.72993; Restart 
G1 X15.048 Y-8.921 Z9.200 F720 A549.74975; Inset 
G1 X15.352 Y-8.947 Z9.200 F720 A549.76044; Inset 
G1 X15.911 Y-8.850 Z9.200 F720 A549.78026; Inset 
G1 X16.413 Y-8.568 Z9.200 F720 A549.80038; Inset 
G1 X16.792 Y-8.135 Z9.200 F720 A549.82050; Inset 
G1 X17.006 Y-7.601 Z9.200 F720 A549.84063; Inset 
G1 X17.029 Y-7.026 Z9.200 F720 A549.86075; Inset 
G1 X16.860 Y-6.476 Z9.200 F720 A549.88087; Inset 
G1 X16.517 Y-6.014 Z9.200 F720 A549.90099; Inset 
G1 X16.039 Y-5.692 Z9.200 F720 A549.92112; Inset 
G1 X15.490 Y-5.550 Z9.200 F720 A549.94094; Inset 
G1 X15.184 Y-5.551 Z9.200 F720 A549.95162; Inset 
G1 X14.645 Y-5.693 Z9.200 F720 A549.97113; Inset 
G1 X14.378 Y-5.842 Z9.200 F720 A549.98182; Inset 
G1 X13.969 Y-6.235 Z9.200 F720 A550.00164; Inset 
G1 X13.711 Y-6.750 Z9.200 F720 A550.02176; Inset 
G1 X13.640 Y-7.312 Z9.200 F720 A550.04158; Inset 
G1 X13.680 Y-7.615 Z9.200 F720 A550.05227; Inset 
G1 X13.889 Y-8.133 Z9.200 F720 A550.07178; Inset 
G1 X14.071 Y-8.378 Z9.200 F720 A550.08247; Inset 
G1 X14.513 Y-8.734 Z9.200 F720 A550.10228; Inset 
G1 X14.513 Y-8.734 Z9.200 F1500 A548.80228; Retract 
G1 X14.513 Y-8.734 Z9.200 F3000; Retract 
G1 X14.198 Y-9.377 Z9.200 F9000; Travel Move 
G1 X14.198 Y-9.377 Z9.200 F1500 A550.10228; Restart 
G1 X13.690 Y-8.969 Z9.200 F720 A550.12505; Inset 
G1 X13.413 Y-8.608 Z9.200 F720 A550.14095; Inset 
G1 X13.238 Y-8.263 Z9.200 F720 A550.15446; Inset 
G1 X13.112 Y-7.827 Z9.200 F720 A550.17036; Inset 
G1 X13.072 Y-7.505 Z9.200 F720 A550.18169; Inset 
G1 X13.099 Y-7.050 Z9.200 F720 A550.19761; Inset 
G1 X13.169 Y-6.734 Z9.200 F720 A550.20894; Inset 
G1 X13.345 Y-6.314 Z9.200 F720 A550.22487; Inset 
G1 X13.517 Y-6.039 Z9.200 F720 A550.23620; Inset 
G1 X13.823 Y-5.702 Z9.200 F720 A550.25212; Inset 
G1 X14.077 Y-5.498 Z9.200 F720 A550.26351; Inset 
G1 X14.418 Y-5.307 Z9.200 F720 A550.27717; Inset 
G1 X14.786 Y-5.177 Z9.200 F720 A550.29081; Inset 
G1 X15.170 Y-5.110 Z9.200 F720 A550.30444; Inset 
G1 X15.560 Y-5.109 Z9.200 F720 A550.31807; Inset 
G1 X15.944 Y-5.174 Z9.200 F720 A550.33171; Inset 
G1 X16.313 Y-5.304 Z9.200 F720 A550.34537; Inset 
G1 X16.599 Y-5.460 Z9.200 F720 A550.35675; Inset 
G1 X16.958 Y-5.739 Z9.200 F720 A550.37265; Inset 
G1 X17.214 Y-6.028 Z9.200 F720 A550.38617; Inset 
G1 X17.447 Y-6.419 Z9.200 F720 A550.40207; Inset 
G1 X17.566 Y-6.721 Z9.200 F720 A550.41339; Inset 
G1 X17.655 Y-7.167 Z9.200 F720 A550.42932; Inset 
G1 X17.667 Y-7.493 Z9.200 F720 A550.44071; Inset 
G1 X17.618 Y-7.881 Z9.200 F720 A550.45437; Inset 
G1 X17.504 Y-8.254 Z9.200 F720 A550.46800; Inset 
G1 X17.329 Y-8.603 Z9.200 F720 A550.48166; Inset 
G1 X17.138 Y-8.867 Z9.200 F720 A550.49305; Inset 
G1 X16.816 Y-9.188 Z9.200 F720 A550.50895; Inset 
G1 X16.496 Y-9.405 Z9.200 F720 A550.52246; Inset 
G1 X16.079 Y-9.586 Z9.200 F720 A550.53836; Inset 
G1 X15.763 Y-9.666 Z9.200 F720 A550.54975; Inset 
G1 X15.373 Y-9.700 Z9.200 F720 A550.56344; Inset 
G1 X15.048 Y-9.675 Z9.200 F720 A550.57483; Inset 
G1 X14.608 Y-9.570 Z9.200 F720 A550.59067; Inset 
G1 X14.198 Y-9.377 Z9.200 F720 A550.60650; Inset 
G1 X14.198 Y-9.377 Z9.200 F1500 A549.30650; Retract 
G1 X14.198 Y-9.377 Z9.200 F3000; Retract 
G1 X17.534 Y-23.062 Z9.200 F9000; Travel Move 
G1 X17.534 Y-23.062 Z9.200 F1500 A550.60650; Restart 
G1 X17.408 Y-22.918 Z9.200 F1620 A550.61321; Inset 
G1 X17.365 Y-22.678 Z9.200 F1620 A550.62172; Inset 
G1 X18.054 Y-14.758 Z9.200 F1620 A550.89967; Inset 
M73 P78; Update Progress 
G1 X18.127 Y-14.552 Z9.200 F1620 A550.90731; Inset 
G1 X18.215 Y-14.457 Z9.200 F1620 A550.91182; Inset 
G1 X18.329 Y-14.396 Z9.200 F1620 A550.91633; Inset 
G1 X18.456 Y-14.376 Z9.200 F1620 A550.92083; Inset 
G1 X18.608 Y-14.402 Z9.200 F1620 A550.92622; Inset 
G1 X18.741 Y-14.501 Z9.200 F1620 A550.93204; Inset 
G1 X18.819 Y-14.624 Z9.200 F1620 A550.93710; Inset 
G1 X18.851 Y-14.824 Z9.200 F1620 A550.94419; Inset 
G1 X18.162 Y-22.747 Z9.200 F1620 A551.22224; Inset 
G1 X18.078 Y-22.976 Z9.200 F1620 A551.23076; Inset 
G1 X17.946 Y-23.083 Z9.200 F1620 A551.23668; Inset 
G1 X17.824 Y-23.124 Z9.200 F1620 A551.24121; Inset 
G1 X17.699 Y-23.124 Z9.200 F1620 A551.24557; Inset 
G1 X17.534 Y-23.062 Z9.200 F1620 A551.25172; Inset 
G1 X17.534 Y-23.062 Z9.200 F1500 A549.95172; Retract 
G1 X17.534 Y-23.062 Z9.200 F3000; Retract 
G1 X17.272 Y-23.368 Z9.200 F9000; Travel Move 
G1 X17.272 Y-23.368 Z9.200 F1500 A551.25172; Restart 
G1 X17.087 Y-23.165 Z9.200 F720 A551.26135; Inset 
G1 X17.032 Y-23.063 Z9.200 F720 A551.26538; Inset 
G1 X16.964 Y-22.792 Z9.200 F720 A551.27515; Inset 
G1 X16.965 Y-22.660 Z9.200 F720 A551.27976; Inset 
G1 X17.657 Y-14.706 Z9.200 F720 A551.55887; Inset 
G1 X17.679 Y-14.576 Z9.200 F720 A551.56348; Inset 
G1 X17.789 Y-14.329 Z9.200 F720 A551.57295; Inset 
G1 X17.967 Y-14.136 Z9.200 F720 A551.58212; Inset 
G1 X18.199 Y-14.012 Z9.200 F720 A551.59130; Inset 
G1 X18.458 Y-13.970 Z9.200 F720 A551.60047; Inset 
G1 X18.725 Y-14.016 Z9.200 F720 A551.60994; Inset 
G1 X18.830 Y-14.063 Z9.200 F720 A551.61397; Inset 
G1 X19.042 Y-14.229 Z9.200 F720 A551.62341; Inset 
G1 X19.192 Y-14.466 Z9.200 F720 A551.63322; Inset 
G1 X19.252 Y-14.716 Z9.200 F720 A551.64220; Inset 
G1 X19.251 Y-14.842 Z9.200 F720 A551.64659; Inset 
G1 X18.559 Y-22.799 Z9.200 F720 A551.92580; Inset 
G1 X18.537 Y-22.929 Z9.200 F720 A551.93041; Inset 
G1 X18.424 Y-23.184 Z9.200 F720 A551.94018; Inset 
G1 X18.352 Y-23.275 Z9.200 F720 A551.94421; Inset 
G1 X18.138 Y-23.440 Z9.200 F720 A551.95368; Inset 
G1 X17.889 Y-23.524 Z9.200 F720 A551.96286; Inset 
G1 X17.631 Y-23.524 Z9.200 F720 A551.97187; Inset 
G1 X17.371 Y-23.434 Z9.200 F720 A551.98149; Inset 
G1 X17.272 Y-23.368 Z9.200 F720 A551.98566; Inset 
; Chunk 92 
; Lower Position  9.2 
; Upper Position  9.4 
; Thickness       0.2 
; Width           0.4 
G1 X17.272 Y-23.368 Z9.200 F1500 A550.68566; Retract 
G1 X17.272 Y-23.368 Z9.200 F3000; Retract 
G1 X17.272 Y-23.368 Z9.400 F1380; Travel Move 
G1 X17.534 Y-23.063 Z9.400 F9000; Travel Move 
G1 X17.534 Y-23.063 Z9.400 F1500 A551.98566; Restart 
G1 X17.408 Y-22.918 Z9.400 F1620 A551.99237; Inset 
G1 X17.365 Y-22.678 Z9.400 F1620 A552.00089; Inset 
G1 X18.054 Y-14.758 Z9.400 F1620 A552.27884; Inset 
G1 X18.127 Y-14.552 Z9.400 F1620 A552.28647; Inset 
G1 X18.215 Y-14.457 Z9.400 F1620 A552.29098; Inset 
G1 X18.329 Y-14.396 Z9.400 F1620 A552.29549; Inset 
G1 X18.456 Y-14.376 Z9.400 F1620 A552.30000; Inset 
G1 X18.608 Y-14.402 Z9.400 F1620 A552.30539; Inset 
G1 X18.741 Y-14.502 Z9.400 F1620 A552.31121; Inset 
G1 X18.818 Y-14.623 Z9.400 F1620 A552.31622; Inset 
G1 X18.851 Y-14.824 Z9.400 F1620 A552.32336; Inset 
G1 X18.162 Y-22.747 Z9.400 F1620 A552.60140; Inset 
G1 X18.078 Y-22.976 Z9.400 F1620 A552.60992; Inset 
G1 X17.946 Y-23.083 Z9.400 F1620 A552.61584; Inset 
G1 X17.824 Y-23.124 Z9.400 F1620 A552.62037; Inset 
G1 X17.698 Y-23.124 Z9.400 F1620 A552.62475; Inset 
G1 X17.534 Y-23.063 Z9.400 F1620 A552.63087; Inset 
G1 X17.534 Y-23.063 Z9.400 F1500 A551.33087; Retract 
G1 X17.534 Y-23.063 Z9.400 F3000; Retract 
G1 X17.272 Y-23.369 Z9.400 F9000; Travel Move 
G1 X17.272 Y-23.369 Z9.400 F1500 A552.63087; Restart 
G1 X17.087 Y-23.165 Z9.400 F720 A552.64051; Inset 
G1 X17.032 Y-23.063 Z9.400 F720 A552.64455; Inset 
G1 X16.964 Y-22.792 Z9.400 F720 A552.65432; Inset 
G1 X16.965 Y-22.660 Z9.400 F720 A552.65893; Inset 
G1 X17.657 Y-14.706 Z9.400 F720 A552.93804; Inset 
G1 X17.679 Y-14.576 Z9.400 F720 A552.94264; Inset 
G1 X17.789 Y-14.329 Z9.400 F720 A552.95212; Inset 
G1 X17.967 Y-14.136 Z9.400 F720 A552.96129; Inset 
G1 X18.199 Y-14.012 Z9.400 F720 A552.97046; Inset 
G1 X18.458 Y-13.970 Z9.400 F720 A552.97964; Inset 
G1 X18.725 Y-14.016 Z9.400 F720 A552.98911; Inset 
G1 X18.830 Y-14.063 Z9.400 F720 A552.99314; Inset 
G1 X19.042 Y-14.229 Z9.400 F720 A553.00258; Inset 
G1 X19.192 Y-14.465 Z9.400 F720 A553.01233; Inset 
G1 X19.252 Y-14.716 Z9.400 F720 A553.02136; Inset 
G1 X19.251 Y-14.842 Z9.400 F720 A553.02577; Inset 
G1 X18.559 Y-22.799 Z9.400 F720 A553.30497; Inset 
M73 P79; Update Progress 
G1 X18.537 Y-22.929 Z9.400 F720 A553.30958; Inset 
G1 X18.424 Y-23.184 Z9.400 F720 A553.31934; Inset 
G1 X18.352 Y-23.275 Z9.400 F720 A553.32337; Inset 
G1 X18.138 Y-23.440 Z9.400 F720 A553.33284; Inset 
G1 X17.889 Y-23.524 Z9.400 F720 A553.34203; Inset 
G1 X17.631 Y-23.524 Z9.400 F720 A553.35105; Inset 
G1 X17.371 Y-23.434 Z9.400 F720 A553.36066; Inset 
G1 X17.272 Y-23.369 Z9.400 F720 A553.36481; Inset 
G1 X17.272 Y-23.369 Z9.400 F1500 A552.06481; Retract 
G1 X17.272 Y-23.369 Z9.400 F3000; Retract 
G1 X14.513 Y-8.734 Z9.400 F9000; Travel Move 
G1 X14.513 Y-8.734 Z9.400 F1500 A553.36481; Restart 
G1 X15.056 Y-8.924 Z9.400 F720 A553.38494; Inset 
G1 X15.623 Y-8.923 Z9.400 F720 A553.40476; Inset 
G1 X15.919 Y-8.846 Z9.400 F720 A553.41544; Inset 
G1 X16.413 Y-8.568 Z9.400 F720 A553.43526; Inset 
G1 X16.792 Y-8.135 Z9.400 F720 A553.45538; Inset 
G1 X17.006 Y-7.601 Z9.400 F720 A553.47551; Inset 
G1 X17.029 Y-7.026 Z9.400 F720 A553.49563; Inset 
G1 X16.860 Y-6.476 Z9.400 F720 A553.51575; Inset 
G1 X16.517 Y-6.014 Z9.400 F720 A553.53587; Inset 
G1 X16.039 Y-5.692 Z9.400 F720 A553.55600; Inset 
G1 X15.490 Y-5.550 Z9.400 F720 A553.57582; Inset 
G1 X15.184 Y-5.551 Z9.400 F720 A553.58650; Inset 
G1 X14.645 Y-5.693 Z9.400 F720 A553.60602; Inset 
G1 X14.378 Y-5.842 Z9.400 F720 A553.61670; Inset 
G1 X13.969 Y-6.235 Z9.400 F720 A553.63652; Inset 
G1 X13.711 Y-6.750 Z9.400 F720 A553.65664; Inset 
G1 X13.640 Y-7.312 Z9.400 F720 A553.67646; Inset 
G1 X13.680 Y-7.615 Z9.400 F720 A553.68715; Inset 
G1 X13.889 Y-8.133 Z9.400 F720 A553.70666; Inset 
G1 X14.071 Y-8.378 Z9.400 F720 A553.71735; Inset 
G1 X14.513 Y-8.734 Z9.400 F720 A553.73716; Inset 
G1 X14.513 Y-8.734 Z9.400 F1500 A552.43716; Retract 
G1 X14.513 Y-8.734 Z9.400 F3000; Retract 
G1 X14.192 Y-9.374 Z9.400 F9000; Travel Move 
G1 X14.192 Y-9.374 Z9.400 F1500 A553.73716; Restart 
G1 X13.694 Y-8.973 Z9.400 F720 A553.75951; Inset 
G1 X13.413 Y-8.608 Z9.400 F720 A553.77563; Inset 
G1 X13.238 Y-8.264 Z9.400 F720 A553.78912; Inset 
G1 X13.111 Y-7.821 Z9.400 F720 A553.80524; Inset 
G1 X13.072 Y-7.505 Z9.400 F720 A553.81635; Inset 
G1 X13.100 Y-7.044 Z9.400 F720 A553.83249; Inset 
G1 X13.169 Y-6.734 Z9.400 F720 A553.84360; Inset 
G1 X13.348 Y-6.309 Z9.400 F720 A553.85975; Inset 
G1 X13.516 Y-6.039 Z9.400 F720 A553.87086; Inset 
G1 X13.827 Y-5.698 Z9.400 F720 A553.88700; Inset 
G1 X14.077 Y-5.498 Z9.400 F720 A553.89817; Inset 
G1 X14.418 Y-5.307 Z9.400 F720 A553.91184; Inset 
G1 X14.786 Y-5.177 Z9.400 F720 A553.92547; Inset 
G1 X15.170 Y-5.110 Z9.400 F720 A553.93911; Inset 
G1 X15.560 Y-5.109 Z9.400 F720 A553.95274; Inset 
G1 X15.944 Y-5.174 Z9.400 F720 A553.96637; Inset 
G1 X16.313 Y-5.304 Z9.400 F720 A553.98004; Inset 
G1 X16.594 Y-5.457 Z9.400 F720 A553.99121; Inset 
G1 X16.958 Y-5.739 Z9.400 F720 A554.00732; Inset 
G1 X17.216 Y-6.030 Z9.400 F720 A554.02093; Inset 
G1 X17.386 Y-6.301 Z9.400 F720 A554.03210; Inset 
G1 X17.566 Y-6.723 Z9.400 F720 A554.04815; Inset 
G1 X17.655 Y-7.173 Z9.400 F720 A554.06419; Inset 
G1 X17.667 Y-7.493 Z9.400 F720 A554.07537; Inset 
G1 X17.618 Y-7.881 Z9.400 F720 A554.08903; Inset 
G1 X17.504 Y-8.254 Z9.400 F720 A554.10267; Inset 
G1 X17.329 Y-8.603 Z9.400 F720 A554.11633; Inset 
G1 X17.142 Y-8.862 Z9.400 F720 A554.12750; Inset 
G1 X16.816 Y-9.188 Z9.400 F720 A554.14362; Inset 
G1 X16.496 Y-9.405 Z9.400 F720 A554.15712; Inset 
G1 X16.073 Y-9.588 Z9.400 F720 A554.17324; Inset 
G1 X15.763 Y-9.666 Z9.400 F720 A554.18441; Inset 
G1 X15.373 Y-9.700 Z9.400 F720 A554.19810; Inset 
G1 X15.054 Y-9.676 Z9.400 F720 A554.20928; Inset 
G1 X14.608 Y-9.570 Z9.400 F720 A554.22533; Inset 
G1 X14.192 Y-9.374 Z9.400 F720 A554.24137; Inset 
; Chunk 93 
; Lower Position  9.2 
; Upper Position  9.4 
; Thickness       0.2 
; Width           0.4 
G1 X14.192 Y-9.374 Z9.400 F1500 A552.94137; Retract 
G1 X14.192 Y-9.374 Z9.400 F3000; Retract 
G1 X14.672 Y-8.062 Z9.400 F9000; Travel Move 
G1 X14.672 Y-8.062 Z9.400 F1500 A554.24137; Restart 
G1 X14.672 Y-6.446 Z9.400 F1620 A554.29786; Support 
; Chunk 94 
; Lower Position  9.4 
; Upper Position  9.6 
; Thickness       0.2 
; Width           0.4 
G1 X14.672 Y-6.446 Z9.400 F1500 A552.99786; Retract 
G1 X14.672 Y-6.446 Z9.400 F3000; Retract 
G1 X14.672 Y-6.446 Z9.600 F1380; Travel Move 
G1 X14.672 Y-6.446 Z9.600 F9000; Travel Move 
G1 X14.672 Y-6.446 Z9.600 F1500 A554.29786; Restart 
G1 X14.672 Y-8.062 Z9.600 F1620 A554.35434; Support 
; Chunk 95 
; Lower Position  9.4 
; Upper Position  9.6 
; Thickness       0.2 
; Width           0.4 
G1 X14.672 Y-8.062 Z9.600 F1500 A553.05434; Retract 
G1 X14.672 Y-8.062 Z9.600 F3000; Retract 
G1 X14.513 Y-8.734 Z9.600 F9000; Travel Move 
G1 X14.513 Y-8.734 Z9.600 F1500 A554.35434; Restart 
G1 X15.056 Y-8.924 Z9.600 F720 A554.37447; Inset 
G1 X15.623 Y-8.923 Z9.600 F720 A554.39429; Inset 
G1 X15.919 Y-8.846 Z9.600 F720 A554.40497; Inset 
G1 X16.413 Y-8.568 Z9.600 F720 A554.42479; Inset 
G1 X16.792 Y-8.135 Z9.600 F720 A554.44491; Inset 
G1 X17.006 Y-7.601 Z9.600 F720 A554.46504; Inset 
G1 X17.029 Y-7.026 Z9.600 F720 A554.48516; Inset 
G1 X16.860 Y-6.476 Z9.600 F720 A554.50528; Inset 
G1 X16.517 Y-6.014 Z9.600 F720 A554.52540; Inset 
G1 X16.039 Y-5.692 Z9.600 F720 A554.54553; Inset 
G1 X15.490 Y-5.550 Z9.600 F720 A554.56535; Inset 
G1 X15.184 Y-5.551 Z9.600 F720 A554.57603; Inset 
G1 X14.645 Y-5.693 Z9.600 F720 A554.59555; Inset 
G1 X14.378 Y-5.842 Z9.600 F720 A554.60623; Inset 
G1 X13.969 Y-6.235 Z9.600 F720 A554.62605; Inset 
G1 X13.711 Y-6.750 Z9.600 F720 A554.64617; Inset 
G1 X13.640 Y-7.312 Z9.600 F720 A554.66599; Inset 
G1 X13.680 Y-7.615 Z9.600 F720 A554.67668; Inset 
G1 X13.889 Y-8.133 Z9.600 F720 A554.69619; Inset 
G1 X14.071 Y-8.378 Z9.600 F720 A554.70688; Inset 
G1 X14.513 Y-8.734 Z9.600 F720 A554.72670; Inset 
G1 X14.513 Y-8.734 Z9.600 F1500 A553.42670; Retract 
G1 X14.513 Y-8.734 Z9.600 F3000; Retract 
G1 X14.187 Y-9.370 Z9.600 F9000; Travel Move 
G1 X14.187 Y-9.370 Z9.600 F1500 A554.72670; Restart 
G1 X13.699 Y-8.977 Z9.600 F720 A554.74862; Inset 
G1 X13.413 Y-8.608 Z9.600 F720 A554.76495; Inset 
G1 X13.238 Y-8.264 Z9.600 F720 A554.77844; Inset 
G1 X13.110 Y-7.815 Z9.600 F720 A554.79477; Inset 
G1 X13.072 Y-7.505 Z9.600 F720 A554.80566; Inset 
G1 X13.101 Y-7.038 Z9.600 F720 A554.82203; Inset 
G1 X13.169 Y-6.734 Z9.600 F720 A554.83291; Inset 
G1 X13.351 Y-6.303 Z9.600 F720 A554.84928; Inset 
G1 X13.516 Y-6.039 Z9.600 F720 A554.86016; Inset 
G1 X13.832 Y-5.694 Z9.600 F720 A554.87653; Inset 
G1 X14.077 Y-5.499 Z9.600 F720 A554.88749; Inset 
G1 X14.418 Y-5.307 Z9.600 F720 A554.90116; Inset 
M73 P80; Update Progress 
G1 X14.786 Y-5.177 Z9.600 F720 A554.91479; Inset 
G1 X15.170 Y-5.110 Z9.600 F720 A554.92842; Inset 
G1 X15.560 Y-5.109 Z9.600 F720 A554.94205; Inset 
G1 X15.944 Y-5.174 Z9.600 F720 A554.95569; Inset 
G1 X16.313 Y-5.304 Z9.600 F720 A554.96936; Inset 
G1 X16.589 Y-5.454 Z9.600 F720 A554.98032; Inset 
G1 X16.958 Y-5.739 Z9.600 F720 A554.99664; Inset 
G1 X17.216 Y-6.031 Z9.600 F720 A555.01024; Inset 
G1 X17.383 Y-6.296 Z9.600 F720 A555.02120; Inset 
G1 X17.566 Y-6.723 Z9.600 F720 A555.03746; Inset 
G1 X17.656 Y-7.179 Z9.600 F720 A555.05372; Inset 
G1 X17.667 Y-7.493 Z9.600 F720 A555.06468; Inset 
G1 X17.618 Y-7.881 Z9.600 F720 A555.07835; Inset 
G1 X17.504 Y-8.254 Z9.600 F720 A555.09198; Inset 
G1 X17.329 Y-8.603 Z9.600 F720 A555.10565; Inset 
G1 X17.146 Y-8.857 Z9.600 F720 A555.11661; Inset 
G1 X16.816 Y-9.188 Z9.600 F720 A555.13293; Inset 
G1 X16.496 Y-9.405 Z9.600 F720 A555.14643; Inset 
G1 X16.067 Y-9.589 Z9.600 F720 A555.16276; Inset 
G1 X15.763 Y-9.666 Z9.600 F720 A555.17372; Inset 
G1 X15.373 Y-9.700 Z9.600 F720 A555.18742; Inset 
G1 X15.060 Y-9.677 Z9.600 F720 A555.19838; Inset 
G1 X14.607 Y-9.570 Z9.600 F720 A555.21464; Inset 
G1 X14.187 Y-9.370 Z9.600 F720 A555.23089; Inset 
G1 X14.187 Y-9.370 Z9.600 F1500 A553.93089; Retract 
G1 X14.187 Y-9.370 Z9.600 F3000; Retract 
G1 X17.535 Y-23.063 Z9.600 F9000; Travel Move 
G1 X17.535 Y-23.063 Z9.600 F1500 A555.23089; Restart 
G1 X17.408 Y-22.918 Z9.600 F1620 A555.23762; Inset 
G1 X17.365 Y-22.678 Z9.600 F1620 A555.24614; Inset 
G1 X18.054 Y-14.758 Z9.600 F1620 A555.52408; Inset 
G1 X18.127 Y-14.552 Z9.600 F1620 A555.53172; Inset 
G1 X18.215 Y-14.457 Z9.600 F1620 A555.53623; Inset 
G1 X18.329 Y-14.396 Z9.600 F1620 A555.54074; Inset 
G1 X18.456 Y-14.376 Z9.600 F1620 A555.54524; Inset 
G1 X18.608 Y-14.402 Z9.600 F1620 A555.55064; Inset 
G1 X18.742 Y-14.502 Z9.600 F1620 A555.55647; Inset 
G1 X18.818 Y-14.621 Z9.600 F1620 A555.56143; Inset 
G1 X18.851 Y-14.824 Z9.600 F1620 A555.56862; Inset 
G1 X18.162 Y-22.747 Z9.600 F1620 A555.84665; Inset 
G1 X18.078 Y-22.976 Z9.600 F1620 A555.85517; Inset 
G1 X17.946 Y-23.083 Z9.600 F1620 A555.86109; Inset 
G1 X17.824 Y-23.124 Z9.600 F1620 A555.86562; Inset 
G1 X17.698 Y-23.124 Z9.600 F1620 A555.87001; Inset 
G1 X17.535 Y-23.063 Z9.600 F1620 A555.87611; Inset 
G1 X17.535 Y-23.063 Z9.600 F1500 A554.57611; Retract 
G1 X17.535 Y-23.063 Z9.600 F3000; Retract 
G1 X17.272 Y-23.369 Z9.600 F9000; Travel Move 
G1 X17.272 Y-23.369 Z9.600 F1500 A555.87611; Restart 
G1 X17.087 Y-23.165 Z9.600 F720 A555.88576; Inset 
G1 X17.032 Y-23.063 Z9.600 F720 A555.88980; Inset 
G1 X16.964 Y-22.792 Z9.600 F720 A555.89957; Inset 
G1 X16.965 Y-22.660 Z9.600 F720 A555.90417; Inset 
G1 X17.657 Y-14.706 Z9.600 F720 A556.18328; Inset 
G1 X17.679 Y-14.576 Z9.600 F720 A556.18789; Inset 
G1 X17.789 Y-14.329 Z9.600 F720 A556.19736; Inset 
G1 X17.967 Y-14.136 Z9.600 F720 A556.20654; Inset 
G1 X18.199 Y-14.012 Z9.600 F720 A556.21571; Inset 
G1 X18.458 Y-13.970 Z9.600 F720 A556.22489; Inset 
G1 X18.725 Y-14.016 Z9.600 F720 A556.23436; Inset 
G1 X18.830 Y-14.063 Z9.600 F720 A556.23839; Inset 
G1 X19.042 Y-14.229 Z9.600 F720 A556.24783; Inset 
G1 X19.191 Y-14.463 Z9.600 F720 A556.25752; Inset 
G1 X19.252 Y-14.716 Z9.600 F720 A556.26660; Inset 
G1 X19.251 Y-14.843 Z9.600 F720 A556.27103; Inset 
G1 X18.559 Y-22.799 Z9.600 F720 A556.55022; Inset 
G1 X18.537 Y-22.929 Z9.600 F720 A556.55483; Inset 
G1 X18.424 Y-23.184 Z9.600 F720 A556.56459; Inset 
G1 X18.352 Y-23.275 Z9.600 F720 A556.56862; Inset 
G1 X18.138 Y-23.440 Z9.600 F720 A556.57809; Inset 
G1 X17.889 Y-23.524 Z9.600 F720 A556.58728; Inset 
G1 X17.631 Y-23.524 Z9.600 F720 A556.59631; Inset 
G1 X17.371 Y-23.434 Z9.600 F720 A556.60591; Inset 
G1 X17.272 Y-23.369 Z9.600 F720 A556.61005; Inset 
; Chunk 96 
; Lower Position  9.6 
; Upper Position  9.8 
; Thickness       0.2 
; Width           0.4 
G1 X17.272 Y-23.369 Z9.600 F1500 A555.31005; Retract 
G1 X17.272 Y-23.369 Z9.600 F3000; Retract 
G1 X17.272 Y-23.369 Z9.800 F1380; Travel Move 
G1 X17.535 Y-23.063 Z9.800 F9000; Travel Move 
G1 X17.535 Y-23.063 Z9.800 F1500 A556.61005; Restart 
G1 X17.408 Y-22.918 Z9.800 F1620 A556.61679; Inset 
G1 X17.365 Y-22.678 Z9.800 F1620 A556.62530; Inset 
G1 X18.054 Y-14.758 Z9.800 F1620 A556.90325; Inset 
G1 X18.127 Y-14.552 Z9.800 F1620 A556.91089; Inset 
G1 X18.215 Y-14.457 Z9.800 F1620 A556.91539; Inset 
G1 X18.329 Y-14.396 Z9.800 F1620 A556.91990; Inset 
G1 X18.456 Y-14.376 Z9.800 F1620 A556.92441; Inset 
G1 X18.608 Y-14.402 Z9.800 F1620 A556.92980; Inset 
G1 X18.742 Y-14.502 Z9.800 F1620 A556.93564; Inset 
G1 X18.817 Y-14.620 Z9.800 F1620 A556.94055; Inset 
G1 X18.851 Y-14.825 Z9.800 F1620 A556.94779; Inset 
G1 X18.162 Y-22.747 Z9.800 F1620 A557.22581; Inset 
G1 X18.078 Y-22.976 Z9.800 F1620 A557.23433; Inset 
G1 X17.946 Y-23.083 Z9.800 F1620 A557.24026; Inset 
G1 X17.824 Y-23.124 Z9.800 F1620 A557.24478; Inset 
G1 X17.698 Y-23.124 Z9.800 F1620 A557.24919; Inset 
G1 X17.535 Y-23.063 Z9.800 F1620 A557.25527; Inset 
G1 X17.535 Y-23.063 Z9.800 F1500 A555.95527; Retract 
G1 X17.535 Y-23.063 Z9.800 F3000; Retract 
G1 X17.273 Y-23.369 Z9.800 F9000; Travel Move 
G1 X17.273 Y-23.369 Z9.800 F1500 A557.25527; Restart 
G1 X17.087 Y-23.165 Z9.800 F720 A557.26493; Inset 
G1 X17.032 Y-23.063 Z9.800 F720 A557.26897; Inset 
G1 X16.964 Y-22.792 Z9.800 F720 A557.27873; Inset 
G1 X16.965 Y-22.660 Z9.800 F720 A557.28334; Inset 
G1 X17.657 Y-14.706 Z9.800 F720 A557.56245; Inset 
M73 P81; Update Progress 
G1 X17.679 Y-14.576 Z9.800 F720 A557.56706; Inset 
G1 X17.789 Y-14.329 Z9.800 F720 A557.57653; Inset 
G1 X17.967 Y-14.136 Z9.800 F720 A557.58570; Inset 
G1 X18.199 Y-14.012 Z9.800 F720 A557.59488; Inset 
G1 X18.458 Y-13.970 Z9.800 F720 A557.60406; Inset 
G1 X18.725 Y-14.016 Z9.800 F720 A557.61352; Inset 
G1 X18.830 Y-14.063 Z9.800 F720 A557.61756; Inset 
G1 X19.043 Y-14.229 Z9.800 F720 A557.62700; Inset 
G1 X19.191 Y-14.462 Z9.800 F720 A557.63663; Inset 
G1 X19.251 Y-14.716 Z9.800 F720 A557.64575; Inset 
G1 X19.251 Y-14.843 Z9.800 F720 A557.65021; Inset 
G1 X18.559 Y-22.799 Z9.800 F720 A557.92939; Inset 
G1 X18.537 Y-22.929 Z9.800 F720 A557.93399; Inset 
G1 X18.424 Y-23.184 Z9.800 F720 A557.94376; Inset 
G1 X18.352 Y-23.275 Z9.800 F720 A557.94779; Inset 
G1 X18.138 Y-23.440 Z9.800 F720 A557.95726; Inset 
G1 X17.889 Y-23.524 Z9.800 F720 A557.96644; Inset 
G1 X17.630 Y-23.524 Z9.800 F720 A557.97549; Inset 
G1 X17.371 Y-23.434 Z9.800 F720 A557.98508; Inset 
G1 X17.273 Y-23.369 Z9.800 F720 A557.98921; Inset 
G1 X17.273 Y-23.369 Z9.800 F1500 A556.68921; Retract 
G1 X17.273 Y-23.369 Z9.800 F3000; Retract 
G1 X14.513 Y-8.734 Z9.800 F9000; Travel Move 
G1 X14.513 Y-8.734 Z9.800 F1500 A557.98921; Restart 
G1 X15.056 Y-8.924 Z9.800 F720 A558.00933; Inset 
G1 X15.623 Y-8.923 Z9.800 F720 A558.02915; Inset 
G1 X15.919 Y-8.846 Z9.800 F720 A558.03984; Inset 
G1 X16.413 Y-8.568 Z9.800 F720 A558.05965; Inset 
G1 X16.792 Y-8.135 Z9.800 F720 A558.07978; Inset 
G1 X17.006 Y-7.601 Z9.800 F720 A558.09990; Inset 
G1 X17.029 Y-7.026 Z9.800 F720 A558.12002; Inset 
G1 X16.860 Y-6.476 Z9.800 F720 A558.14014; Inset 
G1 X16.517 Y-6.014 Z9.800 F720 A558.16027; Inset 
G1 X16.039 Y-5.692 Z9.800 F720 A558.18039; Inset 
G1 X15.490 Y-5.550 Z9.800 F720 A558.20021; Inset 
G1 X15.184 Y-5.551 Z9.800 F720 A558.21089; Inset 
G1 X14.645 Y-5.693 Z9.800 F720 A558.23041; Inset 
G1 X14.378 Y-5.842 Z9.800 F720 A558.24110; Inset 
G1 X13.969 Y-6.235 Z9.800 F720 A558.26092; Inset 
G1 X13.711 Y-6.750 Z9.800 F720 A558.28104; Inset 
G1 X13.640 Y-7.312 Z9.800 F720 A558.30086; Inset 
G1 X13.680 Y-7.615 Z9.800 F720 A558.31154; Inset 
G1 X13.889 Y-8.133 Z9.800 F720 A558.33106; Inset 
G1 X14.071 Y-8.378 Z9.800 F720 A558.34174; Inset 
G1 X14.513 Y-8.734 Z9.800 F720 A558.36156; Inset 
G1 X14.513 Y-8.734 Z9.800 F1500 A557.06156; Retract 
G1 X14.513 Y-8.734 Z9.800 F3000; Retract 
G1 X13.928 Y-9.192 Z9.800 F9000; Travel Move 
G1 X13.928 Y-9.192 Z9.800 F1500 A558.36156; Restart 
G1 X13.646 Y-8.923 Z9.800 F720 A558.37519; Inset 
G1 X13.414 Y-8.610 Z9.800 F720 A558.38883; Inset 
G1 X13.237 Y-8.262 Z9.800 F720 A558.40246; Inset 
G1 X13.123 Y-7.889 Z9.800 F720 A558.41609; Inset 
G1 X13.072 Y-7.503 Z9.800 F720 A558.42973; Inset 
G1 X13.088 Y-7.113 Z9.800 F720 A558.44336; Inset 
G1 X13.169 Y-6.732 Z9.800 F720 A558.45699; Inset 
G1 X13.314 Y-6.369 Z9.800 F720 A558.47063; Inset 
G1 X13.518 Y-6.037 Z9.800 F720 A558.48426; Inset 
G1 X13.775 Y-5.744 Z9.800 F720 A558.49790; Inset 
G1 X14.078 Y-5.498 Z9.800 F720 A558.51153; Inset 
G1 X14.418 Y-5.307 Z9.800 F720 A558.52517; Inset 
G1 X14.786 Y-5.177 Z9.800 F720 A558.53880; Inset 
G1 X15.170 Y-5.110 Z9.800 F720 A558.55243; Inset 
G1 X15.560 Y-5.109 Z9.800 F720 A558.56606; Inset 
G1 X15.944 Y-5.174 Z9.800 F720 A558.57970; Inset 
G1 X16.312 Y-5.304 Z9.800 F720 A558.59333; Inset 
G1 X16.653 Y-5.493 Z9.800 F720 A558.60697; Inset 
G1 X16.957 Y-5.738 Z9.800 F720 A558.62060; Inset 
G1 X17.215 Y-6.030 Z9.800 F720 A558.63424; Inset 
G1 X17.420 Y-6.361 Z9.800 F720 A558.64787; Inset 
G1 X17.566 Y-6.723 Z9.800 F720 A558.66150; Inset 
G1 X17.649 Y-7.104 Z9.800 F720 A558.67514; Inset 
G1 X17.667 Y-7.494 Z9.800 F720 A558.68877; Inset 
G1 X17.618 Y-7.881 Z9.800 F720 A558.70240; Inset 
G1 X17.504 Y-8.254 Z9.800 F720 A558.71604; Inset 
G1 X17.329 Y-8.602 Z9.800 F720 A558.72967; Inset 
G1 X17.098 Y-8.916 Z9.800 F720 A558.74330; Inset 
G1 X16.817 Y-9.187 Z9.800 F720 A558.75694; Inset 
G1 X16.494 Y-9.406 Z9.800 F720 A558.77057; Inset 
G1 X16.139 Y-9.567 Z9.800 F720 A558.78421; Inset 
G1 X15.762 Y-9.666 Z9.800 F720 A558.79784; Inset 
G1 X15.374 Y-9.700 Z9.800 F720 A558.81147; Inset 
G1 X14.985 Y-9.667 Z9.800 F720 A558.82511; Inset 
G1 X14.607 Y-9.570 Z9.800 F720 A558.83874; Inset 
G1 X14.252 Y-9.410 Z9.800 F720 A558.85238; Inset 
G1 X13.928 Y-9.192 Z9.800 F720 A558.86601; Inset 
; Chunk 97 
; Lower Position  9.6 
; Upper Position  9.8 
; Thickness       0.2 
; Width           0.4 
G1 X13.928 Y-9.192 Z9.800 F1500 A557.56601; Retract 
G1 X13.928 Y-9.192 Z9.800 F3000; Retract 
G1 X14.672 Y-8.062 Z9.800 F9000; Travel Move 
G1 X14.672 Y-8.062 Z9.800 F1500 A558.86601; Restart 
G1 X14.672 Y-6.446 Z9.800 F1620 A558.92250; Support 
; Chunk 98 
; Lower Position  9.8 
; Upper Position  10 
; Thickness       0.2 
; Width           0.4 
G1 X14.672 Y-6.446 Z9.800 F1500 A557.62250; Retract 
G1 X14.672 Y-6.446 Z9.800 F3000; Retract 
G1 X14.672 Y-6.446 Z10.000 F1380; Travel Move 
G1 X14.672 Y-6.446 Z10.000 F9000; Travel Move 
G1 X14.672 Y-6.446 Z10.000 F1500 A558.92250; Restart 
G1 X14.672 Y-8.062 Z10.000 F1620 A558.97898; Support 
; Chunk 99 
; Lower Position  9.8 
; Upper Position  10 
; Thickness       0.2 
; Width           0.4 
G1 X14.672 Y-8.062 Z10.000 F1500 A557.67898; Retract 
G1 X14.672 Y-8.062 Z10.000 F3000; Retract 
G1 X14.513 Y-8.734 Z10.000 F9000; Travel Move 
G1 X14.513 Y-8.734 Z10.000 F1500 A558.97898; Restart 
G1 X15.056 Y-8.924 Z10.000 F720 A558.99911; Inset 
G1 X15.623 Y-8.923 Z10.000 F720 A559.01892; Inset 
G1 X15.919 Y-8.846 Z10.000 F720 A559.02961; Inset 
G1 X16.413 Y-8.568 Z10.000 F720 A559.04943; Inset 
M73 P82; Update Progress 
G1 X16.792 Y-8.135 Z10.000 F720 A559.06955; Inset 
G1 X17.006 Y-7.601 Z10.000 F720 A559.08967; Inset 
G1 X17.029 Y-7.026 Z10.000 F720 A559.10980; Inset 
G1 X16.860 Y-6.476 Z10.000 F720 A559.12992; Inset 
G1 X16.517 Y-6.014 Z10.000 F720 A559.15004; Inset 
G1 X16.039 Y-5.692 Z10.000 F720 A559.17017; Inset 
G1 X15.490 Y-5.550 Z10.000 F720 A559.18998; Inset 
G1 X15.184 Y-5.551 Z10.000 F720 A559.20067; Inset 
G1 X14.645 Y-5.693 Z10.000 F720 A559.22018; Inset 
G1 X14.378 Y-5.842 Z10.000 F720 A559.23087; Inset 
G1 X13.969 Y-6.235 Z10.000 F720 A559.25069; Inset 
G1 X13.711 Y-6.750 Z10.000 F720 A559.27081; Inset 
G1 X13.640 Y-7.312 Z10.000 F720 A559.29063; Inset 
G1 X13.680 Y-7.615 Z10.000 F720 A559.30132; Inset 
G1 X13.889 Y-8.133 Z10.000 F720 A559.32083; Inset 
G1 X14.071 Y-8.378 Z10.000 F720 A559.33152; Inset 
G1 X14.513 Y-8.734 Z10.000 F720 A559.35133; Inset 
G1 X14.513 Y-8.734 Z10.000 F1500 A558.05133; Retract 
G1 X14.513 Y-8.734 Z10.000 F3000; Retract 
G1 X13.928 Y-9.192 Z10.000 F9000; Travel Move 
G1 X13.928 Y-9.192 Z10.000 F1500 A559.35133; Restart 
G1 X13.646 Y-8.923 Z10.000 F720 A559.36497; Inset 
G1 X13.414 Y-8.610 Z10.000 F720 A559.37860; Inset 
G1 X13.237 Y-8.262 Z10.000 F720 A559.39223; Inset 
G1 X13.123 Y-7.889 Z10.000 F720 A559.40587; Inset 
G1 X13.072 Y-7.503 Z10.000 F720 A559.41950; Inset 
G1 X13.088 Y-7.113 Z10.000 F720 A559.43314; Inset 
G1 X13.169 Y-6.732 Z10.000 F720 A559.44677; Inset 
G1 X13.314 Y-6.369 Z10.000 F720 A559.46040; Inset 
G1 X13.518 Y-6.037 Z10.000 F720 A559.47404; Inset 
G1 X13.775 Y-5.744 Z10.000 F720 A559.48767; Inset 
G1 X14.078 Y-5.498 Z10.000 F720 A559.50130; Inset 
G1 X14.418 Y-5.307 Z10.000 F720 A559.51494; Inset 
G1 X14.786 Y-5.177 Z10.000 F720 A559.52857; Inset 
G1 X15.170 Y-5.110 Z10.000 F720 A559.54221; Inset 
G1 X15.560 Y-5.109 Z10.000 F720 A559.55584; Inset 
G1 X15.944 Y-5.174 Z10.000 F720 A559.56948; Inset 
G1 X16.312 Y-5.304 Z10.000 F720 A559.58311; Inset 
G1 X16.653 Y-5.493 Z10.000 F720 A559.59674; Inset 
G1 X16.957 Y-5.738 Z10.000 F720 A559.61038; Inset 
G1 X17.215 Y-6.030 Z10.000 F720 A559.62401; Inset 
G1 X17.420 Y-6.361 Z10.000 F720 A559.63764; Inset 
G1 X17.566 Y-6.723 Z10.000 F720 A559.65128; Inset 
G1 X17.649 Y-7.104 Z10.000 F720 A559.66491; Inset 
G1 X17.667 Y-7.494 Z10.000 F720 A559.67855; Inset 
G1 X17.618 Y-7.881 Z10.000 F720 A559.69218; Inset 
G1 X17.504 Y-8.254 Z10.000 F720 A559.70582; Inset 
G1 X17.329 Y-8.602 Z10.000 F720 A559.71945; Inset 
G1 X17.098 Y-8.916 Z10.000 F720 A559.73308; Inset 
G1 X16.817 Y-9.187 Z10.000 F720 A559.74671; Inset 
G1 X16.494 Y-9.406 Z10.000 F720 A559.76035; Inset 
G1 X16.139 Y-9.567 Z10.000 F720 A559.77398; Inset 
G1 X15.762 Y-9.666 Z10.000 F720 A559.78762; Inset 
G1 X15.374 Y-9.700 Z10.000 F720 A559.80125; Inset 
G1 X14.985 Y-9.667 Z10.000 F720 A559.81488; Inset 
G1 X14.607 Y-9.570 Z10.000 F720 A559.82852; Inset 
G1 X14.252 Y-9.410 Z10.000 F720 A559.84215; Inset 
G1 X13.928 Y-9.192 Z10.000 F720 A559.85579; Inset 
G1 X13.928 Y-9.192 Z10.000 F1500 A558.55579; Retract 
G1 X13.928 Y-9.192 Z10.000 F3000; Retract 
G1 X17.550 Y-23.073 Z10.000 F9000; Travel Move 
G1 X17.550 Y-23.073 Z10.000 F1500 A559.85579; Restart 
G1 X17.433 Y-22.951 Z10.000 F1620 A559.86169; Inset 
G1 X17.381 Y-22.832 Z10.000 F1620 A559.86622; Inset 
G1 X17.367 Y-22.653 Z10.000 F1620 A559.87248; Inset 
G1 X18.054 Y-14.758 Z10.000 F1620 A560.14956; Inset 
G1 X18.127 Y-14.552 Z10.000 F1620 A560.15720; Inset 
G1 X18.215 Y-14.457 Z10.000 F1620 A560.16170; Inset 
G1 X18.329 Y-14.396 Z10.000 F1620 A560.16621; Inset 
G1 X18.456 Y-14.376 Z10.000 F1620 A560.17072; Inset 
G1 X18.608 Y-14.402 Z10.000 F1620 A560.17611; Inset 
G1 X18.742 Y-14.502 Z10.000 F1620 A560.18196; Inset 
G1 X18.817 Y-14.619 Z10.000 F1620 A560.18682; Inset 
G1 X18.851 Y-14.825 Z10.000 F1620 A560.19411; Inset 
G1 X18.162 Y-22.747 Z10.000 F1620 A560.47212; Inset 
G1 X18.078 Y-22.976 Z10.000 F1620 A560.48064; Inset 
G1 X17.946 Y-23.083 Z10.000 F1620 A560.48656; Inset 
G1 X17.824 Y-23.124 Z10.000 F1620 A560.49109; Inset 
G1 X17.697 Y-23.124 Z10.000 F1620 A560.49550; Inset 
G1 X17.550 Y-23.073 Z10.000 F1620 A560.50098; Inset 
G1 X17.550 Y-23.073 Z10.000 F1500 A559.20098; Retract 
G1 X17.550 Y-23.073 Z10.000 F3000; Retract 
G1 X17.273 Y-23.369 Z10.000 F9000; Travel Move 
G1 X17.273 Y-23.369 Z10.000 F1500 A560.50098; Restart 
G1 X17.092 Y-23.171 Z10.000 F720 A560.51036; Inset 
G1 X16.988 Y-22.930 Z10.000 F720 A560.51954; Inset 
G1 X16.966 Y-22.652 Z10.000 F720 A560.52930; Inset 
G1 X17.657 Y-14.706 Z10.000 F720 A560.80812; Inset 
G1 X17.679 Y-14.576 Z10.000 F720 A560.81272; Inset 
G1 X17.789 Y-14.329 Z10.000 F720 A560.82220; Inset 
G1 X17.967 Y-14.136 Z10.000 F720 A560.83137; Inset 
G1 X18.199 Y-14.012 Z10.000 F720 A560.84055; Inset 
G1 X18.458 Y-13.970 Z10.000 F720 A560.84972; Inset 
G1 X18.725 Y-14.016 Z10.000 F720 A560.85919; Inset 
G1 X18.830 Y-14.063 Z10.000 F720 A560.86322; Inset 
G1 X19.043 Y-14.230 Z10.000 F720 A560.87267; Inset 
G1 X19.190 Y-14.460 Z10.000 F720 A560.88224; Inset 
G1 X19.251 Y-14.715 Z10.000 F720 A560.89141; Inset 
G1 X19.251 Y-14.843 Z10.000 F720 A560.89588; Inset 
G1 X18.559 Y-22.799 Z10.000 F720 A561.17505; Inset 
M73 P83; Update Progress 
G1 X18.537 Y-22.929 Z10.000 F720 A561.17966; Inset 
G1 X18.424 Y-23.184 Z10.000 F720 A561.18943; Inset 
G1 X18.352 Y-23.275 Z10.000 F720 A561.19346; Inset 
G1 X18.138 Y-23.440 Z10.000 F720 A561.20293; Inset 
G1 X17.889 Y-23.524 Z10.000 F720 A561.21211; Inset 
G1 X17.630 Y-23.524 Z10.000 F720 A561.22118; Inset 
G1 X17.371 Y-23.434 Z10.000 F720 A561.23074; Inset 
G1 X17.273 Y-23.369 Z10.000 F720 A561.23486; Inset 
; Chunk 100 
; Lower Position  10 
; Upper Position  10.2 
; Thickness       0.2 
; Width           0.4 
G1 X17.273 Y-23.369 Z10.000 F1500 A559.93486; Retract 
G1 X17.273 Y-23.369 Z10.000 F3000; Retract 
G1 X17.273 Y-23.369 Z10.200 F1380; Travel Move 
G1 X17.550 Y-23.073 Z10.200 F9000; Travel Move 
G1 X17.550 Y-23.073 Z10.200 F1500 A561.23486; Restart 
G1 X17.433 Y-22.951 Z10.200 F1620 A561.24077; Inset 
G1 X17.381 Y-22.832 Z10.200 F1620 A561.24529; Inset 
G1 X17.367 Y-22.653 Z10.200 F1620 A561.25156; Inset 
G1 X18.054 Y-14.758 Z10.200 F1620 A561.52863; Inset 
G1 X18.127 Y-14.552 Z10.200 F1620 A561.53627; Inset 
G1 X18.215 Y-14.457 Z10.200 F1620 A561.54078; Inset 
G1 X18.329 Y-14.396 Z10.200 F1620 A561.54529; Inset 
G1 X18.456 Y-14.376 Z10.200 F1620 A561.54979; Inset 
G1 X18.622 Y-14.408 Z10.200 F1620 A561.55572; Inset 
G1 X18.745 Y-14.504 Z10.200 F1620 A561.56115; Inset 
G1 X18.834 Y-14.653 Z10.200 F1620 A561.56723; Inset 
G1 X18.849 Y-14.850 Z10.200 F1620 A561.57411; Inset 
G1 X18.162 Y-22.747 Z10.200 F1620 A561.85125; Inset 
G1 X18.078 Y-22.976 Z10.200 F1620 A561.85977; Inset 
G1 X17.946 Y-23.083 Z10.200 F1620 A561.86570; Inset 
G1 X17.824 Y-23.124 Z10.200 F1620 A561.87022; Inset 
G1 X17.697 Y-23.124 Z10.200 F1620 A561.87465; Inset 
G1 X17.550 Y-23.073 Z10.200 F1620 A561.88011; Inset 
G1 X17.550 Y-23.073 Z10.200 F1500 A560.58011; Retract 
G1 X17.550 Y-23.073 Z10.200 F3000; Retract 
G1 X17.273 Y-23.370 Z10.200 F9000; Travel Move 
G1 X17.273 Y-23.370 Z10.200 F1500 A561.88011; Restart 
G1 X17.092 Y-23.171 Z10.200 F720 A561.88950; Inset 
G1 X16.988 Y-22.930 Z10.200 F720 A561.89868; Inset 
G1 X16.966 Y-22.652 Z10.200 F720 A561.90844; Inset 
G1 X17.657 Y-14.706 Z10.200 F720 A562.18726; Inset 
G1 X17.679 Y-14.576 Z10.200 F720 A562.19187; Inset 
G1 X17.789 Y-14.329 Z10.200 F720 A562.20134; Inset 
G1 X17.967 Y-14.136 Z10.200 F720 A562.21051; Inset 
G1 X18.199 Y-14.012 Z10.200 F720 A562.21969; Inset 
G1 X18.458 Y-13.970 Z10.200 F720 A562.22886; Inset 
G1 X18.725 Y-14.016 Z10.200 F720 A562.23833; Inset 
G1 X18.830 Y-14.063 Z10.200 F720 A562.24236; Inset 
G1 X19.044 Y-14.230 Z10.200 F720 A562.25185; Inset 
G1 X19.187 Y-14.449 Z10.200 F720 A562.26100; Inset 
G1 X19.229 Y-14.572 Z10.200 F720 A562.26554; Inset 
G1 X19.250 Y-14.852 Z10.200 F720 A562.27534; Inset 
G1 X18.559 Y-22.799 Z10.200 F720 A562.55421; Inset 
G1 X18.537 Y-22.929 Z10.200 F720 A562.55882; Inset 
G1 X18.424 Y-23.184 Z10.200 F720 A562.56859; Inset 
G1 X18.352 Y-23.275 Z10.200 F720 A562.57262; Inset 
G1 X18.138 Y-23.440 Z10.200 F720 A562.58209; Inset 
G1 X17.889 Y-23.524 Z10.200 F720 A562.59127; Inset 
G1 X17.629 Y-23.524 Z10.200 F720 A562.60035; Inset 
G1 X17.371 Y-23.434 Z10.200 F720 A562.60991; Inset 
G1 X17.273 Y-23.370 Z10.200 F720 A562.61401; Inset 
G1 X17.273 Y-23.370 Z10.200 F1500 A561.31401; Retract 
G1 X17.273 Y-23.370 Z10.200 F3000; Retract 
G1 X14.513 Y-8.734 Z10.200 F9000; Travel Move 
G1 X14.513 Y-8.734 Z10.200 F1500 A562.61401; Restart 
G1 X15.056 Y-8.924 Z10.200 F720 A562.63414; Inset 
G1 X15.623 Y-8.923 Z10.200 F720 A562.65395; Inset 
G1 X15.919 Y-8.846 Z10.200 F720 A562.66464; Inset 
G1 X16.413 Y-8.568 Z10.200 F720 A562.68446; Inset 
G1 X16.792 Y-8.135 Z10.200 F720 A562.70458; Inset 
G1 X17.006 Y-7.601 Z10.200 F720 A562.72470; Inset 
G1 X17.029 Y-7.026 Z10.200 F720 A562.74483; Inset 
G1 X16.860 Y-6.476 Z10.200 F720 A562.76495; Inset 
G1 X16.517 Y-6.014 Z10.200 F720 A562.78507; Inset 
G1 X16.039 Y-5.692 Z10.200 F720 A562.80519; Inset 
G1 X15.490 Y-5.550 Z10.200 F720 A562.82501; Inset 
G1 X15.184 Y-5.551 Z10.200 F720 A562.83570; Inset 
G1 X14.645 Y-5.693 Z10.200 F720 A562.85521; Inset 
G1 X14.378 Y-5.842 Z10.200 F720 A562.86590; Inset 
G1 X13.969 Y-6.235 Z10.200 F720 A562.88572; Inset 
G1 X13.711 Y-6.750 Z10.200 F720 A562.90584; Inset 
G1 X13.640 Y-7.312 Z10.200 F720 A562.92566; Inset 
G1 X13.680 Y-7.615 Z10.200 F720 A562.93634; Inset 
G1 X13.889 Y-8.133 Z10.200 F720 A562.95586; Inset 
G1 X14.071 Y-8.378 Z10.200 F720 A562.96655; Inset 
G1 X14.513 Y-8.734 Z10.200 F720 A562.98636; Inset 
G1 X14.513 Y-8.734 Z10.200 F1500 A561.68636; Retract 
G1 X14.513 Y-8.734 Z10.200 F3000; Retract 
G1 X13.928 Y-9.192 Z10.200 F9000; Travel Move 
G1 X13.928 Y-9.192 Z10.200 F1500 A562.98636; Restart 
G1 X13.646 Y-8.923 Z10.200 F720 A563.00000; Inset 
G1 X13.414 Y-8.610 Z10.200 F720 A563.01363; Inset 
G1 X13.237 Y-8.262 Z10.200 F720 A563.02726; Inset 
G1 X13.123 Y-7.889 Z10.200 F720 A563.04090; Inset 
G1 X13.072 Y-7.503 Z10.200 F720 A563.05453; Inset 
G1 X13.088 Y-7.113 Z10.200 F720 A563.06817; Inset 
G1 X13.169 Y-6.732 Z10.200 F720 A563.08180; Inset 
G1 X13.314 Y-6.369 Z10.200 F720 A563.09543; Inset 
G1 X13.518 Y-6.037 Z10.200 F720 A563.10907; Inset 
G1 X13.775 Y-5.744 Z10.200 F720 A563.12270; Inset 
G1 X14.078 Y-5.498 Z10.200 F720 A563.13633; Inset 
M73 P84; Update Progress 
G1 X14.418 Y-5.307 Z10.200 F720 A563.14997; Inset 
G1 X14.786 Y-5.177 Z10.200 F720 A563.16360; Inset 
G1 X15.170 Y-5.110 Z10.200 F720 A563.17724; Inset 
G1 X15.560 Y-5.109 Z10.200 F720 A563.19087; Inset 
G1 X15.944 Y-5.174 Z10.200 F720 A563.20450; Inset 
G1 X16.312 Y-5.304 Z10.200 F720 A563.21814; Inset 
G1 X16.653 Y-5.493 Z10.200 F720 A563.23177; Inset 
G1 X16.957 Y-5.738 Z10.200 F720 A563.24540; Inset 
G1 X17.215 Y-6.030 Z10.200 F720 A563.25904; Inset 
G1 X17.420 Y-6.361 Z10.200 F720 A563.27267; Inset 
G1 X17.566 Y-6.723 Z10.200 F720 A563.28630; Inset 
G1 X17.649 Y-7.104 Z10.200 F720 A563.29994; Inset 
G1 X17.667 Y-7.494 Z10.200 F720 A563.31357; Inset 
G1 X17.618 Y-7.881 Z10.200 F720 A563.32721; Inset 
G1 X17.504 Y-8.254 Z10.200 F720 A563.34084; Inset 
G1 X17.329 Y-8.602 Z10.200 F720 A563.35448; Inset 
G1 X17.098 Y-8.916 Z10.200 F720 A563.36811; Inset 
G1 X16.817 Y-9.187 Z10.200 F720 A563.38174; Inset 
G1 X16.494 Y-9.406 Z10.200 F720 A563.39538; Inset 
G1 X16.139 Y-9.567 Z10.200 F720 A563.40901; Inset 
G1 X15.762 Y-9.666 Z10.200 F720 A563.42265; Inset 
G1 X15.374 Y-9.700 Z10.200 F720 A563.43628; Inset 
G1 X14.985 Y-9.667 Z10.200 F720 A563.44991; Inset 
G1 X14.607 Y-9.570 Z10.200 F720 A563.46355; Inset 
G1 X14.252 Y-9.410 Z10.200 F720 A563.47718; Inset 
G1 X13.928 Y-9.192 Z10.200 F720 A563.49081; Inset 
; Chunk 101 
; Lower Position  10 
; Upper Position  10.2 
; Thickness       0.2 
; Width           0.4 
G1 X13.928 Y-9.192 Z10.200 F1500 A562.19081; Retract 
G1 X13.928 Y-9.192 Z10.200 F3000; Retract 
G1 X14.672 Y-8.062 Z10.200 F9000; Travel Move 
G1 X14.672 Y-8.062 Z10.200 F1500 A563.49081; Restart 
G1 X14.672 Y-6.439 Z10.200 F1620 A563.54754; Support 
; Chunk 102 
; Lower Position  10.2 
; Upper Position  10.4 
; Thickness       0.2 
; Width           0.4 
G1 X14.672 Y-6.439 Z10.200 F1500 A562.24754; Retract 
G1 X14.672 Y-6.439 Z10.200 F3000; Retract 
G1 X14.672 Y-6.439 Z10.400 F1380; Travel Move 
G1 X14.672 Y-6.434 Z10.400 F9000; Travel Move 
G1 X14.672 Y-6.434 Z10.400 F1500 A563.54754; Restart 
G1 X14.672 Y-8.062 Z10.400 F1620 A563.60443; Support 
; Chunk 103 
; Lower Position  10.2 
; Upper Position  10.4 
; Thickness       0.2 
; Width           0.4 
G1 X14.672 Y-8.062 Z10.400 F1500 A562.30443; Retract 
G1 X14.672 Y-8.062 Z10.400 F3000; Retract 
G1 X14.513 Y-8.734 Z10.400 F9000; Travel Move 
G1 X14.513 Y-8.734 Z10.400 F1500 A563.60443; Restart 
G1 X15.056 Y-8.924 Z10.400 F720 A563.62455; Inset 
G1 X15.623 Y-8.923 Z10.400 F720 A563.64437; Inset 
G1 X15.919 Y-8.846 Z10.400 F720 A563.65506; Inset 
G1 X16.413 Y-8.568 Z10.400 F720 A563.67487; Inset 
G1 X16.792 Y-8.135 Z10.400 F720 A563.69500; Inset 
G1 X17.006 Y-7.601 Z10.400 F720 A563.71512; Inset 
G1 X17.029 Y-7.026 Z10.400 F720 A563.73524; Inset 
G1 X16.860 Y-6.476 Z10.400 F720 A563.75537; Inset 
G1 X16.517 Y-6.014 Z10.400 F720 A563.77549; Inset 
G1 X16.039 Y-5.692 Z10.400 F720 A563.79561; Inset 
G1 X15.490 Y-5.550 Z10.400 F720 A563.81543; Inset 
G1 X15.184 Y-5.551 Z10.400 F720 A563.82611; Inset 
G1 X14.645 Y-5.693 Z10.400 F720 A563.84563; Inset 
G1 X14.378 Y-5.842 Z10.400 F720 A563.85632; Inset 
G1 X13.969 Y-6.235 Z10.400 F720 A563.87614; Inset 
G1 X13.711 Y-6.750 Z10.400 F720 A563.89626; Inset 
G1 X13.640 Y-7.312 Z10.400 F720 A563.91608; Inset 
G1 X13.680 Y-7.615 Z10.400 F720 A563.92676; Inset 
G1 X13.889 Y-8.133 Z10.400 F720 A563.94628; Inset 
G1 X14.071 Y-8.378 Z10.400 F720 A563.95696; Inset 
G1 X14.513 Y-8.734 Z10.400 F720 A563.97678; Inset 
G1 X14.513 Y-8.734 Z10.400 F1500 A562.67678; Retract 
G1 X14.513 Y-8.734 Z10.400 F3000; Retract 
G1 X13.928 Y-9.192 Z10.400 F9000; Travel Move 
G1 X13.928 Y-9.192 Z10.400 F1500 A563.97678; Restart 
G1 X13.646 Y-8.923 Z10.400 F720 A563.99041; Inset 
G1 X13.414 Y-8.610 Z10.400 F720 A564.00405; Inset 
G1 X13.237 Y-8.262 Z10.400 F720 A564.01768; Inset 
G1 X13.123 Y-7.889 Z10.400 F720 A564.03131; Inset 
G1 X13.072 Y-7.503 Z10.400 F720 A564.04495; Inset 
G1 X13.088 Y-7.113 Z10.400 F720 A564.05858; Inset 
G1 X13.169 Y-6.732 Z10.400 F720 A564.07221; Inset 
G1 X13.314 Y-6.369 Z10.400 F720 A564.08585; Inset 
G1 X13.518 Y-6.037 Z10.400 F720 A564.09948; Inset 
G1 X13.775 Y-5.744 Z10.400 F720 A564.11312; Inset 
G1 X14.078 Y-5.498 Z10.400 F720 A564.12675; Inset 
G1 X14.418 Y-5.307 Z10.400 F720 A564.14039; Inset 
G1 X14.786 Y-5.177 Z10.400 F720 A564.15402; Inset 
G1 X15.170 Y-5.110 Z10.400 F720 A564.16765; Inset 
G1 X15.560 Y-5.109 Z10.400 F720 A564.18129; Inset 
G1 X15.944 Y-5.174 Z10.400 F720 A564.19492; Inset 
G1 X16.312 Y-5.304 Z10.400 F720 A564.20855; Inset 
G1 X16.653 Y-5.493 Z10.400 F720 A564.22219; Inset 
G1 X16.957 Y-5.738 Z10.400 F720 A564.23582; Inset 
G1 X17.215 Y-6.030 Z10.400 F720 A564.24946; Inset 
G1 X17.420 Y-6.361 Z10.400 F720 A564.26309; Inset 
G1 X17.566 Y-6.723 Z10.400 F720 A564.27672; Inset 
G1 X17.649 Y-7.104 Z10.400 F720 A564.29036; Inset 
G1 X17.667 Y-7.494 Z10.400 F720 A564.30399; Inset 
G1 X17.618 Y-7.881 Z10.400 F720 A564.31762; Inset 
G1 X17.504 Y-8.254 Z10.400 F720 A564.33126; Inset 
G1 X17.329 Y-8.602 Z10.400 F720 A564.34489; Inset 
G1 X17.098 Y-8.916 Z10.400 F720 A564.35852; Inset 
G1 X16.817 Y-9.187 Z10.400 F720 A564.37216; Inset 
G1 X16.494 Y-9.406 Z10.400 F720 A564.38579; Inset 
G1 X16.139 Y-9.567 Z10.400 F720 A564.39943; Inset 
G1 X15.762 Y-9.666 Z10.400 F720 A564.41306; Inset 
G1 X15.374 Y-9.700 Z10.400 F720 A564.42670; Inset 
G1 X14.985 Y-9.667 Z10.400 F720 A564.44033; Inset 
G1 X14.607 Y-9.570 Z10.400 F720 A564.45396; Inset 
G1 X14.252 Y-9.410 Z10.400 F720 A564.46760; Inset 
G1 X13.928 Y-9.192 Z10.400 F720 A564.48123; Inset 
G1 X13.928 Y-9.192 Z10.400 F1500 A563.18123; Retract 
G1 X13.928 Y-9.192 Z10.400 F3000; Retract 
G1 X17.550 Y-23.073 Z10.400 F9000; Travel Move 
G1 X17.550 Y-23.073 Z10.400 F1500 A564.48123; Restart 
G1 X17.433 Y-22.951 Z10.400 F1620 A564.48714; Inset 
G1 X17.381 Y-22.832 Z10.400 F1620 A564.49166; Inset 
G1 X17.367 Y-22.653 Z10.400 F1620 A564.49793; Inset 
G1 X18.054 Y-14.758 Z10.400 F1620 A564.77500; Inset 
G1 X18.127 Y-14.552 Z10.400 F1620 A564.78264; Inset 
G1 X18.215 Y-14.457 Z10.400 F1620 A564.78715; Inset 
G1 X18.329 Y-14.396 Z10.400 F1620 A564.79166; Inset 
G1 X18.456 Y-14.376 Z10.400 F1620 A564.79616; Inset 
G1 X18.622 Y-14.408 Z10.400 F1620 A564.80209; Inset 
G1 X18.745 Y-14.504 Z10.400 F1620 A564.80752; Inset 
G1 X18.834 Y-14.652 Z10.400 F1620 A564.81357; Inset 
G1 X18.849 Y-14.850 Z10.400 F1620 A564.82049; Inset 
G1 X18.162 Y-22.747 Z10.400 F1620 A565.09763; Inset 
G1 X18.078 Y-22.976 Z10.400 F1620 A565.10615; Inset 
G1 X17.946 Y-23.083 Z10.400 F1620 A565.11207; Inset 
G1 X17.824 Y-23.124 Z10.400 F1620 A565.11659; Inset 
G1 X17.697 Y-23.124 Z10.400 F1620 A565.12103; Inset 
G1 X17.550 Y-23.073 Z10.400 F1620 A565.12648; Inset 
G1 X17.550 Y-23.073 Z10.400 F1500 A563.82648; Retract 
G1 X17.550 Y-23.073 Z10.400 F3000; Retract 
G1 X17.273 Y-23.370 Z10.400 F9000; Travel Move 
G1 X17.273 Y-23.370 Z10.400 F1500 A565.12648; Restart 
G1 X17.092 Y-23.171 Z10.400 F720 A565.13589; Inset 
G1 X16.988 Y-22.930 Z10.400 F720 A565.14507; Inset 
G1 X16.966 Y-22.652 Z10.400 F720 A565.15483; Inset 
G1 X17.657 Y-14.706 Z10.400 F720 A565.43364; Inset 
M73 P85; Update Progress 
G1 X17.679 Y-14.576 Z10.400 F720 A565.43825; Inset 
G1 X17.789 Y-14.329 Z10.400 F720 A565.44772; Inset 
G1 X17.967 Y-14.136 Z10.400 F720 A565.45690; Inset 
G1 X18.199 Y-14.012 Z10.400 F720 A565.46607; Inset 
G1 X18.458 Y-13.970 Z10.400 F720 A565.47525; Inset 
G1 X18.725 Y-14.016 Z10.400 F720 A565.48472; Inset 
G1 X18.830 Y-14.063 Z10.400 F720 A565.48875; Inset 
G1 X19.043 Y-14.230 Z10.400 F720 A565.49823; Inset 
G1 X19.187 Y-14.451 Z10.400 F720 A565.50744; Inset 
G1 X19.228 Y-14.571 Z10.400 F720 A565.51189; Inset 
G1 X19.250 Y-14.852 Z10.400 F720 A565.52173; Inset 
G1 X18.559 Y-22.799 Z10.400 F720 A565.80060; Inset 
G1 X18.537 Y-22.929 Z10.400 F720 A565.80521; Inset 
G1 X18.424 Y-23.184 Z10.400 F720 A565.81497; Inset 
G1 X18.352 Y-23.275 Z10.400 F720 A565.81900; Inset 
G1 X18.138 Y-23.440 Z10.400 F720 A565.82847; Inset 
G1 X17.889 Y-23.524 Z10.400 F720 A565.83765; Inset 
G1 X17.629 Y-23.524 Z10.400 F720 A565.84675; Inset 
G1 X17.371 Y-23.434 Z10.400 F720 A565.85629; Inset 
G1 X17.273 Y-23.370 Z10.400 F720 A565.86038; Inset 
; Chunk 104 
; Lower Position  10.4 
; Upper Position  10.6 
; Thickness       0.2 
; Width           0.4 
G1 X17.273 Y-23.370 Z10.400 F1500 A564.56038; Retract 
G1 X17.273 Y-23.370 Z10.400 F3000; Retract 
G1 X17.273 Y-23.370 Z10.600 F1380; Travel Move 
G1 X17.550 Y-23.073 Z10.600 F9000; Travel Move 
G1 X17.550 Y-23.073 Z10.600 F1500 A565.86038; Restart 
G1 X17.433 Y-22.951 Z10.600 F1620 A565.86630; Inset 
G1 X17.381 Y-22.832 Z10.600 F1620 A565.87081; Inset 
G1 X17.367 Y-22.653 Z10.600 F1620 A565.87708; Inset 
G1 X18.054 Y-14.758 Z10.600 F1620 A566.15416; Inset 
G1 X18.127 Y-14.552 Z10.600 F1620 A566.16179; Inset 
G1 X18.215 Y-14.457 Z10.600 F1620 A566.16630; Inset 
G1 X18.329 Y-14.396 Z10.600 F1620 A566.17081; Inset 
G1 X18.456 Y-14.376 Z10.600 F1620 A566.17532; Inset 
G1 X18.622 Y-14.408 Z10.600 F1620 A566.18124; Inset 
G1 X18.744 Y-14.504 Z10.600 F1620 A566.18666; Inset 
G1 X18.833 Y-14.651 Z10.600 F1620 A566.19268; Inset 
G1 X18.849 Y-14.850 Z10.600 F1620 A566.19966; Inset 
G1 X18.162 Y-22.747 Z10.600 F1620 A566.47678; Inset 
G1 X18.078 Y-22.976 Z10.600 F1620 A566.48530; Inset 
G1 X17.946 Y-23.083 Z10.600 F1620 A566.49122; Inset 
G1 X17.824 Y-23.124 Z10.600 F1620 A566.49574; Inset 
G1 X17.697 Y-23.124 Z10.600 F1620 A566.50020; Inset 
G1 X17.550 Y-23.073 Z10.600 F1620 A566.50563; Inset 
G1 X17.550 Y-23.073 Z10.600 F1500 A565.20563; Retract 
G1 X17.550 Y-23.073 Z10.600 F3000; Retract 
G1 X17.274 Y-23.370 Z10.600 F9000; Travel Move 
G1 X17.274 Y-23.370 Z10.600 F1500 A566.50563; Restart 
G1 X17.092 Y-23.171 Z10.600 F720 A566.51506; Inset 
G1 X16.988 Y-22.930 Z10.600 F720 A566.52423; Inset 
G1 X16.966 Y-22.652 Z10.600 F720 A566.53400; Inset 
G1 X17.657 Y-14.706 Z10.600 F720 A566.81281; Inset 
G1 X17.679 Y-14.576 Z10.600 F720 A566.81742; Inset 
G1 X17.789 Y-14.329 Z10.600 F720 A566.82689; Inset 
G1 X17.967 Y-14.136 Z10.600 F720 A566.83607; Inset 
G1 X18.199 Y-14.012 Z10.600 F720 A566.84524; Inset 
G1 X18.458 Y-13.970 Z10.600 F720 A566.85442; Inset 
G1 X18.725 Y-14.016 Z10.600 F720 A566.86389; Inset 
G1 X18.830 Y-14.063 Z10.600 F720 A566.86792; Inset 
G1 X19.043 Y-14.230 Z10.600 F720 A566.87740; Inset 
G1 X19.188 Y-14.452 Z10.600 F720 A566.88666; Inset 
G1 X19.228 Y-14.570 Z10.600 F720 A566.89102; Inset 
G1 X19.250 Y-14.852 Z10.600 F720 A566.90091; Inset 
G1 X18.559 Y-22.799 Z10.600 F720 A567.17976; Inset 
G1 X18.537 Y-22.929 Z10.600 F720 A567.18437; Inset 
G1 X18.424 Y-23.184 Z10.600 F720 A567.19414; Inset 
G1 X18.352 Y-23.275 Z10.600 F720 A567.19817; Inset 
G1 X18.138 Y-23.440 Z10.600 F720 A567.20764; Inset 
G1 X17.889 Y-23.524 Z10.600 F720 A567.21682; Inset 
G1 X17.628 Y-23.524 Z10.600 F720 A567.22593; Inset 
G1 X17.371 Y-23.434 Z10.600 F720 A567.23546; Inset 
G1 X17.274 Y-23.370 Z10.600 F720 A567.23953; Inset 
G1 X17.274 Y-23.370 Z10.600 F1500 A565.93953; Retract 
G1 X17.274 Y-23.370 Z10.600 F3000; Retract 
G1 X14.513 Y-8.734 Z10.600 F9000; Travel Move 
G1 X14.513 Y-8.734 Z10.600 F1500 A567.23953; Restart 
G1 X15.056 Y-8.924 Z10.600 F720 A567.25966; Inset 
G1 X15.623 Y-8.923 Z10.600 F720 A567.27948; Inset 
M73 P86; Update Progress 
G1 X15.919 Y-8.846 Z10.600 F720 A567.29016; Inset 
G1 X16.413 Y-8.568 Z10.600 F720 A567.30998; Inset 
G1 X16.792 Y-8.135 Z10.600 F720 A567.33010; Inset 
G1 X17.006 Y-7.601 Z10.600 F720 A567.35023; Inset 
G1 X17.029 Y-7.026 Z10.600 F720 A567.37035; Inset 
G1 X16.860 Y-6.476 Z10.600 F720 A567.39047; Inset 
G1 X16.517 Y-6.014 Z10.600 F720 A567.41059; Inset 
G1 X16.039 Y-5.692 Z10.600 F720 A567.43072; Inset 
G1 X15.490 Y-5.550 Z10.600 F720 A567.45054; Inset 
G1 X15.184 Y-5.551 Z10.600 F720 A567.46122; Inset 
G1 X14.645 Y-5.693 Z10.600 F720 A567.48074; Inset 
G1 X14.378 Y-5.842 Z10.600 F720 A567.49142; Inset 
G1 X13.969 Y-6.235 Z10.600 F720 A567.51124; Inset 
G1 X13.711 Y-6.750 Z10.600 F720 A567.53136; Inset 
G1 X13.640 Y-7.312 Z10.600 F720 A567.55118; Inset 
G1 X13.680 Y-7.615 Z10.600 F720 A567.56187; Inset 
G1 X13.889 Y-8.133 Z10.600 F720 A567.58138; Inset 
G1 X14.071 Y-8.378 Z10.600 F720 A567.59207; Inset 
G1 X14.513 Y-8.734 Z10.600 F720 A567.61189; Inset 
G1 X14.513 Y-8.734 Z10.600 F1500 A566.31189; Retract 
G1 X14.513 Y-8.734 Z10.600 F3000; Retract 
G1 X13.928 Y-9.192 Z10.600 F9000; Travel Move 
G1 X13.928 Y-9.192 Z10.600 F1500 A567.61189; Restart 
G1 X13.646 Y-8.923 Z10.600 F720 A567.62552; Inset 
G1 X13.414 Y-8.610 Z10.600 F720 A567.63915; Inset 
G1 X13.237 Y-8.262 Z10.600 F720 A567.65279; Inset 
G1 X13.123 Y-7.889 Z10.600 F720 A567.66642; Inset 
G1 X13.072 Y-7.503 Z10.600 F720 A567.68005; Inset 
G1 X13.088 Y-7.113 Z10.600 F720 A567.69369; Inset 
G1 X13.169 Y-6.732 Z10.600 F720 A567.70732; Inset 
G1 X13.314 Y-6.369 Z10.600 F720 A567.72096; Inset 
G1 X13.518 Y-6.037 Z10.600 F720 A567.73459; Inset 
G1 X13.775 Y-5.744 Z10.600 F720 A567.74822; Inset 
G1 X14.078 Y-5.498 Z10.600 F720 A567.76186; Inset 
G1 X14.418 Y-5.307 Z10.600 F720 A567.77549; Inset 
G1 X14.786 Y-5.177 Z10.600 F720 A567.78913; Inset 
G1 X15.170 Y-5.110 Z10.600 F720 A567.80276; Inset 
G1 X15.560 Y-5.109 Z10.600 F720 A567.81639; Inset 
G1 X15.944 Y-5.174 Z10.600 F720 A567.83003; Inset 
G1 X16.312 Y-5.304 Z10.600 F720 A567.84366; Inset 
G1 X16.653 Y-5.493 Z10.600 F720 A567.85730; Inset 
G1 X16.957 Y-5.738 Z10.600 F720 A567.87093; Inset 
G1 X17.215 Y-6.030 Z10.600 F720 A567.88456; Inset 
G1 X17.420 Y-6.361 Z10.600 F720 A567.89820; Inset 
G1 X17.566 Y-6.723 Z10.600 F720 A567.91183; Inset 
G1 X17.649 Y-7.104 Z10.600 F720 A567.92546; Inset 
G1 X17.667 Y-7.494 Z10.600 F720 A567.93910; Inset 
G1 X17.618 Y-7.881 Z10.600 F720 A567.95273; Inset 
G1 X17.504 Y-8.254 Z10.600 F720 A567.96637; Inset 
G1 X17.329 Y-8.602 Z10.600 F720 A567.98000; Inset 
G1 X17.098 Y-8.916 Z10.600 F720 A567.99363; Inset 
G1 X16.817 Y-9.187 Z10.600 F720 A568.00727; Inset 
G1 X16.494 Y-9.406 Z10.600 F720 A568.02090; Inset 
G1 X16.139 Y-9.567 Z10.600 F720 A568.03454; Inset 
G1 X15.762 Y-9.666 Z10.600 F720 A568.04817; Inset 
G1 X15.374 Y-9.700 Z10.600 F720 A568.06180; Inset 
G1 X14.985 Y-9.667 Z10.600 F720 A568.07543; Inset 
G1 X14.607 Y-9.570 Z10.600 F720 A568.08907; Inset 
G1 X14.252 Y-9.410 Z10.600 F720 A568.10270; Inset 
G1 X13.928 Y-9.192 Z10.600 F720 A568.11634; Inset 
; Chunk 105 
; Lower Position  10.4 
; Upper Position  10.6 
; Thickness       0.2 
; Width           0.4 
G1 X13.928 Y-9.192 Z10.600 F1500 A566.81634; Retract 
G1 X13.928 Y-9.192 Z10.600 F3000; Retract 
G1 X14.672 Y-8.062 Z10.600 F9000; Travel Move 
G1 X14.672 Y-8.062 Z10.600 F1500 A568.11634; Restart 
G1 X14.672 Y-6.433 Z10.600 F1620 A568.17326; Support 
; Chunk 106 
; Lower Position  10.6 
; Upper Position  10.8 
; Thickness       0.2 
; Width           0.4 
G1 X14.672 Y-6.433 Z10.600 F1500 A566.87326; Retract 
G1 X14.672 Y-6.433 Z10.600 F3000; Retract 
G1 X14.672 Y-6.433 Z10.800 F1380; Travel Move 
G1 X14.672 Y-6.433 Z10.800 F9000; Travel Move 
G1 X14.672 Y-6.433 Z10.800 F1500 A568.17326; Restart 
G1 X14.672 Y-8.062 Z10.800 F1620 A568.23019; Support 
; Chunk 107 
; Lower Position  10.6 
; Upper Position  10.8 
; Thickness       0.2 
; Width           0.4 
G1 X14.672 Y-8.062 Z10.800 F1500 A566.93019; Retract 
G1 X14.672 Y-8.062 Z10.800 F3000; Retract 
G1 X14.513 Y-8.734 Z10.800 F9000; Travel Move 
G1 X14.513 Y-8.734 Z10.800 F1500 A568.23019; Restart 
G1 X15.056 Y-8.924 Z10.800 F720 A568.25031; Inset 
G1 X15.623 Y-8.923 Z10.800 F720 A568.27013; Inset 
G1 X15.919 Y-8.846 Z10.800 F720 A568.28082; Inset 
G1 X16.413 Y-8.568 Z10.800 F720 A568.30064; Inset 
G1 X16.792 Y-8.135 Z10.800 F720 A568.32076; Inset 
G1 X17.006 Y-7.601 Z10.800 F720 A568.34088; Inset 
G1 X17.029 Y-7.026 Z10.800 F720 A568.36100; Inset 
G1 X16.860 Y-6.476 Z10.800 F720 A568.38113; Inset 
G1 X16.517 Y-6.014 Z10.800 F720 A568.40125; Inset 
G1 X16.039 Y-5.692 Z10.800 F720 A568.42137; Inset 
G1 X15.490 Y-5.550 Z10.800 F720 A568.44119; Inset 
G1 X15.184 Y-5.551 Z10.800 F720 A568.45188; Inset 
G1 X14.645 Y-5.693 Z10.800 F720 A568.47139; Inset 
G1 X14.378 Y-5.842 Z10.800 F720 A568.48208; Inset 
G1 X13.969 Y-6.235 Z10.800 F720 A568.50190; Inset 
G1 X13.711 Y-6.750 Z10.800 F720 A568.52202; Inset 
G1 X13.640 Y-7.312 Z10.800 F720 A568.54184; Inset 
G1 X13.680 Y-7.615 Z10.800 F720 A568.55252; Inset 
G1 X13.889 Y-8.133 Z10.800 F720 A568.57204; Inset 
G1 X14.071 Y-8.378 Z10.800 F720 A568.58272; Inset 
G1 X14.513 Y-8.734 Z10.800 F720 A568.60254; Inset 
G1 X14.513 Y-8.734 Z10.800 F1500 A567.30254; Retract 
G1 X14.513 Y-8.734 Z10.800 F3000; Retract 
G1 X13.928 Y-9.192 Z10.800 F9000; Travel Move 
G1 X13.928 Y-9.192 Z10.800 F1500 A568.60254; Restart 
G1 X13.646 Y-8.923 Z10.800 F720 A568.61618; Inset 
G1 X13.414 Y-8.610 Z10.800 F720 A568.62981; Inset 
G1 X13.237 Y-8.262 Z10.800 F720 A568.64344; Inset 
G1 X13.123 Y-7.889 Z10.800 F720 A568.65708; Inset 
G1 X13.072 Y-7.503 Z10.800 F720 A568.67071; Inset 
G1 X13.088 Y-7.113 Z10.800 F720 A568.68435; Inset 
G1 X13.169 Y-6.732 Z10.800 F720 A568.69798; Inset 
G1 X13.314 Y-6.369 Z10.800 F720 A568.71161; Inset 
G1 X13.518 Y-6.037 Z10.800 F720 A568.72525; Inset 
G1 X13.775 Y-5.744 Z10.800 F720 A568.73888; Inset 
G1 X14.078 Y-5.498 Z10.800 F720 A568.75251; Inset 
G1 X14.418 Y-5.307 Z10.800 F720 A568.76615; Inset 
G1 X14.786 Y-5.177 Z10.800 F720 A568.77978; Inset 
G1 X15.170 Y-5.110 Z10.800 F720 A568.79341; Inset 
G1 X15.560 Y-5.109 Z10.800 F720 A568.80705; Inset 
G1 X15.944 Y-5.174 Z10.800 F720 A568.82068; Inset 
G1 X16.312 Y-5.304 Z10.800 F720 A568.83431; Inset 
G1 X16.653 Y-5.493 Z10.800 F720 A568.84795; Inset 
G1 X16.957 Y-5.738 Z10.800 F720 A568.86158; Inset 
G1 X17.215 Y-6.030 Z10.800 F720 A568.87522; Inset 
G1 X17.420 Y-6.361 Z10.800 F720 A568.88885; Inset 
G1 X17.566 Y-6.723 Z10.800 F720 A568.90248; Inset 
G1 X17.649 Y-7.104 Z10.800 F720 A568.91612; Inset 
G1 X17.667 Y-7.494 Z10.800 F720 A568.92975; Inset 
G1 X17.618 Y-7.881 Z10.800 F720 A568.94339; Inset 
G1 X17.504 Y-8.254 Z10.800 F720 A568.95702; Inset 
G1 X17.329 Y-8.602 Z10.800 F720 A568.97065; Inset 
G1 X17.098 Y-8.916 Z10.800 F720 A568.98429; Inset 
G1 X16.817 Y-9.187 Z10.800 F720 A568.99792; Inset 
G1 X16.494 Y-9.406 Z10.800 F720 A569.01156; Inset 
G1 X16.139 Y-9.567 Z10.800 F720 A569.02519; Inset 
G1 X15.762 Y-9.666 Z10.800 F720 A569.03882; Inset 
G1 X15.374 Y-9.700 Z10.800 F720 A569.05246; Inset 
M73 P87; Update Progress 
G1 X14.985 Y-9.667 Z10.800 F720 A569.06609; Inset 
G1 X14.607 Y-9.570 Z10.800 F720 A569.07973; Inset 
G1 X14.252 Y-9.410 Z10.800 F720 A569.09336; Inset 
G1 X13.928 Y-9.192 Z10.800 F720 A569.10699; Inset 
G1 X13.928 Y-9.192 Z10.800 F1500 A567.80699; Retract 
G1 X13.928 Y-9.192 Z10.800 F3000; Retract 
G1 X17.550 Y-23.073 Z10.800 F9000; Travel Move 
G1 X17.550 Y-23.073 Z10.800 F1500 A569.10699; Restart 
G1 X17.433 Y-22.950 Z10.800 F1620 A569.11291; Inset 
G1 X17.381 Y-22.832 Z10.800 F1620 A569.11742; Inset 
G1 X17.367 Y-22.653 Z10.800 F1620 A569.12369; Inset 
G1 X18.054 Y-14.758 Z10.800 F1620 A569.40077; Inset 
G1 X18.127 Y-14.552 Z10.800 F1620 A569.40840; Inset 
G1 X18.215 Y-14.457 Z10.800 F1620 A569.41291; Inset 
G1 X18.329 Y-14.396 Z10.800 F1620 A569.41742; Inset 
G1 X18.456 Y-14.376 Z10.800 F1620 A569.42193; Inset 
G1 X18.622 Y-14.408 Z10.800 F1620 A569.42785; Inset 
G1 X18.744 Y-14.504 Z10.800 F1620 A569.43326; Inset 
G1 X18.833 Y-14.650 Z10.800 F1620 A569.43926; Inset 
G1 X18.849 Y-14.851 Z10.800 F1620 A569.44628; Inset 
G1 X18.162 Y-22.747 Z10.800 F1620 A569.72339; Inset 
G1 X18.078 Y-22.976 Z10.800 F1620 A569.73191; Inset 
G1 X17.946 Y-23.083 Z10.800 F1620 A569.73783; Inset 
G1 X17.824 Y-23.124 Z10.800 F1620 A569.74235; Inset 
G1 X17.696 Y-23.124 Z10.800 F1620 A569.74682; Inset 
G1 X17.550 Y-23.073 Z10.800 F1620 A569.75224; Inset 
G1 X17.550 Y-23.073 Z10.800 F1500 A568.45224; Retract 
G1 X17.550 Y-23.073 Z10.800 F3000; Retract 
G1 X17.274 Y-23.370 Z10.800 F9000; Travel Move 
G1 X17.274 Y-23.370 Z10.800 F1500 A569.75224; Restart 
G1 X17.092 Y-23.171 Z10.800 F720 A569.76168; Inset 
G1 X16.988 Y-22.930 Z10.800 F720 A569.77086; Inset 
G1 X16.966 Y-22.652 Z10.800 F720 A569.78062; Inset 
G1 X17.657 Y-14.706 Z10.800 F720 A570.05943; Inset 
G1 X17.679 Y-14.576 Z10.800 F720 A570.06404; Inset 
G1 X17.789 Y-14.329 Z10.800 F720 A570.07351; Inset 
G1 X17.967 Y-14.136 Z10.800 F720 A570.08269; Inset 
G1 X18.199 Y-14.012 Z10.800 F720 A570.09186; Inset 
G1 X18.458 Y-13.970 Z10.800 F720 A570.10104; Inset 
G1 X18.725 Y-14.016 Z10.800 F720 A570.11051; Inset 
G1 X18.830 Y-14.063 Z10.800 F720 A570.11454; Inset 
G1 X19.043 Y-14.230 Z10.800 F720 A570.12402; Inset 
G1 X19.189 Y-14.454 Z10.800 F720 A570.13334; Inset 
G1 X19.228 Y-14.569 Z10.800 F720 A570.13761; Inset 
G1 X19.250 Y-14.852 Z10.800 F720 A570.14754; Inset 
G1 X18.559 Y-22.799 Z10.800 F720 A570.42638; Inset 
G1 X18.537 Y-22.929 Z10.800 F720 A570.43099; Inset 
G1 X18.424 Y-23.184 Z10.800 F720 A570.44076; Inset 
G1 X18.352 Y-23.275 Z10.800 F720 A570.44479; Inset 
G1 X18.138 Y-23.440 Z10.800 F720 A570.45426; Inset 
G1 X17.889 Y-23.524 Z10.800 F720 A570.46344; Inset 
G1 X17.628 Y-23.523 Z10.800 F720 A570.47257; Inset 
G1 X17.371 Y-23.434 Z10.800 F720 A570.48208; Inset 
G1 X17.274 Y-23.370 Z10.800 F720 A570.48614; Inset 
; Chunk 108 
; Lower Position  10.8 
; Upper Position  11 
; Thickness       0.2 
; Width           0.4 
G1 X17.274 Y-23.370 Z10.800 F1500 A569.18614; Retract 
G1 X17.274 Y-23.370 Z10.800 F3000; Retract 
G1 X17.274 Y-23.370 Z11.000 F1380; Travel Move 
G1 X17.550 Y-23.073 Z11.000 F9000; Travel Move 
G1 X17.550 Y-23.073 Z11.000 F1500 A570.48614; Restart 
G1 X17.433 Y-22.950 Z11.000 F1620 A570.49206; Inset 
G1 X17.381 Y-22.832 Z11.000 F1620 A570.49658; Inset 
G1 X17.367 Y-22.653 Z11.000 F1620 A570.50284; Inset 
G1 X18.054 Y-14.758 Z11.000 F1620 A570.77992; Inset 
G1 X18.127 Y-14.552 Z11.000 F1620 A570.78756; Inset 
G1 X18.215 Y-14.457 Z11.000 F1620 A570.79206; Inset 
G1 X18.366 Y-14.381 Z11.000 F1620 A570.79799; Inset 
G1 X18.520 Y-14.381 Z11.000 F1620 A570.80338; Inset 
G1 X18.642 Y-14.424 Z11.000 F1620 A570.80789; Inset 
G1 X18.744 Y-14.504 Z11.000 F1620 A570.81241; Inset 
G1 X18.833 Y-14.649 Z11.000 F1620 A570.81838; Inset 
G1 X18.849 Y-14.851 Z11.000 F1620 A570.82545; Inset 
G1 X18.162 Y-22.747 Z11.000 F1620 A571.10255; Inset 
G1 X18.078 Y-22.976 Z11.000 F1620 A571.11107; Inset 
G1 X17.946 Y-23.083 Z11.000 F1620 A571.11699; Inset 
G1 X17.824 Y-23.124 Z11.000 F1620 A571.12150; Inset 
G1 X17.696 Y-23.124 Z11.000 F1620 A571.12598; Inset 
G1 X17.550 Y-23.073 Z11.000 F1620 A571.13140; Inset 
G1 X17.550 Y-23.073 Z11.000 F1500 A569.83140; Retract 
G1 X17.550 Y-23.073 Z11.000 F3000; Retract 
G1 X17.274 Y-23.370 Z11.000 F9000; Travel Move 
G1 X17.274 Y-23.370 Z11.000 F1500 A571.13140; Restart 
G1 X17.092 Y-23.171 Z11.000 F720 A571.14085; Inset 
G1 X16.988 Y-22.930 Z11.000 F720 A571.15002; Inset 
G1 X16.966 Y-22.652 Z11.000 F720 A571.15978; Inset 
G1 X17.657 Y-14.706 Z11.000 F720 A571.43860; Inset 
G1 X17.679 Y-14.576 Z11.000 F720 A571.44321; Inset 
G1 X17.789 Y-14.329 Z11.000 F720 A571.45268; Inset 
G1 X17.967 Y-14.136 Z11.000 F720 A571.46185; Inset 
M73 P88; Update Progress 
G1 X18.206 Y-14.008 Z11.000 F720 A571.47132; Inset 
G1 X18.318 Y-13.981 Z11.000 F720 A571.47536; Inset 
G1 X18.589 Y-13.982 Z11.000 F720 A571.48482; Inset 
G1 X18.837 Y-14.068 Z11.000 F720 A571.49400; Inset 
G1 X19.043 Y-14.230 Z11.000 F720 A571.50318; Inset 
G1 X19.189 Y-14.455 Z11.000 F720 A571.51255; Inset 
G1 X19.228 Y-14.568 Z11.000 F720 A571.51674; Inset 
G1 X19.250 Y-14.853 Z11.000 F720 A571.52672; Inset 
G1 X18.559 Y-22.799 Z11.000 F720 A571.80555; Inset 
G1 X18.537 Y-22.929 Z11.000 F720 A571.81016; Inset 
G1 X18.424 Y-23.184 Z11.000 F720 A571.81992; Inset 
G1 X18.352 Y-23.275 Z11.000 F720 A571.82395; Inset 
G1 X18.138 Y-23.440 Z11.000 F720 A571.83342; Inset 
G1 X17.889 Y-23.524 Z11.000 F720 A571.84260; Inset 
G1 X17.628 Y-23.523 Z11.000 F720 A571.85175; Inset 
G1 X17.371 Y-23.434 Z11.000 F720 A571.86124; Inset 
G1 X17.274 Y-23.370 Z11.000 F720 A571.86530; Inset 
G1 X17.274 Y-23.370 Z11.000 F1500 A570.56530; Retract 
G1 X17.274 Y-23.370 Z11.000 F3000; Retract 
G1 X14.513 Y-8.734 Z11.000 F9000; Travel Move 
G1 X14.513 Y-8.734 Z11.000 F1500 A571.86530; Restart 
G1 X15.056 Y-8.924 Z11.000 F720 A571.88542; Inset 
G1 X15.623 Y-8.923 Z11.000 F720 A571.90524; Inset 
G1 X15.919 Y-8.846 Z11.000 F720 A571.91592; Inset 
G1 X16.413 Y-8.568 Z11.000 F720 A571.93574; Inset 
G1 X16.792 Y-8.135 Z11.000 F720 A571.95587; Inset 
G1 X17.006 Y-7.601 Z11.000 F720 A571.97599; Inset 
G1 X17.029 Y-7.026 Z11.000 F720 A571.99611; Inset 
G1 X16.860 Y-6.476 Z11.000 F720 A572.01623; Inset 
G1 X16.517 Y-6.014 Z11.000 F720 A572.03636; Inset 
G1 X16.039 Y-5.692 Z11.000 F720 A572.05648; Inset 
G1 X15.490 Y-5.550 Z11.000 F720 A572.07630; Inset 
G1 X15.184 Y-5.551 Z11.000 F720 A572.08698; Inset 
G1 X14.645 Y-5.693 Z11.000 F720 A572.10650; Inset 
G1 X14.378 Y-5.842 Z11.000 F720 A572.11718; Inset 
G1 X13.969 Y-6.235 Z11.000 F720 A572.13700; Inset 
G1 X13.711 Y-6.750 Z11.000 F720 A572.15712; Inset 
G1 X13.640 Y-7.312 Z11.000 F720 A572.17695; Inset 
G1 X13.680 Y-7.615 Z11.000 F720 A572.18763; Inset 
G1 X13.889 Y-8.133 Z11.000 F720 A572.20715; Inset 
G1 X14.071 Y-8.378 Z11.000 F720 A572.21783; Inset 
G1 X14.513 Y-8.734 Z11.000 F720 A572.23765; Inset 
G1 X14.513 Y-8.734 Z11.000 F1500 A570.93765; Retract 
G1 X14.513 Y-8.734 Z11.000 F3000; Retract 
G1 X13.928 Y-9.192 Z11.000 F9000; Travel Move 
G1 X13.928 Y-9.192 Z11.000 F1500 A572.23765; Restart 
G1 X13.646 Y-8.923 Z11.000 F720 A572.25128; Inset 
G1 X13.414 Y-8.610 Z11.000 F720 A572.26492; Inset 
G1 X13.237 Y-8.262 Z11.000 F720 A572.27855; Inset 
G1 X13.123 Y-7.889 Z11.000 F720 A572.29218; Inset 
G1 X13.072 Y-7.503 Z11.000 F720 A572.30581; Inset 
G1 X13.088 Y-7.113 Z11.000 F720 A572.31945; Inset 
G1 X13.169 Y-6.732 Z11.000 F720 A572.33308; Inset 
G1 X13.314 Y-6.369 Z11.000 F720 A572.34672; Inset 
G1 X13.518 Y-6.037 Z11.000 F720 A572.36035; Inset 
G1 X13.775 Y-5.744 Z11.000 F720 A572.37399; Inset 
G1 X14.078 Y-5.498 Z11.000 F720 A572.38762; Inset 
G1 X14.418 Y-5.307 Z11.000 F720 A572.40125; Inset 
G1 X14.786 Y-5.177 Z11.000 F720 A572.41489; Inset 
G1 X15.170 Y-5.110 Z11.000 F720 A572.42852; Inset 
G1 X15.560 Y-5.109 Z11.000 F720 A572.44215; Inset 
G1 X15.944 Y-5.174 Z11.000 F720 A572.45579; Inset 
G1 X16.312 Y-5.304 Z11.000 F720 A572.46942; Inset 
G1 X16.653 Y-5.493 Z11.000 F720 A572.48306; Inset 
G1 X16.957 Y-5.738 Z11.000 F720 A572.49669; Inset 
G1 X17.215 Y-6.030 Z11.000 F720 A572.51032; Inset 
G1 X17.420 Y-6.361 Z11.000 F720 A572.52396; Inset 
G1 X17.566 Y-6.723 Z11.000 F720 A572.53759; Inset 
G1 X17.649 Y-7.104 Z11.000 F720 A572.55123; Inset 
G1 X17.667 Y-7.494 Z11.000 F720 A572.56486; Inset 
G1 X17.618 Y-7.881 Z11.000 F720 A572.57849; Inset 
G1 X17.504 Y-8.254 Z11.000 F720 A572.59213; Inset 
G1 X17.329 Y-8.602 Z11.000 F720 A572.60576; Inset 
G1 X17.098 Y-8.916 Z11.000 F720 A572.61939; Inset 
G1 X16.817 Y-9.187 Z11.000 F720 A572.63303; Inset 
G1 X16.494 Y-9.406 Z11.000 F720 A572.64666; Inset 
G1 X16.139 Y-9.567 Z11.000 F720 A572.66030; Inset 
G1 X15.762 Y-9.666 Z11.000 F720 A572.67393; Inset 
G1 X15.374 Y-9.700 Z11.000 F720 A572.68756; Inset 
G1 X14.985 Y-9.667 Z11.000 F720 A572.70119; Inset 
G1 X14.607 Y-9.570 Z11.000 F720 A572.71483; Inset 
G1 X14.252 Y-9.410 Z11.000 F720 A572.72847; Inset 
G1 X13.928 Y-9.192 Z11.000 F720 A572.74210; Inset 
; Chunk 109 
; Lower Position  10.8 
; Upper Position  11 
; Thickness       0.2 
; Width           0.4 
G1 X13.928 Y-9.192 Z11.000 F1500 A571.44210; Retract 
G1 X13.928 Y-9.192 Z11.000 F3000; Retract 
G1 X14.672 Y-8.062 Z11.000 F9000; Travel Move 
G1 X14.672 Y-8.062 Z11.000 F1500 A572.74210; Restart 
G1 X14.672 Y-6.433 Z11.000 F1620 A572.79903; Support 
; Chunk 110 
; Lower Position  11 
; Upper Position  11.2 
; Thickness       0.2 
; Width           0.4 
G1 X14.672 Y-6.433 Z11.000 F1500 A571.49903; Retract 
G1 X14.672 Y-6.433 Z11.000 F3000; Retract 
G1 X14.672 Y-6.433 Z11.200 F1380; Travel Move 
G1 X14.672 Y-6.433 Z11.200 F9000; Travel Move 
G1 X14.672 Y-6.433 Z11.200 F1500 A572.79903; Restart 
G1 X14.672 Y-8.062 Z11.200 F1620 A572.85596; Support 
; Chunk 111 
; Lower Position  11 
; Upper Position  11.2 
; Thickness       0.2 
; Width           0.4 
G1 X14.672 Y-8.062 Z11.200 F1500 A571.55596; Retract 
G1 X14.672 Y-8.062 Z11.200 F3000; Retract 
G1 X14.513 Y-8.734 Z11.200 F9000; Travel Move 
G1 X14.513 Y-8.734 Z11.200 F1500 A572.85596; Restart 
G1 X15.056 Y-8.924 Z11.200 F720 A572.87609; Inset 
G1 X15.623 Y-8.923 Z11.200 F720 A572.89590; Inset 
G1 X15.919 Y-8.846 Z11.200 F720 A572.90659; Inset 
G1 X16.413 Y-8.568 Z11.200 F720 A572.92641; Inset 
G1 X16.792 Y-8.135 Z11.200 F720 A572.94653; Inset 
G1 X17.006 Y-7.601 Z11.200 F720 A572.96665; Inset 
G1 X17.029 Y-7.026 Z11.200 F720 A572.98678; Inset 
G1 X16.860 Y-6.476 Z11.200 F720 A573.00690; Inset 
G1 X16.517 Y-6.014 Z11.200 F720 A573.02702; Inset 
G1 X16.039 Y-5.692 Z11.200 F720 A573.04714; Inset 
G1 X15.490 Y-5.550 Z11.200 F720 A573.06696; Inset 
G1 X15.184 Y-5.551 Z11.200 F720 A573.07765; Inset 
G1 X14.645 Y-5.693 Z11.200 F720 A573.09716; Inset 
G1 X14.378 Y-5.842 Z11.200 F720 A573.10785; Inset 
G1 X13.969 Y-6.235 Z11.200 F720 A573.12767; Inset 
G1 X13.711 Y-6.750 Z11.200 F720 A573.14779; Inset 
G1 X13.640 Y-7.312 Z11.200 F720 A573.16761; Inset 
G1 X13.680 Y-7.615 Z11.200 F720 A573.17829; Inset 
G1 X13.889 Y-8.133 Z11.200 F720 A573.19781; Inset 
M73 P89; Update Progress 
G1 X14.071 Y-8.378 Z11.200 F720 A573.20850; Inset 
G1 X14.513 Y-8.734 Z11.200 F720 A573.22831; Inset 
G1 X14.513 Y-8.734 Z11.200 F1500 A571.92831; Retract 
G1 X14.513 Y-8.734 Z11.200 F3000; Retract 
G1 X13.928 Y-9.192 Z11.200 F9000; Travel Move 
G1 X13.928 Y-9.192 Z11.200 F1500 A573.22831; Restart 
G1 X13.646 Y-8.923 Z11.200 F720 A573.24195; Inset 
G1 X13.414 Y-8.610 Z11.200 F720 A573.25558; Inset 
G1 X13.237 Y-8.262 Z11.200 F720 A573.26921; Inset 
G1 X13.123 Y-7.889 Z11.200 F720 A573.28285; Inset 
G1 X13.072 Y-7.503 Z11.200 F720 A573.29648; Inset 
G1 X13.088 Y-7.113 Z11.200 F720 A573.31012; Inset 
G1 X13.169 Y-6.732 Z11.200 F720 A573.32375; Inset 
G1 X13.314 Y-6.369 Z11.200 F720 A573.33738; Inset 
G1 X13.518 Y-6.037 Z11.200 F720 A573.35102; Inset 
G1 X13.775 Y-5.744 Z11.200 F720 A573.36465; Inset 
G1 X14.078 Y-5.498 Z11.200 F720 A573.37828; Inset 
G1 X14.418 Y-5.307 Z11.200 F720 A573.39192; Inset 
G1 X14.786 Y-5.177 Z11.200 F720 A573.40555; Inset 
G1 X15.170 Y-5.110 Z11.200 F720 A573.41919; Inset 
G1 X15.560 Y-5.109 Z11.200 F720 A573.43282; Inset 
G1 X15.944 Y-5.174 Z11.200 F720 A573.44645; Inset 
G1 X16.312 Y-5.304 Z11.200 F720 A573.46009; Inset 
G1 X16.653 Y-5.493 Z11.200 F720 A573.47372; Inset 
G1 X16.957 Y-5.738 Z11.200 F720 A573.48735; Inset 
G1 X17.215 Y-6.030 Z11.200 F720 A573.50099; Inset 
G1 X17.420 Y-6.361 Z11.200 F720 A573.51462; Inset 
G1 X17.566 Y-6.723 Z11.200 F720 A573.52825; Inset 
G1 X17.649 Y-7.104 Z11.200 F720 A573.54189; Inset 
G1 X17.667 Y-7.494 Z11.200 F720 A573.55552; Inset 
G1 X17.618 Y-7.881 Z11.200 F720 A573.56916; Inset 
G1 X17.504 Y-8.254 Z11.200 F720 A573.58279; Inset 
G1 X17.329 Y-8.602 Z11.200 F720 A573.59643; Inset 
G1 X17.098 Y-8.916 Z11.200 F720 A573.61006; Inset 
G1 X16.817 Y-9.187 Z11.200 F720 A573.62369; Inset 
G1 X16.494 Y-9.406 Z11.200 F720 A573.63733; Inset 
G1 X16.139 Y-9.567 Z11.200 F720 A573.65096; Inset 
G1 X15.762 Y-9.666 Z11.200 F720 A573.66460; Inset 
G1 X15.374 Y-9.700 Z11.200 F720 A573.67823; Inset 
G1 X14.985 Y-9.667 Z11.200 F720 A573.69186; Inset 
G1 X14.607 Y-9.570 Z11.200 F720 A573.70550; Inset 
G1 X14.252 Y-9.410 Z11.200 F720 A573.71913; Inset 
G1 X13.928 Y-9.192 Z11.200 F720 A573.73276; Inset 
G1 X13.928 Y-9.192 Z11.200 F1500 A572.43276; Retract 
G1 X13.928 Y-9.192 Z11.200 F3000; Retract 
G1 X17.536 Y-23.064 Z11.200 F9000; Travel Move 
G1 X17.536 Y-23.064 Z11.200 F1500 A573.73276; Restart 
G1 X17.433 Y-22.950 Z11.200 F1620 A573.73815; Inset 
G1 X17.381 Y-22.832 Z11.200 F1620 A573.74266; Inset 
G1 X17.367 Y-22.653 Z11.200 F1620 A573.74893; Inset 
G1 X18.054 Y-14.758 Z11.200 F1620 A574.02600; Inset 
G1 X18.127 Y-14.552 Z11.200 F1620 A574.03364; Inset 
G1 X18.215 Y-14.457 Z11.200 F1620 A574.03815; Inset 
G1 X18.366 Y-14.381 Z11.200 F1620 A574.04407; Inset 
G1 X18.520 Y-14.381 Z11.200 F1620 A574.04946; Inset 
G1 X18.642 Y-14.424 Z11.200 F1620 A574.05397; Inset 
G1 X18.744 Y-14.503 Z11.200 F1620 A574.05848; Inset 
G1 X18.833 Y-14.648 Z11.200 F1620 A574.06443; Inset 
G1 X18.849 Y-14.852 Z11.200 F1620 A574.07155; Inset 
G1 X18.162 Y-22.747 Z11.200 F1620 A574.34863; Inset 
G1 X18.078 Y-22.976 Z11.200 F1620 A574.35715; Inset 
G1 X17.946 Y-23.083 Z11.200 F1620 A574.36307; Inset 
G1 X17.824 Y-23.124 Z11.200 F1620 A574.36758; Inset 
G1 X17.696 Y-23.124 Z11.200 F1620 A574.37208; Inset 
G1 X17.536 Y-23.064 Z11.200 F1620 A574.37802; Inset 
G1 X17.536 Y-23.064 Z11.200 F1500 A573.07802; Retract 
G1 X17.536 Y-23.064 Z11.200 F3000; Retract 
G1 X17.275 Y-23.371 Z11.200 F9000; Travel Move 
G1 X17.275 Y-23.371 Z11.200 F1500 A574.37802; Restart 
G1 X17.092 Y-23.171 Z11.200 F720 A574.38748; Inset 
G1 X16.988 Y-22.930 Z11.200 F720 A574.39665; Inset 
G1 X16.966 Y-22.652 Z11.200 F720 A574.40641; Inset 
G1 X17.657 Y-14.706 Z11.200 F720 A574.68523; Inset 
G1 X17.679 Y-14.576 Z11.200 F720 A574.68984; Inset 
G1 X17.789 Y-14.329 Z11.200 F720 A574.69931; Inset 
G1 X17.967 Y-14.136 Z11.200 F720 A574.70848; Inset 
G1 X18.206 Y-14.008 Z11.200 F720 A574.71795; Inset 
G1 X18.318 Y-13.981 Z11.200 F720 A574.72199; Inset 
G1 X18.589 Y-13.982 Z11.200 F720 A574.73146; Inset 
G1 X18.837 Y-14.068 Z11.200 F720 A574.74063; Inset 
G1 X19.043 Y-14.230 Z11.200 F720 A574.74981; Inset 
G1 X19.190 Y-14.456 Z11.200 F720 A574.75924; Inset 
G1 X19.228 Y-14.567 Z11.200 F720 A574.76333; Inset 
G1 X19.250 Y-14.853 Z11.200 F720 A574.77336; Inset 
G1 X18.559 Y-22.799 Z11.200 F720 A575.05218; Inset 
G1 X18.537 Y-22.929 Z11.200 F720 A575.05679; Inset 
G1 X18.424 Y-23.184 Z11.200 F720 A575.06655; Inset 
G1 X18.352 Y-23.275 Z11.200 F720 A575.07059; Inset 
G1 X18.138 Y-23.440 Z11.200 F720 A575.08005; Inset 
G1 X17.889 Y-23.524 Z11.200 F720 A575.08923; Inset 
G1 X17.627 Y-23.523 Z11.200 F720 A575.09839; Inset 
G1 X17.371 Y-23.434 Z11.200 F720 A575.10788; Inset 
G1 X17.275 Y-23.371 Z11.200 F720 A575.11192; Inset 
; Chunk 112 
; Lower Position  11.2 
; Upper Position  11.4 
; Thickness       0.2 
; Width           0.4 
G1 X17.275 Y-23.371 Z11.200 F1500 A573.81192; Retract 
G1 X17.275 Y-23.371 Z11.200 F3000; Retract 
G1 X17.275 Y-23.371 Z11.400 F1380; Travel Move 
G1 X17.523 Y-23.041 Z11.400 F9000; Travel Move 
G1 X17.523 Y-23.041 Z11.400 F1500 A575.11192; Restart 
G1 X17.437 Y-22.947 Z11.400 F1620 A575.11636; Inset 
G1 X17.387 Y-22.831 Z11.400 F1620 A575.12080; Inset 
G1 X17.373 Y-22.654 Z11.400 F1620 A575.12700; Inset 
G1 X18.059 Y-14.758 Z11.400 F1620 A575.40408; Inset 
M73 P90; Update Progress 
G1 X18.132 Y-14.555 Z11.400 F1620 A575.41162; Inset 
G1 X18.219 Y-14.462 Z11.400 F1620 A575.41606; Inset 
G1 X18.367 Y-14.386 Z11.400 F1620 A575.42189; Inset 
G1 X18.520 Y-14.387 Z11.400 F1620 A575.42721; Inset 
G1 X18.640 Y-14.429 Z11.400 F1620 A575.43166; Inset 
G1 X18.739 Y-14.507 Z11.400 F1620 A575.43610; Inset 
G1 X18.809 Y-14.614 Z11.400 F1620 A575.44054; Inset 
G1 X18.845 Y-14.826 Z11.400 F1620 A575.44807; Inset 
G1 X18.156 Y-22.747 Z11.400 F1620 A575.72603; Inset 
G1 X18.084 Y-22.950 Z11.400 F1620 A575.73356; Inset 
G1 X17.968 Y-23.070 Z11.400 F1620 A575.73939; Inset 
G1 X17.823 Y-23.118 Z11.400 F1620 A575.74471; Inset 
G1 X17.657 Y-23.114 Z11.400 F1620 A575.75054; Inset 
G1 X17.523 Y-23.041 Z11.400 F1620 A575.75587; Inset 
G1 X17.523 Y-23.041 Z11.400 F1500 A574.45587; Retract 
G1 X17.523 Y-23.041 Z11.400 F3000; Retract 
G1 X17.273 Y-23.360 Z11.400 F9000; Travel Move 
G1 X17.273 Y-23.360 Z11.400 F1500 A575.75587; Restart 
G1 X17.097 Y-23.168 Z11.400 F720 A575.76498; Inset 
G1 X16.993 Y-22.929 Z11.400 F720 A575.77409; Inset 
G1 X16.971 Y-22.652 Z11.400 F720 A575.78378; Inset 
G1 X17.662 Y-14.707 Z11.400 F720 A576.06259; Inset 
G1 X17.684 Y-14.578 Z11.400 F720 A576.06717; Inset 
G1 X17.794 Y-14.332 Z11.400 F720 A576.07658; Inset 
G1 X17.971 Y-14.141 Z11.400 F720 A576.08569; Inset 
G1 X18.208 Y-14.014 Z11.400 F720 A576.09509; Inset 
G1 X18.319 Y-13.986 Z11.400 F720 A576.09909; Inset 
G1 X18.588 Y-13.987 Z11.400 F720 A576.10850; Inset 
G1 X18.834 Y-14.073 Z11.400 F720 A576.11760; Inset 
G1 X19.039 Y-14.234 Z11.400 F720 A576.12671; Inset 
G1 X19.181 Y-14.453 Z11.400 F720 A576.13582; Inset 
G1 X19.246 Y-14.714 Z11.400 F720 A576.14523; Inset 
G1 X19.245 Y-14.844 Z11.400 F720 A576.14980; Inset 
G1 X18.553 Y-22.798 Z11.400 F720 A576.42891; Inset 
G1 X18.531 Y-22.927 Z11.400 F720 A576.43349; Inset 
G1 X18.422 Y-23.173 Z11.400 F720 A576.44289; Inset 
G1 X18.239 Y-23.370 Z11.400 F720 A576.45230; Inset 
G1 X18.143 Y-23.432 Z11.400 F720 A576.45630; Inset 
G1 X17.888 Y-23.519 Z11.400 F720 A576.46570; Inset 
G1 X17.619 Y-23.518 Z11.400 F720 A576.47510; Inset 
G1 X17.509 Y-23.489 Z11.400 F720 A576.47911; Inset 
G1 X17.273 Y-23.360 Z11.400 F720 A576.48851; Inset 
G1 X17.273 Y-23.360 Z11.400 F1500 A575.18851; Retract 
G1 X17.273 Y-23.360 Z11.400 F3000; Retract 
G1 X14.513 Y-8.734 Z11.400 F9000; Travel Move 
G1 X14.513 Y-8.734 Z11.400 F1500 A576.48851; Restart 
G1 X15.056 Y-8.924 Z11.400 F720 A576.50863; Inset 
G1 X15.623 Y-8.923 Z11.400 F720 A576.52845; Inset 
G1 X15.919 Y-8.846 Z11.400 F720 A576.53914; Inset 
G1 X16.413 Y-8.568 Z11.400 F720 A576.55896; Inset 
G1 X16.792 Y-8.135 Z11.400 F720 A576.57908; Inset 
G1 X17.006 Y-7.601 Z11.400 F720 A576.59920; Inset 
G1 X17.029 Y-7.026 Z11.400 F720 A576.61932; Inset 
G1 X16.860 Y-6.476 Z11.400 F720 A576.63945; Inset 
G1 X16.517 Y-6.014 Z11.400 F720 A576.65957; Inset 
G1 X16.039 Y-5.692 Z11.400 F720 A576.67969; Inset 
G1 X15.490 Y-5.550 Z11.400 F720 A576.69951; Inset 
G1 X15.184 Y-5.551 Z11.400 F720 A576.71020; Inset 
G1 X14.645 Y-5.693 Z11.400 F720 A576.72971; Inset 
G1 X14.378 Y-5.842 Z11.400 F720 A576.74040; Inset 
G1 X13.969 Y-6.235 Z11.400 F720 A576.76022; Inset 
G1 X13.711 Y-6.750 Z11.400 F720 A576.78034; Inset 
G1 X13.640 Y-7.312 Z11.400 F720 A576.80016; Inset 
G1 X13.680 Y-7.615 Z11.400 F720 A576.81084; Inset 
G1 X13.889 Y-8.133 Z11.400 F720 A576.83036; Inset 
G1 X14.071 Y-8.378 Z11.400 F720 A576.84104; Inset 
G1 X14.513 Y-8.734 Z11.400 F720 A576.86086; Inset 
G1 X14.513 Y-8.734 Z11.400 F1500 A575.56086; Retract 
G1 X14.513 Y-8.734 Z11.400 F3000; Retract 
G1 X13.928 Y-9.192 Z11.400 F9000; Travel Move 
G1 X13.928 Y-9.192 Z11.400 F1500 A576.86086; Restart 
G1 X13.646 Y-8.923 Z11.400 F720 A576.87450; Inset 
G1 X13.414 Y-8.610 Z11.400 F720 A576.88813; Inset 
G1 X13.237 Y-8.262 Z11.400 F720 A576.90176; Inset 
G1 X13.123 Y-7.889 Z11.400 F720 A576.91540; Inset 
G1 X13.072 Y-7.503 Z11.400 F720 A576.92903; Inset 
G1 X13.088 Y-7.113 Z11.400 F720 A576.94267; Inset 
G1 X13.169 Y-6.732 Z11.400 F720 A576.95630; Inset 
G1 X13.314 Y-6.369 Z11.400 F720 A576.96993; Inset 
G1 X13.518 Y-6.037 Z11.400 F720 A576.98357; Inset 
G1 X13.775 Y-5.744 Z11.400 F720 A576.99720; Inset 
G1 X14.078 Y-5.498 Z11.400 F720 A577.01083; Inset 
G1 X14.418 Y-5.307 Z11.400 F720 A577.02447; Inset 
G1 X14.786 Y-5.177 Z11.400 F720 A577.03810; Inset 
G1 X15.170 Y-5.110 Z11.400 F720 A577.05173; Inset 
G1 X15.560 Y-5.109 Z11.400 F720 A577.06537; Inset 
G1 X15.944 Y-5.174 Z11.400 F720 A577.07900; Inset 
G1 X16.312 Y-5.304 Z11.400 F720 A577.09263; Inset 
G1 X16.653 Y-5.493 Z11.400 F720 A577.10627; Inset 
G1 X16.957 Y-5.738 Z11.400 F720 A577.11990; Inset 
G1 X17.215 Y-6.030 Z11.400 F720 A577.13354; Inset 
G1 X17.420 Y-6.361 Z11.400 F720 A577.14717; Inset 
G1 X17.566 Y-6.723 Z11.400 F720 A577.16080; Inset 
G1 X17.649 Y-7.104 Z11.400 F720 A577.17444; Inset 
G1 X17.667 Y-7.494 Z11.400 F720 A577.18807; Inset 
G1 X17.618 Y-7.881 Z11.400 F720 A577.20171; Inset 
G1 X17.504 Y-8.254 Z11.400 F720 A577.21534; Inset 
G1 X17.329 Y-8.602 Z11.400 F720 A577.22897; Inset 
G1 X17.098 Y-8.916 Z11.400 F720 A577.24261; Inset 
G1 X16.817 Y-9.187 Z11.400 F720 A577.25624; Inset 
G1 X16.494 Y-9.406 Z11.400 F720 A577.26988; Inset 
G1 X16.139 Y-9.567 Z11.400 F720 A577.28351; Inset 
M73 P91; Update Progress 
G1 X15.762 Y-9.666 Z11.400 F720 A577.29714; Inset 
G1 X15.374 Y-9.700 Z11.400 F720 A577.31078; Inset 
G1 X14.985 Y-9.667 Z11.400 F720 A577.32441; Inset 
G1 X14.607 Y-9.570 Z11.400 F720 A577.33805; Inset 
G1 X14.252 Y-9.410 Z11.400 F720 A577.35168; Inset 
G1 X13.928 Y-9.192 Z11.400 F720 A577.36531; Inset 
; Chunk 113 
; Lower Position  11.2 
; Upper Position  11.4 
; Thickness       0.2 
; Width           0.4 
G1 X13.928 Y-9.192 Z11.400 F1500 A576.06531; Retract 
G1 X13.928 Y-9.192 Z11.400 F3000; Retract 
G1 X14.672 Y-8.069 Z11.400 F9000; Travel Move 
G1 X14.672 Y-8.069 Z11.400 F1500 A577.36531; Restart 
G1 X14.672 Y-6.424 Z11.400 F1620 A577.42283; Support 
; Chunk 114 
; Lower Position  11.4 
; Upper Position  11.6 
; Thickness       0.2 
; Width           0.4 
G1 X14.672 Y-6.424 Z11.400 F1500 A576.12283; Retract 
G1 X14.672 Y-6.424 Z11.400 F3000; Retract 
G1 X14.672 Y-6.424 Z11.600 F1380; Travel Move 
G1 X14.672 Y-6.421 Z11.600 F9000; Travel Move 
G1 X14.672 Y-6.421 Z11.600 F1500 A577.42283; Restart 
G1 X14.672 Y-8.070 Z11.600 F1620 A577.48048; Support 
; Chunk 115 
; Lower Position  11.4 
; Upper Position  11.6 
; Thickness       0.2 
; Width           0.4 
G1 X14.672 Y-8.070 Z11.600 F1500 A576.18048; Retract 
G1 X14.672 Y-8.070 Z11.600 F3000; Retract 
G1 X14.513 Y-8.734 Z11.600 F9000; Travel Move 
G1 X14.513 Y-8.734 Z11.600 F1500 A577.48048; Restart 
G1 X15.056 Y-8.924 Z11.600 F720 A577.50060; Inset 
G1 X15.623 Y-8.923 Z11.600 F720 A577.52042; Inset 
G1 X15.919 Y-8.846 Z11.600 F720 A577.53111; Inset 
G1 X16.413 Y-8.568 Z11.600 F720 A577.55092; Inset 
G1 X16.792 Y-8.135 Z11.600 F720 A577.57105; Inset 
G1 X17.006 Y-7.601 Z11.600 F720 A577.59117; Inset 
G1 X17.029 Y-7.026 Z11.600 F720 A577.61129; Inset 
G1 X16.860 Y-6.476 Z11.600 F720 A577.63142; Inset 
G1 X16.517 Y-6.014 Z11.600 F720 A577.65154; Inset 
G1 X16.039 Y-5.692 Z11.600 F720 A577.67166; Inset 
G1 X15.490 Y-5.550 Z11.600 F720 A577.69148; Inset 
G1 X15.184 Y-5.551 Z11.600 F720 A577.70217; Inset 
G1 X14.645 Y-5.693 Z11.600 F720 A577.72168; Inset 
G1 X14.378 Y-5.842 Z11.600 F720 A577.73237; Inset 
G1 X13.969 Y-6.235 Z11.600 F720 A577.75219; Inset 
G1 X13.711 Y-6.750 Z11.600 F720 A577.77231; Inset 
G1 X13.640 Y-7.312 Z11.600 F720 A577.79213; Inset 
G1 X13.680 Y-7.615 Z11.600 F720 A577.80281; Inset 
G1 X13.889 Y-8.133 Z11.600 F720 A577.82233; Inset 
G1 X14.071 Y-8.378 Z11.600 F720 A577.83301; Inset 
G1 X14.513 Y-8.734 Z11.600 F720 A577.85283; Inset 
G1 X14.513 Y-8.734 Z11.600 F1500 A576.55283; Retract 
G1 X14.513 Y-8.734 Z11.600 F3000; Retract 
G1 X13.928 Y-9.192 Z11.600 F9000; Travel Move 
G1 X13.928 Y-9.192 Z11.600 F1500 A577.85283; Restart 
G1 X13.646 Y-8.923 Z11.600 F720 A577.86646; Inset 
G1 X13.414 Y-8.610 Z11.600 F720 A577.88010; Inset 
G1 X13.237 Y-8.262 Z11.600 F720 A577.89373; Inset 
G1 X13.123 Y-7.889 Z11.600 F720 A577.90737; Inset 
G1 X13.072 Y-7.503 Z11.600 F720 A577.92100; Inset 
G1 X13.088 Y-7.113 Z11.600 F720 A577.93463; Inset 
G1 X13.169 Y-6.732 Z11.600 F720 A577.94826; Inset 
G1 X13.314 Y-6.369 Z11.600 F720 A577.96190; Inset 
G1 X13.518 Y-6.037 Z11.600 F720 A577.97554; Inset 
G1 X13.775 Y-5.744 Z11.600 F720 A577.98917; Inset 
G1 X14.078 Y-5.498 Z11.600 F720 A578.00280; Inset 
G1 X14.418 Y-5.307 Z11.600 F720 A578.01644; Inset 
G1 X14.786 Y-5.177 Z11.600 F720 A578.03007; Inset 
G1 X15.170 Y-5.110 Z11.600 F720 A578.04370; Inset 
G1 X15.560 Y-5.109 Z11.600 F720 A578.05734; Inset 
G1 X15.944 Y-5.174 Z11.600 F720 A578.07097; Inset 
G1 X16.312 Y-5.304 Z11.600 F720 A578.08460; Inset 
G1 X16.653 Y-5.493 Z11.600 F720 A578.09824; Inset 
G1 X16.957 Y-5.738 Z11.600 F720 A578.11187; Inset 
G1 X17.215 Y-6.030 Z11.600 F720 A578.12551; Inset 
G1 X17.420 Y-6.361 Z11.600 F720 A578.13914; Inset 
G1 X17.566 Y-6.723 Z11.600 F720 A578.15277; Inset 
G1 X17.649 Y-7.104 Z11.600 F720 A578.16641; Inset 
G1 X17.667 Y-7.494 Z11.600 F720 A578.18004; Inset 
G1 X17.618 Y-7.881 Z11.600 F720 A578.19368; Inset 
G1 X17.504 Y-8.254 Z11.600 F720 A578.20731; Inset 
G1 X17.329 Y-8.602 Z11.600 F720 A578.22094; Inset 
G1 X17.098 Y-8.916 Z11.600 F720 A578.23458; Inset 
G1 X16.817 Y-9.187 Z11.600 F720 A578.24821; Inset 
G1 X16.494 Y-9.406 Z11.600 F720 A578.26185; Inset 
G1 X16.139 Y-9.567 Z11.600 F720 A578.27548; Inset 
G1 X15.762 Y-9.666 Z11.600 F720 A578.28911; Inset 
G1 X15.374 Y-9.700 Z11.600 F720 A578.30275; Inset 
G1 X14.985 Y-9.667 Z11.600 F720 A578.31638; Inset 
G1 X14.607 Y-9.570 Z11.600 F720 A578.33002; Inset 
G1 X14.252 Y-9.410 Z11.600 F720 A578.34365; Inset 
G1 X13.928 Y-9.192 Z11.600 F720 A578.35728; Inset 
; Chunk 116 
; Lower Position  11.6 
; Upper Position  11.8 
; Thickness       0.2 
; Width           0.4 
G1 X13.928 Y-9.192 Z11.600 F1500 A577.05728; Retract 
G1 X13.928 Y-9.192 Z11.600 F3000; Retract 
G1 X13.928 Y-9.192 Z11.800 F1380; Travel Move 
G1 X14.513 Y-8.734 Z11.800 F9000; Travel Move 
G1 X14.513 Y-8.734 Z11.800 F1500 A578.35728; Restart 
G1 X15.056 Y-8.924 Z11.800 F720 A578.37741; Inset 
G1 X15.623 Y-8.923 Z11.800 F720 A578.39722; Inset 
G1 X15.919 Y-8.846 Z11.800 F720 A578.40791; Inset 
G1 X16.413 Y-8.568 Z11.800 F720 A578.42773; Inset 
G1 X16.792 Y-8.135 Z11.800 F720 A578.44785; Inset 
G1 X17.006 Y-7.601 Z11.800 F720 A578.46797; Inset 
G1 X17.029 Y-7.026 Z11.800 F720 A578.48810; Inset 
G1 X16.860 Y-6.476 Z11.800 F720 A578.50822; Inset 
G1 X16.517 Y-6.014 Z11.800 F720 A578.52834; Inset 
G1 X16.039 Y-5.692 Z11.800 F720 A578.54847; Inset 
G1 X15.490 Y-5.550 Z11.800 F720 A578.56828; Inset 
G1 X15.184 Y-5.551 Z11.800 F720 A578.57897; Inset 
G1 X14.645 Y-5.693 Z11.800 F720 A578.59848; Inset 
G1 X14.378 Y-5.842 Z11.800 F720 A578.60917; Inset 
G1 X13.969 Y-6.235 Z11.800 F720 A578.62899; Inset 
G1 X13.711 Y-6.750 Z11.800 F720 A578.64911; Inset 
G1 X13.640 Y-7.312 Z11.800 F720 A578.66893; Inset 
G1 X13.680 Y-7.615 Z11.800 F720 A578.67962; Inset 
G1 X13.889 Y-8.133 Z11.800 F720 A578.69913; Inset 
G1 X14.071 Y-8.378 Z11.800 F720 A578.70982; Inset 
G1 X14.513 Y-8.734 Z11.800 F720 A578.72963; Inset 
G1 X14.513 Y-8.734 Z11.800 F1500 A577.42963; Retract 
G1 X14.513 Y-8.734 Z11.800 F3000; Retract 
G1 X13.928 Y-9.192 Z11.800 F9000; Travel Move 
G1 X13.928 Y-9.192 Z11.800 F1500 A578.72963; Restart 
G1 X13.646 Y-8.923 Z11.800 F720 A578.74327; Inset 
G1 X13.414 Y-8.610 Z11.800 F720 A578.75690; Inset 
G1 X13.237 Y-8.262 Z11.800 F720 A578.77053; Inset 
G1 X13.123 Y-7.889 Z11.800 F720 A578.78417; Inset 
G1 X13.072 Y-7.503 Z11.800 F720 A578.79780; Inset 
G1 X13.088 Y-7.113 Z11.800 F720 A578.81144; Inset 
G1 X13.169 Y-6.732 Z11.800 F720 A578.82507; Inset 
G1 X13.314 Y-6.369 Z11.800 F720 A578.83870; Inset 
G1 X13.518 Y-6.037 Z11.800 F720 A578.85234; Inset 
G1 X13.775 Y-5.744 Z11.800 F720 A578.86597; Inset 
G1 X14.078 Y-5.498 Z11.800 F720 A578.87960; Inset 
G1 X14.418 Y-5.307 Z11.800 F720 A578.89324; Inset 
G1 X14.786 Y-5.177 Z11.800 F720 A578.90687; Inset 
G1 X15.170 Y-5.110 Z11.800 F720 A578.92051; Inset 
G1 X15.560 Y-5.109 Z11.800 F720 A578.93414; Inset 
G1 X15.944 Y-5.174 Z11.800 F720 A578.94778; Inset 
G1 X16.312 Y-5.304 Z11.800 F720 A578.96141; Inset 
G1 X16.653 Y-5.493 Z11.800 F720 A578.97504; Inset 
G1 X16.957 Y-5.738 Z11.800 F720 A578.98868; Inset 
G1 X17.215 Y-6.030 Z11.800 F720 A579.00231; Inset 
G1 X17.420 Y-6.361 Z11.800 F720 A579.01594; Inset 
G1 X17.566 Y-6.723 Z11.800 F720 A579.02958; Inset 
G1 X17.649 Y-7.104 Z11.800 F720 A579.04321; Inset 
G1 X17.667 Y-7.494 Z11.800 F720 A579.05685; Inset 
G1 X17.618 Y-7.881 Z11.800 F720 A579.07048; Inset 
M73 P92; Update Progress 
G1 X17.504 Y-8.254 Z11.800 F720 A579.08412; Inset 
G1 X17.329 Y-8.602 Z11.800 F720 A579.09775; Inset 
G1 X17.098 Y-8.916 Z11.800 F720 A579.11138; Inset 
G1 X16.817 Y-9.187 Z11.800 F720 A579.12501; Inset 
G1 X16.494 Y-9.406 Z11.800 F720 A579.13865; Inset 
G1 X16.139 Y-9.567 Z11.800 F720 A579.15228; Inset 
G1 X15.762 Y-9.666 Z11.800 F720 A579.16592; Inset 
G1 X15.374 Y-9.700 Z11.800 F720 A579.17955; Inset 
G1 X14.985 Y-9.667 Z11.800 F720 A579.19318; Inset 
G1 X14.607 Y-9.570 Z11.800 F720 A579.20682; Inset 
G1 X14.252 Y-9.410 Z11.800 F720 A579.22045; Inset 
G1 X13.928 Y-9.192 Z11.800 F720 A579.23409; Inset 
; Chunk 117 
; Lower Position  11.6 
; Upper Position  11.8 
; Thickness       0.2 
; Width           0.4 
G1 X13.928 Y-9.192 Z11.800 F1500 A577.93409; Retract 
G1 X13.928 Y-9.192 Z11.800 F3000; Retract 
G1 X14.672 Y-8.073 Z11.800 F9000; Travel Move 
G1 X14.672 Y-8.073 Z11.800 F1500 A579.23409; Restart 
G1 X14.672 Y-6.418 Z11.800 F1620 A579.29196; Support 
; Chunk 118 
; Lower Position  11.8 
; Upper Position  12 
; Thickness       0.2 
; Width           0.4 
G1 X14.672 Y-6.418 Z11.800 F1500 A577.99196; Retract 
G1 X14.672 Y-6.418 Z11.800 F3000; Retract 
G1 X14.672 Y-6.418 Z12.000 F1380; Travel Move 
G1 X14.672 Y-6.411 Z12.000 F9000; Travel Move 
G1 X14.672 Y-6.411 Z12.000 F1500 A579.29196; Restart 
G1 X14.672 Y-8.077 Z12.000 F1620 A579.35020; Support 
; Chunk 119 
; Lower Position  11.8 
; Upper Position  12 
; Thickness       0.2 
; Width           0.4 
G1 X14.672 Y-8.077 Z12.000 F1500 A578.05020; Retract 
G1 X14.672 Y-8.077 Z12.000 F3000; Retract 
G1 X14.513 Y-8.734 Z12.000 F9000; Travel Move 
G1 X14.513 Y-8.734 Z12.000 F1500 A579.35020; Restart 
G1 X15.056 Y-8.924 Z12.000 F720 A579.37033; Inset 
G1 X15.623 Y-8.923 Z12.000 F720 A579.39014; Inset 
G1 X15.919 Y-8.846 Z12.000 F720 A579.40083; Inset 
G1 X16.413 Y-8.568 Z12.000 F720 A579.42065; Inset 
G1 X16.792 Y-8.135 Z12.000 F720 A579.44077; Inset 
G1 X17.006 Y-7.601 Z12.000 F720 A579.46089; Inset 
G1 X17.029 Y-7.026 Z12.000 F720 A579.48102; Inset 
G1 X16.860 Y-6.476 Z12.000 F720 A579.50114; Inset 
G1 X16.517 Y-6.014 Z12.000 F720 A579.52126; Inset 
G1 X16.039 Y-5.692 Z12.000 F720 A579.54138; Inset 
G1 X15.490 Y-5.550 Z12.000 F720 A579.56120; Inset 
G1 X15.184 Y-5.551 Z12.000 F720 A579.57189; Inset 
G1 X14.645 Y-5.693 Z12.000 F720 A579.59140; Inset 
G1 X14.378 Y-5.842 Z12.000 F720 A579.60209; Inset 
G1 X13.969 Y-6.235 Z12.000 F720 A579.62191; Inset 
G1 X13.711 Y-6.750 Z12.000 F720 A579.64203; Inset 
G1 X13.640 Y-7.312 Z12.000 F720 A579.66185; Inset 
G1 X13.680 Y-7.615 Z12.000 F720 A579.67253; Inset 
G1 X13.889 Y-8.133 Z12.000 F720 A579.69205; Inset 
G1 X14.071 Y-8.378 Z12.000 F720 A579.70274; Inset 
G1 X14.513 Y-8.734 Z12.000 F720 A579.72255; Inset 
G1 X14.513 Y-8.734 Z12.000 F1500 A578.42255; Retract 
G1 X14.513 Y-8.734 Z12.000 F3000; Retract 
G1 X13.928 Y-9.192 Z12.000 F9000; Travel Move 
G1 X13.928 Y-9.192 Z12.000 F1500 A579.72255; Restart 
G1 X13.646 Y-8.923 Z12.000 F720 A579.73619; Inset 
G1 X13.414 Y-8.610 Z12.000 F720 A579.74982; Inset 
G1 X13.237 Y-8.262 Z12.000 F720 A579.76345; Inset 
G1 X13.123 Y-7.889 Z12.000 F720 A579.77709; Inset 
G1 X13.072 Y-7.503 Z12.000 F720 A579.79072; Inset 
G1 X13.088 Y-7.113 Z12.000 F720 A579.80436; Inset 
G1 X13.169 Y-6.732 Z12.000 F720 A579.81799; Inset 
G1 X13.314 Y-6.369 Z12.000 F720 A579.83162; Inset 
G1 X13.518 Y-6.037 Z12.000 F720 A579.84526; Inset 
G1 X13.775 Y-5.744 Z12.000 F720 A579.85889; Inset 
G1 X14.078 Y-5.498 Z12.000 F720 A579.87252; Inset 
G1 X14.418 Y-5.307 Z12.000 F720 A579.88616; Inset 
G1 X14.786 Y-5.177 Z12.000 F720 A579.89979; Inset 
G1 X15.170 Y-5.110 Z12.000 F720 A579.91343; Inset 
G1 X15.560 Y-5.109 Z12.000 F720 A579.92706; Inset 
G1 X15.944 Y-5.174 Z12.000 F720 A579.94069; Inset 
G1 X16.312 Y-5.304 Z12.000 F720 A579.95433; Inset 
G1 X16.653 Y-5.493 Z12.000 F720 A579.96796; Inset 
G1 X16.957 Y-5.738 Z12.000 F720 A579.98159; Inset 
G1 X17.215 Y-6.030 Z12.000 F720 A579.99523; Inset 
G1 X17.420 Y-6.361 Z12.000 F720 A580.00886; Inset 
G1 X17.566 Y-6.723 Z12.000 F720 A580.02249; Inset 
G1 X17.649 Y-7.104 Z12.000 F720 A580.03613; Inset 
G1 X17.667 Y-7.494 Z12.000 F720 A580.04976; Inset 
G1 X17.618 Y-7.881 Z12.000 F720 A580.06340; Inset 
G1 X17.504 Y-8.254 Z12.000 F720 A580.07703; Inset 
G1 X17.329 Y-8.602 Z12.000 F720 A580.09067; Inset 
G1 X17.098 Y-8.916 Z12.000 F720 A580.10430; Inset 
G1 X16.817 Y-9.187 Z12.000 F720 A580.11793; Inset 
G1 X16.494 Y-9.406 Z12.000 F720 A580.13157; Inset 
G1 X16.139 Y-9.567 Z12.000 F720 A580.14520; Inset 
G1 X15.762 Y-9.666 Z12.000 F720 A580.15884; Inset 
G1 X15.374 Y-9.700 Z12.000 F720 A580.17247; Inset 
G1 X14.985 Y-9.667 Z12.000 F720 A580.18610; Inset 
G1 X14.607 Y-9.570 Z12.000 F720 A580.19974; Inset 
G1 X14.252 Y-9.410 Z12.000 F720 A580.21337; Inset 
G1 X13.928 Y-9.192 Z12.000 F720 A580.22700; Inset 
; Chunk 120 
; Lower Position  12 
; Upper Position  12.2 
; Thickness       0.2 
; Width           0.4 
G1 X13.928 Y-9.192 Z12.000 F1500 A578.92700; Retract 
G1 X13.928 Y-9.192 Z12.000 F3000; Retract 
G1 X13.928 Y-9.192 Z12.200 F1380; Travel Move 
G1 X14.642 Y-8.708 Z12.200 F9000; Travel Move 
G1 X14.642 Y-8.708 Z12.200 F1500 A580.22700; Restart 
G1 X14.248 Y-8.391 Z12.200 F1620 A580.24469; Inset 
G1 X14.097 Y-8.188 Z12.200 F1620 A580.25356; Inset 
G1 X13.907 Y-7.719 Z12.200 F1620 A580.27124; Inset 
G1 X13.885 Y-7.213 Z12.200 F1620 A580.28892; Inset 
G1 X14.032 Y-6.729 Z12.200 F1620 A580.30661; Inset 
G1 X14.332 Y-6.322 Z12.200 F1620 A580.32429; Inset 
G1 X14.750 Y-6.038 Z12.200 F1620 A580.34197; Inset 
G1 X15.240 Y-5.910 Z12.200 F1620 A580.35965; Inset 
G1 X15.743 Y-5.952 Z12.200 F1620 A580.37733; Inset 
G1 X16.205 Y-6.159 Z12.200 F1620 A580.39502; Inset 
G1 X16.571 Y-6.508 Z12.200 F1620 A580.41270; Inset 
G1 X16.704 Y-6.724 Z12.200 F1620 A580.42157; Inset 
G1 X16.853 Y-7.208 Z12.200 F1620 A580.43925; Inset 
G1 X16.833 Y-7.713 Z12.200 F1620 A580.45694; Inset 
G1 X16.645 Y-8.183 Z12.200 F1620 A580.47461; Inset 
G1 X16.312 Y-8.563 Z12.200 F1620 A580.49230; Inset 
G1 X15.870 Y-8.811 Z12.200 F1620 A580.50998; Inset 
G1 X15.625 Y-8.875 Z12.200 F1620 A580.51885; Inset 
G1 X15.119 Y-8.876 Z12.200 F1620 A580.53653; Inset 
G1 X14.642 Y-8.708 Z12.200 F1620 A580.55422; Inset 
G1 X14.642 Y-8.708 Z12.200 F1500 A579.25422; Retract 
G1 X14.642 Y-8.708 Z12.200 F3000; Retract 
G1 X14.180 Y-8.879 Z12.200 F9000; Travel Move 
G1 X14.180 Y-8.879 Z12.200 F1500 A580.55422; Restart 
G1 X13.947 Y-8.657 Z12.200 F1620 A580.56547; Inset 
G1 X13.755 Y-8.399 Z12.200 F1620 A580.57673; Inset 
G1 X13.610 Y-8.112 Z12.200 F1620 A580.58798; Inset 
G1 X13.515 Y-7.804 Z12.200 F1620 A580.59923; Inset 
G1 X13.473 Y-7.485 Z12.200 F1620 A580.61049; Inset 
G1 X13.486 Y-7.163 Z12.200 F1620 A580.62174; Inset 
G1 X13.554 Y-6.848 Z12.200 F1620 A580.63299; Inset 
G1 X13.673 Y-6.549 Z12.200 F1620 A580.64424; Inset 
G1 X13.841 Y-6.275 Z12.200 F1620 A580.65550; Inset 
G1 X14.053 Y-6.033 Z12.200 F1620 A580.66675; Inset 
G1 X14.304 Y-5.830 Z12.200 F1620 A580.67801; Inset 
G1 X14.584 Y-5.673 Z12.200 F1620 A580.68926; Inset 
G1 X14.888 Y-5.565 Z12.200 F1620 A580.70051; Inset 
G1 X15.205 Y-5.510 Z12.200 F1620 A580.71177; Inset 
G1 X15.527 Y-5.509 Z12.200 F1620 A580.72302; Inset 
G1 X15.844 Y-5.563 Z12.200 F1620 A580.73428; Inset 
G1 X16.148 Y-5.670 Z12.200 F1620 A580.74553; Inset 
G1 X16.429 Y-5.826 Z12.200 F1620 A580.75678; Inset 
G1 X16.680 Y-6.028 Z12.200 F1620 A580.76803; Inset 
G1 X16.893 Y-6.269 Z12.200 F1620 A580.77929; Inset 
G1 X17.062 Y-6.543 Z12.200 F1620 A580.79054; Inset 
G1 X17.183 Y-6.841 Z12.200 F1620 A580.80179; Inset 
G1 X17.251 Y-7.156 Z12.200 F1620 A580.81305; Inset 
G1 X17.266 Y-7.477 Z12.200 F1620 A580.82430; Inset 
G1 X17.225 Y-7.797 Z12.200 F1620 A580.83556; Inset 
G1 X17.132 Y-8.105 Z12.200 F1620 A580.84681; Inset 
G1 X16.987 Y-8.393 Z12.200 F1620 A580.85806; Inset 
G1 X16.796 Y-8.652 Z12.200 F1620 A580.86932; Inset 
G1 X16.564 Y-8.875 Z12.200 F1620 A580.88057; Inset 
G1 X16.298 Y-9.056 Z12.200 F1620 A580.89182; Inset 
G1 X16.005 Y-9.189 Z12.200 F1620 A580.90308; Inset 
G1 X15.694 Y-9.270 Z12.200 F1620 A580.91433; Inset 
G1 X15.373 Y-9.298 Z12.200 F1620 A580.92558; Inset 
G1 X15.052 Y-9.272 Z12.200 F1620 A580.93683; Inset 
G1 X14.740 Y-9.191 Z12.200 F1620 A580.94809; Inset 
G1 X14.447 Y-9.059 Z12.200 F1620 A580.95934; Inset 
G1 X14.180 Y-8.879 Z12.200 F1620 A580.97060; Inset 
G1 X14.180 Y-8.879 Z12.200 F1500 A579.67060; Retract 
G1 X14.180 Y-8.879 Z12.200 F3000; Retract 
G1 X13.928 Y-9.192 Z12.200 F9000; Travel Move 
G1 X13.928 Y-9.192 Z12.200 F1500 A580.97060; Restart 
G1 X13.646 Y-8.923 Z12.200 F720 A580.98423; Inset 
G1 X13.414 Y-8.610 Z12.200 F720 A580.99786; Inset 
G1 X13.237 Y-8.262 Z12.200 F720 A581.01150; Inset 
G1 X13.123 Y-7.889 Z12.200 F720 A581.02513; Inset 
G1 X13.072 Y-7.503 Z12.200 F720 A581.03876; Inset 
G1 X13.088 Y-7.113 Z12.200 F720 A581.05240; Inset 
G1 X13.169 Y-6.732 Z12.200 F720 A581.06603; Inset 
G1 X13.314 Y-6.369 Z12.200 F720 A581.07967; Inset 
G1 X13.518 Y-6.037 Z12.200 F720 A581.09330; Inset 
G1 X13.775 Y-5.744 Z12.200 F720 A581.10693; Inset 
G1 X14.078 Y-5.498 Z12.200 F720 A581.12057; Inset 
G1 X14.418 Y-5.307 Z12.200 F720 A581.13420; Inset 
G1 X14.786 Y-5.177 Z12.200 F720 A581.14784; Inset 
G1 X15.170 Y-5.110 Z12.200 F720 A581.16147; Inset 
G1 X15.560 Y-5.109 Z12.200 F720 A581.17510; Inset 
G1 X15.944 Y-5.174 Z12.200 F720 A581.18874; Inset 
G1 X16.312 Y-5.304 Z12.200 F720 A581.20237; Inset 
G1 X16.653 Y-5.493 Z12.200 F720 A581.21601; Inset 
G1 X16.957 Y-5.738 Z12.200 F720 A581.22964; Inset 
G1 X17.215 Y-6.030 Z12.200 F720 A581.24327; Inset 
G1 X17.420 Y-6.361 Z12.200 F720 A581.25691; Inset 
M73 P93; Update Progress 
G1 X17.566 Y-6.723 Z12.200 F720 A581.27054; Inset 
G1 X17.649 Y-7.104 Z12.200 F720 A581.28417; Inset 
G1 X17.667 Y-7.494 Z12.200 F720 A581.29781; Inset 
G1 X17.618 Y-7.881 Z12.200 F720 A581.31144; Inset 
G1 X17.504 Y-8.254 Z12.200 F720 A581.32508; Inset 
G1 X17.329 Y-8.602 Z12.200 F720 A581.33871; Inset 
G1 X17.098 Y-8.916 Z12.200 F720 A581.35234; Inset 
G1 X16.817 Y-9.187 Z12.200 F720 A581.36598; Inset 
G1 X16.494 Y-9.406 Z12.200 F720 A581.37961; Inset 
G1 X16.139 Y-9.567 Z12.200 F720 A581.39324; Inset 
G1 X15.762 Y-9.666 Z12.200 F720 A581.40688; Inset 
G1 X15.374 Y-9.700 Z12.200 F720 A581.42051; Inset 
G1 X14.985 Y-9.667 Z12.200 F720 A581.43414; Inset 
G1 X14.607 Y-9.570 Z12.200 F720 A581.44778; Inset 
G1 X14.252 Y-9.410 Z12.200 F720 A581.46141; Inset 
G1 X13.928 Y-9.192 Z12.200 F720 A581.47505; Inset 
G1 X13.928 Y-9.192 Z12.200 F1500 A580.17505; Retract 
G1 X13.928 Y-9.192 Z12.200 F3000; Retract 
G1 X14.550 Y-8.267 Z12.200 F9000; Travel Move 
G1 X14.550 Y-8.267 Z12.200 F1500 A581.47505; Restart 
G1 X16.235 Y-6.583 Z12.200 F1620 A581.55833; Infill 
G1 X15.915 Y-6.342 Z12.200 F1620 A581.57231; Connection 
G1 X14.309 Y-7.949 Z12.200 F1620 A581.65173; Infill 
G1 X14.184 Y-7.513 Z12.200 F1620 A581.66757; Connection 
G1 X15.481 Y-6.217 Z12.200 F1620 A581.73167; Infill 
G1 X14.761 Y-6.377 Z12.200 F1620 A581.75745; Connection 
G1 X14.328 Y-6.809 Z12.200 F1620 A581.77885; Infill 
G1 X14.328 Y-6.809 Z12.200 F1500 A580.47885; Retract 
G1 X14.328 Y-6.809 Z12.200 F3000; Retract 
G1 X14.887 Y-8.491 Z12.200 F9000; Travel Move 
G1 X14.887 Y-8.491 Z12.200 F1500 A581.77885; Restart 
G1 X16.463 Y-6.914 Z12.200 F1620 A581.85681; Infill 
G1 X16.560 Y-7.378 Z12.200 F1620 A581.87336; Connection 
G1 X15.348 Y-8.589 Z12.200 F1620 A581.93327; Infill 
; Chunk 121 
; Lower Position  12.2 
; Upper Position  12.4 
; Thickness       0.2 
; Width           0.4 
G1 X15.348 Y-8.589 Z12.200 F1500 A580.63327; Retract 
G1 X15.348 Y-8.589 Z12.200 F3000; Retract 
G1 X15.348 Y-8.589 Z12.400 F1380; Travel Move 
G1 X14.642 Y-8.708 Z12.400 F9000; Travel Move 
G1 X14.642 Y-8.708 Z12.400 F1500 A581.93327; Restart 
G1 X14.248 Y-8.391 Z12.400 F1620 A581.95095; Inset 
G1 X14.097 Y-8.188 Z12.400 F1620 A581.95982; Inset 
G1 X13.907 Y-7.719 Z12.400 F1620 A581.97751; Inset 
G1 X13.885 Y-7.213 Z12.400 F1620 A581.99519; Inset 
G1 X14.032 Y-6.729 Z12.400 F1620 A582.01287; Inset 
G1 X14.332 Y-6.322 Z12.400 F1620 A582.03055; Inset 
G1 X14.750 Y-6.038 Z12.400 F1620 A582.04823; Inset 
G1 X15.240 Y-5.910 Z12.400 F1620 A582.06592; Inset 
G1 X15.743 Y-5.952 Z12.400 F1620 A582.08360; Inset 
G1 X16.205 Y-6.159 Z12.400 F1620 A582.10128; Inset 
G1 X16.571 Y-6.508 Z12.400 F1620 A582.11896; Inset 
G1 X16.704 Y-6.724 Z12.400 F1620 A582.12784; Inset 
G1 X16.853 Y-7.208 Z12.400 F1620 A582.14552; Inset 
G1 X16.833 Y-7.713 Z12.400 F1620 A582.16320; Inset 
G1 X16.645 Y-8.183 Z12.400 F1620 A582.18088; Inset 
G1 X16.312 Y-8.563 Z12.400 F1620 A582.19857; Inset 
G1 X15.870 Y-8.811 Z12.400 F1620 A582.21625; Inset 
G1 X15.625 Y-8.875 Z12.400 F1620 A582.22512; Inset 
G1 X15.119 Y-8.876 Z12.400 F1620 A582.24280; Inset 
G1 X14.642 Y-8.708 Z12.400 F1620 A582.26048; Inset 
G1 X14.642 Y-8.708 Z12.400 F1500 A580.96048; Retract 
G1 X14.642 Y-8.708 Z12.400 F3000; Retract 
G1 X14.180 Y-8.879 Z12.400 F9000; Travel Move 
G1 X14.180 Y-8.879 Z12.400 F1500 A582.26048; Restart 
G1 X13.947 Y-8.657 Z12.400 F1620 A582.27174; Inset 
G1 X13.755 Y-8.399 Z12.400 F1620 A582.28299; Inset 
G1 X13.610 Y-8.112 Z12.400 F1620 A582.29424; Inset 
G1 X13.515 Y-7.804 Z12.400 F1620 A582.30550; Inset 
G1 X13.473 Y-7.485 Z12.400 F1620 A582.31675; Inset 
G1 X13.486 Y-7.163 Z12.400 F1620 A582.32800; Inset 
G1 X13.554 Y-6.848 Z12.400 F1620 A582.33926; Inset 
G1 X13.673 Y-6.549 Z12.400 F1620 A582.35051; Inset 
G1 X13.841 Y-6.275 Z12.400 F1620 A582.36177; Inset 
G1 X14.053 Y-6.033 Z12.400 F1620 A582.37302; Inset 
G1 X14.304 Y-5.830 Z12.400 F1620 A582.38427; Inset 
G1 X14.584 Y-5.673 Z12.400 F1620 A582.39552; Inset 
G1 X14.888 Y-5.565 Z12.400 F1620 A582.40678; Inset 
G1 X15.205 Y-5.510 Z12.400 F1620 A582.41803; Inset 
G1 X15.527 Y-5.509 Z12.400 F1620 A582.42929; Inset 
G1 X15.844 Y-5.563 Z12.400 F1620 A582.44054; Inset 
G1 X16.148 Y-5.670 Z12.400 F1620 A582.45179; Inset 
G1 X16.429 Y-5.826 Z12.400 F1620 A582.46305; Inset 
G1 X16.680 Y-6.028 Z12.400 F1620 A582.47430; Inset 
G1 X16.893 Y-6.269 Z12.400 F1620 A582.48555; Inset 
G1 X17.062 Y-6.543 Z12.400 F1620 A582.49681; Inset 
G1 X17.183 Y-6.841 Z12.400 F1620 A582.50806; Inset 
G1 X17.251 Y-7.156 Z12.400 F1620 A582.51931; Inset 
G1 X17.266 Y-7.477 Z12.400 F1620 A582.53056; Inset 
G1 X17.225 Y-7.797 Z12.400 F1620 A582.54182; Inset 
G1 X17.132 Y-8.105 Z12.400 F1620 A582.55307; Inset 
G1 X16.987 Y-8.393 Z12.400 F1620 A582.56433; Inset 
G1 X16.796 Y-8.652 Z12.400 F1620 A582.57558; Inset 
G1 X16.564 Y-8.875 Z12.400 F1620 A582.58683; Inset 
G1 X16.298 Y-9.056 Z12.400 F1620 A582.59809; Inset 
G1 X16.005 Y-9.189 Z12.400 F1620 A582.60934; Inset 
G1 X15.694 Y-9.270 Z12.400 F1620 A582.62059; Inset 
G1 X15.373 Y-9.298 Z12.400 F1620 A582.63185; Inset 
G1 X15.052 Y-9.272 Z12.400 F1620 A582.64310; Inset 
G1 X14.740 Y-9.191 Z12.400 F1620 A582.65435; Inset 
G1 X14.447 Y-9.059 Z12.400 F1620 A582.66561; Inset 
G1 X14.180 Y-8.879 Z12.400 F1620 A582.67686; Inset 
G1 X14.180 Y-8.879 Z12.400 F1500 A581.37686; Retract 
G1 X14.180 Y-8.879 Z12.400 F3000; Retract 
G1 X13.928 Y-9.192 Z12.400 F9000; Travel Move 
G1 X13.928 Y-9.192 Z12.400 F1500 A582.67686; Restart 
G1 X13.646 Y-8.923 Z12.400 F720 A582.69049; Inset 
G1 X13.414 Y-8.610 Z12.400 F720 A582.70413; Inset 
G1 X13.237 Y-8.262 Z12.400 F720 A582.71776; Inset 
G1 X13.123 Y-7.889 Z12.400 F720 A582.73140; Inset 
G1 X13.072 Y-7.503 Z12.400 F720 A582.74503; Inset 
G1 X13.088 Y-7.113 Z12.400 F720 A582.75866; Inset 
G1 X13.169 Y-6.732 Z12.400 F720 A582.77230; Inset 
G1 X13.314 Y-6.369 Z12.400 F720 A582.78593; Inset 
G1 X13.518 Y-6.037 Z12.400 F720 A582.79957; Inset 
G1 X13.775 Y-5.744 Z12.400 F720 A582.81320; Inset 
G1 X14.078 Y-5.498 Z12.400 F720 A582.82683; Inset 
G1 X14.418 Y-5.307 Z12.400 F720 A582.84047; Inset 
G1 X14.786 Y-5.177 Z12.400 F720 A582.85410; Inset 
G1 X15.170 Y-5.110 Z12.400 F720 A582.86773; Inset 
G1 X15.560 Y-5.109 Z12.400 F720 A582.88137; Inset 
G1 X15.944 Y-5.174 Z12.400 F720 A582.89500; Inset 
G1 X16.312 Y-5.304 Z12.400 F720 A582.90863; Inset 
G1 X16.653 Y-5.493 Z12.400 F720 A582.92227; Inset 
G1 X16.957 Y-5.738 Z12.400 F720 A582.93590; Inset 
G1 X17.215 Y-6.030 Z12.400 F720 A582.94954; Inset 
G1 X17.420 Y-6.361 Z12.400 F720 A582.96317; Inset 
G1 X17.566 Y-6.723 Z12.400 F720 A582.97680; Inset 
G1 X17.649 Y-7.104 Z12.400 F720 A582.99044; Inset 
G1 X17.667 Y-7.494 Z12.400 F720 A583.00407; Inset 
G1 X17.618 Y-7.881 Z12.400 F720 A583.01771; Inset 
G1 X17.504 Y-8.254 Z12.400 F720 A583.03134; Inset 
G1 X17.329 Y-8.602 Z12.400 F720 A583.04497; Inset 
G1 X17.098 Y-8.916 Z12.400 F720 A583.05861; Inset 
G1 X16.817 Y-9.187 Z12.400 F720 A583.07224; Inset 
G1 X16.494 Y-9.406 Z12.400 F720 A583.08588; Inset 
G1 X16.139 Y-9.567 Z12.400 F720 A583.09951; Inset 
G1 X15.762 Y-9.666 Z12.400 F720 A583.11314; Inset 
G1 X15.374 Y-9.700 Z12.400 F720 A583.12678; Inset 
G1 X14.985 Y-9.667 Z12.400 F720 A583.14041; Inset 
G1 X14.607 Y-9.570 Z12.400 F720 A583.15405; Inset 
G1 X14.252 Y-9.410 Z12.400 F720 A583.16768; Inset 
G1 X13.928 Y-9.192 Z12.400 F720 A583.18131; Inset 
G1 X13.928 Y-9.192 Z12.400 F1500 A581.88131; Retract 
G1 X13.928 Y-9.192 Z12.400 F3000; Retract 
G1 X15.265 Y-8.590 Z12.400 F9000; Travel Move 
G1 X15.265 Y-8.590 Z12.400 F1500 A583.18131; Restart 
G1 X14.184 Y-7.509 Z12.400 F1620 A583.23475; Infill 
G1 X14.245 Y-7.010 Z12.400 F1620 A583.25232; Connection 
G1 X15.773 Y-8.537 Z12.400 F1620 A583.32783; Infill 
G1 X16.131 Y-8.335 Z12.400 F1620 A583.34220; Connection 
G1 X14.445 Y-6.650 Z12.400 F1620 A583.42552; Infill 
G1 X14.744 Y-6.388 Z12.400 F1620 A583.43939; Connection 
G1 X16.392 Y-8.037 Z12.400 F1620 A583.52091; Infill 
G1 X16.550 Y-7.634 Z12.400 F1620 A583.53602; Connection 
G1 X15.146 Y-6.230 Z12.400 F1620 A583.60544; Infill 
G1 X15.738 Y-6.263 Z12.400 F1620 A583.62620; Connection 
G1 X16.496 Y-7.021 Z12.400 F1620 A583.66367; Infill 
; Chunk 122 
; Lower Position  12.4 
; Upper Position  12.6 
; Thickness       0.2 
; Width           0.4 
G1 X16.496 Y-7.021 Z12.400 F1500 A582.36367; Retract 
G1 X16.496 Y-7.021 Z12.400 F3000; Retract 
G1 X16.496 Y-7.021 Z12.600 F1380; Travel Move 
G1 X14.642 Y-8.708 Z12.600 F9000; Travel Move 
G1 X14.642 Y-8.708 Z12.600 F1500 A583.66367; Restart 
G1 X14.248 Y-8.391 Z12.600 F1620 A583.68135; Inset 
G1 X14.097 Y-8.188 Z12.600 F1620 A583.69022; Inset 
G1 X13.907 Y-7.719 Z12.600 F1620 A583.70791; Inset 
G1 X13.885 Y-7.213 Z12.600 F1620 A583.72559; Inset 
G1 X14.032 Y-6.729 Z12.600 F1620 A583.74327; Inset 
G1 X14.332 Y-6.322 Z12.600 F1620 A583.76096; Inset 
G1 X14.750 Y-6.038 Z12.600 F1620 A583.77864; Inset 
G1 X15.240 Y-5.910 Z12.600 F1620 A583.79632; Inset 
G1 X15.743 Y-5.952 Z12.600 F1620 A583.81400; Inset 
G1 X16.205 Y-6.159 Z12.600 F1620 A583.83168; Inset 
G1 X16.571 Y-6.508 Z12.600 F1620 A583.84936; Inset 
G1 X16.704 Y-6.724 Z12.600 F1620 A583.85824; Inset 
G1 X16.853 Y-7.208 Z12.600 F1620 A583.87592; Inset 
G1 X16.833 Y-7.713 Z12.600 F1620 A583.89360; Inset 
G1 X16.645 Y-8.183 Z12.600 F1620 A583.91128; Inset 
G1 X16.312 Y-8.563 Z12.600 F1620 A583.92897; Inset 
G1 X15.870 Y-8.811 Z12.600 F1620 A583.94665; Inset 
G1 X15.625 Y-8.875 Z12.600 F1620 A583.95552; Inset 
G1 X15.119 Y-8.876 Z12.600 F1620 A583.97320; Inset 
G1 X14.642 Y-8.708 Z12.600 F1620 A583.99089; Inset 
G1 X14.642 Y-8.708 Z12.600 F1500 A582.69089; Retract 
G1 X14.642 Y-8.708 Z12.600 F3000; Retract 
G1 X14.180 Y-8.879 Z12.600 F9000; Travel Move 
G1 X14.180 Y-8.879 Z12.600 F1500 A583.99089; Restart 
G1 X13.947 Y-8.657 Z12.600 F1620 A584.00214; Inset 
G1 X13.755 Y-8.399 Z12.600 F1620 A584.01339; Inset 
G1 X13.610 Y-8.112 Z12.600 F1620 A584.02464; Inset 
G1 X13.515 Y-7.804 Z12.600 F1620 A584.03590; Inset 
G1 X13.473 Y-7.485 Z12.600 F1620 A584.04715; Inset 
G1 X13.486 Y-7.163 Z12.600 F1620 A584.05840; Inset 
G1 X13.554 Y-6.848 Z12.600 F1620 A584.06966; Inset 
G1 X13.673 Y-6.549 Z12.600 F1620 A584.08091; Inset 
G1 X13.841 Y-6.275 Z12.600 F1620 A584.09217; Inset 
G1 X14.053 Y-6.033 Z12.600 F1620 A584.10342; Inset 
G1 X14.304 Y-5.830 Z12.600 F1620 A584.11467; Inset 
G1 X14.584 Y-5.673 Z12.600 F1620 A584.12593; Inset 
G1 X14.888 Y-5.565 Z12.600 F1620 A584.13718; Inset 
G1 X15.205 Y-5.510 Z12.600 F1620 A584.14843; Inset 
G1 X15.527 Y-5.509 Z12.600 F1620 A584.15969; Inset 
G1 X15.844 Y-5.563 Z12.600 F1620 A584.17094; Inset 
M73 P94; Update Progress 
G1 X16.148 Y-5.670 Z12.600 F1620 A584.18219; Inset 
G1 X16.429 Y-5.826 Z12.600 F1620 A584.19345; Inset 
G1 X16.680 Y-6.028 Z12.600 F1620 A584.20470; Inset 
G1 X16.893 Y-6.269 Z12.600 F1620 A584.21595; Inset 
G1 X17.062 Y-6.543 Z12.600 F1620 A584.22721; Inset 
G1 X17.183 Y-6.841 Z12.600 F1620 A584.23846; Inset 
G1 X17.251 Y-7.156 Z12.600 F1620 A584.24971; Inset 
G1 X17.266 Y-7.477 Z12.600 F1620 A584.26097; Inset 
G1 X17.225 Y-7.797 Z12.600 F1620 A584.27222; Inset 
G1 X17.132 Y-8.105 Z12.600 F1620 A584.28347; Inset 
G1 X16.987 Y-8.393 Z12.600 F1620 A584.29473; Inset 
G1 X16.796 Y-8.652 Z12.600 F1620 A584.30598; Inset 
G1 X16.564 Y-8.875 Z12.600 F1620 A584.31724; Inset 
G1 X16.298 Y-9.056 Z12.600 F1620 A584.32849; Inset 
G1 X16.005 Y-9.189 Z12.600 F1620 A584.33974; Inset 
G1 X15.694 Y-9.270 Z12.600 F1620 A584.35100; Inset 
G1 X15.373 Y-9.298 Z12.600 F1620 A584.36225; Inset 
G1 X15.052 Y-9.272 Z12.600 F1620 A584.37350; Inset 
G1 X14.740 Y-9.191 Z12.600 F1620 A584.38476; Inset 
G1 X14.447 Y-9.059 Z12.600 F1620 A584.39601; Inset 
G1 X14.180 Y-8.879 Z12.600 F1620 A584.40726; Inset 
G1 X14.180 Y-8.879 Z12.600 F1500 A583.10726; Retract 
G1 X14.180 Y-8.879 Z12.600 F3000; Retract 
G1 X13.928 Y-9.192 Z12.600 F9000; Travel Move 
G1 X13.928 Y-9.192 Z12.600 F1500 A584.40726; Restart 
G1 X13.646 Y-8.923 Z12.600 F720 A584.42090; Inset 
G1 X13.414 Y-8.610 Z12.600 F720 A584.43453; Inset 
G1 X13.237 Y-8.262 Z12.600 F720 A584.44816; Inset 
G1 X13.123 Y-7.889 Z12.600 F720 A584.46180; Inset 
G1 X13.072 Y-7.503 Z12.600 F720 A584.47543; Inset 
G1 X13.088 Y-7.113 Z12.600 F720 A584.48907; Inset 
G1 X13.169 Y-6.732 Z12.600 F720 A584.50270; Inset 
G1 X13.314 Y-6.369 Z12.600 F720 A584.51633; Inset 
G1 X13.518 Y-6.037 Z12.600 F720 A584.52997; Inset 
G1 X13.775 Y-5.744 Z12.600 F720 A584.54360; Inset 
G1 X14.078 Y-5.498 Z12.600 F720 A584.55723; Inset 
G1 X14.418 Y-5.307 Z12.600 F720 A584.57087; Inset 
G1 X14.786 Y-5.177 Z12.600 F720 A584.58450; Inset 
G1 X15.170 Y-5.110 Z12.600 F720 A584.59814; Inset 
G1 X15.560 Y-5.109 Z12.600 F720 A584.61177; Inset 
G1 X15.944 Y-5.174 Z12.600 F720 A584.62540; Inset 
G1 X16.312 Y-5.304 Z12.600 F720 A584.63904; Inset 
G1 X16.653 Y-5.493 Z12.600 F720 A584.65267; Inset 
G1 X16.957 Y-5.738 Z12.600 F720 A584.66630; Inset 
G1 X17.215 Y-6.030 Z12.600 F720 A584.67994; Inset 
G1 X17.420 Y-6.361 Z12.600 F720 A584.69357; Inset 
G1 X17.566 Y-6.723 Z12.600 F720 A584.70720; Inset 
G1 X17.649 Y-7.104 Z12.600 F720 A584.72084; Inset 
G1 X17.667 Y-7.494 Z12.600 F720 A584.73447; Inset 
G1 X17.618 Y-7.881 Z12.600 F720 A584.74811; Inset 
G1 X17.504 Y-8.254 Z12.600 F720 A584.76174; Inset 
G1 X17.329 Y-8.602 Z12.600 F720 A584.77538; Inset 
G1 X17.098 Y-8.916 Z12.600 F720 A584.78901; Inset 
G1 X16.817 Y-9.187 Z12.600 F720 A584.80264; Inset 
G1 X16.494 Y-9.406 Z12.600 F720 A584.81628; Inset 
G1 X16.139 Y-9.567 Z12.600 F720 A584.82991; Inset 
G1 X15.762 Y-9.666 Z12.600 F720 A584.84354; Inset 
G1 X15.374 Y-9.700 Z12.600 F720 A584.85718; Inset 
G1 X14.985 Y-9.667 Z12.600 F720 A584.87081; Inset 
G1 X14.607 Y-9.570 Z12.600 F720 A584.88445; Inset 
G1 X14.252 Y-9.410 Z12.600 F720 A584.89808; Inset 
G1 X13.928 Y-9.192 Z12.600 F720 A584.91171; Inset 
G1 X13.928 Y-9.192 Z12.600 F1500 A583.61171; Retract 
G1 X13.928 Y-9.192 Z12.600 F3000; Retract 
G1 X14.550 Y-8.267 Z12.600 F9000; Travel Move 
G1 X14.550 Y-8.267 Z12.600 F1500 A584.91171; Restart 
G1 X16.235 Y-6.583 Z12.600 F1620 A584.99499; Infill 
G1 X15.915 Y-6.342 Z12.600 F1620 A585.00897; Connection 
G1 X14.309 Y-7.949 Z12.600 F1620 A585.08840; Infill 
G1 X14.184 Y-7.513 Z12.600 F1620 A585.10424; Connection 
G1 X15.481 Y-6.217 Z12.600 F1620 A585.16834; Infill 
G1 X14.761 Y-6.377 Z12.600 F1620 A585.19411; Connection 
G1 X14.328 Y-6.809 Z12.600 F1620 A585.21552; Infill 
G1 X14.328 Y-6.809 Z12.600 F1500 A583.91552; Retract 
G1 X14.328 Y-6.809 Z12.600 F3000; Retract 
G1 X14.887 Y-8.491 Z12.600 F9000; Travel Move 
G1 X14.887 Y-8.491 Z12.600 F1500 A585.21552; Restart 
G1 X16.463 Y-6.914 Z12.600 F1620 A585.29347; Infill 
G1 X16.560 Y-7.378 Z12.600 F1620 A585.31002; Connection 
G1 X15.348 Y-8.589 Z12.600 F1620 A585.36994; Infill 
; Chunk 123 
; Lower Position  12.6 
; Upper Position  12.8 
; Thickness       0.2 
; Width           0.4 
G1 X15.348 Y-8.589 Z12.600 F1500 A584.06994; Retract 
G1 X15.348 Y-8.589 Z12.600 F3000; Retract 
G1 X15.348 Y-8.589 Z12.800 F1380; Travel Move 
G1 X14.642 Y-8.708 Z12.800 F9000; Travel Move 
G1 X14.642 Y-8.708 Z12.800 F1500 A585.36994; Restart 
G1 X14.248 Y-8.391 Z12.800 F1620 A585.38762; Inset 
G1 X14.097 Y-8.188 Z12.800 F1620 A585.39649; Inset 
G1 X13.907 Y-7.719 Z12.800 F1620 A585.41417; Inset 
G1 X13.885 Y-7.213 Z12.800 F1620 A585.43185; Inset 
G1 X14.032 Y-6.729 Z12.800 F1620 A585.44954; Inset 
G1 X14.332 Y-6.322 Z12.800 F1620 A585.46722; Inset 
G1 X14.750 Y-6.038 Z12.800 F1620 A585.48490; Inset 
G1 X15.240 Y-5.910 Z12.800 F1620 A585.50258; Inset 
G1 X15.743 Y-5.952 Z12.800 F1620 A585.52026; Inset 
G1 X16.205 Y-6.159 Z12.800 F1620 A585.53795; Inset 
G1 X16.571 Y-6.508 Z12.800 F1620 A585.55563; Inset 
G1 X16.704 Y-6.724 Z12.800 F1620 A585.56450; Inset 
G1 X16.853 Y-7.208 Z12.800 F1620 A585.58218; Inset 
G1 X16.833 Y-7.713 Z12.800 F1620 A585.59987; Inset 
G1 X16.645 Y-8.183 Z12.800 F1620 A585.61755; Inset 
G1 X16.312 Y-8.563 Z12.800 F1620 A585.63523; Inset 
G1 X15.870 Y-8.811 Z12.800 F1620 A585.65291; Inset 
G1 X15.625 Y-8.875 Z12.800 F1620 A585.66179; Inset 
G1 X15.119 Y-8.876 Z12.800 F1620 A585.67946; Inset 
G1 X14.642 Y-8.708 Z12.800 F1620 A585.69715; Inset 
G1 X14.642 Y-8.708 Z12.800 F1500 A584.39715; Retract 
G1 X14.642 Y-8.708 Z12.800 F3000; Retract 
G1 X14.180 Y-8.879 Z12.800 F9000; Travel Move 
G1 X14.180 Y-8.879 Z12.800 F1500 A585.69715; Restart 
G1 X13.947 Y-8.657 Z12.800 F1620 A585.70840; Inset 
G1 X13.755 Y-8.399 Z12.800 F1620 A585.71966; Inset 
G1 X13.610 Y-8.112 Z12.800 F1620 A585.73091; Inset 
G1 X13.515 Y-7.804 Z12.800 F1620 A585.74216; Inset 
G1 X13.473 Y-7.485 Z12.800 F1620 A585.75342; Inset 
G1 X13.486 Y-7.163 Z12.800 F1620 A585.76467; Inset 
G1 X13.554 Y-6.848 Z12.800 F1620 A585.77593; Inset 
G1 X13.673 Y-6.549 Z12.800 F1620 A585.78718; Inset 
G1 X13.841 Y-6.275 Z12.800 F1620 A585.79843; Inset 
G1 X14.053 Y-6.033 Z12.800 F1620 A585.80968; Inset 
G1 X14.304 Y-5.830 Z12.800 F1620 A585.82094; Inset 
G1 X14.584 Y-5.673 Z12.800 F1620 A585.83219; Inset 
G1 X14.888 Y-5.565 Z12.800 F1620 A585.84344; Inset 
G1 X15.205 Y-5.510 Z12.800 F1620 A585.85470; Inset 
G1 X15.527 Y-5.509 Z12.800 F1620 A585.86595; Inset 
G1 X15.844 Y-5.563 Z12.800 F1620 A585.87721; Inset 
G1 X16.148 Y-5.670 Z12.800 F1620 A585.88846; Inset 
G1 X16.429 Y-5.826 Z12.800 F1620 A585.89971; Inset 
G1 X16.680 Y-6.028 Z12.800 F1620 A585.91097; Inset 
G1 X16.893 Y-6.269 Z12.800 F1620 A585.92222; Inset 
G1 X17.062 Y-6.543 Z12.800 F1620 A585.93347; Inset 
G1 X17.183 Y-6.841 Z12.800 F1620 A585.94472; Inset 
G1 X17.251 Y-7.156 Z12.800 F1620 A585.95598; Inset 
G1 X17.266 Y-7.477 Z12.800 F1620 A585.96723; Inset 
G1 X17.225 Y-7.797 Z12.800 F1620 A585.97849; Inset 
G1 X17.132 Y-8.105 Z12.800 F1620 A585.98974; Inset 
G1 X16.987 Y-8.393 Z12.800 F1620 A586.00099; Inset 
G1 X16.796 Y-8.652 Z12.800 F1620 A586.01225; Inset 
G1 X16.564 Y-8.875 Z12.800 F1620 A586.02350; Inset 
G1 X16.298 Y-9.056 Z12.800 F1620 A586.03475; Inset 
G1 X16.005 Y-9.189 Z12.800 F1620 A586.04601; Inset 
G1 X15.694 Y-9.270 Z12.800 F1620 A586.05726; Inset 
G1 X15.373 Y-9.298 Z12.800 F1620 A586.06851; Inset 
G1 X15.052 Y-9.272 Z12.800 F1620 A586.07976; Inset 
G1 X14.740 Y-9.191 Z12.800 F1620 A586.09102; Inset 
G1 X14.447 Y-9.059 Z12.800 F1620 A586.10227; Inset 
G1 X14.180 Y-8.879 Z12.800 F1620 A586.11353; Inset 
G1 X14.180 Y-8.879 Z12.800 F1500 A584.81353; Retract 
G1 X14.180 Y-8.879 Z12.800 F3000; Retract 
G1 X13.928 Y-9.192 Z12.800 F9000; Travel Move 
G1 X13.928 Y-9.192 Z12.800 F1500 A586.11353; Restart 
G1 X13.646 Y-8.923 Z12.800 F720 A586.12716; Inset 
G1 X13.414 Y-8.610 Z12.800 F720 A586.14080; Inset 
G1 X13.237 Y-8.262 Z12.800 F720 A586.15443; Inset 
G1 X13.123 Y-7.889 Z12.800 F720 A586.16806; Inset 
G1 X13.072 Y-7.503 Z12.800 F720 A586.18169; Inset 
G1 X13.088 Y-7.113 Z12.800 F720 A586.19533; Inset 
G1 X13.169 Y-6.732 Z12.800 F720 A586.20896; Inset 
G1 X13.314 Y-6.369 Z12.800 F720 A586.22260; Inset 
G1 X13.518 Y-6.037 Z12.800 F720 A586.23623; Inset 
G1 X13.775 Y-5.744 Z12.800 F720 A586.24987; Inset 
G1 X14.078 Y-5.498 Z12.800 F720 A586.26350; Inset 
G1 X14.418 Y-5.307 Z12.800 F720 A586.27713; Inset 
G1 X14.786 Y-5.177 Z12.800 F720 A586.29077; Inset 
G1 X15.170 Y-5.110 Z12.800 F720 A586.30440; Inset 
G1 X15.560 Y-5.109 Z12.800 F720 A586.31803; Inset 
G1 X15.944 Y-5.174 Z12.800 F720 A586.33167; Inset 
G1 X16.312 Y-5.304 Z12.800 F720 A586.34530; Inset 
G1 X16.653 Y-5.493 Z12.800 F720 A586.35894; Inset 
G1 X16.957 Y-5.738 Z12.800 F720 A586.37257; Inset 
G1 X17.215 Y-6.030 Z12.800 F720 A586.38620; Inset 
G1 X17.420 Y-6.361 Z12.800 F720 A586.39984; Inset 
G1 X17.566 Y-6.723 Z12.800 F720 A586.41347; Inset 
G1 X17.649 Y-7.104 Z12.800 F720 A586.42710; Inset 
G1 X17.667 Y-7.494 Z12.800 F720 A586.44074; Inset 
G1 X17.618 Y-7.881 Z12.800 F720 A586.45437; Inset 
G1 X17.504 Y-8.254 Z12.800 F720 A586.46801; Inset 
G1 X17.329 Y-8.602 Z12.800 F720 A586.48164; Inset 
G1 X17.098 Y-8.916 Z12.800 F720 A586.49527; Inset 
G1 X16.817 Y-9.187 Z12.800 F720 A586.50891; Inset 
G1 X16.494 Y-9.406 Z12.800 F720 A586.52254; Inset 
G1 X16.139 Y-9.567 Z12.800 F720 A586.53618; Inset 
G1 X15.762 Y-9.666 Z12.800 F720 A586.54981; Inset 
G1 X15.374 Y-9.700 Z12.800 F720 A586.56344; Inset 
G1 X14.985 Y-9.667 Z12.800 F720 A586.57707; Inset 
G1 X14.607 Y-9.570 Z12.800 F720 A586.59071; Inset 
G1 X14.252 Y-9.410 Z12.800 F720 A586.60434; Inset 
G1 X13.928 Y-9.192 Z12.800 F720 A586.61798; Inset 
G1 X13.928 Y-9.192 Z12.800 F1500 A585.31798; Retract 
G1 X13.928 Y-9.192 Z12.800 F3000; Retract 
G1 X15.265 Y-8.590 Z12.800 F9000; Travel Move 
G1 X15.265 Y-8.590 Z12.800 F1500 A586.61798; Restart 
G1 X14.184 Y-7.509 Z12.800 F1620 A586.67142; Infill 
G1 X14.245 Y-7.010 Z12.800 F1620 A586.68898; Connection 
G1 X15.773 Y-8.537 Z12.800 F1620 A586.76450; Infill 
M73 P95; Update Progress 
G1 X16.131 Y-8.335 Z12.800 F1620 A586.77887; Connection 
G1 X14.445 Y-6.650 Z12.800 F1620 A586.86219; Infill 
G1 X14.744 Y-6.388 Z12.800 F1620 A586.87606; Connection 
G1 X16.392 Y-8.037 Z12.800 F1620 A586.95757; Infill 
G1 X16.550 Y-7.634 Z12.800 F1620 A586.97269; Connection 
G1 X15.146 Y-6.230 Z12.800 F1620 A587.04211; Infill 
G1 X15.738 Y-6.263 Z12.800 F1620 A587.06287; Connection 
G1 X16.496 Y-7.021 Z12.800 F1620 A587.10034; Infill 
; Chunk 124 
; Lower Position  12.8 
; Upper Position  13 
; Thickness       0.2 
; Width           0.4 
G1 X16.496 Y-7.021 Z12.800 F1500 A585.80034; Retract 
G1 X16.496 Y-7.021 Z12.800 F3000; Retract 
G1 X16.496 Y-7.021 Z13.000 F1380; Travel Move 
G1 X14.642 Y-8.708 Z13.000 F9000; Travel Move 
G1 X14.642 Y-8.708 Z13.000 F1500 A587.10034; Restart 
G1 X14.248 Y-8.391 Z13.000 F1620 A587.11802; Inset 
G1 X14.097 Y-8.188 Z13.000 F1620 A587.12689; Inset 
G1 X13.907 Y-7.719 Z13.000 F1620 A587.14458; Inset 
G1 X13.885 Y-7.213 Z13.000 F1620 A587.16226; Inset 
G1 X14.032 Y-6.729 Z13.000 F1620 A587.17994; Inset 
G1 X14.332 Y-6.322 Z13.000 F1620 A587.19762; Inset 
G1 X14.750 Y-6.038 Z13.000 F1620 A587.21530; Inset 
G1 X15.240 Y-5.910 Z13.000 F1620 A587.23298; Inset 
G1 X15.743 Y-5.952 Z13.000 F1620 A587.25066; Inset 
G1 X16.205 Y-6.159 Z13.000 F1620 A587.26835; Inset 
G1 X16.571 Y-6.508 Z13.000 F1620 A587.28603; Inset 
G1 X16.704 Y-6.724 Z13.000 F1620 A587.29490; Inset 
G1 X16.853 Y-7.208 Z13.000 F1620 A587.31258; Inset 
G1 X16.833 Y-7.713 Z13.000 F1620 A587.33027; Inset 
G1 X16.645 Y-8.183 Z13.000 F1620 A587.34795; Inset 
G1 X16.312 Y-8.563 Z13.000 F1620 A587.36563; Inset 
G1 X15.870 Y-8.811 Z13.000 F1620 A587.38331; Inset 
G1 X15.625 Y-8.875 Z13.000 F1620 A587.39219; Inset 
G1 X15.119 Y-8.876 Z13.000 F1620 A587.40987; Inset 
G1 X14.642 Y-8.708 Z13.000 F1620 A587.42755; Inset 
G1 X14.642 Y-8.708 Z13.000 F1500 A586.12755; Retract 
G1 X14.642 Y-8.708 Z13.000 F3000; Retract 
G1 X14.180 Y-8.879 Z13.000 F9000; Travel Move 
G1 X14.180 Y-8.879 Z13.000 F1500 A587.42755; Restart 
G1 X13.947 Y-8.657 Z13.000 F1620 A587.43880; Inset 
G1 X13.755 Y-8.399 Z13.000 F1620 A587.45006; Inset 
G1 X13.610 Y-8.112 Z13.000 F1620 A587.46131; Inset 
G1 X13.515 Y-7.804 Z13.000 F1620 A587.47257; Inset 
G1 X13.473 Y-7.485 Z13.000 F1620 A587.48382; Inset 
G1 X13.486 Y-7.163 Z13.000 F1620 A587.49507; Inset 
G1 X13.554 Y-6.848 Z13.000 F1620 A587.50633; Inset 
G1 X13.673 Y-6.549 Z13.000 F1620 A587.51758; Inset 
G1 X13.841 Y-6.275 Z13.000 F1620 A587.52883; Inset 
G1 X14.053 Y-6.033 Z13.000 F1620 A587.54008; Inset 
G1 X14.304 Y-5.830 Z13.000 F1620 A587.55134; Inset 
G1 X14.584 Y-5.673 Z13.000 F1620 A587.56259; Inset 
G1 X14.888 Y-5.565 Z13.000 F1620 A587.57385; Inset 
G1 X15.205 Y-5.510 Z13.000 F1620 A587.58510; Inset 
G1 X15.527 Y-5.509 Z13.000 F1620 A587.59635; Inset 
G1 X15.844 Y-5.563 Z13.000 F1620 A587.60761; Inset 
G1 X16.148 Y-5.670 Z13.000 F1620 A587.61886; Inset 
G1 X16.429 Y-5.826 Z13.000 F1620 A587.63011; Inset 
G1 X16.680 Y-6.028 Z13.000 F1620 A587.64137; Inset 
G1 X16.893 Y-6.269 Z13.000 F1620 A587.65262; Inset 
G1 X17.062 Y-6.543 Z13.000 F1620 A587.66388; Inset 
G1 X17.183 Y-6.841 Z13.000 F1620 A587.67513; Inset 
G1 X17.251 Y-7.156 Z13.000 F1620 A587.68638; Inset 
G1 X17.266 Y-7.477 Z13.000 F1620 A587.69763; Inset 
G1 X17.225 Y-7.797 Z13.000 F1620 A587.70889; Inset 
G1 X17.132 Y-8.105 Z13.000 F1620 A587.72014; Inset 
G1 X16.987 Y-8.393 Z13.000 F1620 A587.73139; Inset 
G1 X16.796 Y-8.652 Z13.000 F1620 A587.74265; Inset 
G1 X16.564 Y-8.875 Z13.000 F1620 A587.75390; Inset 
G1 X16.298 Y-9.056 Z13.000 F1620 A587.76515; Inset 
G1 X16.005 Y-9.189 Z13.000 F1620 A587.77641; Inset 
G1 X15.694 Y-9.270 Z13.000 F1620 A587.78766; Inset 
G1 X15.373 Y-9.298 Z13.000 F1620 A587.79891; Inset 
G1 X15.052 Y-9.272 Z13.000 F1620 A587.81017; Inset 
G1 X14.740 Y-9.191 Z13.000 F1620 A587.82142; Inset 
G1 X14.447 Y-9.059 Z13.000 F1620 A587.83268; Inset 
G1 X14.180 Y-8.879 Z13.000 F1620 A587.84393; Inset 
G1 X14.180 Y-8.879 Z13.000 F1500 A586.54393; Retract 
G1 X14.180 Y-8.879 Z13.000 F3000; Retract 
G1 X13.928 Y-9.192 Z13.000 F9000; Travel Move 
G1 X13.928 Y-9.192 Z13.000 F1500 A587.84393; Restart 
G1 X13.646 Y-8.923 Z13.000 F720 A587.85756; Inset 
G1 X13.414 Y-8.610 Z13.000 F720 A587.87120; Inset 
G1 X13.237 Y-8.262 Z13.000 F720 A587.88483; Inset 
G1 X13.123 Y-7.889 Z13.000 F720 A587.89846; Inset 
G1 X13.072 Y-7.503 Z13.000 F720 A587.91210; Inset 
G1 X13.088 Y-7.113 Z13.000 F720 A587.92573; Inset 
G1 X13.169 Y-6.732 Z13.000 F720 A587.93936; Inset 
G1 X13.314 Y-6.369 Z13.000 F720 A587.95300; Inset 
G1 X13.518 Y-6.037 Z13.000 F720 A587.96663; Inset 
G1 X13.775 Y-5.744 Z13.000 F720 A587.98027; Inset 
G1 X14.078 Y-5.498 Z13.000 F720 A587.99390; Inset 
G1 X14.418 Y-5.307 Z13.000 F720 A588.00753; Inset 
G1 X14.786 Y-5.177 Z13.000 F720 A588.02117; Inset 
G1 X15.170 Y-5.110 Z13.000 F720 A588.03480; Inset 
G1 X15.560 Y-5.109 Z13.000 F720 A588.04843; Inset 
G1 X15.944 Y-5.174 Z13.000 F720 A588.06207; Inset 
G1 X16.312 Y-5.304 Z13.000 F720 A588.07570; Inset 
G1 X16.653 Y-5.493 Z13.000 F720 A588.08934; Inset 
G1 X16.957 Y-5.738 Z13.000 F720 A588.10297; Inset 
G1 X17.215 Y-6.030 Z13.000 F720 A588.11660; Inset 
G1 X17.420 Y-6.361 Z13.000 F720 A588.13024; Inset 
G1 X17.566 Y-6.723 Z13.000 F720 A588.14387; Inset 
G1 X17.649 Y-7.104 Z13.000 F720 A588.15751; Inset 
G1 X17.667 Y-7.494 Z13.000 F720 A588.17114; Inset 
G1 X17.618 Y-7.881 Z13.000 F720 A588.18477; Inset 
G1 X17.504 Y-8.254 Z13.000 F720 A588.19841; Inset 
G1 X17.329 Y-8.602 Z13.000 F720 A588.21204; Inset 
G1 X17.098 Y-8.916 Z13.000 F720 A588.22567; Inset 
G1 X16.817 Y-9.187 Z13.000 F720 A588.23931; Inset 
G1 X16.494 Y-9.406 Z13.000 F720 A588.25294; Inset 
G1 X16.139 Y-9.567 Z13.000 F720 A588.26658; Inset 
G1 X15.762 Y-9.666 Z13.000 F720 A588.28021; Inset 
G1 X15.374 Y-9.700 Z13.000 F720 A588.29384; Inset 
G1 X14.985 Y-9.667 Z13.000 F720 A588.30748; Inset 
G1 X14.607 Y-9.570 Z13.000 F720 A588.32111; Inset 
G1 X14.252 Y-9.410 Z13.000 F720 A588.33475; Inset 
G1 X13.928 Y-9.192 Z13.000 F720 A588.34838; Inset 
G1 X13.928 Y-9.192 Z13.000 F1500 A587.04838; Retract 
G1 X13.928 Y-9.192 Z13.000 F3000; Retract 
G1 X14.550 Y-8.267 Z13.000 F9000; Travel Move 
G1 X14.550 Y-8.267 Z13.000 F1500 A588.34838; Restart 
G1 X16.235 Y-6.583 Z13.000 F1620 A588.43166; Infill 
G1 X15.915 Y-6.342 Z13.000 F1620 A588.44564; Connection 
G1 X14.309 Y-7.949 Z13.000 F1620 A588.52507; Infill 
G1 X14.184 Y-7.513 Z13.000 F1620 A588.54090; Connection 
G1 X15.481 Y-6.217 Z13.000 F1620 A588.60501; Infill 
G1 X14.761 Y-6.377 Z13.000 F1620 A588.63078; Connection 
G1 X14.328 Y-6.809 Z13.000 F1620 A588.65219; Infill 
G1 X14.887 Y-8.491 Z13.000 F1620 A588.71413; Connection 
G1 X16.463 Y-6.914 Z13.000 F1620 A588.79209; Infill 
G1 X16.560 Y-7.378 Z13.000 F1620 A588.80864; Connection 
G1 X15.348 Y-8.589 Z13.000 F1620 A588.86855; Infill 
; Chunk 125 
; Lower Position  13 
; Upper Position  13.2 
; Thickness       0.2 
; Width           0.4 
G1 X15.348 Y-8.589 Z13.000 F1500 A587.56855; Retract 
G1 X15.348 Y-8.589 Z13.000 F3000; Retract 
G1 X15.348 Y-8.589 Z13.200 F1380; Travel Move 
G1 X14.642 Y-8.708 Z13.200 F9000; Travel Move 
G1 X14.642 Y-8.708 Z13.200 F1500 A588.86855; Restart 
G1 X14.248 Y-8.391 Z13.200 F1620 A588.88623; Inset 
G1 X14.097 Y-8.188 Z13.200 F1620 A588.89510; Inset 
G1 X13.907 Y-7.719 Z13.200 F1620 A588.91279; Inset 
G1 X13.885 Y-7.213 Z13.200 F1620 A588.93047; Inset 
G1 X14.032 Y-6.729 Z13.200 F1620 A588.94815; Inset 
G1 X14.332 Y-6.322 Z13.200 F1620 A588.96584; Inset 
G1 X14.750 Y-6.038 Z13.200 F1620 A588.98352; Inset 
G1 X15.240 Y-5.910 Z13.200 F1620 A589.00120; Inset 
G1 X15.743 Y-5.952 Z13.200 F1620 A589.01888; Inset 
G1 X16.205 Y-6.159 Z13.200 F1620 A589.03656; Inset 
G1 X16.571 Y-6.508 Z13.200 F1620 A589.05424; Inset 
G1 X16.704 Y-6.724 Z13.200 F1620 A589.06312; Inset 
G1 X16.853 Y-7.208 Z13.200 F1620 A589.08080; Inset 
G1 X16.833 Y-7.713 Z13.200 F1620 A589.09848; Inset 
G1 X16.645 Y-8.183 Z13.200 F1620 A589.11616; Inset 
G1 X16.312 Y-8.563 Z13.200 F1620 A589.13385; Inset 
G1 X15.870 Y-8.811 Z13.200 F1620 A589.15153; Inset 
G1 X15.625 Y-8.875 Z13.200 F1620 A589.16040; Inset 
G1 X15.119 Y-8.876 Z13.200 F1620 A589.17808; Inset 
G1 X14.642 Y-8.708 Z13.200 F1620 A589.19576; Inset 
G1 X14.642 Y-8.708 Z13.200 F1500 A587.89576; Retract 
G1 X14.642 Y-8.708 Z13.200 F3000; Retract 
G1 X14.180 Y-8.879 Z13.200 F9000; Travel Move 
G1 X14.180 Y-8.879 Z13.200 F1500 A589.19576; Restart 
G1 X13.947 Y-8.657 Z13.200 F1620 A589.20702; Inset 
G1 X13.755 Y-8.399 Z13.200 F1620 A589.21827; Inset 
G1 X13.610 Y-8.112 Z13.200 F1620 A589.22952; Inset 
G1 X13.515 Y-7.804 Z13.200 F1620 A589.24078; Inset 
G1 X13.473 Y-7.485 Z13.200 F1620 A589.25203; Inset 
G1 X13.486 Y-7.163 Z13.200 F1620 A589.26328; Inset 
G1 X13.554 Y-6.848 Z13.200 F1620 A589.27454; Inset 
G1 X13.673 Y-6.549 Z13.200 F1620 A589.28579; Inset 
G1 X13.841 Y-6.275 Z13.200 F1620 A589.29705; Inset 
G1 X14.053 Y-6.033 Z13.200 F1620 A589.30830; Inset 
G1 X14.304 Y-5.830 Z13.200 F1620 A589.31955; Inset 
G1 X14.584 Y-5.673 Z13.200 F1620 A589.33081; Inset 
G1 X14.888 Y-5.565 Z13.200 F1620 A589.34206; Inset 
G1 X15.205 Y-5.510 Z13.200 F1620 A589.35331; Inset 
G1 X15.527 Y-5.509 Z13.200 F1620 A589.36457; Inset 
G1 X15.844 Y-5.563 Z13.200 F1620 A589.37582; Inset 
G1 X16.148 Y-5.670 Z13.200 F1620 A589.38707; Inset 
G1 X16.429 Y-5.826 Z13.200 F1620 A589.39833; Inset 
G1 X16.680 Y-6.028 Z13.200 F1620 A589.40958; Inset 
G1 X16.893 Y-6.269 Z13.200 F1620 A589.42083; Inset 
G1 X17.062 Y-6.543 Z13.200 F1620 A589.43209; Inset 
G1 X17.183 Y-6.841 Z13.200 F1620 A589.44334; Inset 
G1 X17.251 Y-7.156 Z13.200 F1620 A589.45459; Inset 
G1 X17.266 Y-7.477 Z13.200 F1620 A589.46585; Inset 
G1 X17.225 Y-7.797 Z13.200 F1620 A589.47710; Inset 
G1 X17.132 Y-8.105 Z13.200 F1620 A589.48835; Inset 
G1 X16.987 Y-8.393 Z13.200 F1620 A589.49961; Inset 
G1 X16.796 Y-8.652 Z13.200 F1620 A589.51086; Inset 
G1 X16.564 Y-8.875 Z13.200 F1620 A589.52212; Inset 
G1 X16.298 Y-9.056 Z13.200 F1620 A589.53337; Inset 
G1 X16.005 Y-9.189 Z13.200 F1620 A589.54462; Inset 
G1 X15.694 Y-9.270 Z13.200 F1620 A589.55588; Inset 
G1 X15.373 Y-9.298 Z13.200 F1620 A589.56713; Inset 
G1 X15.052 Y-9.272 Z13.200 F1620 A589.57838; Inset 
G1 X14.740 Y-9.191 Z13.200 F1620 A589.58964; Inset 
G1 X14.447 Y-9.059 Z13.200 F1620 A589.60089; Inset 
G1 X14.180 Y-8.879 Z13.200 F1620 A589.61214; Inset 
G1 X14.180 Y-8.879 Z13.200 F1500 A588.31214; Retract 
G1 X14.180 Y-8.879 Z13.200 F3000; Retract 
G1 X13.928 Y-9.192 Z13.200 F9000; Travel Move 
G1 X13.928 Y-9.192 Z13.200 F1500 A589.61214; Restart 
G1 X13.646 Y-8.923 Z13.200 F720 A589.62578; Inset 
G1 X13.414 Y-8.610 Z13.200 F720 A589.63941; Inset 
G1 X13.237 Y-8.262 Z13.200 F720 A589.65304; Inset 
G1 X13.123 Y-7.889 Z13.200 F720 A589.66668; Inset 
G1 X13.072 Y-7.503 Z13.200 F720 A589.68031; Inset 
G1 X13.088 Y-7.113 Z13.200 F720 A589.69395; Inset 
G1 X13.169 Y-6.732 Z13.200 F720 A589.70758; Inset 
G1 X13.314 Y-6.369 Z13.200 F720 A589.72121; Inset 
G1 X13.518 Y-6.037 Z13.200 F720 A589.73485; Inset 
G1 X13.775 Y-5.744 Z13.200 F720 A589.74848; Inset 
G1 X14.078 Y-5.498 Z13.200 F720 A589.76211; Inset 
G1 X14.418 Y-5.307 Z13.200 F720 A589.77575; Inset 
M73 P96; Update Progress 
G1 X14.786 Y-5.177 Z13.200 F720 A589.78938; Inset 
G1 X15.170 Y-5.110 Z13.200 F720 A589.80301; Inset 
G1 X15.560 Y-5.109 Z13.200 F720 A589.81665; Inset 
G1 X15.944 Y-5.174 Z13.200 F720 A589.83028; Inset 
G1 X16.312 Y-5.304 Z13.200 F720 A589.84391; Inset 
G1 X16.653 Y-5.493 Z13.200 F720 A589.85755; Inset 
G1 X16.957 Y-5.738 Z13.200 F720 A589.87118; Inset 
G1 X17.215 Y-6.030 Z13.200 F720 A589.88482; Inset 
G1 X17.420 Y-6.361 Z13.200 F720 A589.89845; Inset 
G1 X17.566 Y-6.723 Z13.200 F720 A589.91208; Inset 
G1 X17.649 Y-7.104 Z13.200 F720 A589.92572; Inset 
G1 X17.667 Y-7.494 Z13.200 F720 A589.93935; Inset 
G1 X17.618 Y-7.881 Z13.200 F720 A589.95299; Inset 
G1 X17.504 Y-8.254 Z13.200 F720 A589.96662; Inset 
G1 X17.329 Y-8.602 Z13.200 F720 A589.98025; Inset 
G1 X17.098 Y-8.916 Z13.200 F720 A589.99389; Inset 
G1 X16.817 Y-9.187 Z13.200 F720 A590.00752; Inset 
G1 X16.494 Y-9.406 Z13.200 F720 A590.02116; Inset 
G1 X16.139 Y-9.567 Z13.200 F720 A590.03479; Inset 
G1 X15.762 Y-9.666 Z13.200 F720 A590.04842; Inset 
G1 X15.374 Y-9.700 Z13.200 F720 A590.06206; Inset 
G1 X14.985 Y-9.667 Z13.200 F720 A590.07569; Inset 
G1 X14.607 Y-9.570 Z13.200 F720 A590.08933; Inset 
G1 X14.252 Y-9.410 Z13.200 F720 A590.10296; Inset 
G1 X13.928 Y-9.192 Z13.200 F720 A590.11659; Inset 
G1 X13.928 Y-9.192 Z13.200 F1500 A588.81659; Retract 
G1 X13.928 Y-9.192 Z13.200 F3000; Retract 
G1 X15.265 Y-8.590 Z13.200 F9000; Travel Move 
G1 X15.265 Y-8.590 Z13.200 F1500 A590.11659; Restart 
G1 X14.184 Y-7.509 Z13.200 F1620 A590.17003; Infill 
G1 X14.245 Y-7.010 Z13.200 F1620 A590.18760; Connection 
G1 X15.773 Y-8.537 Z13.200 F1620 A590.26311; Infill 
G1 X16.131 Y-8.335 Z13.200 F1620 A590.27748; Connection 
G1 X14.445 Y-6.650 Z13.200 F1620 A590.36080; Infill 
G1 X14.744 Y-6.388 Z13.200 F1620 A590.37468; Connection 
G1 X16.392 Y-8.037 Z13.200 F1620 A590.45619; Infill 
G1 X16.550 Y-7.634 Z13.200 F1620 A590.47130; Connection 
G1 X15.146 Y-6.230 Z13.200 F1620 A590.54072; Infill 
G1 X15.738 Y-6.263 Z13.200 F1620 A590.56148; Connection 
G1 X16.496 Y-7.021 Z13.200 F1620 A590.59895; Infill 
; Chunk 126 
; Lower Position  13.2 
; Upper Position  13.4 
; Thickness       0.2 
; Width           0.4 
G1 X16.496 Y-7.021 Z13.200 F1500 A589.29895; Retract 
G1 X16.496 Y-7.021 Z13.200 F3000; Retract 
G1 X16.496 Y-7.021 Z13.400 F1380; Travel Move 
G1 X14.642 Y-8.708 Z13.400 F9000; Travel Move 
G1 X14.642 Y-8.708 Z13.400 F1500 A590.59895; Restart 
G1 X14.248 Y-8.391 Z13.400 F1620 A590.61663; Inset 
G1 X14.097 Y-8.188 Z13.400 F1620 A590.62550; Inset 
G1 X13.907 Y-7.719 Z13.400 F1620 A590.64319; Inset 
G1 X13.885 Y-7.213 Z13.400 F1620 A590.66087; Inset 
G1 X14.032 Y-6.729 Z13.400 F1620 A590.67855; Inset 
G1 X14.332 Y-6.322 Z13.400 F1620 A590.69624; Inset 
G1 X14.750 Y-6.038 Z13.400 F1620 A590.71392; Inset 
G1 X15.240 Y-5.910 Z13.400 F1620 A590.73160; Inset 
G1 X15.743 Y-5.952 Z13.400 F1620 A590.74928; Inset 
G1 X16.205 Y-6.159 Z13.400 F1620 A590.76696; Inset 
G1 X16.571 Y-6.508 Z13.400 F1620 A590.78464; Inset 
G1 X16.704 Y-6.724 Z13.400 F1620 A590.79352; Inset 
G1 X16.853 Y-7.208 Z13.400 F1620 A590.81120; Inset 
G1 X16.833 Y-7.713 Z13.400 F1620 A590.82888; Inset 
G1 X16.645 Y-8.183 Z13.400 F1620 A590.84656; Inset 
G1 X16.312 Y-8.563 Z13.400 F1620 A590.86425; Inset 
G1 X15.870 Y-8.811 Z13.400 F1620 A590.88193; Inset 
G1 X15.625 Y-8.875 Z13.400 F1620 A590.89080; Inset 
G1 X15.119 Y-8.876 Z13.400 F1620 A590.90848; Inset 
G1 X14.642 Y-8.708 Z13.400 F1620 A590.92617; Inset 
G1 X14.642 Y-8.708 Z13.400 F1500 A589.62617; Retract 
G1 X14.642 Y-8.708 Z13.400 F3000; Retract 
G1 X14.180 Y-8.879 Z13.400 F9000; Travel Move 
G1 X14.180 Y-8.879 Z13.400 F1500 A590.92617; Restart 
G1 X13.947 Y-8.657 Z13.400 F1620 A590.93742; Inset 
G1 X13.755 Y-8.399 Z13.400 F1620 A590.94867; Inset 
G1 X13.610 Y-8.112 Z13.400 F1620 A590.95992; Inset 
G1 X13.515 Y-7.804 Z13.400 F1620 A590.97118; Inset 
G1 X13.473 Y-7.485 Z13.400 F1620 A590.98244; Inset 
G1 X13.486 Y-7.163 Z13.400 F1620 A590.99368; Inset 
G1 X13.554 Y-6.848 Z13.400 F1620 A591.00494; Inset 
G1 X13.673 Y-6.549 Z13.400 F1620 A591.01619; Inset 
G1 X13.841 Y-6.275 Z13.400 F1620 A591.02745; Inset 
G1 X14.053 Y-6.033 Z13.400 F1620 A591.03870; Inset 
G1 X14.304 Y-5.830 Z13.400 F1620 A591.04995; Inset 
G1 X14.584 Y-5.673 Z13.400 F1620 A591.06121; Inset 
G1 X14.888 Y-5.565 Z13.400 F1620 A591.07246; Inset 
G1 X15.205 Y-5.510 Z13.400 F1620 A591.08371; Inset 
G1 X15.527 Y-5.509 Z13.400 F1620 A591.09497; Inset 
G1 X15.844 Y-5.563 Z13.400 F1620 A591.10622; Inset 
G1 X16.148 Y-5.670 Z13.400 F1620 A591.11747; Inset 
G1 X16.429 Y-5.826 Z13.400 F1620 A591.12873; Inset 
G1 X16.680 Y-6.028 Z13.400 F1620 A591.13998; Inset 
G1 X16.893 Y-6.269 Z13.400 F1620 A591.15123; Inset 
G1 X17.062 Y-6.543 Z13.400 F1620 A591.16249; Inset 
G1 X17.183 Y-6.841 Z13.400 F1620 A591.17374; Inset 
G1 X17.251 Y-7.156 Z13.400 F1620 A591.18499; Inset 
G1 X17.266 Y-7.477 Z13.400 F1620 A591.19625; Inset 
G1 X17.225 Y-7.797 Z13.400 F1620 A591.20750; Inset 
G1 X17.132 Y-8.105 Z13.400 F1620 A591.21875; Inset 
G1 X16.987 Y-8.393 Z13.400 F1620 A591.23001; Inset 
G1 X16.796 Y-8.652 Z13.400 F1620 A591.24126; Inset 
G1 X16.564 Y-8.875 Z13.400 F1620 A591.25252; Inset 
G1 X16.298 Y-9.056 Z13.400 F1620 A591.26377; Inset 
G1 X16.005 Y-9.189 Z13.400 F1620 A591.27502; Inset 
G1 X15.694 Y-9.270 Z13.400 F1620 A591.28628; Inset 
G1 X15.373 Y-9.298 Z13.400 F1620 A591.29753; Inset 
G1 X15.052 Y-9.272 Z13.400 F1620 A591.30878; Inset 
G1 X14.740 Y-9.191 Z13.400 F1620 A591.32004; Inset 
G1 X14.447 Y-9.059 Z13.400 F1620 A591.33129; Inset 
G1 X14.180 Y-8.879 Z13.400 F1620 A591.34254; Inset 
G1 X14.180 Y-8.879 Z13.400 F1500 A590.04254; Retract 
G1 X14.180 Y-8.879 Z13.400 F3000; Retract 
G1 X13.928 Y-9.192 Z13.400 F9000; Travel Move 
G1 X13.928 Y-9.192 Z13.400 F1500 A591.34254; Restart 
G1 X13.646 Y-8.923 Z13.400 F720 A591.35618; Inset 
G1 X13.414 Y-8.610 Z13.400 F720 A591.36981; Inset 
G1 X13.237 Y-8.262 Z13.400 F720 A591.38344; Inset 
G1 X13.123 Y-7.889 Z13.400 F720 A591.39708; Inset 
G1 X13.072 Y-7.503 Z13.400 F720 A591.41071; Inset 
G1 X13.088 Y-7.113 Z13.400 F720 A591.42435; Inset 
G1 X13.169 Y-6.732 Z13.400 F720 A591.43798; Inset 
G1 X13.314 Y-6.369 Z13.400 F720 A591.45161; Inset 
G1 X13.518 Y-6.037 Z13.400 F720 A591.46525; Inset 
G1 X13.775 Y-5.744 Z13.400 F720 A591.47888; Inset 
G1 X14.078 Y-5.498 Z13.400 F720 A591.49251; Inset 
G1 X14.418 Y-5.307 Z13.400 F720 A591.50615; Inset 
G1 X14.786 Y-5.177 Z13.400 F720 A591.51978; Inset 
G1 X15.170 Y-5.110 Z13.400 F720 A591.53342; Inset 
G1 X15.560 Y-5.109 Z13.400 F720 A591.54705; Inset 
G1 X15.944 Y-5.174 Z13.400 F720 A591.56068; Inset 
G1 X16.312 Y-5.304 Z13.400 F720 A591.57432; Inset 
G1 X16.653 Y-5.493 Z13.400 F720 A591.58795; Inset 
G1 X16.957 Y-5.738 Z13.400 F720 A591.60158; Inset 
G1 X17.215 Y-6.030 Z13.400 F720 A591.61522; Inset 
G1 X17.420 Y-6.361 Z13.400 F720 A591.62885; Inset 
G1 X17.566 Y-6.723 Z13.400 F720 A591.64248; Inset 
G1 X17.649 Y-7.104 Z13.400 F720 A591.65612; Inset 
G1 X17.667 Y-7.494 Z13.400 F720 A591.66975; Inset 
G1 X17.618 Y-7.881 Z13.400 F720 A591.68339; Inset 
G1 X17.504 Y-8.254 Z13.400 F720 A591.69702; Inset 
G1 X17.329 Y-8.602 Z13.400 F720 A591.71066; Inset 
G1 X17.098 Y-8.916 Z13.400 F720 A591.72429; Inset 
G1 X16.817 Y-9.187 Z13.400 F720 A591.73792; Inset 
G1 X16.494 Y-9.406 Z13.400 F720 A591.75156; Inset 
G1 X16.139 Y-9.567 Z13.400 F720 A591.76519; Inset 
G1 X15.762 Y-9.666 Z13.400 F720 A591.77883; Inset 
G1 X15.374 Y-9.700 Z13.400 F720 A591.79246; Inset 
G1 X14.985 Y-9.667 Z13.400 F720 A591.80609; Inset 
G1 X14.607 Y-9.570 Z13.400 F720 A591.81973; Inset 
G1 X14.252 Y-9.410 Z13.400 F720 A591.83336; Inset 
G1 X13.928 Y-9.192 Z13.400 F720 A591.84699; Inset 
G1 X13.928 Y-9.192 Z13.400 F1500 A590.54699; Retract 
G1 X13.928 Y-9.192 Z13.400 F3000; Retract 
G1 X14.550 Y-8.267 Z13.400 F9000; Travel Move 
G1 X14.550 Y-8.267 Z13.400 F1500 A591.84699; Restart 
G1 X16.235 Y-6.583 Z13.400 F1620 A591.93027; Infill 
G1 X16.463 Y-6.914 Z13.400 F1620 A591.94435; Connection 
G1 X14.887 Y-8.491 Z13.400 F1620 A592.02231; Infill 
G1 X15.348 Y-8.589 Z13.400 F1620 A592.03881; Connection 
G1 X16.560 Y-7.378 Z13.400 F1620 A592.09872; Infill 
G1 X16.560 Y-7.378 Z13.400 F1500 A590.79872; Retract 
G1 X16.560 Y-7.378 Z13.400 F3000; Retract 
G1 X15.323 Y-6.935 Z13.400 F9000; Travel Move 
G1 X15.323 Y-6.935 Z13.400 F1500 A592.09872; Restart 
G1 X14.309 Y-7.949 Z13.400 F1620 A592.14887; Infill 
G1 X14.184 Y-7.513 Z13.400 F1620 A592.16471; Connection 
G1 X15.050 Y-6.648 Z13.400 F1620 A592.20749; Infill 
G1 X14.761 Y-6.377 Z13.400 F1620 A592.22134; Connection 
G1 X14.328 Y-6.809 Z13.400 F1620 A592.24275; Infill 
G1 X14.328 Y-6.809 Z13.400 F1500 A590.94275; Retract 
G1 X14.328 Y-6.809 Z13.400 F3000; Retract 
G1 X15.286 Y-6.411 Z13.400 F9000; Travel Move 
G1 X15.286 Y-6.411 Z13.400 F1500 A592.24275; Restart 
G1 X15.481 Y-6.217 Z13.400 F1620 A592.25236; Infill 
G1 X15.915 Y-6.342 Z13.400 F1620 A592.26817; Connection 
G1 X15.560 Y-6.698 Z13.400 F1620 A592.28574; Infill 
; Chunk 127 
; Lower Position  13.4 
; Upper Position  13.6 
; Thickness       0.2 
; Width           0.4 
G1 X15.560 Y-6.698 Z13.400 F1500 A590.98574; Retract 
G1 X15.560 Y-6.698 Z13.400 F3000; Retract 
G1 X15.560 Y-6.698 Z13.600 F1380; Travel Move 
G1 X14.642 Y-8.708 Z13.600 F9000; Travel Move 
G1 X14.642 Y-8.708 Z13.600 F1500 A592.28574; Restart 
G1 X14.248 Y-8.391 Z13.600 F1620 A592.30342; Inset 
G1 X14.097 Y-8.188 Z13.600 F1620 A592.31229; Inset 
G1 X13.907 Y-7.719 Z13.600 F1620 A592.32998; Inset 
G1 X13.885 Y-7.213 Z13.600 F1620 A592.34766; Inset 
G1 X14.032 Y-6.729 Z13.600 F1620 A592.36534; Inset 
G1 X14.332 Y-6.322 Z13.600 F1620 A592.38302; Inset 
G1 X14.750 Y-6.038 Z13.600 F1620 A592.40070; Inset 
G1 X15.240 Y-5.910 Z13.600 F1620 A592.41839; Inset 
G1 X15.743 Y-5.952 Z13.600 F1620 A592.43607; Inset 
G1 X16.205 Y-6.159 Z13.600 F1620 A592.45375; Inset 
G1 X16.571 Y-6.508 Z13.600 F1620 A592.47143; Inset 
G1 X16.704 Y-6.724 Z13.600 F1620 A592.48030; Inset 
G1 X16.853 Y-7.208 Z13.600 F1620 A592.49798; Inset 
G1 X16.833 Y-7.713 Z13.600 F1620 A592.51567; Inset 
M73 P97; Update Progress 
G1 X16.645 Y-8.183 Z13.600 F1620 A592.53335; Inset 
G1 X16.312 Y-8.563 Z13.600 F1620 A592.55103; Inset 
G1 X15.870 Y-8.811 Z13.600 F1620 A592.56872; Inset 
G1 X15.625 Y-8.875 Z13.600 F1620 A592.57759; Inset 
G1 X15.119 Y-8.876 Z13.600 F1620 A592.59527; Inset 
G1 X14.642 Y-8.708 Z13.600 F1620 A592.61295; Inset 
G1 X14.642 Y-8.708 Z13.600 F1500 A591.31295; Retract 
G1 X14.642 Y-8.708 Z13.600 F3000; Retract 
G1 X14.180 Y-8.879 Z13.600 F9000; Travel Move 
G1 X14.180 Y-8.879 Z13.600 F1500 A592.61295; Restart 
G1 X13.947 Y-8.657 Z13.600 F1620 A592.62421; Inset 
G1 X13.755 Y-8.399 Z13.600 F1620 A592.63546; Inset 
G1 X13.610 Y-8.112 Z13.600 F1620 A592.64671; Inset 
G1 X13.515 Y-7.804 Z13.600 F1620 A592.65797; Inset 
G1 X13.473 Y-7.485 Z13.600 F1620 A592.66922; Inset 
G1 X13.486 Y-7.163 Z13.600 F1620 A592.68047; Inset 
G1 X13.554 Y-6.848 Z13.600 F1620 A592.69173; Inset 
G1 X13.673 Y-6.549 Z13.600 F1620 A592.70298; Inset 
G1 X13.841 Y-6.275 Z13.600 F1620 A592.71424; Inset 
G1 X14.053 Y-6.033 Z13.600 F1620 A592.72549; Inset 
G1 X14.304 Y-5.830 Z13.600 F1620 A592.73674; Inset 
G1 X14.584 Y-5.673 Z13.600 F1620 A592.74799; Inset 
G1 X14.888 Y-5.565 Z13.600 F1620 A592.75925; Inset 
G1 X15.205 Y-5.510 Z13.600 F1620 A592.77050; Inset 
G1 X15.527 Y-5.509 Z13.600 F1620 A592.78175; Inset 
G1 X15.844 Y-5.563 Z13.600 F1620 A592.79301; Inset 
G1 X16.148 Y-5.670 Z13.600 F1620 A592.80426; Inset 
G1 X16.429 Y-5.826 Z13.600 F1620 A592.81551; Inset 
G1 X16.680 Y-6.028 Z13.600 F1620 A592.82677; Inset 
G1 X16.893 Y-6.269 Z13.600 F1620 A592.83802; Inset 
G1 X17.062 Y-6.543 Z13.600 F1620 A592.84928; Inset 
G1 X17.183 Y-6.841 Z13.600 F1620 A592.86053; Inset 
G1 X17.251 Y-7.156 Z13.600 F1620 A592.87178; Inset 
G1 X17.266 Y-7.477 Z13.600 F1620 A592.88303; Inset 
G1 X17.225 Y-7.797 Z13.600 F1620 A592.89429; Inset 
G1 X17.132 Y-8.105 Z13.600 F1620 A592.90554; Inset 
G1 X16.987 Y-8.393 Z13.600 F1620 A592.91680; Inset 
G1 X16.796 Y-8.652 Z13.600 F1620 A592.92805; Inset 
G1 X16.564 Y-8.875 Z13.600 F1620 A592.93930; Inset 
G1 X16.298 Y-9.056 Z13.600 F1620 A592.95055; Inset 
G1 X16.005 Y-9.189 Z13.600 F1620 A592.96181; Inset 
G1 X15.694 Y-9.270 Z13.600 F1620 A592.97306; Inset 
G1 X15.373 Y-9.298 Z13.600 F1620 A592.98431; Inset 
G1 X15.052 Y-9.272 Z13.600 F1620 A592.99557; Inset 
G1 X14.740 Y-9.191 Z13.600 F1620 A593.00682; Inset 
G1 X14.447 Y-9.059 Z13.600 F1620 A593.01808; Inset 
G1 X14.180 Y-8.879 Z13.600 F1620 A593.02933; Inset 
G1 X14.180 Y-8.879 Z13.600 F1500 A591.72933; Retract 
G1 X14.180 Y-8.879 Z13.600 F3000; Retract 
G1 X13.928 Y-9.192 Z13.600 F9000; Travel Move 
G1 X13.928 Y-9.192 Z13.600 F1500 A593.02933; Restart 
G1 X13.646 Y-8.923 Z13.600 F720 A593.04296; Inset 
G1 X13.414 Y-8.610 Z13.600 F720 A593.05660; Inset 
G1 X13.237 Y-8.262 Z13.600 F720 A593.07023; Inset 
G1 X13.123 Y-7.889 Z13.600 F720 A593.08386; Inset 
G1 X13.072 Y-7.503 Z13.600 F720 A593.09750; Inset 
G1 X13.088 Y-7.113 Z13.600 F720 A593.11113; Inset 
G1 X13.169 Y-6.732 Z13.600 F720 A593.12476; Inset 
G1 X13.314 Y-6.369 Z13.600 F720 A593.13840; Inset 
G1 X13.518 Y-6.037 Z13.600 F720 A593.15203; Inset 
G1 X13.775 Y-5.744 Z13.600 F720 A593.16567; Inset 
G1 X14.078 Y-5.498 Z13.600 F720 A593.17930; Inset 
G1 X14.418 Y-5.307 Z13.600 F720 A593.19294; Inset 
G1 X14.786 Y-5.177 Z13.600 F720 A593.20657; Inset 
G1 X15.170 Y-5.110 Z13.600 F720 A593.22020; Inset 
G1 X15.560 Y-5.109 Z13.600 F720 A593.23384; Inset 
G1 X15.944 Y-5.174 Z13.600 F720 A593.24747; Inset 
G1 X16.312 Y-5.304 Z13.600 F720 A593.26110; Inset 
G1 X16.653 Y-5.493 Z13.600 F720 A593.27474; Inset 
G1 X16.957 Y-5.738 Z13.600 F720 A593.28837; Inset 
G1 X17.215 Y-6.030 Z13.600 F720 A593.30201; Inset 
G1 X17.420 Y-6.361 Z13.600 F720 A593.31564; Inset 
G1 X17.566 Y-6.723 Z13.600 F720 A593.32927; Inset 
G1 X17.649 Y-7.104 Z13.600 F720 A593.34291; Inset 
G1 X17.667 Y-7.494 Z13.600 F720 A593.35654; Inset 
G1 X17.618 Y-7.881 Z13.600 F720 A593.37017; Inset 
G1 X17.504 Y-8.254 Z13.600 F720 A593.38381; Inset 
G1 X17.329 Y-8.602 Z13.600 F720 A593.39744; Inset 
G1 X17.098 Y-8.916 Z13.600 F720 A593.41108; Inset 
G1 X16.817 Y-9.187 Z13.600 F720 A593.42471; Inset 
G1 X16.494 Y-9.406 Z13.600 F720 A593.43834; Inset 
G1 X16.139 Y-9.567 Z13.600 F720 A593.45198; Inset 
G1 X15.762 Y-9.666 Z13.600 F720 A593.46561; Inset 
G1 X15.374 Y-9.700 Z13.600 F720 A593.47925; Inset 
G1 X14.985 Y-9.667 Z13.600 F720 A593.49288; Inset 
G1 X14.607 Y-9.570 Z13.600 F720 A593.50651; Inset 
G1 X14.252 Y-9.410 Z13.600 F720 A593.52015; Inset 
G1 X13.928 Y-9.192 Z13.600 F720 A593.53378; Inset 
G1 X13.928 Y-9.192 Z13.600 F1500 A592.23378; Retract 
G1 X13.928 Y-9.192 Z13.600 F3000; Retract 
G1 X15.265 Y-8.590 Z13.600 F9000; Travel Move 
G1 X15.265 Y-8.590 Z13.600 F1500 A593.53378; Restart 
G1 X14.184 Y-7.509 Z13.600 F1620 A593.58722; Infill 
G1 X14.245 Y-7.010 Z13.600 F1620 A593.60479; Connection 
G1 X15.773 Y-8.537 Z13.600 F1620 A593.68030; Infill 
G1 X16.131 Y-8.335 Z13.600 F1620 A593.69467; Connection 
G1 X14.445 Y-6.650 Z13.600 F1620 A593.77799; Infill 
G1 X14.744 Y-6.388 Z13.600 F1620 A593.79186; Connection 
G1 X16.392 Y-8.037 Z13.600 F1620 A593.87338; Infill 
G1 X16.550 Y-7.634 Z13.600 F1620 A593.88849; Connection 
G1 X15.849 Y-6.934 Z13.600 F1620 A593.92312; Infill 
G1 X16.140 Y-6.664 Z13.600 F1620 A593.93698; Connection 
G1 X16.496 Y-7.021 Z13.600 F1620 A593.95460; Infill 
G1 X16.496 Y-7.021 Z13.600 F1500 A592.65460; Retract 
G1 X16.496 Y-7.021 Z13.600 F3000; Retract 
G1 X15.933 Y-6.457 Z13.600 F9000; Travel Move 
G1 X15.933 Y-6.457 Z13.600 F1500 A593.95460; Restart 
G1 X15.738 Y-6.263 Z13.600 F1620 A593.96421; Infill 
G1 X15.613 Y-6.698 Z13.600 F1620 A593.98003; Connection 
G1 X15.284 Y-6.369 Z13.600 F1620 A593.99628; Infill 
; Chunk 128 
; Lower Position  13.6 
; Upper Position  13.8 
; Thickness       0.2 
; Width           0.4 
G1 X15.284 Y-6.369 Z13.600 F1500 A592.69628; Retract 
G1 X15.284 Y-6.369 Z13.600 F3000; Retract 
G1 X15.284 Y-6.369 Z13.800 F1380; Travel Move 
G1 X14.642 Y-8.708 Z13.800 F9000; Travel Move 
G1 X14.642 Y-8.708 Z13.800 F1500 A593.99628; Restart 
G1 X14.248 Y-8.391 Z13.800 F1620 A594.01396; Inset 
G1 X14.097 Y-8.188 Z13.800 F1620 A594.02284; Inset 
G1 X13.907 Y-7.719 Z13.800 F1620 A594.04052; Inset 
G1 X13.885 Y-7.213 Z13.800 F1620 A594.05820; Inset 
G1 X14.032 Y-6.729 Z13.800 F1620 A594.07588; Inset 
G1 X14.332 Y-6.322 Z13.800 F1620 A594.09357; Inset 
G1 X14.750 Y-6.038 Z13.800 F1620 A594.11125; Inset 
G1 X15.240 Y-5.910 Z13.800 F1620 A594.12893; Inset 
G1 X15.743 Y-5.952 Z13.800 F1620 A594.14661; Inset 
G1 X16.205 Y-6.159 Z13.800 F1620 A594.16429; Inset 
G1 X16.571 Y-6.508 Z13.800 F1620 A594.18198; Inset 
G1 X16.704 Y-6.724 Z13.800 F1620 A594.19085; Inset 
G1 X16.853 Y-7.208 Z13.800 F1620 A594.20853; Inset 
G1 X16.833 Y-7.713 Z13.800 F1620 A594.22622; Inset 
G1 X16.645 Y-8.183 Z13.800 F1620 A594.24389; Inset 
G1 X16.312 Y-8.563 Z13.800 F1620 A594.26158; Inset 
G1 X15.870 Y-8.811 Z13.800 F1620 A594.27926; Inset 
G1 X15.625 Y-8.875 Z13.800 F1620 A594.28813; Inset 
G1 X15.119 Y-8.876 Z13.800 F1620 A594.30581; Inset 
G1 X14.642 Y-8.708 Z13.800 F1620 A594.32350; Inset 
G1 X14.642 Y-8.708 Z13.800 F1500 A593.02350; Retract 
G1 X14.642 Y-8.708 Z13.800 F3000; Retract 
G1 X14.180 Y-8.879 Z13.800 F9000; Travel Move 
G1 X14.180 Y-8.879 Z13.800 F1500 A594.32350; Restart 
G1 X13.947 Y-8.657 Z13.800 F1620 A594.33475; Inset 
G1 X13.755 Y-8.399 Z13.800 F1620 A594.34600; Inset 
G1 X13.610 Y-8.112 Z13.800 F1620 A594.35726; Inset 
G1 X13.515 Y-7.804 Z13.800 F1620 A594.36851; Inset 
G1 X13.473 Y-7.485 Z13.800 F1620 A594.37977; Inset 
G1 X13.486 Y-7.163 Z13.800 F1620 A594.39102; Inset 
G1 X13.554 Y-6.848 Z13.800 F1620 A594.40227; Inset 
G1 X13.673 Y-6.549 Z13.800 F1620 A594.41352; Inset 
G1 X13.841 Y-6.275 Z13.800 F1620 A594.42478; Inset 
G1 X14.053 Y-6.033 Z13.800 F1620 A594.43603; Inset 
G1 X14.304 Y-5.830 Z13.800 F1620 A594.44729; Inset 
G1 X14.584 Y-5.673 Z13.800 F1620 A594.45854; Inset 
G1 X14.888 Y-5.565 Z13.800 F1620 A594.46979; Inset 
G1 X15.205 Y-5.510 Z13.800 F1620 A594.48104; Inset 
G1 X15.527 Y-5.509 Z13.800 F1620 A594.49230; Inset 
G1 X15.844 Y-5.563 Z13.800 F1620 A594.50355; Inset 
G1 X16.148 Y-5.670 Z13.800 F1620 A594.51481; Inset 
G1 X16.429 Y-5.826 Z13.800 F1620 A594.52606; Inset 
G1 X16.680 Y-6.028 Z13.800 F1620 A594.53731; Inset 
G1 X16.893 Y-6.269 Z13.800 F1620 A594.54857; Inset 
G1 X17.062 Y-6.543 Z13.800 F1620 A594.55982; Inset 
G1 X17.183 Y-6.841 Z13.800 F1620 A594.57107; Inset 
G1 X17.251 Y-7.156 Z13.800 F1620 A594.58233; Inset 
G1 X17.266 Y-7.477 Z13.800 F1620 A594.59358; Inset 
G1 X17.225 Y-7.797 Z13.800 F1620 A594.60484; Inset 
G1 X17.132 Y-8.105 Z13.800 F1620 A594.61608; Inset 
G1 X16.987 Y-8.393 Z13.800 F1620 A594.62734; Inset 
G1 X16.796 Y-8.652 Z13.800 F1620 A594.63859; Inset 
G1 X16.564 Y-8.875 Z13.800 F1620 A594.64985; Inset 
G1 X16.298 Y-9.056 Z13.800 F1620 A594.66110; Inset 
G1 X16.005 Y-9.189 Z13.800 F1620 A594.67235; Inset 
G1 X15.694 Y-9.270 Z13.800 F1620 A594.68361; Inset 
G1 X15.373 Y-9.298 Z13.800 F1620 A594.69486; Inset 
G1 X15.052 Y-9.272 Z13.800 F1620 A594.70611; Inset 
G1 X14.740 Y-9.191 Z13.800 F1620 A594.71737; Inset 
G1 X14.447 Y-9.059 Z13.800 F1620 A594.72862; Inset 
G1 X14.180 Y-8.879 Z13.800 F1620 A594.73987; Inset 
G1 X14.180 Y-8.879 Z13.800 F1500 A593.43987; Retract 
G1 X14.180 Y-8.879 Z13.800 F3000; Retract 
G1 X13.928 Y-9.192 Z13.800 F9000; Travel Move 
G1 X13.928 Y-9.192 Z13.800 F1500 A594.73987; Restart 
G1 X13.646 Y-8.923 Z13.800 F720 A594.75351; Inset 
G1 X13.414 Y-8.610 Z13.800 F720 A594.76714; Inset 
G1 X13.237 Y-8.262 Z13.800 F720 A594.78077; Inset 
G1 X13.123 Y-7.889 Z13.800 F720 A594.79441; Inset 
G1 X13.072 Y-7.503 Z13.800 F720 A594.80804; Inset 
G1 X13.088 Y-7.113 Z13.800 F720 A594.82168; Inset 
G1 X13.169 Y-6.732 Z13.800 F720 A594.83531; Inset 
G1 X13.314 Y-6.369 Z13.800 F720 A594.84894; Inset 
G1 X13.518 Y-6.037 Z13.800 F720 A594.86258; Inset 
G1 X13.775 Y-5.744 Z13.800 F720 A594.87621; Inset 
G1 X14.078 Y-5.498 Z13.800 F720 A594.88984; Inset 
G1 X14.418 Y-5.307 Z13.800 F720 A594.90348; Inset 
G1 X14.786 Y-5.177 Z13.800 F720 A594.91711; Inset 
G1 X15.170 Y-5.110 Z13.800 F720 A594.93075; Inset 
G1 X15.560 Y-5.109 Z13.800 F720 A594.94438; Inset 
G1 X15.944 Y-5.174 Z13.800 F720 A594.95802; Inset 
G1 X16.312 Y-5.304 Z13.800 F720 A594.97165; Inset 
G1 X16.653 Y-5.493 Z13.800 F720 A594.98528; Inset 
G1 X16.957 Y-5.738 Z13.800 F720 A594.99892; Inset 
G1 X17.215 Y-6.030 Z13.800 F720 A595.01255; Inset 
G1 X17.420 Y-6.361 Z13.800 F720 A595.02618; Inset 
G1 X17.566 Y-6.723 Z13.800 F720 A595.03982; Inset 
G1 X17.649 Y-7.104 Z13.800 F720 A595.05345; Inset 
G1 X17.667 Y-7.494 Z13.800 F720 A595.06709; Inset 
G1 X17.618 Y-7.881 Z13.800 F720 A595.08072; Inset 
G1 X17.504 Y-8.254 Z13.800 F720 A595.09436; Inset 
G1 X17.329 Y-8.602 Z13.800 F720 A595.10799; Inset 
G1 X17.098 Y-8.916 Z13.800 F720 A595.12162; Inset 
G1 X16.817 Y-9.187 Z13.800 F720 A595.13525; Inset 
G1 X16.494 Y-9.406 Z13.800 F720 A595.14889; Inset 
G1 X16.139 Y-9.567 Z13.800 F720 A595.16252; Inset 
G1 X15.762 Y-9.666 Z13.800 F720 A595.17616; Inset 
G1 X15.374 Y-9.700 Z13.800 F720 A595.18979; Inset 
M73 P98; Update Progress 
G1 X14.985 Y-9.667 Z13.800 F720 A595.20342; Inset 
G1 X14.607 Y-9.570 Z13.800 F720 A595.21706; Inset 
G1 X14.252 Y-9.410 Z13.800 F720 A595.23069; Inset 
G1 X13.928 Y-9.192 Z13.800 F720 A595.24433; Inset 
G1 X13.928 Y-9.192 Z13.800 F1500 A593.94433; Retract 
G1 X13.928 Y-9.192 Z13.800 F3000; Retract 
G1 X14.550 Y-8.267 Z13.800 F9000; Travel Move 
G1 X14.550 Y-8.267 Z13.800 F1500 A595.24433; Restart 
G1 X16.235 Y-6.583 Z13.800 F1620 A595.32761; Infill 
G1 X16.463 Y-6.914 Z13.800 F1620 A595.34168; Connection 
G1 X14.887 Y-8.491 Z13.800 F1620 A595.41964; Infill 
G1 X15.348 Y-8.589 Z13.800 F1620 A595.43614; Connection 
G1 X16.560 Y-7.378 Z13.800 F1620 A595.49605; Infill 
G1 X16.560 Y-7.378 Z13.800 F1500 A594.19605; Retract 
G1 X16.560 Y-7.378 Z13.800 F3000; Retract 
G1 X15.323 Y-6.935 Z13.800 F9000; Travel Move 
G1 X15.323 Y-6.935 Z13.800 F1500 A595.49605; Restart 
G1 X14.309 Y-7.949 Z13.800 F1620 A595.54620; Infill 
G1 X14.184 Y-7.513 Z13.800 F1620 A595.56204; Connection 
G1 X15.050 Y-6.648 Z13.800 F1620 A595.60482; Infill 
G1 X14.761 Y-6.377 Z13.800 F1620 A595.61867; Connection 
G1 X14.328 Y-6.809 Z13.800 F1620 A595.64008; Infill 
G1 X14.328 Y-6.809 Z13.800 F1500 A594.34008; Retract 
G1 X14.328 Y-6.809 Z13.800 F3000; Retract 
G1 X15.286 Y-6.411 Z13.800 F9000; Travel Move 
G1 X15.286 Y-6.411 Z13.800 F1500 A595.64008; Restart 
G1 X15.481 Y-6.217 Z13.800 F1620 A595.64970; Infill 
G1 X15.915 Y-6.342 Z13.800 F1620 A595.66550; Connection 
G1 X15.560 Y-6.698 Z13.800 F1620 A595.68307; Infill 
; Chunk 129 
; Lower Position  13.8 
; Upper Position  14 
; Thickness       0.2 
; Width           0.4 
G1 X15.560 Y-6.698 Z13.800 F1500 A594.38307; Retract 
G1 X15.560 Y-6.698 Z13.800 F3000; Retract 
G1 X15.560 Y-6.698 Z14.000 F1380; Travel Move 
G1 X14.371 Y-8.446 Z14.000 F9000; Travel Move 
G1 X14.371 Y-8.446 Z14.000 F1500 A595.68307; Restart 
G1 X14.079 Y-8.054 Z14.000 F1620 A595.70016; Inset 
G1 X13.935 Y-7.587 Z14.000 F1620 A595.71724; Inset 
G1 X13.955 Y-7.099 Z14.000 F1620 A595.73433; Inset 
G1 X14.136 Y-6.645 Z14.000 F1620 A595.75142; Inset 
G1 X14.459 Y-6.277 Z14.000 F1620 A595.76850; Inset 
G1 X14.662 Y-6.139 Z14.000 F1620 A595.77708; Inset 
G1 X15.122 Y-5.976 Z14.000 F1620 A595.79417; Inset 
G1 X15.611 Y-5.975 Z14.000 F1620 A595.81125; Inset 
G1 X15.848 Y-6.036 Z14.000 F1620 A595.81983; Inset 
G1 X16.276 Y-6.274 Z14.000 F1620 A595.83691; Inset 
G1 X16.599 Y-6.640 Z14.000 F1620 A595.85400; Inset 
G1 X16.710 Y-6.859 Z14.000 F1620 A595.86257; Inset 
G1 X16.814 Y-7.336 Z14.000 F1620 A595.87966; Inset 
G1 X16.753 Y-7.821 Z14.000 F1620 A595.89675; Inset 
G1 X16.534 Y-8.258 Z14.000 F1620 A595.91384; Inset 
G1 X16.181 Y-8.597 Z14.000 F1620 A595.93092; Inset 
G1 X15.736 Y-8.799 Z14.000 F1620 A595.94801; Inset 
G1 X15.495 Y-8.841 Z14.000 F1620 A595.95658; Inset 
G1 X15.008 Y-8.801 Z14.000 F1620 A595.97367; Inset 
G1 X14.776 Y-8.719 Z14.000 F1620 A595.98225; Inset 
G1 X14.371 Y-8.446 Z14.000 F1620 A595.99933; Inset 
G1 X14.371 Y-8.446 Z14.000 F1500 A594.69933; Retract 
G1 X14.371 Y-8.446 Z14.000 F3000; Retract 
G1 X14.338 Y-8.933 Z14.000 F9000; Travel Move 
G1 X14.338 Y-8.933 Z14.000 F1500 A595.99933; Restart 
G1 X14.093 Y-8.737 Z14.000 F1620 A596.01029; Inset 
G1 X13.886 Y-8.502 Z14.000 F1620 A596.02125; Inset 
G1 X13.721 Y-8.235 Z14.000 F1620 A596.03220; Inset 
G1 X13.604 Y-7.945 Z14.000 F1620 A596.04316; Inset 
G1 X13.537 Y-7.639 Z14.000 F1620 A596.05411; Inset 
G1 X13.523 Y-7.326 Z14.000 F1620 A596.06506; Inset 
G1 X13.563 Y-7.015 Z14.000 F1620 A596.07602; Inset 
G1 X13.654 Y-6.715 Z14.000 F1620 A596.08698; Inset 
G1 X13.794 Y-6.435 Z14.000 F1620 A596.09793; Inset 
G1 X13.980 Y-6.183 Z14.000 F1620 A596.10888; Inset 
G1 X14.206 Y-5.965 Z14.000 F1620 A596.11984; Inset 
G1 X14.465 Y-5.789 Z14.000 F1620 A596.13079; Inset 
G1 X14.750 Y-5.660 Z14.000 F1620 A596.14175; Inset 
G1 X15.054 Y-5.580 Z14.000 F1620 A596.15270; Inset 
G1 X15.366 Y-5.553 Z14.000 F1620 A596.16366; Inset 
G1 X15.678 Y-5.579 Z14.000 F1620 A596.17461; Inset 
G1 X15.981 Y-5.657 Z14.000 F1620 A596.18557; Inset 
G1 X16.267 Y-5.786 Z14.000 F1620 A596.19652; Inset 
G1 X16.527 Y-5.961 Z14.000 F1620 A596.20748; Inset 
G1 X16.754 Y-6.177 Z14.000 F1620 A596.21843; Inset 
G1 X16.941 Y-6.429 Z14.000 F1620 A596.22939; Inset 
G1 X17.082 Y-6.708 Z14.000 F1620 A596.24034; Inset 
G1 X17.175 Y-7.008 Z14.000 F1620 A596.25130; Inset 
G1 X17.215 Y-7.319 Z14.000 F1620 A596.26225; Inset 
G1 X17.202 Y-7.632 Z14.000 F1620 A596.27320; Inset 
G1 X17.137 Y-7.938 Z14.000 F1620 A596.28416; Inset 
G1 X17.021 Y-8.229 Z14.000 F1620 A596.29512; Inset 
G1 X16.857 Y-8.496 Z14.000 F1620 A596.30607; Inset 
G1 X16.650 Y-8.732 Z14.000 F1620 A596.31703; Inset 
G1 X16.407 Y-8.929 Z14.000 F1620 A596.32798; Inset 
G1 X16.133 Y-9.083 Z14.000 F1620 A596.33894; Inset 
G1 X15.838 Y-9.188 Z14.000 F1620 A596.34989; Inset 
G1 X15.530 Y-9.241 Z14.000 F1620 A596.36084; Inset 
G1 X15.216 Y-9.242 Z14.000 F1620 A596.37180; Inset 
G1 X14.907 Y-9.189 Z14.000 F1620 A596.38276; Inset 
G1 X14.611 Y-9.085 Z14.000 F1620 A596.39371; Inset 
G1 X14.338 Y-8.933 Z14.000 F1620 A596.40466; Inset 
G1 X14.338 Y-8.933 Z14.000 F1500 A595.10466; Retract 
G1 X14.338 Y-8.933 Z14.000 F3000; Retract 
G1 X14.114 Y-9.266 Z14.000 F9000; Travel Move 
G1 X14.114 Y-9.266 Z14.000 F1500 A596.40466; Restart 
G1 X13.816 Y-9.027 Z14.000 F720 A596.41800; Inset 
G1 X13.564 Y-8.741 Z14.000 F720 A596.43133; Inset 
G1 X13.363 Y-8.417 Z14.000 F720 A596.44467; Inset 
G1 X13.220 Y-8.063 Z14.000 F720 A596.45800; Inset 
G1 X13.139 Y-7.690 Z14.000 F720 A596.47134; Inset 
G1 X13.122 Y-7.309 Z14.000 F720 A596.48468; Inset 
G1 X13.170 Y-6.931 Z14.000 F720 A596.49801; Inset 
G1 X13.281 Y-6.566 Z14.000 F720 A596.51135; Inset 
G1 X13.452 Y-6.225 Z14.000 F720 A596.52468; Inset 
G1 X13.678 Y-5.918 Z14.000 F720 A596.53801; Inset 
G1 X13.953 Y-5.653 Z14.000 F720 A596.55135; Inset 
G1 X14.269 Y-5.439 Z14.000 F720 A596.56469; Inset 
G1 X14.616 Y-5.281 Z14.000 F720 A596.57802; Inset 
G1 X14.985 Y-5.185 Z14.000 F720 A596.59135; Inset 
G1 X15.365 Y-5.152 Z14.000 F720 A596.60469; Inset 
G1 X15.745 Y-5.183 Z14.000 F720 A596.61803; Inset 
G1 X16.114 Y-5.279 Z14.000 F720 A596.63136; Inset 
G1 X16.462 Y-5.435 Z14.000 F720 A596.64470; Inset 
G1 X16.779 Y-5.648 Z14.000 F720 A596.65803; Inset 
G1 X17.055 Y-5.912 Z14.000 F720 A596.67137; Inset 
G1 X17.282 Y-6.218 Z14.000 F720 A596.68470; Inset 
G1 X17.454 Y-6.558 Z14.000 F720 A596.69804; Inset 
G1 X17.567 Y-6.922 Z14.000 F720 A596.71137; Inset 
G1 X17.616 Y-7.301 Z14.000 F720 A596.72471; Inset 
G1 X17.600 Y-7.682 Z14.000 F720 A596.73805; Inset 
G1 X17.521 Y-8.055 Z14.000 F720 A596.75138; Inset 
G1 X17.379 Y-8.409 Z14.000 F720 A596.76472; Inset 
G1 X17.180 Y-8.734 Z14.000 F720 A596.77805; Inset 
G1 X16.928 Y-9.021 Z14.000 F720 A596.79139; Inset 
G1 X16.632 Y-9.261 Z14.000 F720 A596.80472; Inset 
G1 X16.299 Y-9.448 Z14.000 F720 A596.81806; Inset 
G1 X15.940 Y-9.576 Z14.000 F720 A596.83139; Inset 
G1 X15.564 Y-9.641 Z14.000 F720 A596.84473; Inset 
G1 X15.183 Y-9.642 Z14.000 F720 A596.85806; Inset 
G1 X14.807 Y-9.578 Z14.000 F720 A596.87140; Inset 
G1 X14.447 Y-9.452 Z14.000 F720 A596.88473; Inset 
G1 X14.114 Y-9.266 Z14.000 F720 A596.89807; Inset 
G1 X14.114 Y-9.266 Z14.000 F1500 A595.59807; Retract 
G1 X14.114 Y-9.266 Z14.000 F3000; Retract 
G1 X15.205 Y-8.530 Z14.000 F9000; Travel Move 
G1 X15.205 Y-8.530 Z14.000 F1500 A596.89807; Restart 
G1 X14.223 Y-7.548 Z14.000 F1620 A596.94663; Infill 
G1 X14.283 Y-7.048 Z14.000 F1620 A596.96423; Connection 
G1 X15.725 Y-8.490 Z14.000 F1620 A597.03552; Infill 
G1 X16.087 Y-8.291 Z14.000 F1620 A597.04994; Connection 
G1 X14.481 Y-6.686 Z14.000 F1620 A597.12932; Infill 
G1 X14.768 Y-6.413 Z14.000 F1620 A597.14317; Connection 
G1 X16.347 Y-7.992 Z14.000 F1620 A597.22124; Infill 
G1 X16.495 Y-7.580 Z14.000 F1620 A597.23655; Connection 
G1 X15.849 Y-6.934 Z14.000 F1620 A597.26848; Infill 
G1 X16.140 Y-6.664 Z14.000 F1620 A597.28233; Connection 
G1 X16.440 Y-6.965 Z14.000 F1620 A597.29719; Infill 
G1 X16.440 Y-6.965 Z14.000 F1500 A595.99719; Retract 
G1 X16.440 Y-6.965 Z14.000 F3000; Retract 
G1 X15.933 Y-6.457 Z14.000 F9000; Travel Move 
G1 X15.933 Y-6.457 Z14.000 F1500 A597.29719; Restart 
G1 X15.827 Y-6.351 Z14.000 F1620 A597.30243; Infill 
G1 X15.613 Y-6.698 Z14.000 F1620 A597.31666; Connection 
G1 X15.230 Y-6.314 Z14.000 F1620 A597.33562; Infill 
; Chunk 130 
; Lower Position  14 
; Upper Position  14.2 
; Thickness       0.2 
; Width           0.4 
G1 X15.230 Y-6.314 Z14.000 F1500 A596.03562; Retract 
G1 X15.230 Y-6.314 Z14.000 F3000; Retract 
G1 X15.230 Y-6.314 Z14.200 F1380; Travel Move 
G1 X15.375 Y-6.736 Z14.200 F9000; Travel Move 
G1 X15.375 Y-6.736 Z14.200 F1500 A597.33562; Restart 
G1 X15.255 Y-6.610 Z14.200 F1620 A597.34168; Inset 
G1 X15.202 Y-6.479 Z14.200 F1620 A597.34664; Inset 
G1 X15.197 Y-6.354 Z14.200 F1620 A597.35098; Inset 
G1 X15.234 Y-6.228 Z14.200 F1620 A597.35560; Inset 
G1 X15.317 Y-6.116 Z14.200 F1620 A597.36045; Inset 
G1 X15.426 Y-6.043 Z14.200 F1620 A597.36505; Inset 
G1 X15.593 Y-6.004 Z14.200 F1620 A597.37105; Inset 
G1 X15.783 Y-6.057 Z14.200 F1620 A597.37794; Inset 
G1 X15.916 Y-6.182 Z14.200 F1620 A597.38434; Inset 
G1 X15.973 Y-6.346 Z14.200 F1620 A597.39040; Inset 
G1 X15.968 Y-6.478 Z14.200 F1620 A597.39503; Inset 
G1 X15.916 Y-6.609 Z14.200 F1620 A597.39993; Inset 
G1 X15.818 Y-6.720 Z14.200 F1620 A597.40512; Inset 
G1 X15.657 Y-6.785 Z14.200 F1620 A597.41119; Inset 
G1 X15.515 Y-6.785 Z14.200 F1620 A597.41615; Inset 
G1 X15.375 Y-6.736 Z14.200 F1620 A597.42134; Inset 
G1 X15.375 Y-6.736 Z14.200 F1500 A596.12134; Retract 
G1 X15.375 Y-6.736 Z14.200 F3000; Retract 
G1 X15.088 Y-7.025 Z14.200 F9000; Travel Move 
G1 X15.088 Y-7.025 Z14.200 F1500 A597.42134; Restart 
G1 X14.910 Y-6.823 Z14.200 F720 A597.43073; Inset 
G1 X14.806 Y-6.565 Z14.200 F720 A597.44048; Inset 
G1 X14.794 Y-6.305 Z14.200 F720 A597.44958; Inset 
G1 X14.871 Y-6.047 Z14.200 F720 A597.45900; Inset 
G1 X15.036 Y-5.823 Z14.200 F720 A597.46871; Inset 
G1 X15.259 Y-5.673 Z14.200 F720 A597.47812; Inset 
G1 X15.524 Y-5.604 Z14.200 F720 A597.48769; Inset 
G1 X15.643 Y-5.604 Z14.200 F720 A597.49184; Inset 
G1 X15.917 Y-5.674 Z14.200 F720 A597.50172; Inset 
G1 X16.021 Y-5.731 Z14.200 F720 A597.50587; Inset 
G1 X16.229 Y-5.928 Z14.200 F720 A597.51587; Inset 
G1 X16.296 Y-6.036 Z14.200 F720 A597.52033; Inset 
G1 X16.375 Y-6.293 Z14.200 F720 A597.52973; Inset 
G1 X16.365 Y-6.562 Z14.200 F720 A597.53915; Inset 
G1 X16.262 Y-6.821 Z14.200 F720 A597.54888; Inset 
G1 X16.085 Y-7.023 Z14.200 F720 A597.55827; Inset 
G1 X15.979 Y-7.095 Z14.200 F720 A597.56275; Inset 
G1 X15.726 Y-7.184 Z14.200 F720 A597.57213; Inset 
G1 X15.447 Y-7.185 Z14.200 F720 A597.58188; Inset 
G1 X15.194 Y-7.096 Z14.200 F720 A597.59127; Inset 
G1 X15.088 Y-7.025 Z14.200 F720 A597.59574; Inset 
; Chunk 131 
; Lower Position  14.2 
; Upper Position  14.4 
; Thickness       0.2 
; Width           0.4 
G1 X15.088 Y-7.025 Z14.200 F1500 A596.29574; Retract 
G1 X15.088 Y-7.025 Z14.200 F3000; Retract 
G1 X15.088 Y-7.025 Z14.400 F1380; Travel Move 
G1 X15.384 Y-6.740 Z14.400 F9000; Travel Move 
G1 X15.384 Y-6.740 Z14.400 F1500 A597.59574; Restart 
G1 X15.261 Y-6.618 Z14.400 F1620 A597.60180; Inset 
G1 X15.200 Y-6.469 Z14.400 F1620 A597.60741; Inset 
G1 X15.196 Y-6.361 Z14.400 F1620 A597.61119; Inset 
G1 X15.232 Y-6.234 Z14.400 F1620 A597.61580; Inset 
G1 X15.322 Y-6.112 Z14.400 F1620 A597.62111; Inset 
G1 X15.431 Y-6.041 Z14.400 F1620 A597.62566; Inset 
G1 X15.594 Y-6.004 Z14.400 F1620 A597.63151; Inset 
G1 X15.780 Y-6.055 Z14.400 F1620 A597.63823; Inset 
G1 X15.911 Y-6.177 Z14.400 F1620 A597.64452; Inset 
G1 X15.972 Y-6.340 Z14.400 F1620 A597.65057; Inset 
G1 X15.969 Y-6.472 Z14.400 F1620 A597.65519; Inset 
G1 X15.911 Y-6.617 Z14.400 F1620 A597.66065; Inset 
G1 X15.825 Y-6.714 Z14.400 F1620 A597.66517; Inset 
G1 X15.666 Y-6.783 Z14.400 F1620 A597.67123; Inset 
G1 X15.506 Y-6.783 Z14.400 F1620 A597.67685; Inset 
G1 X15.384 Y-6.740 Z14.400 F1620 A597.68137; Inset 
G1 X15.384 Y-6.740 Z14.400 F1500 A596.38137; Retract 
G1 X15.384 Y-6.740 Z14.400 F3000; Retract 
G1 X15.080 Y-7.018 Z14.400 F9000; Travel Move 
G1 X15.080 Y-7.018 Z14.400 F1500 A597.68137; Restart 
G1 X14.915 Y-6.831 Z14.400 F720 A597.69008; Inset 
G1 X14.804 Y-6.555 Z14.400 F720 A597.70050; Inset 
G1 X14.793 Y-6.313 Z14.400 F720 A597.70896; Inset 
G1 X14.868 Y-6.055 Z14.400 F720 A597.71837; Inset 
G1 X15.043 Y-5.817 Z14.400 F720 A597.72868; Inset 
G1 X15.267 Y-5.670 Z14.400 F720 A597.73807; Inset 
G1 X15.524 Y-5.604 Z14.400 F720 A597.74734; Inset 
G1 X15.643 Y-5.604 Z14.400 F720 A597.75152; Inset 
G1 X15.909 Y-5.671 Z14.400 F720 A597.76109; Inset 
G1 X16.014 Y-5.727 Z14.400 F720 A597.76526; Inset 
G1 X16.223 Y-5.921 Z14.400 F720 A597.77523; Inset 
G1 X16.300 Y-6.045 Z14.400 F720 A597.78033; Inset 
G1 X16.374 Y-6.284 Z14.400 F720 A597.78909; Inset 
G1 X16.367 Y-6.554 Z14.400 F720 A597.79850; Inset 
G1 X16.257 Y-6.829 Z14.400 F720 A597.80887; Inset 
G1 X16.092 Y-7.016 Z14.400 F720 A597.81758; Inset 
G1 X15.971 Y-7.099 Z14.400 F720 A597.82272; Inset 
G1 X15.736 Y-7.182 Z14.400 F720 A597.83144; Inset 
G1 X15.438 Y-7.183 Z14.400 F720 A597.84185; Inset 
G1 X15.203 Y-7.100 Z14.400 F720 A597.85057; Inset 
G1 X15.080 Y-7.018 Z14.400 F720 A597.85571; Inset 
M73 P99; Update Progress 
; Chunk 132 
; Lower Position  14.4 
; Upper Position  14.6 
; Thickness       0.2 
; Width           0.4 
G1 X15.080 Y-7.018 Z14.400 F1500 A596.55571; Retract 
G1 X15.080 Y-7.018 Z14.400 F3000; Retract 
G1 X15.080 Y-7.018 Z14.600 F1380; Travel Move 
G1 X15.417 Y-6.753 Z14.600 F9000; Travel Move 
G1 X15.417 Y-6.753 Z14.600 F1500 A597.85571; Restart 
G1 X15.279 Y-6.642 Z14.600 F1620 A597.86189; Inset 
G1 X15.223 Y-6.550 Z14.600 F1620 A597.86567; Inset 
G1 X15.190 Y-6.397 Z14.600 F1620 A597.87114; Inset 
G1 X15.234 Y-6.227 Z14.600 F1620 A597.87727; Inset 
G1 X15.329 Y-6.097 Z14.600 F1620 A597.88291; Inset 
G1 X15.486 Y-6.022 Z14.600 F1620 A597.88898; Inset 
G1 X15.621 Y-6.010 Z14.600 F1620 A597.89371; Inset 
G1 X15.788 Y-6.061 Z14.600 F1620 A597.89984; Inset 
G1 X15.902 Y-6.169 Z14.600 F1620 A597.90531; Inset 
G1 X15.953 Y-6.269 Z14.600 F1620 A597.90924; Inset 
G1 X15.976 Y-6.423 Z14.600 F1620 A597.91470; Inset 
G1 X15.931 Y-6.591 Z14.600 F1620 A597.92077; Inset 
G1 X15.797 Y-6.734 Z14.600 F1620 A597.92764; Inset 
G1 X15.656 Y-6.784 Z14.600 F1620 A597.93285; Inset 
G1 X15.500 Y-6.782 Z14.600 F1620 A597.93831; Inset 
G1 X15.417 Y-6.753 Z14.600 F1620 A597.94140; Inset 
G1 X15.417 Y-6.753 Z14.600 F1500 A596.64140; Retract 
G1 X15.417 Y-6.753 Z14.600 F3000; Retract 
G1 X15.220 Y-7.108 Z14.600 F9000; Travel Move 
G1 X15.220 Y-7.108 Z14.600 F1500 A597.94140; Restart 
G1 X14.973 Y-6.910 Z14.600 F720 A597.95244; Inset 
G1 X14.846 Y-6.700 Z14.600 F720 A597.96102; Inset 
G1 X14.787 Y-6.429 Z14.600 F720 A597.97072; Inset 
G1 X14.795 Y-6.287 Z14.600 F720 A597.97566; Inset 
G1 X14.872 Y-6.043 Z14.600 F720 A597.98460; Inset 
G1 X15.038 Y-5.819 Z14.600 F720 A597.99436; Inset 
G1 X15.130 Y-5.744 Z14.600 F720 A597.99850; Inset 
G1 X15.383 Y-5.629 Z14.600 F720 A598.00822; Inset 
G1 X15.652 Y-5.606 Z14.600 F720 A598.01768; Inset 
G1 X15.901 Y-5.667 Z14.600 F720 A598.02662; Inset 
G1 X16.025 Y-5.734 Z14.600 F720 A598.03156; Inset 
G1 X16.226 Y-5.926 Z14.600 F720 A598.04126; Inset 
G1 X16.340 Y-6.145 Z14.600 F720 A598.04989; Inset 
G1 X16.382 Y-6.435 Z14.600 F720 A598.06014; Inset 
G1 X16.331 Y-6.684 Z14.600 F720 A598.06903; Inset 
G1 X16.269 Y-6.812 Z14.600 F720 A598.07400; Inset 
G1 X16.098 Y-7.012 Z14.600 F720 A598.08319; Inset 
G1 X15.982 Y-7.093 Z14.600 F720 A598.08814; Inset 
G1 X15.723 Y-7.185 Z14.600 F720 A598.09775; Inset 
G1 X15.430 Y-7.181 Z14.600 F720 A598.10800; Inset 
G1 X15.220 Y-7.108 Z14.600 F720 A598.11579; Inset 
; Chunk 133 
; Lower Position  14.6 
; Upper Position  14.8 
; Thickness       0.2 
; Width           0.4 
G1 X15.220 Y-7.108 Z14.600 F1500 A596.81579; Retract 
G1 X15.220 Y-7.108 Z14.600 F3000; Retract 
G1 X15.220 Y-7.108 Z14.800 F1380; Travel Move 
G1 X15.395 Y-6.742 Z14.800 F9000; Travel Move 
G1 X15.395 Y-6.742 Z14.800 F1500 A598.11579; Restart 
G1 X15.292 Y-6.659 Z14.800 F1620 A598.12041; Inset 
G1 X15.204 Y-6.509 Z14.800 F1620 A598.12649; Inset 
G1 X15.197 Y-6.351 Z14.800 F1620 A598.13202; Inset 
G1 X15.236 Y-6.225 Z14.800 F1620 A598.13664; Inset 
G1 X15.342 Y-6.087 Z14.800 F1620 A598.14272; Inset 
G1 X15.486 Y-6.022 Z14.800 F1620 A598.14825; Inset 
G1 X15.618 Y-6.010 Z14.800 F1620 A598.15288; Inset 
G1 X15.785 Y-6.058 Z14.800 F1620 A598.15895; Inset 
G1 X15.899 Y-6.167 Z14.800 F1620 A598.16448; Inset 
G1 X15.959 Y-6.285 Z14.800 F1620 A598.16911; Inset 
G1 X15.976 Y-6.416 Z14.800 F1620 A598.17373; Inset 
G1 X15.949 Y-6.545 Z14.800 F1620 A598.17835; Inset 
G1 X15.879 Y-6.658 Z14.800 F1620 A598.18298; Inset 
G1 X15.777 Y-6.741 Z14.800 F1620 A598.18760; Inset 
G1 X15.652 Y-6.786 Z14.800 F1620 A598.19222; Inset 
G1 X15.520 Y-6.786 Z14.800 F1620 A598.19685; Inset 
G1 X15.395 Y-6.742 Z14.800 F1620 A598.20147; Inset 
G1 X15.395 Y-6.742 Z14.800 F1500 A596.90147; Retract 
G1 X15.395 Y-6.742 Z14.800 F3000; Retract 
G1 X15.198 Y-7.097 Z14.800 F9000; Travel Move 
G1 X15.198 Y-7.097 Z14.800 F1500 A598.20147; Restart 
G1 X14.988 Y-6.928 Z14.800 F720 A598.21089; Inset 
G1 X14.842 Y-6.691 Z14.800 F720 A598.22061; Inset 
G1 X14.807 Y-6.578 Z14.800 F720 A598.22475; Inset 
G1 X14.794 Y-6.300 Z14.800 F720 A598.23447; Inset 
G1 X14.873 Y-6.043 Z14.800 F720 A598.24389; Inset 
G1 X15.038 Y-5.819 Z14.800 F720 A598.25361; Inset 
G1 X15.130 Y-5.744 Z14.800 F720 A598.25775; Inset 
G1 X15.383 Y-5.629 Z14.800 F720 A598.26747; Inset 
G1 X15.651 Y-5.606 Z14.800 F720 A598.27689; Inset 
G1 X15.921 Y-5.675 Z14.800 F720 A598.28662; Inset 
G1 X16.024 Y-5.733 Z14.800 F720 A598.29075; Inset 
G1 X16.225 Y-5.925 Z14.800 F720 A598.30048; Inset 
G1 X16.347 Y-6.165 Z14.800 F720 A598.30990; Inset 
G1 X16.382 Y-6.432 Z14.800 F720 A598.31931; Inset 
G1 X16.325 Y-6.696 Z14.800 F720 A598.32873; Inset 
G1 X16.185 Y-6.926 Z14.800 F720 A598.33815; Inset 
G1 X15.975 Y-7.095 Z14.800 F720 A598.34757; Inset 
G1 X15.721 Y-7.185 Z14.800 F720 A598.35699; Inset 
G1 X15.452 Y-7.186 Z14.800 F720 A598.36641; Inset 
G1 X15.198 Y-7.097 Z14.800 F720 A598.37583; Inset 
; Chunk 134 
; Lower Position  14.8 
; Upper Position  15 
; Thickness       0.2 
; Width           0.4 
G1 X15.198 Y-7.097 Z14.800 F1500 A597.07583; Retract 
G1 X15.198 Y-7.097 Z14.800 F3000; Retract 
G1 X15.198 Y-7.097 Z15.000 F1380; Travel Move 
G1 X15.395 Y-6.742 Z15.000 F9000; Travel Move 
G1 X15.395 Y-6.742 Z15.000 F1500 A598.37583; Restart 
G1 X15.292 Y-6.659 Z15.000 F1620 A598.38045; Inset 
G1 X15.204 Y-6.509 Z15.000 F1620 A598.38652; Inset 
G1 X15.197 Y-6.351 Z15.000 F1620 A598.39206; Inset 
G1 X15.236 Y-6.225 Z15.000 F1620 A598.39668; Inset 
G1 X15.342 Y-6.087 Z15.000 F1620 A598.40276; Inset 
G1 X15.486 Y-6.022 Z15.000 F1620 A598.40829; Inset 
G1 X15.618 Y-6.010 Z15.000 F1620 A598.41291; Inset 
G1 X15.785 Y-6.058 Z15.000 F1620 A598.41899; Inset 
G1 X15.899 Y-6.167 Z15.000 F1620 A598.42452; Inset 
G1 X15.959 Y-6.285 Z15.000 F1620 A598.42914; Inset 
G1 X15.976 Y-6.416 Z15.000 F1620 A598.43377; Inset 
G1 X15.949 Y-6.545 Z15.000 F1620 A598.43839; Inset 
G1 X15.879 Y-6.658 Z15.000 F1620 A598.44301; Inset 
G1 X15.777 Y-6.741 Z15.000 F1620 A598.44764; Inset 
G1 X15.652 Y-6.786 Z15.000 F1620 A598.45226; Inset 
G1 X15.520 Y-6.786 Z15.000 F1620 A598.45688; Inset 
G1 X15.395 Y-6.742 Z15.000 F1620 A598.46150; Inset 
G1 X15.395 Y-6.742 Z15.000 F1500 A597.16150; Retract 
G1 X15.395 Y-6.742 Z15.000 F3000; Retract 
G1 X15.198 Y-7.097 Z15.000 F9000; Travel Move 
G1 X15.198 Y-7.097 Z15.000 F1500 A598.46150; Restart 
G1 X14.988 Y-6.928 Z15.000 F720 A598.47092; Inset 
G1 X14.842 Y-6.691 Z15.000 F720 A598.48065; Inset 
G1 X14.807 Y-6.578 Z15.000 F720 A598.48479; Inset 
G1 X14.794 Y-6.300 Z15.000 F720 A598.49451; Inset 
G1 X14.873 Y-6.043 Z15.000 F720 A598.50393; Inset 
G1 X15.038 Y-5.819 Z15.000 F720 A598.51365; Inset 
G1 X15.130 Y-5.744 Z15.000 F720 A598.51779; Inset 
G1 X15.383 Y-5.629 Z15.000 F720 A598.52751; Inset 
G1 X15.651 Y-5.606 Z15.000 F720 A598.53693; Inset 
G1 X15.921 Y-5.675 Z15.000 F720 A598.54665; Inset 
G1 X16.024 Y-5.733 Z15.000 F720 A598.55079; Inset 
G1 X16.225 Y-5.925 Z15.000 F720 A598.56051; Inset 
G1 X16.347 Y-6.165 Z15.000 F720 A598.56993; Inset 
G1 X16.382 Y-6.432 Z15.000 F720 A598.57935; Inset 
G1 X16.325 Y-6.696 Z15.000 F720 A598.58877; Inset 
G1 X16.185 Y-6.926 Z15.000 F720 A598.59819; Inset 
G1 X15.975 Y-7.095 Z15.000 F720 A598.60761; Inset 
G1 X15.721 Y-7.185 Z15.000 F720 A598.61703; Inset 
G1 X15.452 Y-7.186 Z15.000 F720 A598.62644; Inset 
G1 X15.198 Y-7.097 Z15.000 F720 A598.63586; Inset 
; Chunk 135 
; Lower Position  15 
; Upper Position  15.2 
; Thickness       0.2 
; Width           0.4 
G1 X15.198 Y-7.097 Z15.000 F1500 A597.33586; Retract 
G1 X15.198 Y-7.097 Z15.000 F3000; Retract 
G1 X15.198 Y-7.097 Z15.200 F1380; Travel Move 
G1 X15.395 Y-6.742 Z15.200 F9000; Travel Move 
G1 X15.395 Y-6.742 Z15.200 F1500 A598.63586; Restart 
G1 X15.292 Y-6.659 Z15.200 F1620 A598.64048; Inset 
G1 X15.204 Y-6.509 Z15.200 F1620 A598.64656; Inset 
G1 X15.197 Y-6.351 Z15.200 F1620 A598.65209; Inset 
G1 X15.236 Y-6.225 Z15.200 F1620 A598.65672; Inset 
G1 X15.342 Y-6.087 Z15.200 F1620 A598.66279; Inset 
G1 X15.486 Y-6.022 Z15.200 F1620 A598.66832; Inset 
G1 X15.659 Y-6.011 Z15.200 F1620 A598.67440; Inset 
G1 X15.804 Y-6.076 Z15.200 F1620 A598.67993; Inset 
G1 X15.899 Y-6.167 Z15.200 F1620 A598.68456; Inset 
G1 X15.959 Y-6.285 Z15.200 F1620 A598.68918; Inset 
G1 X15.976 Y-6.416 Z15.200 F1620 A598.69380; Inset 
G1 X15.949 Y-6.545 Z15.200 F1620 A598.69843; Inset 
G1 X15.879 Y-6.658 Z15.200 F1620 A598.70305; Inset 
G1 X15.777 Y-6.741 Z15.200 F1620 A598.70767; Inset 
G1 X15.652 Y-6.786 Z15.200 F1620 A598.71229; Inset 
G1 X15.520 Y-6.786 Z15.200 F1620 A598.71692; Inset 
G1 X15.395 Y-6.742 Z15.200 F1620 A598.72154; Inset 
G1 X15.395 Y-6.742 Z15.200 F1500 A597.42154; Retract 
G1 X15.395 Y-6.742 Z15.200 F3000; Retract 
G1 X15.198 Y-7.097 Z15.200 F9000; Travel Move 
G1 X15.198 Y-7.097 Z15.200 F1500 A598.72154; Restart 
G1 X14.988 Y-6.928 Z15.200 F720 A598.73096; Inset 
G1 X14.842 Y-6.691 Z15.200 F720 A598.74068; Inset 
G1 X14.807 Y-6.578 Z15.200 F720 A598.74482; Inset 
G1 X14.794 Y-6.300 Z15.200 F720 A598.75455; Inset 
G1 X14.873 Y-6.043 Z15.200 F720 A598.76396; Inset 
G1 X15.038 Y-5.819 Z15.200 F720 A598.77368; Inset 
G1 X15.130 Y-5.744 Z15.200 F720 A598.77782; Inset 
G1 X15.383 Y-5.629 Z15.200 F720 A598.78755; Inset 
G1 X15.660 Y-5.605 Z15.200 F720 A598.79727; Inset 
G1 X15.777 Y-5.625 Z15.200 F720 A598.80141; Inset 
G1 X16.030 Y-5.739 Z15.200 F720 A598.81113; Inset 
G1 X16.225 Y-5.925 Z15.200 F720 A598.82055; Inset 
G1 X16.347 Y-6.165 Z15.200 F720 A598.82997; Inset 
G1 X16.382 Y-6.432 Z15.200 F720 A598.83939; Inset 
G1 X16.325 Y-6.696 Z15.200 F720 A598.84881; Inset 
G1 X16.185 Y-6.926 Z15.200 F720 A598.85822; Inset 
G1 X15.975 Y-7.095 Z15.200 F720 A598.86764; Inset 
G1 X15.721 Y-7.185 Z15.200 F720 A598.87706; Inset 
G1 X15.452 Y-7.186 Z15.200 F720 A598.88648; Inset 
G1 X15.198 Y-7.097 Z15.200 F720 A598.89590; Inset 
; Chunk 136 
; Lower Position  15.2 
; Upper Position  15.4 
; Thickness       0.2 
; Width           0.4 
G1 X15.198 Y-7.097 Z15.200 F1500 A597.59590; Retract 
G1 X15.198 Y-7.097 Z15.200 F3000; Retract 
G1 X15.198 Y-7.097 Z15.400 F1380; Travel Move 
G1 X15.395 Y-6.742 Z15.400 F9000; Travel Move 
G1 X15.395 Y-6.742 Z15.400 F1500 A598.89590; Restart 
G1 X15.292 Y-6.659 Z15.400 F1620 A598.90052; Inset 
G1 X15.204 Y-6.509 Z15.400 F1620 A598.90660; Inset 
G1 X15.197 Y-6.351 Z15.400 F1620 A598.91213; Inset 
G1 X15.236 Y-6.225 Z15.400 F1620 A598.91675; Inset 
G1 X15.342 Y-6.087 Z15.400 F1620 A598.92283; Inset 
G1 X15.486 Y-6.022 Z15.400 F1620 A598.92836; Inset 
G1 X15.659 Y-6.011 Z15.400 F1620 A598.93444; Inset 
G1 X15.804 Y-6.076 Z15.400 F1620 A598.93997; Inset 
G1 X15.899 Y-6.167 Z15.400 F1620 A598.94459; Inset 
G1 X15.959 Y-6.285 Z15.400 F1620 A598.94922; Inset 
G1 X15.976 Y-6.416 Z15.400 F1620 A598.95384; Inset 
G1 X15.949 Y-6.545 Z15.400 F1620 A598.95846; Inset 
G1 X15.879 Y-6.658 Z15.400 F1620 A598.96308; Inset 
G1 X15.777 Y-6.741 Z15.400 F1620 A598.96771; Inset 
G1 X15.652 Y-6.786 Z15.400 F1620 A598.97233; Inset 
G1 X15.520 Y-6.786 Z15.400 F1620 A598.97695; Inset 
G1 X15.395 Y-6.742 Z15.400 F1620 A598.98158; Inset 
G1 X15.395 Y-6.742 Z15.400 F1500 A597.68158; Retract 
G1 X15.395 Y-6.742 Z15.400 F3000; Retract 
G1 X15.198 Y-7.097 Z15.400 F9000; Travel Move 
G1 X15.198 Y-7.097 Z15.400 F1500 A598.98158; Restart 
G1 X14.988 Y-6.928 Z15.400 F720 A598.99100; Inset 
G1 X14.842 Y-6.691 Z15.400 F720 A599.00072; Inset 
G1 X14.807 Y-6.578 Z15.400 F720 A599.00486; Inset 
G1 X14.794 Y-6.300 Z15.400 F720 A599.01458; Inset 
G1 X14.873 Y-6.043 Z15.400 F720 A599.02400; Inset 
G1 X15.038 Y-5.819 Z15.400 F720 A599.03372; Inset 
G1 X15.130 Y-5.744 Z15.400 F720 A599.03786; Inset 
G1 X15.383 Y-5.629 Z15.400 F720 A599.04758; Inset 
G1 X15.660 Y-5.605 Z15.400 F720 A599.05731; Inset 
G1 X15.777 Y-5.625 Z15.400 F720 A599.06144; Inset 
G1 X16.030 Y-5.739 Z15.400 F720 A599.07117; Inset 
G1 X16.225 Y-5.925 Z15.400 F720 A599.08059; Inset 
G1 X16.347 Y-6.165 Z15.400 F720 A599.09000; Inset 
G1 X16.382 Y-6.432 Z15.400 F720 A599.09942; Inset 
G1 X16.325 Y-6.696 Z15.400 F720 A599.10884; Inset 
G1 X16.185 Y-6.926 Z15.400 F720 A599.11826; Inset 
G1 X15.975 Y-7.095 Z15.400 F720 A599.12768; Inset 
G1 X15.721 Y-7.185 Z15.400 F720 A599.13710; Inset 
G1 X15.452 Y-7.186 Z15.400 F720 A599.14652; Inset 
G1 X15.198 Y-7.097 Z15.400 F720 A599.15593; Inset 
; Chunk 137 
; Lower Position  15.4 
; Upper Position  15.6 
; Thickness       0.2 
; Width           0.4 
G1 X15.198 Y-7.097 Z15.400 F1500 A597.85593; Retract 
G1 X15.198 Y-7.097 Z15.400 F3000; Retract 
G1 X15.198 Y-7.097 Z15.600 F1380; Travel Move 
G1 X15.395 Y-6.742 Z15.600 F9000; Travel Move 
G1 X15.395 Y-6.742 Z15.600 F1500 A599.15593; Restart 
G1 X15.292 Y-6.659 Z15.600 F1620 A599.16056; Inset 
G1 X15.204 Y-6.509 Z15.600 F1620 A599.16663; Inset 
G1 X15.197 Y-6.351 Z15.600 F1620 A599.17217; Inset 
G1 X15.236 Y-6.225 Z15.600 F1620 A599.17679; Inset 
G1 X15.342 Y-6.087 Z15.600 F1620 A599.18286; Inset 
G1 X15.486 Y-6.022 Z15.600 F1620 A599.18840; Inset 
G1 X15.659 Y-6.011 Z15.600 F1620 A599.19447; Inset 
G1 X15.804 Y-6.076 Z15.600 F1620 A599.20001; Inset 
G1 X15.899 Y-6.167 Z15.600 F1620 A599.20463; Inset 
G1 X15.959 Y-6.285 Z15.600 F1620 A599.20925; Inset 
G1 X15.976 Y-6.416 Z15.600 F1620 A599.21388; Inset 
G1 X15.949 Y-6.545 Z15.600 F1620 A599.21850; Inset 
G1 X15.879 Y-6.658 Z15.600 F1620 A599.22312; Inset 
G1 X15.777 Y-6.741 Z15.600 F1620 A599.22774; Inset 
G1 X15.652 Y-6.786 Z15.600 F1620 A599.23237; Inset 
G1 X15.520 Y-6.786 Z15.600 F1620 A599.23699; Inset 
G1 X15.395 Y-6.742 Z15.600 F1620 A599.24161; Inset 
G1 X15.395 Y-6.742 Z15.600 F1500 A597.94161; Retract 
G1 X15.395 Y-6.742 Z15.600 F3000; Retract 
G1 X15.198 Y-7.097 Z15.600 F9000; Travel Move 
G1 X15.198 Y-7.097 Z15.600 F1500 A599.24161; Restart 
G1 X14.988 Y-6.928 Z15.600 F720 A599.25103; Inset 
G1 X14.842 Y-6.691 Z15.600 F720 A599.26076; Inset 
G1 X14.807 Y-6.578 Z15.600 F720 A599.26489; Inset 
G1 X14.794 Y-6.300 Z15.600 F720 A599.27462; Inset 
G1 X14.873 Y-6.043 Z15.600 F720 A599.28403; Inset 
G1 X15.038 Y-5.819 Z15.600 F720 A599.29376; Inset 
G1 X15.130 Y-5.744 Z15.600 F720 A599.29790; Inset 
G1 X15.383 Y-5.629 Z15.600 F720 A599.30762; Inset 
G1 X15.660 Y-5.605 Z15.600 F720 A599.31734; Inset 
G1 X15.777 Y-5.625 Z15.600 F720 A599.32148; Inset 
G1 X16.030 Y-5.739 Z15.600 F720 A599.33120; Inset 
G1 X16.225 Y-5.925 Z15.600 F720 A599.34062; Inset 
G1 X16.347 Y-6.165 Z15.600 F720 A599.35004; Inset 
G1 X16.382 Y-6.432 Z15.600 F720 A599.35946; Inset 
G1 X16.325 Y-6.696 Z15.600 F720 A599.36888; Inset 
G1 X16.185 Y-6.926 Z15.600 F720 A599.37830; Inset 
G1 X15.975 Y-7.095 Z15.600 F720 A599.38771; Inset 
G1 X15.721 Y-7.185 Z15.600 F720 A599.39713; Inset 
G1 X15.452 Y-7.186 Z15.600 F720 A599.40655; Inset 
G1 X15.198 Y-7.097 Z15.600 F720 A599.41597; Inset 
; Chunk 138 
; Lower Position  15.6 
; Upper Position  15.8 
; Thickness       0.2 
; Width           0.4 
G1 X15.198 Y-7.097 Z15.600 F1500 A598.11597; Retract 
G1 X15.198 Y-7.097 Z15.600 F3000; Retract 
G1 X15.198 Y-7.097 Z15.800 F1380; Travel Move 
G1 X15.395 Y-6.742 Z15.800 F9000; Travel Move 
G1 X15.395 Y-6.742 Z15.800 F1500 A599.41597; Restart 
G1 X15.292 Y-6.659 Z15.800 F1620 A599.42059; Inset 
G1 X15.204 Y-6.509 Z15.800 F1620 A599.42667; Inset 
G1 X15.197 Y-6.351 Z15.800 F1620 A599.43220; Inset 
G1 X15.236 Y-6.225 Z15.800 F1620 A599.43683; Inset 
G1 X15.342 Y-6.087 Z15.800 F1620 A599.44290; Inset 
G1 X15.486 Y-6.022 Z15.800 F1620 A599.44843; Inset 
G1 X15.659 Y-6.011 Z15.800 F1620 A599.45451; Inset 
G1 X15.804 Y-6.076 Z15.800 F1620 A599.46004; Inset 
G1 X15.899 Y-6.167 Z15.800 F1620 A599.46467; Inset 
G1 X15.959 Y-6.285 Z15.800 F1620 A599.46929; Inset 
G1 X15.976 Y-6.416 Z15.800 F1620 A599.47391; Inset 
G1 X15.949 Y-6.545 Z15.800 F1620 A599.47853; Inset 
G1 X15.879 Y-6.658 Z15.800 F1620 A599.48316; Inset 
G1 X15.777 Y-6.741 Z15.800 F1620 A599.48778; Inset 
G1 X15.652 Y-6.786 Z15.800 F1620 A599.49240; Inset 
G1 X15.520 Y-6.786 Z15.800 F1620 A599.49703; Inset 
G1 X15.395 Y-6.742 Z15.800 F1620 A599.50165; Inset 
G1 X15.395 Y-6.742 Z15.800 F1500 A598.20165; Retract 
G1 X15.395 Y-6.742 Z15.800 F3000; Retract 
G1 X15.198 Y-7.097 Z15.800 F9000; Travel Move 
G1 X15.198 Y-7.097 Z15.800 F1500 A599.50165; Restart 
G1 X14.988 Y-6.928 Z15.800 F720 A599.51107; Inset 
G1 X14.842 Y-6.691 Z15.800 F720 A599.52079; Inset 
G1 X14.807 Y-6.578 Z15.800 F720 A599.52493; Inset 
G1 X14.794 Y-6.300 Z15.800 F720 A599.53465; Inset 
G1 X14.873 Y-6.043 Z15.800 F720 A599.54407; Inset 
G1 X15.038 Y-5.819 Z15.800 F720 A599.55379; Inset 
G1 X15.130 Y-5.744 Z15.800 F720 A599.55793; Inset 
G1 X15.383 Y-5.629 Z15.800 F720 A599.56765; Inset 
G1 X15.660 Y-5.605 Z15.800 F720 A599.57738; Inset 
G1 X15.777 Y-5.625 Z15.800 F720 A599.58152; Inset 
G1 X16.030 Y-5.739 Z15.800 F720 A599.59124; Inset 
G1 X16.225 Y-5.925 Z15.800 F720 A599.60066; Inset 
G1 X16.347 Y-6.165 Z15.800 F720 A599.61008; Inset 
G1 X16.382 Y-6.432 Z15.800 F720 A599.61950; Inset 
G1 X16.325 Y-6.696 Z15.800 F720 A599.62891; Inset 
G1 X16.185 Y-6.926 Z15.800 F720 A599.63833; Inset 
G1 X15.975 Y-7.095 Z15.800 F720 A599.64775; Inset 
G1 X15.721 Y-7.185 Z15.800 F720 A599.65717; Inset 
G1 X15.452 Y-7.186 Z15.800 F720 A599.66659; Inset 
G1 X15.198 Y-7.097 Z15.800 F720 A599.67601; Inset 
; Chunk 139 
; Lower Position  15.8 
; Upper Position  16 
; Thickness       0.2 
; Width           0.4 
G1 X15.198 Y-7.097 Z15.800 F1500 A598.37601; Retract 
G1 X15.198 Y-7.097 Z15.800 F3000; Retract 
G1 X15.198 Y-7.097 Z16.000 F1380; Travel Move 
G1 X15.420 Y-6.704 Z16.000 F9000; Travel Move 
G1 X15.420 Y-6.704 Z16.000 F1500 A599.67601; Restart 
G1 X15.312 Y-6.603 Z16.000 F1620 A599.68120; Inset 
G1 X15.246 Y-6.470 Z16.000 F1620 A599.68639; Inset 
G1 X15.252 Y-6.329 Z16.000 F1620 A599.69132; Inset 
G1 X15.295 Y-6.222 Z16.000 F1620 A599.69535; Inset 
G1 X15.371 Y-6.135 Z16.000 F1620 A599.69938; Inset 
G1 X15.471 Y-6.079 Z16.000 F1620 A599.70341; Inset 
G1 X15.585 Y-6.059 Z16.000 F1620 A599.70744; Inset 
G1 X15.698 Y-6.078 Z16.000 F1620 A599.71146; Inset 
G1 X15.799 Y-6.134 Z16.000 F1620 A599.71549; Inset 
G1 X15.896 Y-6.247 Z16.000 F1620 A599.72068; Inset 
G1 X15.931 Y-6.410 Z16.000 F1620 A599.72653; Inset 
G1 X15.882 Y-6.578 Z16.000 F1620 A599.73263; Inset 
G1 X15.777 Y-6.682 Z16.000 F1620 A599.73782; Inset 
G1 X15.672 Y-6.730 Z16.000 F1620 A599.74185; Inset 
G1 X15.557 Y-6.740 Z16.000 F1620 A599.74588; Inset 
G1 X15.420 Y-6.704 Z16.000 F1620 A599.75082; Inset 
G1 X15.420 Y-6.704 Z16.000 F1500 A598.45082; Retract 
G1 X15.420 Y-6.704 Z16.000 F3000; Retract 
G1 X15.175 Y-7.026 Z16.000 F9000; Travel Move 
G1 X15.175 Y-7.026 Z16.000 F1500 A599.75082; Restart 
G1 X14.986 Y-6.845 Z16.000 F720 A599.75995; Inset 
G1 X14.868 Y-6.612 Z16.000 F720 A599.76907; Inset 
G1 X14.844 Y-6.505 Z16.000 F720 A599.77291; Inset 
G1 X14.855 Y-6.244 Z16.000 F720 A599.78204; Inset 
G1 X14.949 Y-6.010 Z16.000 F720 A599.79087; Inset 
G1 X15.115 Y-5.820 Z16.000 F720 A599.79969; Inset 
G1 X15.335 Y-5.697 Z16.000 F720 A599.80851; Inset 
G1 X15.584 Y-5.653 Z16.000 F720 A599.81733; Inset 
G1 X15.833 Y-5.696 Z16.000 F720 A599.82616; Inset 
G1 X16.053 Y-5.818 Z16.000 F720 A599.83498; Inset 
G1 X16.226 Y-6.014 Z16.000 F720 A599.84411; Inset 
G1 X16.276 Y-6.112 Z16.000 F720 A599.84795; Inset 
G1 X16.333 Y-6.375 Z16.000 F720 A599.85738; Inset 
G1 X16.329 Y-6.485 Z16.000 F720 A599.86122; Inset 
G1 X16.250 Y-6.743 Z16.000 F720 A599.87065; Inset 
G1 X16.193 Y-6.837 Z16.000 F720 A599.87449; Inset 
G1 X16.005 Y-7.018 Z16.000 F720 A599.88362; Inset 
G1 X15.775 Y-7.122 Z16.000 F720 A599.89244; Inset 
G1 X15.523 Y-7.144 Z16.000 F720 A599.90127; Inset 
G1 X15.271 Y-7.079 Z16.000 F720 A599.91039; Inset 
G1 X15.175 Y-7.026 Z16.000 F720 A599.91423; Inset 
M73 P100; Update Progress 
; End of print 
G1 X15.175 Y-7.026 Z16.000 F1500 A598.61423; Retract 
M18 A B(Turn off A and B Steppers)
G1 Z155 F900
G162 X Y F2000
M18 X Y Z(Turn off steppers after a build)
M109 S0 T0
M104 S0 T0
M70 P5 (We <3 Making Things!)
M72 P1  ( Play Ta-Da song )
M73 P100 (end  build progress )
M137 (build end notification)
