M136 (enable build progress)
M73 P0
G162 X Y F2000(home XY axes maximum)
G161 Z F900(home Z axis minimum)
G92 X0 Y0 Z-5 A0 B0 (set Z to -5)
G1 Z0.0 F900(move Z to '0')
G161 Z F100(home Z axis minimum)
M132 X Y Z A B (Recall stored home offsets for XYZAB axis)
G92 X152 Y75 Z0 A0 B0
G1 X-112 Y-73 Z150 F3300.0 (move to waiting position)
G130 X20 Y20 A20 B20 (Lower stepper Vrefs while heating)
M109 S100 T0
M134 T0
M135 T0
M104 S190 T0
M133 T0
G130 X127 Y127 A127 B127 (Set Stepper motor Vref to defaults)
; Makerbot Industries
; Miracle Grue 3.9.4
; This file contains digital fabrication directives
; in G-Code format for your 3D printer
; http://www.makerbot.com/support/makerware/documentation/slicer/
; 
; Right Toolhead Weight (grams): 1.83207 
; Right Toolhead Distance (mm): 600.459 
; Duration: 704.201 seconds 
; Active extruders in print: 0 
; Chunk 0 
; Lower Position  0 
; Upper Position  0.2 
; Thickness       0.2 
; Width           0.4 
G1 X105.400 Y-74.000 Z0.270 F9000.000 (Extruder Prime Dry Move)
G1 X-112 Y-73 Z0.270 F1800.000 E25.000 (Extruder Prime Start)
G92 A0 B0 (Reset after prime)
G1 Z0.000000 F1000
G1 X-112.0 Y-73.0 Z0.0 F1000 E0.0
G92 E0
G1 X-112.000 Y-73.000 Z0.000 F1500 A-1.30000; Retract 
G1 X-112.000 Y-73.000 Z0.000 F3000; Retract 
G1 X-112.000 Y-73.000 Z0.200 F1380; Travel Move 
M73 P0; Update Progress 
G1 X-17.873 Y-17.299 Z0.200 F9000; Travel Move 
G1 X-17.873 Y-17.299 Z0.200 F1500 A0.00000; Restart 
G1 X-17.331 Y-17.618 Z0.200 F1800 A0.02197; Inset 
G1 X-16.330 Y-17.993 Z0.200 F1800 A0.05935; Inset 
G1 X-15.671 Y-17.670 Z0.200 F1800 A0.08500; Inset 
G1 X-15.060 Y-18.002 Z0.200 F1800 A0.10929; Inset 
G1 X-14.034 Y-17.617 Z0.200 F1800 A0.14759; Inset 
G1 X-13.493 Y-17.299 Z0.200 F1800 A0.16955; Inset 
G1 X-13.025 Y-16.909 Z0.200 F1800 A0.19085; Inset 
G1 X-12.578 Y-16.384 Z0.200 F1800 A0.21495; Inset 
G1 X-12.260 Y-15.843 Z0.200 F1800 A0.23691; Inset 
G1 X-11.875 Y-14.817 Z0.200 F1800 A0.27521; Inset 
G1 X-12.213 Y-14.195 Z0.200 F1800 A0.29997; Inset 
G1 X-11.874 Y-13.574 Z0.200 F1800 A0.32470; Inset 
G1 X-12.258 Y-12.546 Z0.200 F1800 A0.36307; Inset 
G1 X-12.577 Y-12.004 Z0.200 F1800 A0.38506; Inset 
G1 X-12.967 Y-11.535 Z0.200 F1800 A0.40637; Inset 
G1 X-13.492 Y-11.088 Z0.200 F1800 A0.43047; Inset 
G1 X-14.035 Y-10.770 Z0.200 F1800 A0.45246; Inset 
G1 X-15.061 Y-10.386 Z0.200 F1800 A0.49078; Inset 
G1 X-15.683 Y-10.724 Z0.200 F1800 A0.51552; Inset 
G1 X-16.305 Y-10.386 Z0.200 F1800 A0.54025; Inset 
G1 X-17.331 Y-10.770 Z0.200 F1800 A0.57857; Inset 
G1 X-17.874 Y-11.088 Z0.200 F1800 A0.60056; Inset 
G1 X-18.399 Y-11.535 Z0.200 F1800 A0.62466; Inset 
G1 X-18.789 Y-12.004 Z0.200 F1800 A0.64597; Inset 
G1 X-19.107 Y-12.546 Z0.200 F1800 A0.66796; Inset 
G1 X-19.492 Y-13.574 Z0.200 F1800 A0.70633; Inset 
G1 X-19.152 Y-14.195 Z0.200 F1800 A0.73106; Inset 
G1 X-19.491 Y-14.817 Z0.200 F1800 A0.75582; Inset 
G1 X-19.106 Y-15.843 Z0.200 F1800 A0.79412; Inset 
G1 X-18.788 Y-16.384 Z0.200 F1800 A0.81608; Inset 
G1 X-18.341 Y-16.909 Z0.200 F1800 A0.84018; Inset 
G1 X-17.873 Y-17.299 Z0.200 F1800 A0.86148; Inset 
G1 X-17.873 Y-17.299 Z0.200 F1500 A-0.43852; Retract 
G1 X-17.873 Y-17.299 Z0.200 F3000; Retract 
G1 X-17.691 Y-16.937 Z0.200 F9000; Travel Move 
G1 X-17.691 Y-16.937 Z0.200 F1500 A0.86148; Restart 
G1 X-17.173 Y-17.249 Z0.200 F1800 A0.88262; Inset 
G1 X-16.351 Y-17.558 Z0.200 F1800 A0.91332; Inset 
G1 X-15.887 Y-17.331 Z0.200 F1800 A0.93139; Inset 
G1 X-15.745 Y-16.878 Z0.200 F1800 A0.94795; Inset 
G1 X-15.659 Y-16.854 Z0.200 F1800 A0.95108; Inset 
G1 X-15.599 Y-16.903 Z0.200 F1800 A0.95381; Inset 
G1 X-15.511 Y-17.302 Z0.200 F1800 A0.96807; Inset 
G1 X-15.030 Y-17.564 Z0.200 F1800 A0.98723; Inset 
G1 X-14.192 Y-17.249 Z0.200 F1800 A1.01850; Inset 
G1 X-13.675 Y-16.937 Z0.200 F1800 A1.03963; Inset 
G1 X-13.262 Y-16.581 Z0.200 F1800 A1.05869; Inset 
G1 X-12.912 Y-16.163 Z0.200 F1800 A1.07775; Inset 
G1 X-12.628 Y-15.685 Z0.200 F1800 A1.09720; Inset 
G1 X-12.314 Y-14.848 Z0.200 F1800 A1.12846; Inset 
G1 X-12.575 Y-14.366 Z0.200 F1800 A1.14762; Inset 
G1 X-12.974 Y-14.279 Z0.200 F1800 A1.16188; Inset 
G1 X-13.004 Y-14.252 Z0.200 F1800 A1.16329; Inset 
G1 X-13.018 Y-14.156 Z0.200 F1800 A1.16669; Inset 
G1 X-12.966 Y-14.109 Z0.200 F1800 A1.16914; Inset 
G1 X-12.576 Y-14.024 Z0.200 F1800 A1.18310; Inset 
G1 X-12.313 Y-13.543 Z0.200 F1800 A1.20229; Inset 
G1 X-12.627 Y-12.704 Z0.200 F1800 A1.23360; Inset 
G1 X-12.911 Y-12.225 Z0.200 F1800 A1.25308; Inset 
G1 X-13.261 Y-11.807 Z0.200 F1800 A1.27214; Inset 
G1 X-13.674 Y-11.450 Z0.200 F1800 A1.29121; Inset 
G1 X-14.192 Y-11.138 Z0.200 F1800 A1.31236; Inset 
G1 X-15.030 Y-10.825 Z0.200 F1800 A1.34365; Inset 
G1 X-15.511 Y-11.086 Z0.200 F1800 A1.36277; Inset 
G1 X-15.599 Y-11.485 Z0.200 F1800 A1.37706; Inset 
G1 X-15.660 Y-11.534 Z0.200 F1800 A1.37977; Inset 
G1 X-15.706 Y-11.534 Z0.200 F1800 A1.38140; Inset 
G1 X-15.766 Y-11.485 Z0.200 F1800 A1.38411; Inset 
G1 X-15.854 Y-11.086 Z0.200 F1800 A1.39839; Inset 
G1 X-16.335 Y-10.825 Z0.200 F1800 A1.41752; Inset 
G1 X-17.173 Y-11.138 Z0.200 F1800 A1.44881; Inset 
G1 X-17.692 Y-11.450 Z0.200 F1800 A1.46996; Inset 
G1 X-18.104 Y-11.807 Z0.200 F1800 A1.48903; Inset 
G1 X-18.455 Y-12.225 Z0.200 F1800 A1.50809; Inset 
G1 X-18.739 Y-12.704 Z0.200 F1800 A1.52756; Inset 
G1 X-19.053 Y-13.543 Z0.200 F1800 A1.55888; Inset 
G1 X-18.790 Y-14.024 Z0.200 F1800 A1.57807; Inset 
G1 X-18.400 Y-14.109 Z0.200 F1800 A1.59203; Inset 
G1 X-18.365 Y-14.130 Z0.200 F1800 A1.59342; Inset 
G1 X-18.341 Y-14.194 Z0.200 F1800 A1.59584; Inset 
G1 X-18.392 Y-14.279 Z0.200 F1800 A1.59928; Inset 
G1 X-18.790 Y-14.366 Z0.200 F1800 A1.61354; Inset 
G1 X-19.052 Y-14.848 Z0.200 F1800 A1.63270; Inset 
G1 X-18.738 Y-15.685 Z0.200 F1800 A1.66397; Inset 
G1 X-18.454 Y-16.163 Z0.200 F1800 A1.68342; Inset 
G1 X-18.104 Y-16.581 Z0.200 F1800 A1.70248; Inset 
G1 X-17.691 Y-16.937 Z0.200 F1800 A1.72154; Inset 
G1 X-17.691 Y-16.937 Z0.200 F1500 A0.42154; Retract 
G1 X-17.691 Y-16.937 Z0.200 F3000; Retract 
G1 X-17.438 Y-16.628 Z0.200 F9000; Travel Move 
G1 X-17.438 Y-16.628 Z0.200 F1500 A1.72154; Restart 
G1 X-17.024 Y-16.878 Z0.200 F1800 A1.73845; Inset 
G1 X-16.254 Y-17.167 Z0.200 F1800 A1.76719; Inset 
G1 X-16.102 Y-16.678 Z0.200 F1800 A1.78507; Inset 
G1 X-15.996 Y-16.558 Z0.200 F1800 A1.79068; Inset 
G1 X-15.776 Y-16.454 Z0.200 F1800 A1.79919; Inset 
G1 X-15.590 Y-16.454 Z0.200 F1800 A1.80569; Inset 
G1 X-15.370 Y-16.558 Z0.200 F1800 A1.81419; Inset 
G1 X-15.222 Y-16.752 Z0.200 F1800 A1.82272; Inset 
G1 X-15.130 Y-17.174 Z0.200 F1800 A1.83782; Inset 
G1 X-14.341 Y-16.878 Z0.200 F1800 A1.86726; Inset 
G1 X-13.928 Y-16.628 Z0.200 F1800 A1.88416; Inset 
G1 X-13.561 Y-16.316 Z0.200 F1800 A1.90098; Inset 
G1 X-13.250 Y-15.949 Z0.200 F1800 A1.91780; Inset 
G1 X-12.999 Y-15.536 Z0.200 F1800 A1.93471; Inset 
G1 X-12.703 Y-14.747 Z0.200 F1800 A1.96414; Inset 
G1 X-13.125 Y-14.655 Z0.200 F1800 A1.97925; Inset 
G1 X-13.320 Y-14.507 Z0.200 F1800 A1.98777; Inset 
G1 X-13.402 Y-14.360 Z0.200 F1800 A1.99367; Inset 
G1 X-13.430 Y-14.194 Z0.200 F1800 A1.99955; Inset 
G1 X-13.372 Y-13.958 Z0.200 F1800 A2.00806; Inset 
G1 X-13.261 Y-13.820 Z0.200 F1800 A2.01426; Inset 
G1 X-13.117 Y-13.732 Z0.200 F1800 A2.02016; Inset 
G1 X-12.702 Y-13.643 Z0.200 F1800 A2.03499; Inset 
G1 X-12.998 Y-12.853 Z0.200 F1800 A2.06447; Inset 
G1 X-13.249 Y-12.439 Z0.200 F1800 A2.08139; Inset 
G1 X-13.561 Y-12.072 Z0.200 F1800 A2.09821; Inset 
G1 X-13.927 Y-11.760 Z0.200 F1800 A2.11504; Inset 
G1 X-14.341 Y-11.510 Z0.200 F1800 A2.13196; Inset 
G1 X-15.130 Y-11.214 Z0.200 F1800 A2.16141; Inset 
G1 X-15.223 Y-11.636 Z0.200 F1800 A2.17651; Inset 
G1 X-15.370 Y-11.830 Z0.200 F1800 A2.18502; Inset 
G1 X-15.590 Y-11.934 Z0.200 F1800 A2.19351; Inset 
G1 X-15.776 Y-11.934 Z0.200 F1800 A2.19999; Inset 
G1 X-15.995 Y-11.830 Z0.200 F1800 A2.20848; Inset 
G1 X-16.142 Y-11.636 Z0.200 F1800 A2.21700; Inset 
G1 X-16.236 Y-11.214 Z0.200 F1800 A2.23210; Inset 
G1 X-17.025 Y-11.510 Z0.200 F1800 A2.26155; Inset 
G1 X-17.438 Y-11.760 Z0.200 F1800 A2.27847; Inset 
G1 X-17.805 Y-12.072 Z0.200 F1800 A2.29529; Inset 
G1 X-18.117 Y-12.439 Z0.200 F1800 A2.31212; Inset 
G1 X-18.368 Y-12.853 Z0.200 F1800 A2.32903; Inset 
G1 X-18.663 Y-13.643 Z0.200 F1800 A2.35852; Inset 
G1 X-18.249 Y-13.732 Z0.200 F1800 A2.37335; Inset 
G1 X-18.097 Y-13.825 Z0.200 F1800 A2.37956; Inset 
G1 X-17.964 Y-14.028 Z0.200 F1800 A2.38806; Inset 
G1 X-17.935 Y-14.194 Z0.200 F1800 A2.39395; Inset 
G1 X-17.964 Y-14.360 Z0.200 F1800 A2.39984; Inset 
G1 X-18.046 Y-14.507 Z0.200 F1800 A2.40573; Inset 
G1 X-18.240 Y-14.655 Z0.200 F1800 A2.41426; Inset 
G1 X-18.662 Y-14.747 Z0.200 F1800 A2.42937; Inset 
G1 X-18.367 Y-15.536 Z0.200 F1800 A2.45880; Inset 
G1 X-18.116 Y-15.949 Z0.200 F1800 A2.47570; Inset 
G1 X-17.804 Y-16.316 Z0.200 F1800 A2.49252; Inset 
G1 X-17.438 Y-16.628 Z0.200 F1800 A2.50934; Inset 
G1 X-17.438 Y-16.628 Z0.200 F1500 A1.20934; Retract 
G1 X-17.438 Y-16.628 Z0.200 F3000; Retract 
G1 X-18.631 Y-18.168 Z0.200 F9000; Travel Move 
G1 X-18.631 Y-18.168 Z0.200 F1500 A2.50934; Restart 
G1 X-19.071 Y-17.800 Z0.200 F1800 A2.52939; Inset 
G1 X-19.465 Y-17.384 Z0.200 F1800 A2.54944; Inset 
G1 X-19.809 Y-16.925 Z0.200 F1800 A2.56949; Inset 
G1 X-20.097 Y-16.429 Z0.200 F1800 A2.58953; Inset 
G1 X-20.326 Y-15.904 Z0.200 F1800 A2.60958; Inset 
G1 X-20.493 Y-15.355 Z0.200 F1800 A2.62963; Inset 
G1 X-20.595 Y-14.790 Z0.200 F1800 A2.64967; Inset 
G1 X-20.631 Y-14.218 Z0.200 F1800 A2.66972; Inset 
G1 X-20.600 Y-13.646 Z0.200 F1800 A2.68976; Inset 
G1 X-20.504 Y-13.080 Z0.200 F1800 A2.70981; Inset 
G1 X-20.342 Y-12.530 Z0.200 F1800 A2.72986; Inset 
G1 X-20.119 Y-12.002 Z0.200 F1800 A2.74991; Inset 
G1 X-19.835 Y-11.504 Z0.200 F1800 A2.76995; Inset 
G1 X-19.496 Y-11.041 Z0.200 F1800 A2.79000; Inset 
G1 X-19.106 Y-10.621 Z0.200 F1800 A2.81004; Inset 
G1 X-18.669 Y-10.249 Z0.200 F1800 A2.83010; Inset 
G1 X-18.193 Y-9.930 Z0.200 F1800 A2.85014; Inset 
G1 X-17.683 Y-9.669 Z0.200 F1800 A2.87019; Inset 
G1 X-17.145 Y-9.467 Z0.200 F1800 A2.89024; Inset 
G1 X-16.589 Y-9.330 Z0.200 F1800 A2.91028; Inset 
G1 X-16.020 Y-9.258 Z0.200 F1800 A2.93033; Inset 
G1 X-15.447 Y-9.252 Z0.200 F1800 A2.95038; Inset 
G1 X-14.876 Y-9.313 Z0.200 F1800 A2.97042; Inset 
G1 X-14.317 Y-9.439 Z0.200 F1800 A2.99047; Inset 
G1 X-13.794 Y-9.622 Z0.200 F1800 A3.00985; Inset 
G1 X-12.745 Y-10.184 Z0.200 F1800 A3.05146; Inset 
G1 X-12.505 Y-10.245 Z0.200 F1800 A3.06010; Inset 
G1 X-3.871 Y-10.245 Z0.200 F1800 A3.36195; Inset 
G1 X-3.276 Y-9.595 Z0.200 F1800 A3.39275; Inset 
G1 X-4.046 Y-0.935 Z0.200 F1800 A3.69668; Inset 
M73 P1; Update Progress 
G1 X-4.044 Y-0.908 Z0.200 F1800 A3.69764; Inset 
G1 X-3.467 Y-0.678 Z0.200 F1800 A3.71936; Inset 
G1 X-3.056 Y-5.304 Z0.200 F1800 A3.88171; Inset 
G1 X-2.893 Y-5.993 Z0.200 F1800 A3.90647; Inset 
G1 X-2.571 Y-6.732 Z0.200 F1800 A3.93466; Inset 
G1 X-2.169 Y-7.332 Z0.200 F1800 A3.95990; Inset 
G1 X-1.735 Y-7.798 Z0.200 F1800 A3.98217; Inset 
G1 X-1.165 Y-8.242 Z0.200 F1800 A4.00741; Inset 
G1 X-0.529 Y-8.582 Z0.200 F1800 A4.03264; Inset 
G1 X0.156 Y-8.810 Z0.200 F1800 A4.05788; Inset 
G1 X0.870 Y-8.919 Z0.200 F1800 A4.08311; Inset 
G1 X1.591 Y-8.905 Z0.200 F1800 A4.10835; Inset 
G1 X2.382 Y-8.746 Z0.200 F1800 A4.13654; Inset 
G1 X3.053 Y-8.480 Z0.200 F1800 A4.16178; Inset 
G1 X3.600 Y-8.153 Z0.200 F1800 A4.18405; Inset 
G1 X4.212 Y-7.629 Z0.200 F1800 A4.21225; Inset 
G1 X4.668 Y-7.069 Z0.200 F1800 A4.23748; Inset 
G1 X5.022 Y-6.440 Z0.200 F1800 A4.26272; Inset 
G1 X5.242 Y-5.842 Z0.200 F1800 A4.28499; Inset 
G1 X5.381 Y-5.134 Z0.200 F1800 A4.31022; Inset 
G1 X5.396 Y-4.378 Z0.200 F1800 A4.33664; Inset 
G1 X4.860 Y1.647 Z0.200 F1800 A4.54810; Inset 
G1 X5.438 Y1.743 Z0.200 F1800 A4.56857; Inset 
G1 X5.775 Y-1.899 Z0.200 F1800 A4.69643; Inset 
G1 X6.076 Y-2.332 Z0.200 F1800 A4.71489; Inset 
G1 X8.478 Y-3.480 Z0.200 F1800 A4.80793; Inset 
G1 X9.074 Y-3.875 Z0.200 F1800 A4.83294; Inset 
G1 X9.887 Y-4.570 Z0.200 F1800 A4.87032; Inset 
G1 X7.050 Y-6.396 Z0.200 F1800 A4.98825; Inset 
G1 X6.641 Y-6.757 Z0.200 F1800 A5.00736; Inset 
G1 X6.302 Y-7.310 Z0.200 F1800 A5.03001; Inset 
G1 X6.181 Y-7.708 Z0.200 F1800 A5.04457; Inset 
G1 X5.302 Y-12.516 Z0.200 F1800 A5.21545; Inset 
G1 X5.188 Y-12.311 Z0.200 F1800 A5.22364; Inset 
G1 X4.741 Y-11.803 Z0.200 F1800 A5.24732; Inset 
G1 X4.608 Y-11.696 Z0.200 F1800 A5.25327; Inset 
G1 X3.917 Y-11.328 Z0.200 F1800 A5.28063; Inset 
G1 X3.421 Y-11.216 Z0.200 F1800 A5.29841; Inset 
G1 X2.765 Y-11.216 Z0.200 F1800 A5.32134; Inset 
G1 X2.598 Y-11.245 Z0.200 F1800 A5.32729; Inset 
G1 X1.959 Y-11.470 Z0.200 F1800 A5.35097; Inset 
G1 X1.810 Y-11.553 Z0.200 F1800 A5.35692; Inset 
G1 X1.212 Y-12.057 Z0.200 F1800 A5.38427; Inset 
G1 X0.923 Y-12.476 Z0.200 F1800 A5.40206; Inset 
G1 X0.654 Y-13.188 Z0.200 F1800 A5.42867; Inset 
G1 X0.605 Y-13.694 Z0.200 F1800 A5.44646; Inset 
G1 X0.689 Y-14.345 Z0.200 F1800 A5.46938; Inset 
G1 X0.738 Y-14.508 Z0.200 F1800 A5.47534; Inset 
G1 X1.043 Y-15.113 Z0.200 F1800 A5.49901; Inset 
G1 X1.145 Y-15.249 Z0.200 F1800 A5.50496; Inset 
G1 X1.634 Y-15.718 Z0.200 F1800 A5.52864; Inset 
G1 X1.775 Y-15.813 Z0.200 F1800 A5.53459; Inset 
G1 X2.392 Y-16.092 Z0.200 F1800 A5.55827; Inset 
G1 X2.661 Y-16.144 Z0.200 F1800 A5.56784; Inset 
G1 X-10.761 Y-16.144 Z0.200 F1800 A6.03705; Inset 
G1 X-11.195 Y-16.370 Z0.200 F1800 A6.05417; Inset 
G1 X-11.915 Y-17.401 Z0.200 F1800 A6.09812; Inset 
G1 X-12.299 Y-17.804 Z0.200 F1800 A6.11757; Inset 
G1 X-12.739 Y-18.171 Z0.200 F1800 A6.13762; Inset 
G1 X-13.219 Y-18.485 Z0.200 F1800 A6.15767; Inset 
G1 X-13.732 Y-18.742 Z0.200 F1800 A6.17772; Inset 
G1 X-14.271 Y-18.937 Z0.200 F1800 A6.19777; Inset 
G1 X-14.829 Y-19.068 Z0.200 F1800 A6.21781; Inset 
G1 X-15.399 Y-19.134 Z0.200 F1800 A6.23786; Inset 
G1 X-15.972 Y-19.134 Z0.200 F1800 A6.25790; Inset 
G1 X-16.542 Y-19.067 Z0.200 F1800 A6.27795; Inset 
G1 X-17.100 Y-18.935 Z0.200 F1800 A6.29800; Inset 
G1 X-17.639 Y-18.739 Z0.200 F1800 A6.31804; Inset 
G1 X-18.152 Y-18.482 Z0.200 F1800 A6.33809; Inset 
G1 X-18.631 Y-18.168 Z0.200 F1800 A6.35814; Inset 
G1 X-18.631 Y-18.168 Z0.200 F1500 A5.05814; Retract 
G1 X-18.631 Y-18.168 Z0.200 F3000; Retract 
G1 X1.970 Y-15.463 Z0.200 F9000; Travel Move 
G1 X1.970 Y-15.463 Z0.200 F1500 A6.35814; Restart 
G1 X2.624 Y-15.739 Z0.200 F1800 A6.38296; Inset 
G1 X3.295 Y-15.787 Z0.200 F1800 A6.40646; Inset 
G1 X3.694 Y-15.708 Z0.200 F1800 A6.42069; Inset 
G1 X4.291 Y-15.428 Z0.200 F1800 A6.44375; Inset 
G1 X4.602 Y-15.165 Z0.200 F1800 A6.45797; Inset 
G1 X5.002 Y-14.594 Z0.200 F1800 A6.48235; Inset 
G1 X5.193 Y-13.910 Z0.200 F1800 A6.50717; Inset 
G1 X5.146 Y-13.202 Z0.200 F1800 A6.53199; Inset 
G1 X4.865 Y-12.550 Z0.200 F1800 A6.55681; Inset 
G1 X4.384 Y-12.028 Z0.200 F1800 A6.58164; Inset 
G1 X3.792 Y-11.709 Z0.200 F1800 A6.60514; Inset 
G1 X3.396 Y-11.616 Z0.200 F1800 A6.61937; Inset 
G1 X2.699 Y-11.633 Z0.200 F1800 A6.64374; Inset 
G1 X2.124 Y-11.836 Z0.200 F1800 A6.66504; Inset 
G1 X1.571 Y-12.261 Z0.200 F1800 A6.68941; Inset 
G1 X1.322 Y-12.582 Z0.200 F1800 A6.70364; Inset 
G1 X1.067 Y-13.190 Z0.200 F1800 A6.72669; Inset 
G1 X1.005 Y-13.669 Z0.200 F1800 A6.74357; Inset 
G1 X1.111 Y-14.358 Z0.200 F1800 A6.76794; Inset 
G1 X1.446 Y-14.984 Z0.200 F1800 A6.79277; Inset 
G1 X1.970 Y-15.463 Z0.200 F1800 A6.81759; Inset 
G1 X1.970 Y-15.463 Z0.200 F1500 A5.51759; Retract 
G1 X1.970 Y-15.463 Z0.200 F3000; Retract 
G1 X2.150 Y-15.105 Z0.200 F9000; Travel Move 
G1 X2.150 Y-15.105 Z0.200 F1500 A6.81759; Restart 
G1 X2.675 Y-15.342 Z0.200 F1800 A6.83771; Inset 
G1 X3.240 Y-15.390 Z0.200 F1800 A6.85753; Inset 
G1 X3.541 Y-15.339 Z0.200 F1800 A6.86821; Inset 
G1 X4.050 Y-15.109 Z0.200 F1800 A6.88773; Inset 
G1 X4.287 Y-14.917 Z0.200 F1800 A6.89842; Inset 
G1 X4.625 Y-14.461 Z0.200 F1800 A6.91824; Inset 
G1 X4.793 Y-13.911 Z0.200 F1800 A6.93836; Inset 
G1 X4.769 Y-13.336 Z0.200 F1800 A6.95848; Inset 
G1 X4.554 Y-12.801 Z0.200 F1800 A6.97860; Inset 
G1 X4.174 Y-12.369 Z0.200 F1800 A6.99873; Inset 
G1 X3.679 Y-12.093 Z0.200 F1800 A7.01854; Inset 
G1 X3.383 Y-12.016 Z0.200 F1800 A7.02923; Inset 
G1 X2.816 Y-12.016 Z0.200 F1800 A7.04905; Inset 
G1 X2.273 Y-12.208 Z0.200 F1800 A7.06917; Inset 
G1 X1.832 Y-12.564 Z0.200 F1800 A7.08899; Inset 
G1 X1.651 Y-12.810 Z0.200 F1800 A7.09967; Inset 
G1 X1.443 Y-13.328 Z0.200 F1800 A7.11919; Inset 
G1 X1.404 Y-13.631 Z0.200 F1800 A7.12988; Inset 
G1 X1.476 Y-14.193 Z0.200 F1800 A7.14969; Inset 
G1 X1.735 Y-14.707 Z0.200 F1800 A7.16982; Inset 
G1 X2.150 Y-15.105 Z0.200 F1800 A7.18994; Inset 
G1 X2.150 Y-15.105 Z0.200 F1500 A5.88994; Retract 
G1 X2.150 Y-15.105 Z0.200 F3000; Retract 
G1 X-18.870 Y-18.490 Z0.200 F9000; Travel Move 
G1 X-18.870 Y-18.490 Z0.200 F1500 A7.18994; Restart 
G1 X-19.345 Y-18.092 Z0.200 F1800 A7.21161; Inset 
G1 X-19.772 Y-17.642 Z0.200 F1800 A7.23328; Inset 
G1 X-20.143 Y-17.146 Z0.200 F1800 A7.25495; Inset 
G1 X-20.455 Y-16.610 Z0.200 F1800 A7.27662; Inset 
G1 X-20.702 Y-16.042 Z0.200 F1800 A7.29829; Inset 
G1 X-20.882 Y-15.449 Z0.200 F1800 A7.31996; Inset 
G1 X-20.992 Y-14.839 Z0.200 F1800 A7.34163; Inset 
G1 X-21.031 Y-14.220 Z0.200 F1800 A7.36330; Inset 
G1 X-20.998 Y-13.601 Z0.200 F1800 A7.38497; Inset 
G1 X-20.894 Y-12.990 Z0.200 F1800 A7.40664; Inset 
G1 X-20.720 Y-12.395 Z0.200 F1800 A7.42831; Inset 
G1 X-20.478 Y-11.825 Z0.200 F1800 A7.44998; Inset 
G1 X-20.171 Y-11.286 Z0.200 F1800 A7.47165; Inset 
G1 X-19.805 Y-10.786 Z0.200 F1800 A7.49332; Inset 
G1 X-19.383 Y-10.332 Z0.200 F1800 A7.51499; Inset 
G1 X-18.911 Y-9.930 Z0.200 F1800 A7.53666; Inset 
G1 X-18.396 Y-9.585 Z0.200 F1800 A7.55833; Inset 
G1 X-17.844 Y-9.302 Z0.200 F1800 A7.58000; Inset 
G1 X-17.264 Y-9.085 Z0.200 F1800 A7.60167; Inset 
M73 P2; Update Progress 
G1 X-16.662 Y-8.936 Z0.200 F1800 A7.62335; Inset 
G1 X-16.047 Y-8.858 Z0.200 F1800 A7.64501; Inset 
G1 X-15.427 Y-8.852 Z0.200 F1800 A7.66669; Inset 
G1 X-14.811 Y-8.917 Z0.200 F1800 A7.68836; Inset 
G1 X-14.206 Y-9.054 Z0.200 F1800 A7.71002; Inset 
G1 X-13.632 Y-9.255 Z0.200 F1800 A7.73129; Inset 
G1 X-12.599 Y-9.808 Z0.200 F1800 A7.77226; Inset 
G1 X-12.456 Y-9.845 Z0.200 F1800 A7.77745; Inset 
G1 X-4.047 Y-9.845 Z0.200 F1800 A8.07141; Inset 
G1 X-3.690 Y-9.455 Z0.200 F1800 A8.08989; Inset 
G1 X-4.447 Y-0.939 Z0.200 F1800 A8.38876; Inset 
G1 X-4.435 Y-0.760 Z0.200 F1800 A8.39504; Inset 
G1 X-4.365 Y-0.641 Z0.200 F1800 A8.39988; Inset 
G1 X-4.288 Y-0.574 Z0.200 F1800 A8.40343; Inset 
G1 X-3.116 Y-0.108 Z0.200 F1800 A8.44753; Inset 
G1 X-2.658 Y-5.253 Z0.200 F1800 A8.62811; Inset 
G1 X-2.508 Y-5.881 Z0.200 F1800 A8.65069; Inset 
G1 X-2.251 Y-6.483 Z0.200 F1800 A8.67355; Inset 
G1 X-1.897 Y-7.032 Z0.200 F1800 A8.69641; Inset 
G1 X-1.454 Y-7.513 Z0.200 F1800 A8.71927; Inset 
G1 X-0.937 Y-7.913 Z0.200 F1800 A8.74214; Inset 
G1 X-0.359 Y-8.220 Z0.200 F1800 A8.76500; Inset 
G1 X0.262 Y-8.424 Z0.200 F1800 A8.78786; Inset 
G1 X0.909 Y-8.520 Z0.200 F1800 A8.81072; Inset 
G1 X1.563 Y-8.506 Z0.200 F1800 A8.83358; Inset 
G1 X2.205 Y-8.381 Z0.200 F1800 A8.85644; Inset 
G1 X2.816 Y-8.150 Z0.200 F1800 A8.87931; Inset 
G1 X3.422 Y-7.789 Z0.200 F1800 A8.90394; Inset 
G1 X3.916 Y-7.360 Z0.200 F1800 A8.92681; Inset 
G1 X4.301 Y-6.896 Z0.200 F1800 A8.94789; Inset 
G1 X4.631 Y-6.332 Z0.200 F1800 A8.97075; Inset 
G1 X4.861 Y-5.720 Z0.200 F1800 A8.99361; Inset 
G1 X4.985 Y-5.077 Z0.200 F1800 A9.01648; Inset 
G1 X4.996 Y-4.403 Z0.200 F1800 A9.04005; Inset 
G1 X4.429 Y1.980 Z0.200 F1800 A9.26410; Inset 
G1 X5.498 Y2.158 Z0.200 F1800 A9.30200; Inset 
G1 X5.606 Y2.140 Z0.200 F1800 A9.30582; Inset 
G1 X5.704 Y2.087 Z0.200 F1800 A9.30972; Inset 
G1 X5.779 Y2.005 Z0.200 F1800 A9.31361; Inset 
G1 X5.825 Y1.902 Z0.200 F1800 A9.31755; Inset 
G1 X6.163 Y-1.757 Z0.200 F1800 A9.44599; Inset 
G1 X6.344 Y-2.017 Z0.200 F1800 A9.45707; Inset 
G1 X8.675 Y-3.131 Z0.200 F1800 A9.54740; Inset 
G1 X9.315 Y-3.555 Z0.200 F1800 A9.57423; Inset 
G1 X10.556 Y-4.615 Z0.200 F1800 A9.63127; Inset 
G1 X7.281 Y-6.723 Z0.200 F1800 A9.76744; Inset 
G1 X6.933 Y-7.032 Z0.200 F1800 A9.78369; Inset 
G1 X6.664 Y-7.483 Z0.200 F1800 A9.80206; Inset 
G1 X6.573 Y-7.788 Z0.200 F1800 A9.81319; Inset 
G1 X5.328 Y-14.594 Z0.200 F1800 A10.05509; Inset 
G1 X5.230 Y-14.967 Z0.200 F1800 A10.06856; Inset 
G1 X5.084 Y-15.299 Z0.200 F1800 A10.08122; Inset 
G1 X4.890 Y-15.604 Z0.200 F1800 A10.09389; Inset 
G1 X4.650 Y-15.876 Z0.200 F1800 A10.10655; Inset 
G1 X4.372 Y-16.108 Z0.200 F1800 A10.11921; Inset 
G1 X4.062 Y-16.295 Z0.200 F1800 A10.13188; Inset 
G1 X3.726 Y-16.431 Z0.200 F1800 A10.14453; Inset 
G1 X3.374 Y-16.514 Z0.200 F1800 A10.15720; Inset 
G1 X2.989 Y-16.544 Z0.200 F1800 A10.17067; Inset 
G1 X-10.663 Y-16.544 Z0.200 F1800 A10.64795; Inset 
G1 X-10.923 Y-16.680 Z0.200 F1800 A10.65822; Inset 
G1 X-11.605 Y-17.654 Z0.200 F1800 A10.69980; Inset 
G1 X-12.025 Y-18.096 Z0.200 F1800 A10.72111; Inset 
G1 X-12.501 Y-18.494 Z0.200 F1800 A10.74278; Inset 
G1 X-13.020 Y-18.833 Z0.200 F1800 A10.76445; Inset 
G1 X-13.574 Y-19.110 Z0.200 F1800 A10.78612; Inset 
G1 X-14.157 Y-19.321 Z0.200 F1800 A10.80779; Inset 
G1 X-14.760 Y-19.463 Z0.200 F1800 A10.82946; Inset 
G1 X-15.376 Y-19.534 Z0.200 F1800 A10.85113; Inset 
G1 X-15.996 Y-19.534 Z0.200 F1800 A10.87281; Inset 
G1 X-16.611 Y-19.462 Z0.200 F1800 A10.89447; Inset 
G1 X-17.215 Y-19.319 Z0.200 F1800 A10.91615; Inset 
G1 X-17.797 Y-19.107 Z0.200 F1800 A10.93781; Inset 
G1 X-18.352 Y-18.830 Z0.200 F1800 A10.95949; Inset 
G1 X-18.870 Y-18.490 Z0.200 F1800 A10.98115; Inset 
G1 X-18.870 Y-18.490 Z0.200 F1500 A9.68115; Retract 
G1 X-18.870 Y-18.490 Z0.200 F3000; Retract 
G1 X-19.109 Y-18.812 Z0.200 F9000; Travel Move 
G1 X-19.109 Y-18.812 Z0.200 F1500 A10.98115; Restart 
G1 X-19.620 Y-18.384 Z0.200 F1800 A11.00445; Inset 
G1 X-20.078 Y-17.901 Z0.200 F1800 A11.02774; Inset 
G1 X-20.477 Y-17.367 Z0.200 F1800 A11.05104; Inset 
G1 X-20.812 Y-16.791 Z0.200 F1800 A11.07433; Inset 
G1 X-21.078 Y-16.180 Z0.200 F1800 A11.09763; Inset 
G1 X-21.272 Y-15.543 Z0.200 F1800 A11.12092; Inset 
G1 X-21.390 Y-14.887 Z0.200 F1800 A11.14421; Inset 
G1 X-21.432 Y-14.222 Z0.200 F1800 A11.16750; Inset 
G1 X-21.397 Y-13.557 Z0.200 F1800 A11.19080; Inset 
G1 X-21.285 Y-12.900 Z0.200 F1800 A11.21409; Inset 
G1 X-21.097 Y-12.260 Z0.200 F1800 A11.23739; Inset 
G1 X-20.837 Y-11.647 Z0.200 F1800 A11.26067; Inset 
G1 X-20.508 Y-11.068 Z0.200 F1800 A11.28397; Inset 
G1 X-20.114 Y-10.531 Z0.200 F1800 A11.30726; Inset 
G1 X-19.660 Y-10.043 Z0.200 F1800 A11.33056; Inset 
G1 X-19.153 Y-9.610 Z0.200 F1800 A11.35385; Inset 
G1 X-18.599 Y-9.240 Z0.200 F1800 A11.37715; Inset 
G1 X-18.006 Y-8.936 Z0.200 F1800 A11.40044; Inset 
G1 X-17.382 Y-8.702 Z0.200 F1800 A11.42373; Inset 
G1 X-16.736 Y-8.542 Z0.200 F1800 A11.44703; Inset 
G1 X-16.075 Y-8.458 Z0.200 F1800 A11.47032; Inset 
G1 X-15.408 Y-8.452 Z0.200 F1800 A11.49361; Inset 
G1 X-14.746 Y-8.522 Z0.200 F1800 A11.51691; Inset 
G1 X-14.096 Y-8.668 Z0.200 F1800 A11.54020; Inset 
G1 X-13.471 Y-8.888 Z0.200 F1800 A11.56336; Inset 
G1 X-12.432 Y-9.445 Z0.200 F1800 A11.60457; Inset 
G1 X-4.093 Y-9.445 Z0.200 F1800 A11.89610; Inset 
G1 X-4.848 Y-0.943 Z0.200 F1800 A12.19448; Inset 
M73 P3; Update Progress 
G1 X-4.830 Y-0.685 Z0.200 F1800 A12.20353; Inset 
G1 X-4.675 Y-0.380 Z0.200 F1800 A12.21551; Inset 
G1 X-4.499 Y-0.228 Z0.200 F1800 A12.22365; Inset 
G1 X-2.765 Y0.462 Z0.200 F1800 A12.28887; Inset 
G1 X-2.261 Y-5.210 Z0.200 F1800 A12.48797; Inset 
G1 X-2.122 Y-5.778 Z0.200 F1800 A12.50839; Inset 
G1 X-1.888 Y-6.315 Z0.200 F1800 A12.52889; Inset 
G1 X-1.567 Y-6.806 Z0.200 F1800 A12.54938; Inset 
G1 X-1.167 Y-7.235 Z0.200 F1800 A12.56987; Inset 
G1 X-0.701 Y-7.590 Z0.200 F1800 A12.59036; Inset 
G1 X-0.181 Y-7.861 Z0.200 F1800 A12.61086; Inset 
G1 X0.377 Y-8.041 Z0.200 F1800 A12.63135; Inset 
G1 X0.957 Y-8.123 Z0.200 F1800 A12.65184; Inset 
G1 X1.543 Y-8.106 Z0.200 F1800 A12.67233; Inset 
G1 X2.118 Y-7.991 Z0.200 F1800 A12.69283; Inset 
G1 X2.665 Y-7.780 Z0.200 F1800 A12.71332; Inset 
G1 X3.168 Y-7.479 Z0.200 F1800 A12.73381; Inset 
G1 X3.613 Y-7.098 Z0.200 F1800 A12.75431; Inset 
G1 X3.988 Y-6.647 Z0.200 F1800 A12.77480; Inset 
G1 X4.280 Y-6.139 Z0.200 F1800 A12.79529; Inset 
G1 X4.483 Y-5.589 Z0.200 F1800 A12.81578; Inset 
G1 X4.590 Y-5.013 Z0.200 F1800 A12.83628; Inset 
G1 X4.597 Y-4.434 Z0.200 F1800 A12.85653; Inset 
G1 X3.998 Y2.314 Z0.200 F1800 A13.09336; Inset 
G1 X5.500 Y2.564 Z0.200 F1800 A13.14659; Inset 
G1 X5.739 Y2.523 Z0.200 F1800 A13.15509; Inset 
G1 X5.953 Y2.406 Z0.200 F1800 A13.16361; Inset 
G1 X6.118 Y2.227 Z0.200 F1800 A13.17213; Inset 
G1 X6.217 Y2.004 Z0.200 F1800 A13.18067; Inset 
G1 X6.557 Y-1.675 Z0.200 F1800 A13.30983; Inset 
G1 X8.873 Y-2.782 Z0.200 F1800 A13.39957; Inset 
G1 X9.556 Y-3.235 Z0.200 F1800 A13.42822; Inset 
G1 X10.965 Y-4.438 Z0.200 F1800 A13.49298; Inset 
G1 X11.048 Y-4.583 Z0.200 F1800 A13.49881; Inset 
G1 X11.037 Y-4.720 Z0.200 F1800 A13.50362; Inset 
G1 X10.928 Y-4.851 Z0.200 F1800 A13.50956; Inset 
G1 X7.504 Y-7.055 Z0.200 F1800 A13.65193; Inset 
G1 X7.214 Y-7.318 Z0.200 F1800 A13.66562; Inset 
G1 X7.019 Y-7.667 Z0.200 F1800 A13.67959; Inset 
G1 X6.966 Y-7.864 Z0.200 F1800 A13.68674; Inset 
G1 X5.719 Y-14.682 Z0.200 F1800 A13.92903; Inset 
G1 X5.608 Y-15.099 Z0.200 F1800 A13.94413; Inset 
G1 X5.438 Y-15.488 Z0.200 F1800 A13.95895; Inset 
G1 X5.210 Y-15.846 Z0.200 F1800 A13.97378; Inset 
G1 X4.930 Y-16.164 Z0.200 F1800 A13.98861; Inset 
G1 X4.605 Y-16.435 Z0.200 F1800 A14.00343; Inset 
G1 X4.241 Y-16.654 Z0.200 F1800 A14.01826; Inset 
G1 X3.848 Y-16.813 Z0.200 F1800 A14.03309; Inset 
G1 X3.435 Y-16.911 Z0.200 F1800 A14.04791; Inset 
G1 X3.005 Y-16.944 Z0.200 F1800 A14.06302; Inset 
G1 X-10.620 Y-16.944 Z0.200 F1800 A14.53933; Inset 
G1 X-11.294 Y-17.908 Z0.200 F1800 A14.58046; Inset 
G1 X-11.751 Y-18.389 Z0.200 F1800 A14.60363; Inset 
G1 X-12.262 Y-18.816 Z0.200 F1800 A14.62693; Inset 
G1 X-12.820 Y-19.180 Z0.200 F1800 A14.65022; Inset 
G1 X-13.416 Y-19.478 Z0.200 F1800 A14.67351; Inset 
G1 X-14.043 Y-19.705 Z0.200 F1800 A14.69681; Inset 
G1 X-14.691 Y-19.857 Z0.200 F1800 A14.72010; Inset 
G1 X-15.353 Y-19.934 Z0.200 F1800 A14.74340; Inset 
G1 X-16.019 Y-19.934 Z0.200 F1800 A14.76669; Inset 
G1 X-16.681 Y-19.856 Z0.200 F1800 A14.78998; Inset 
G1 X-17.329 Y-19.703 Z0.200 F1800 A14.81327; Inset 
G1 X-17.956 Y-19.475 Z0.200 F1800 A14.83657; Inset 
G1 X-18.552 Y-19.177 Z0.200 F1800 A14.85987; Inset 
G1 X-19.109 Y-18.812 Z0.200 F1800 A14.88315; Inset 
G1 X-19.109 Y-18.812 Z0.200 F1500 A13.58315; Retract 
G1 X-19.109 Y-18.812 Z0.200 F3000; Retract 
G1 X-18.327 Y-18.026 Z0.200 F9000; Travel Move 
G1 X-18.327 Y-18.026 Z0.200 F1500 A14.88315; Restart 
G1 X-17.910 Y-17.609 Z0.200 F1800 A14.90375; Infill 
G1 X-18.233 Y-17.372 Z0.200 F1800 A14.91775; Connection 
G1 X-18.645 Y-17.784 Z0.200 F1800 A14.93812; Infill 
G1 X-18.942 Y-17.521 Z0.200 F1800 A14.95199; Connection 
G1 X-18.538 Y-17.117 Z0.200 F1800 A14.97196; Infill 
G1 X-18.796 Y-16.816 Z0.200 F1800 A14.98584; Connection 
G1 X-19.214 Y-17.233 Z0.200 F1800 A15.00650; Infill 
G1 X-19.458 Y-16.917 Z0.200 F1800 A15.02046; Connection 
G1 X-19.048 Y-16.507 Z0.200 F1800 A15.04074; Infill 
G1 X-19.255 Y-16.154 Z0.200 F1800 A15.05504; Connection 
G1 X-19.680 Y-16.579 Z0.200 F1800 A15.07604; Infill 
G1 X-19.878 Y-16.217 Z0.200 F1800 A15.09047; Connection 
G1 X-19.437 Y-15.776 Z0.200 F1800 A15.11228; Infill 
G1 X-19.589 Y-15.368 Z0.200 F1800 A15.12749; Connection 
G1 X-20.048 Y-15.827 Z0.200 F1800 A15.15016; Infill 
G1 X-20.180 Y-15.399 Z0.200 F1800 A15.16580; Connection 
G1 X-19.742 Y-14.961 Z0.200 F1800 A15.18747; Infill 
G1 X-20.278 Y-14.937 Z0.200 F1800 A15.20621; Connection 
G1 X-19.499 Y-14.158 Z0.200 F1800 A15.24473; Infill 
G1 X-19.697 Y-13.795 Z0.200 F1800 A15.25916; Connection 
G1 X-20.331 Y-14.430 Z0.200 F1800 A15.29052; Infill 
G1 X-20.326 Y-13.864 Z0.200 F1800 A15.31028; Connection 
G1 X-19.655 Y-13.194 Z0.200 F1800 A15.34345; Infill 
G1 X-20.237 Y-13.216 Z0.200 F1800 A15.36381; Connection 
G1 X-19.256 Y-12.235 Z0.200 F1800 A15.41228; Infill 
G1 X-19.973 Y-12.392 Z0.200 F1800 A15.43794; Connection 
G1 X-17.479 Y-9.898 Z0.200 F1800 A15.56128; Infill 
G1 X-17.642 Y-10.621 Z0.200 F1800 A15.58720; Connection 
G1 X-16.664 Y-9.643 Z0.200 F1800 A15.63553; Infill 
G1 X-16.683 Y-10.222 Z0.200 F1800 A15.65578; Connection 
G1 X-16.005 Y-9.544 Z0.200 F1800 A15.68931; Infill 
G1 X-15.441 Y-9.540 Z0.200 F1800 A15.70903; Connection 
G1 X-16.082 Y-10.181 Z0.200 F1800 A15.74072; Infill 
G1 X-15.719 Y-10.378 Z0.200 F1800 A15.75516; Connection 
G1 X-14.935 Y-9.594 Z0.200 F1800 A15.79394; Infill 
G1 X-14.477 Y-9.696 Z0.200 F1800 A15.81035; Connection 
G1 X-14.916 Y-10.135 Z0.200 F1800 A15.83206; Infill 
G1 X-14.508 Y-10.287 Z0.200 F1800 A15.84728; Connection 
G1 X-14.055 Y-9.834 Z0.200 F1800 A15.86970; Infill 
G1 X-13.673 Y-10.012 Z0.200 F1800 A15.88444; Connection 
G1 X-14.101 Y-10.440 Z0.200 F1800 A15.90560; Infill 
G1 X-13.722 Y-10.622 Z0.200 F1800 A15.92028; Connection 
G1 X-13.308 Y-10.207 Z0.200 F1800 A15.94077; Infill 
G1 X-12.943 Y-10.402 Z0.200 F1800 A15.95523; Connection 
G1 X-13.370 Y-10.829 Z0.200 F1800 A15.97631; Infill 
G1 X-13.061 Y-11.080 Z0.200 F1800 A15.99022; Connection 
G1 X-12.511 Y-10.531 Z0.200 F1800 A16.01738; Infill 
G1 X-11.951 Y-10.531 Z0.200 F1800 A16.03696; Connection 
G1 X-12.759 Y-11.339 Z0.200 F1800 A16.07691; Infill 
G1 X-12.504 Y-11.644 Z0.200 F1800 A16.09081; Connection 
G1 X-11.391 Y-10.531 Z0.200 F1800 A16.14584; Infill 
G1 X-10.831 Y-10.531 Z0.200 F1800 A16.16542; Connection 
G1 X-12.267 Y-11.966 Z0.200 F1800 A16.23640; Infill 
G1 X-12.060 Y-12.319 Z0.200 F1800 A16.25071; Connection 
G1 X-10.271 Y-10.531 Z0.200 F1800 A16.33914; Infill 
M73 P4; Update Progress 
G1 X-9.711 Y-10.531 Z0.200 F1800 A16.35872; Connection 
G1 X-11.892 Y-12.711 Z0.200 F1800 A16.46651; Infill 
G1 X-11.739 Y-13.118 Z0.200 F1800 A16.48172; Connection 
G1 X-9.151 Y-10.531 Z0.200 F1800 A16.60966; Infill 
G1 X-8.591 Y-10.531 Z0.200 F1800 A16.62924; Connection 
G1 X-11.587 Y-13.526 Z0.200 F1800 A16.77732; Infill 
G1 X-11.820 Y-14.319 Z0.200 F1800 A16.80624; Connection 
G1 X-8.031 Y-10.531 Z0.200 F1800 A16.99355; Infill 
G1 X-7.471 Y-10.531 Z0.200 F1800 A17.01313; Connection 
G1 X-11.623 Y-14.682 Z0.200 F1800 A17.21838; Infill 
G1 X-11.793 Y-15.412 Z0.200 F1800 A17.24459; Connection 
G1 X-6.911 Y-10.531 Z0.200 F1800 A17.48594; Infill 
G1 X-6.351 Y-10.531 Z0.200 F1800 A17.50551; Connection 
G1 X-14.523 Y-18.702 Z0.200 F1800 A17.90951; Infill 
G1 X-14.465 Y-18.084 Z0.200 F1800 A17.93120; Connection 
G1 X-15.204 Y-18.824 Z0.200 F1800 A17.96775; Infill 
G1 X-15.195 Y-18.254 Z0.200 F1800 A17.98765; Connection 
G1 X-15.789 Y-18.848 Z0.200 F1800 A18.01700; Infill 
G1 X-16.307 Y-18.807 Z0.200 F1800 A18.03519; Connection 
G1 X-15.558 Y-18.057 Z0.200 F1800 A18.07224; Infill 
G1 X-16.340 Y-18.279 Z0.200 F1800 A18.10067; Connection 
G1 X-16.778 Y-18.717 Z0.200 F1800 A18.12232; Infill 
G1 X-17.211 Y-18.590 Z0.200 F1800 A18.13810; Connection 
G1 X-16.758 Y-18.138 Z0.200 F1800 A18.16049; Infill 
G1 X-17.166 Y-17.985 Z0.200 F1800 A18.17570; Connection 
G1 X-17.613 Y-18.432 Z0.200 F1800 A18.19782; Infill 
G1 X-17.986 Y-18.245 Z0.200 F1800 A18.21241; Connection 
G1 X-17.557 Y-17.816 Z0.200 F1800 A18.23362; Infill 
G1 X-17.557 Y-17.816 Z0.200 F1500 A16.93362; Retract 
G1 X-17.557 Y-17.816 Z0.200 F3000; Retract 
G1 X-13.633 Y-18.372 Z0.200 F9000; Travel Move 
G1 X-13.633 Y-18.372 Z0.200 F1500 A18.23362; Restart 
G1 X-5.791 Y-10.531 Z0.200 F1800 A18.62132; Infill 
G1 X-5.231 Y-10.531 Z0.200 F1800 A18.64090; Connection 
G1 X-10.559 Y-15.858 Z0.200 F1800 A18.90429; Infill 
G1 X-9.999 Y-15.858 Z0.200 F1800 A18.92386; Connection 
G1 X-4.671 Y-10.531 Z0.200 F1800 A19.18725; Infill 
G1 X-4.111 Y-10.531 Z0.200 F1800 A19.20683; Connection 
G1 X-9.438 Y-15.858 Z0.200 F1800 A19.47022; Infill 
G1 X-8.878 Y-15.858 Z0.200 F1800 A19.48979; Connection 
G1 X-1.424 Y-8.403 Z0.200 F1800 A19.85837; Infill 
G1 X-1.739 Y-8.158 Z0.200 F1800 A19.87232; Connection 
G1 X-3.004 Y-9.424 Z0.200 F1800 A19.93490; Infill 
G1 X-3.050 Y-8.909 Z0.200 F1800 A19.95295; Connection 
G1 X-2.036 Y-7.895 Z0.200 F1800 A20.00308; Infill 
G1 X-2.306 Y-7.605 Z0.200 F1800 A20.01694; Connection 
G1 X-3.096 Y-8.395 Z0.200 F1800 A20.05598; Infill 
G1 X-3.141 Y-7.881 Z0.200 F1800 A20.07403; Connection 
G1 X-2.545 Y-7.285 Z0.200 F1800 A20.10350; Infill 
G1 X-2.770 Y-6.949 Z0.200 F1800 A20.11761; Connection 
G1 X-3.187 Y-7.367 Z0.200 F1800 A20.13824; Infill 
G1 X-3.233 Y-6.852 Z0.200 F1800 A20.15629; Connection 
G1 X-2.953 Y-6.572 Z0.200 F1800 A20.17014; Infill 
G1 X-3.279 Y-6.338 Z0.200 F1800 A20.18417; Connection 
G1 X-3.122 Y-6.182 Z0.200 F1800 A20.19189; Infill 
G1 X-3.324 Y-5.824 Z0.200 F1800 A20.20626; Connection 
G1 X-3.245 Y-5.745 Z0.200 F1800 A20.21016; Infill 
G1 X-3.245 Y-5.745 Z0.200 F1500 A18.91016; Retract 
G1 X-3.245 Y-5.745 Z0.200 F3000; Retract 
G1 X-1.075 Y-8.614 Z0.200 F9000; Travel Move 
G1 X-1.075 Y-8.614 Z0.200 F1500 A20.21016; Restart 
G1 X-8.318 Y-15.858 Z0.200 F1800 A20.56830; Infill 
G1 X-7.758 Y-15.858 Z0.200 F1800 A20.58788; Connection 
M73 P5; Update Progress 
G1 X-0.710 Y-8.810 Z0.200 F1800 A20.93636; Infill 
G1 X-0.300 Y-8.960 Z0.200 F1800 A20.95162; Connection 
G1 X-7.198 Y-15.858 Z0.200 F1800 A21.29268; Infill 
G1 X-6.638 Y-15.858 Z0.200 F1800 A21.31226; Connection 
G1 X0.125 Y-9.095 Z0.200 F1800 A21.64665; Infill 
G1 X0.611 Y-9.169 Z0.200 F1800 A21.66384; Connection 
G1 X-6.078 Y-15.858 Z0.200 F1800 A21.99457; Infill 
G1 X-5.518 Y-15.858 Z0.200 F1800 A22.01415; Connection 
G1 X1.140 Y-9.200 Z0.200 F1800 A22.34333; Infill 
G1 X1.731 Y-9.169 Z0.200 F1800 A22.36401; Connection 
G1 X-4.958 Y-15.858 Z0.200 F1800 A22.69472; Infill 
G1 X-4.398 Y-15.858 Z0.200 F1800 A22.71430; Connection 
G1 X2.432 Y-9.028 Z0.200 F1800 A23.05198; Infill 
G1 X3.435 Y-8.584 Z0.200 F1800 A23.09034; Connection 
G1 X-3.838 Y-15.858 Z0.200 F1800 A23.44995; Infill 
G1 X-3.278 Y-15.858 Z0.200 F1800 A23.46953; Connection 
G1 X8.645 Y-3.934 Z0.200 F1800 A24.05904; Infill 
G1 X8.974 Y-4.166 Z0.200 F1800 A24.07309; Connection 
G1 X1.980 Y-11.159 Z0.200 F1800 A24.41885; Infill 
G1 X2.770 Y-10.930 Z0.200 F1800 A24.44759; Connection 
G1 X5.868 Y-7.832 Z0.200 F1800 A24.60076; Infill 
G1 X5.743 Y-8.517 Z0.200 F1800 A24.62512; Connection 
G1 X3.330 Y-10.930 Z0.200 F1800 A24.74440; Infill 
G1 X3.809 Y-11.011 Z0.200 F1800 A24.76140; Connection 
G1 X5.617 Y-9.203 Z0.200 F1800 A24.85078; Infill 
G1 X5.492 Y-9.888 Z0.200 F1800 A24.87514; Connection 
G1 X4.217 Y-11.164 Z0.200 F1800 A24.93819; Infill 
M73 P6; Update Progress 
G1 X4.582 Y-11.358 Z0.200 F1800 A24.95266; Connection 
G1 X5.366 Y-10.574 Z0.200 F1800 A24.99143; Infill 
G1 X5.241 Y-11.259 Z0.200 F1800 A25.01580; Connection 
G1 X4.920 Y-11.580 Z0.200 F1800 A25.03165; Infill 
G1 X4.920 Y-11.580 Z0.200 F1500 A23.73165; Retract 
G1 X4.920 Y-11.580 Z0.200 F3000; Retract 
G1 X0.588 Y-12.552 Z0.200 F9000; Travel Move 
G1 X0.588 Y-12.552 Z0.200 F1500 A25.03165; Restart 
G1 X-2.718 Y-15.858 Z0.200 F1800 A25.19513; Infill 
G1 X-2.158 Y-15.858 Z0.200 F1800 A25.21470; Connection 
G1 X0.351 Y-13.349 Z0.200 F1800 A25.33876; Infill 
G1 X0.345 Y-13.915 Z0.200 F1800 A25.35855; Connection 
G1 X-1.598 Y-15.858 Z0.200 F1800 A25.45462; Infill 
G1 X-1.038 Y-15.858 Z0.200 F1800 A25.47420; Connection 
G1 X0.410 Y-14.410 Z0.200 F1800 A25.54580; Infill 
G1 X0.570 Y-14.810 Z0.200 F1800 A25.56085; Connection 
G1 X-0.478 Y-15.858 Z0.200 F1800 A25.61269; Infill 
G1 X0.082 Y-15.858 Z0.200 F1800 A25.63226; Connection 
G1 X0.758 Y-15.182 Z0.200 F1800 A25.66569; Infill 
G1 X0.996 Y-15.504 Z0.200 F1800 A25.67968; Connection 
G1 X0.642 Y-15.858 Z0.200 F1800 A25.69721; Infill 
G1 X1.202 Y-15.858 Z0.200 F1800 A25.71679; Connection 
G1 X1.282 Y-15.778 Z0.200 F1800 A25.72076; Infill 
G1 X1.282 Y-15.778 Z0.200 F1500 A24.42076; Retract 
G1 X1.282 Y-15.778 Z0.200 F3000; Retract 
G1 X5.054 Y-6.966 Z0.200 F9000; Travel Move 
G1 X5.054 Y-6.966 Z0.200 F1500 A25.72076; Restart 
G1 X8.305 Y-3.715 Z0.200 F1800 A25.88149; Infill 
G1 X7.926 Y-3.533 Z0.200 F1800 A25.89617; Connection 
G1 X5.506 Y-5.954 Z0.200 F1800 A26.01583; Infill 
G1 X5.650 Y-5.250 Z0.200 F1800 A26.04094; Connection 
G1 X7.547 Y-3.352 Z0.200 F1800 A26.13477; Infill 
G1 X7.169 Y-3.171 Z0.200 F1800 A26.14945; Connection 
G1 X5.676 Y-4.664 Z0.200 F1800 A26.22323; Infill 
G1 X5.660 Y-4.120 Z0.200 F1800 A26.24225; Connection 
G1 X6.790 Y-2.990 Z0.200 F1800 A26.29811; Infill 
G1 X6.411 Y-2.809 Z0.200 F1800 A26.31279; Connection 
G1 X5.614 Y-3.606 Z0.200 F1800 A26.35218; Infill 
G1 X5.568 Y-3.091 Z0.200 F1800 A26.37023; Connection 
G1 X6.032 Y-2.628 Z0.200 F1800 A26.39314; Infill 
G1 X5.744 Y-2.355 Z0.200 F1800 A26.40699; Connection 
G1 X5.523 Y-2.577 Z0.200 F1800 A26.41794; Infill 
G1 X5.477 Y-2.063 Z0.200 F1800 A26.43600; Connection 
G1 X5.481 Y-2.058 Z0.200 F1800 A26.43621; Infill 
G1 X5.481 Y-2.058 Z0.200 F1500 A25.13621; Retract 
G1 X5.481 Y-2.058 Z0.200 F3000; Retract 
G1 X8.718 Y-4.982 Z0.200 F9000; Travel Move 
G1 X8.718 Y-4.982 Z0.200 F1500 A26.43621; Restart 
G1 X9.276 Y-4.424 Z0.200 F1800 A26.46381; Infill 
G1 X9.276 Y-4.424 Z0.200 F1500 A25.16381; Retract 
G1 X9.276 Y-4.424 Z0.200 F3000; Retract 
G1 X5.453 Y-1.527 Z0.200 F9000; Travel Move 
G1 X5.453 Y-1.527 Z0.200 F1500 A26.46381; Restart 
G1 X5.431 Y-1.548 Z0.200 F1800 A26.46489; Infill 
G1 X5.386 Y-1.034 Z0.200 F1800 A26.48294; Connection 
G1 X5.406 Y-1.014 Z0.200 F1800 A26.48393; Infill 
G1 X5.340 Y-0.520 Z0.200 F1800 A26.50136; Connection 
G1 X5.358 Y-0.501 Z0.200 F1800 A26.50227; Infill 
G1 X5.294 Y-0.005 Z0.200 F1800 A26.51975; Connection 
G1 X5.311 Y0.011 Z0.200 F1800 A26.52058; Infill 
G1 X5.248 Y0.509 Z0.200 F1800 A26.53811; Connection 
G1 X5.263 Y0.524 Z0.200 F1800 A26.53885; Infill 
G1 X5.203 Y1.023 Z0.200 F1800 A26.55644; Connection 
G1 X5.216 Y1.037 Z0.200 F1800 A26.55710; Infill 
G1 X5.216 Y1.037 Z0.200 F1500 A25.25710; Retract 
G1 X5.216 Y1.037 Z0.200 F3000; Retract 
G1 X-3.710 Y-1.169 Z0.200 F9000; Travel Move 
G1 X-3.710 Y-1.169 Z0.200 F1500 A26.55710; Restart 
G1 X-3.736 Y-1.195 Z0.200 F1800 A26.55836; Infill 
G1 X-3.664 Y-1.684 Z0.200 F1800 A26.57563; Connection 
G1 X-3.690 Y-1.709 Z0.200 F1800 A26.57689; Infill 
G1 X-3.619 Y-2.198 Z0.200 F1800 A26.59416; Connection 
G1 X-3.644 Y-2.223 Z0.200 F1800 A26.59542; Infill 
G1 X-3.573 Y-2.712 Z0.200 F1800 A26.61269; Connection 
G1 X-3.599 Y-2.738 Z0.200 F1800 A26.61395; Infill 
G1 X-3.527 Y-3.227 Z0.200 F1800 A26.63122; Connection 
G1 X-3.553 Y-3.252 Z0.200 F1800 A26.63248; Infill 
G1 X-3.482 Y-3.741 Z0.200 F1800 A26.64975; Connection 
G1 X-3.507 Y-3.766 Z0.200 F1800 A26.65101; Infill 
G1 X-3.436 Y-4.255 Z0.200 F1800 A26.66828; Connection 
G1 X-3.461 Y-4.281 Z0.200 F1800 A26.66954; Infill 
G1 X-3.390 Y-4.769 Z0.200 F1800 A26.68681; Connection 
G1 X-3.416 Y-4.795 Z0.200 F1800 A26.68807; Infill 
G1 X-3.344 Y-5.284 Z0.200 F1800 A26.70534; Connection 
G1 X-3.370 Y-5.309 Z0.200 F1800 A26.70660; Infill 
; Chunk 1 
; Lower Position  0 
; Upper Position  0.2 
; Thickness       0.2 
; Width           0.4 
G1 X-3.370 Y-5.309 Z0.200 F1500 A25.40660; Retract 
G1 X-3.370 Y-5.309 Z0.200 F3000; Retract 
G1 X2.424 Y-12.864 Z0.200 F9000; Travel Move 
G1 X2.424 Y-12.864 Z0.200 F1500 A26.70660; Restart 
G1 X2.424 Y-14.528 Z0.200 F1800 A26.76476; Support 
G1 X2.424 Y-14.528 Z0.200 F1500 A25.46476; Retract 
G1 X2.424 Y-14.528 Z0.200 F3000; Retract 
G1 X4.404 Y-17.300 Z0.200 F9000; Travel Move 
G1 X4.404 Y-17.300 Z0.200 F1500 A26.76476; Restart 
G1 X4.404 Y-17.363 Z0.200 F1800 A26.76696; Support 
G1 X4.404 Y-17.363 Z0.200 F1500 A25.46696; Retract 
G1 X4.404 Y-17.363 Z0.200 F3000; Retract 
G1 X6.384 Y-15.354 Z0.200 F9000; Travel Move 
G1 X6.384 Y-15.354 Z0.200 F1500 A26.76696; Restart 
G1 X6.384 Y-14.700 Z0.200 F1800 A26.78986; Support 
; Chunk 2 
; Lower Position  0.2 
; Upper Position  0.4 
; Thickness       0.2 
; Width           0.4 
G1 X6.384 Y-14.700 Z0.200 F1500 A25.48986; Retract 
G1 X6.384 Y-14.700 Z0.200 F3000; Retract 
G1 X6.384 Y-14.700 Z0.400 F1380; Travel Move 
G1 X6.384 Y-14.700 Z0.400 F1500 A26.78986; Restart 
G1 X6.384 Y-15.354 Z0.400 F5400 A26.81275; Support 
G1 X6.384 Y-15.354 Z0.400 F1500 A25.51275; Retract 
G1 X6.384 Y-15.354 Z0.400 F3000; Retract 
G1 X4.404 Y-17.300 Z0.400 F9000; Travel Move 
G1 X4.404 Y-17.300 Z0.400 F1500 A26.81275; Restart 
G1 X4.404 Y-17.363 Z0.400 F5400 A26.81495; Support 
G1 X4.404 Y-17.363 Z0.400 F1500 A25.51495; Retract 
G1 X4.404 Y-17.363 Z0.400 F3000; Retract 
G1 X2.424 Y-14.528 Z0.400 F9000; Travel Move 
G1 X2.424 Y-14.528 Z0.400 F1500 A26.81495; Restart 
G1 X2.424 Y-12.863 Z0.400 F5400 A26.87314; Support 
; Chunk 3 
; Lower Position  0.2 
; Upper Position  0.4 
; Thickness       0.2 
; Width           0.4 
G1 X2.424 Y-12.863 Z0.400 F1500 A25.57314; Retract 
G1 X2.424 Y-12.863 Z0.400 F3000; Retract 
G1 X-17.844 Y-17.259 Z0.400 F9000; Travel Move 
G1 X-17.844 Y-17.259 Z0.400 F1500 A26.87314; Restart 
G1 X-17.316 Y-17.570 Z0.400 F5400 A26.89456; Inset 
G1 X-16.383 Y-17.931 Z0.400 F5400 A26.92954; Inset 
G1 X-15.683 Y-17.594 Z0.400 F5400 A26.95669; Inset 
G1 X-14.983 Y-17.931 Z0.400 F5400 A26.98384; Inset 
G1 X-14.050 Y-17.570 Z0.400 F5400 A27.01882; Inset 
G1 X-13.457 Y-17.212 Z0.400 F5400 A27.04303; Inset 
G1 X-13.003 Y-16.818 Z0.400 F5400 A27.06406; Inset 
G1 X-12.618 Y-16.355 Z0.400 F5400 A27.08508; Inset 
G1 X-12.307 Y-15.828 Z0.400 F5400 A27.10650; Inset 
G1 X-11.946 Y-14.894 Z0.400 F5400 A27.14148; Inset 
G1 X-12.283 Y-14.194 Z0.400 F5400 A27.16863; Inset 
G1 X-11.946 Y-13.495 Z0.400 F5400 A27.19578; Inset 
G1 X-12.307 Y-12.561 Z0.400 F5400 A27.23076; Inset 
G1 X-12.665 Y-11.968 Z0.400 F5400 A27.25498; Inset 
G1 X-13.060 Y-11.514 Z0.400 F5400 A27.27600; Inset 
G1 X-13.522 Y-11.129 Z0.400 F5400 A27.29703; Inset 
G1 X-14.050 Y-10.819 Z0.400 F5400 A27.31844; Inset 
G1 X-15.007 Y-10.449 Z0.400 F5400 A27.35431; Inset 
G1 X-15.683 Y-10.810 Z0.400 F5400 A27.38111; Inset 
G1 X-16.359 Y-10.449 Z0.400 F5400 A27.40791; Inset 
G1 X-17.316 Y-10.819 Z0.400 F5400 A27.44378; Inset 
G1 X-17.909 Y-11.176 Z0.400 F5400 A27.46799; Inset 
G1 X-18.363 Y-11.571 Z0.400 F5400 A27.48902; Inset 
G1 X-18.748 Y-12.033 Z0.400 F5400 A27.51004; Inset 
G1 X-19.058 Y-12.561 Z0.400 F5400 A27.53146; Inset 
G1 X-19.428 Y-13.518 Z0.400 F5400 A27.56733; Inset 
G1 X-19.067 Y-14.194 Z0.400 F5400 A27.59413; Inset 
G1 X-19.428 Y-14.871 Z0.400 F5400 A27.62093; Inset 
G1 X-19.058 Y-15.828 Z0.400 F5400 A27.65680; Inset 
G1 X-18.701 Y-16.421 Z0.400 F5400 A27.68101; Inset 
G1 X-18.306 Y-16.874 Z0.400 F5400 A27.70203; Inset 
G1 X-17.844 Y-17.259 Z0.400 F5400 A27.72306; Inset 
G1 X-17.844 Y-17.259 Z0.400 F1500 A26.42306; Retract 
G1 X-17.844 Y-17.259 Z0.400 F3000; Retract 
G1 X-17.623 Y-16.925 Z0.400 F9000; Travel Move 
G1 X-17.623 Y-16.925 Z0.400 F1500 A27.72306; Restart 
G1 X-17.155 Y-17.203 Z0.400 F5400 A27.74208; Inset 
G1 X-16.400 Y-17.495 Z0.400 F5400 A27.77039; Inset 
G1 X-15.932 Y-17.270 Z0.400 F5400 A27.78855; Inset 
G1 X-15.809 Y-16.880 Z0.400 F5400 A27.80286; Inset 
G1 X-15.741 Y-16.815 Z0.400 F5400 A27.80614; Inset 
G1 X-15.683 Y-16.800 Z0.400 F5400 A27.80823; Inset 
G1 X-15.625 Y-16.815 Z0.400 F5400 A27.81032; Inset 
G1 X-15.557 Y-16.880 Z0.400 F5400 A27.81359; Inset 
G1 X-15.434 Y-17.270 Z0.400 F5400 A27.82790; Inset 
G1 X-14.966 Y-17.495 Z0.400 F5400 A27.84606; Inset 
G1 X-14.210 Y-17.203 Z0.400 F5400 A27.87438; Inset 
G1 X-13.704 Y-16.897 Z0.400 F5400 A27.89507; Inset 
G1 X-13.297 Y-16.546 Z0.400 F5400 A27.91386; Inset 
G1 X-12.952 Y-16.135 Z0.400 F5400 A27.93264; Inset 
G1 X-12.674 Y-15.667 Z0.400 F5400 A27.95165; Inset 
G1 X-12.382 Y-14.911 Z0.400 F5400 A27.97997; Inset 
G1 X-12.607 Y-14.443 Z0.400 F5400 A27.99813; Inset 
G1 X-13.009 Y-14.316 Z0.400 F5400 A28.01287; Inset 
G1 X-13.050 Y-14.273 Z0.400 F5400 A28.01496; Inset 
G1 X-13.074 Y-14.182 Z0.400 F5400 A28.01823; Inset 
G1 X-13.059 Y-14.125 Z0.400 F5400 A28.02033; Inset 
G1 X-13.009 Y-14.072 Z0.400 F5400 A28.02284; Inset 
G1 X-12.607 Y-13.945 Z0.400 F5400 A28.03759; Inset 
G1 X-12.382 Y-13.477 Z0.400 F5400 A28.05575; Inset 
G1 X-12.674 Y-12.722 Z0.400 F5400 A28.08406; Inset 
G1 X-12.980 Y-12.215 Z0.400 F5400 A28.10476; Inset 
G1 X-13.331 Y-11.809 Z0.400 F5400 A28.12354; Inset 
G1 X-13.743 Y-11.463 Z0.400 F5400 A28.14232; Inset 
G1 X-14.210 Y-11.185 Z0.400 F5400 A28.16134; Inset 
G1 X-14.980 Y-10.888 Z0.400 F5400 A28.19018; Inset 
G1 X-15.465 Y-11.147 Z0.400 F5400 A28.20941; Inset 
G1 X-15.570 Y-11.529 Z0.400 F5400 A28.22326; Inset 
G1 X-15.659 Y-11.586 Z0.400 F5400 A28.22696; Inset 
G1 X-15.718 Y-11.581 Z0.400 F5400 A28.22905; Inset 
G1 X-15.796 Y-11.529 Z0.400 F5400 A28.23232; Inset 
G1 X-15.901 Y-11.147 Z0.400 F5400 A28.24618; Inset 
G1 X-16.386 Y-10.888 Z0.400 F5400 A28.26540; Inset 
G1 X-17.155 Y-11.185 Z0.400 F5400 A28.29425; Inset 
G1 X-17.623 Y-11.463 Z0.400 F5400 A28.31327; Inset 
G1 X-18.035 Y-11.809 Z0.400 F5400 A28.33205; Inset 
G1 X-18.386 Y-12.215 Z0.400 F5400 A28.35083; Inset 
G1 X-18.692 Y-12.722 Z0.400 F5400 A28.37152; Inset 
G1 X-18.989 Y-13.491 Z0.400 F5400 A28.40037; Inset 
G1 X-18.730 Y-13.976 Z0.400 F5400 A28.41959; Inset 
G1 X-18.413 Y-14.048 Z0.400 F5400 A28.43095; Inset 
G1 X-18.307 Y-14.125 Z0.400 F5400 A28.43554; Inset 
G1 X-18.296 Y-14.230 Z0.400 F5400 A28.43924; Inset 
G1 X-18.348 Y-14.308 Z0.400 F5400 A28.44251; Inset 
G1 X-18.730 Y-14.412 Z0.400 F5400 A28.45637; Inset 
G1 X-18.989 Y-14.897 Z0.400 F5400 A28.47559; Inset 
G1 X-18.692 Y-15.667 Z0.400 F5400 A28.50443; Inset 
G1 X-18.386 Y-16.174 Z0.400 F5400 A28.52513; Inset 
G1 X-18.035 Y-16.580 Z0.400 F5400 A28.54391; Inset 
G1 X-17.623 Y-16.925 Z0.400 F5400 A28.56269; Inset 
G1 X-17.623 Y-16.925 Z0.400 F1500 A27.26269; Retract 
G1 X-17.623 Y-16.925 Z0.400 F3000; Retract 
G1 X-17.409 Y-16.587 Z0.400 F9000; Travel Move 
G1 X-17.409 Y-16.587 Z0.400 F1500 A28.56269; Restart 
G1 X-17.003 Y-16.833 Z0.400 F2400 A28.57928; Inset 
G1 X-16.299 Y-17.105 Z0.400 F2400 A28.60566; Inset 
G1 X-16.170 Y-16.695 Z0.400 F2400 A28.62073; Inset 
G1 X-16.059 Y-16.547 Z0.400 F2400 A28.62715; Inset 
G1 X-15.907 Y-16.445 Z0.400 F2400 A28.63357; Inset 
G1 X-15.645 Y-16.397 Z0.400 F2400 A28.64287; Inset 
G1 X-15.459 Y-16.445 Z0.400 F2400 A28.64960; Inset 
G1 X-15.306 Y-16.547 Z0.400 F2400 A28.65602; Inset 
G1 X-15.196 Y-16.695 Z0.400 F2400 A28.66245; Inset 
G1 X-15.066 Y-17.105 Z0.400 F2400 A28.67751; Inset 
G1 X-14.363 Y-16.833 Z0.400 F2400 A28.70389; Inset 
G1 X-13.957 Y-16.587 Z0.400 F2400 A28.72048; Inset 
G1 X-13.596 Y-16.281 Z0.400 F2400 A28.73702; Inset 
G1 X-13.290 Y-15.920 Z0.400 F2400 A28.75357; Inset 
G1 X-13.044 Y-15.514 Z0.400 F2400 A28.77016; Inset 
G1 X-12.772 Y-14.811 Z0.400 F2400 A28.79654; Inset 
G1 X-13.191 Y-14.679 Z0.400 F2400 A28.81190; Inset 
G1 X-13.387 Y-14.499 Z0.400 F2400 A28.82121; Inset 
G1 X-13.463 Y-14.331 Z0.400 F2400 A28.82763; Inset 
G1 X-13.478 Y-14.148 Z0.400 F2400 A28.83405; Inset 
G1 X-13.393 Y-13.896 Z0.400 F2400 A28.84336; Inset 
G1 X-13.191 Y-13.710 Z0.400 F2400 A28.85296; Inset 
G1 X-12.772 Y-13.578 Z0.400 F2400 A28.86833; Inset 
G1 X-13.044 Y-12.874 Z0.400 F2400 A28.89471; Inset 
G1 X-13.290 Y-12.468 Z0.400 F2400 A28.91130; Inset 
G1 X-13.596 Y-12.108 Z0.400 F2400 A28.92784; Inset 
G1 X-13.957 Y-11.801 Z0.400 F2400 A28.94438; Inset 
G1 X-14.363 Y-11.555 Z0.400 F2400 A28.96098; Inset 
G1 X-15.084 Y-11.276 Z0.400 F2400 A28.98801; Inset 
G1 X-15.157 Y-11.601 Z0.400 F2400 A28.99965; Inset 
G1 X-15.245 Y-11.772 Z0.400 F2400 A29.00638; Inset 
G1 X-15.378 Y-11.899 Z0.400 F2400 A29.01280; Inset 
G1 X-15.628 Y-11.990 Z0.400 F2400 A29.02211; Inset 
G1 X-15.820 Y-11.974 Z0.400 F2400 A29.02883; Inset 
G1 X-15.987 Y-11.899 Z0.400 F2400 A29.03525; Inset 
G1 X-16.121 Y-11.772 Z0.400 F2400 A29.04168; Inset 
G1 X-16.209 Y-11.601 Z0.400 F2400 A29.04840; Inset 
G1 X-16.282 Y-11.276 Z0.400 F2400 A29.06004; Inset 
G1 X-17.003 Y-11.555 Z0.400 F2400 A29.08708; Inset 
G1 X-17.409 Y-11.801 Z0.400 F2400 A29.10367; Inset 
G1 X-17.769 Y-12.108 Z0.400 F2400 A29.12021; Inset 
G1 X-18.076 Y-12.468 Z0.400 F2400 A29.13676; Inset 
G1 X-18.322 Y-12.874 Z0.400 F2400 A29.15335; Inset 
G1 X-18.601 Y-13.596 Z0.400 F2400 A29.18039; Inset 
G1 X-18.276 Y-13.669 Z0.400 F2400 A29.19203; Inset 
G1 X-18.105 Y-13.756 Z0.400 F2400 A29.19875; Inset 
G1 X-17.936 Y-13.962 Z0.400 F2400 A29.20805; Inset 
G1 X-17.888 Y-14.148 Z0.400 F2400 A29.21478; Inset 
G1 X-17.903 Y-14.331 Z0.400 F2400 A29.22120; Inset 
G1 X-17.978 Y-14.499 Z0.400 F2400 A29.22763; Inset 
G1 X-18.105 Y-14.632 Z0.400 F2400 A29.23405; Inset 
G1 X-18.276 Y-14.720 Z0.400 F2400 A29.24078; Inset 
G1 X-18.601 Y-14.793 Z0.400 F2400 A29.25242; Inset 
G1 X-18.322 Y-15.514 Z0.400 F2400 A29.27945; Inset 
G1 X-18.076 Y-15.920 Z0.400 F2400 A29.29605; Inset 
G1 X-17.769 Y-16.281 Z0.400 F2400 A29.31259; Inset 
G1 X-17.409 Y-16.587 Z0.400 F2400 A29.32913; Inset 
G1 X-17.409 Y-16.587 Z0.400 F1500 A28.02913; Retract 
G1 X-17.409 Y-16.587 Z0.400 F3000; Retract 
G1 X-18.661 Y-18.208 Z0.400 F9000; Travel Move 
G1 X-18.661 Y-18.208 Z0.400 F1500 A29.32913; Restart 
G1 X-19.106 Y-17.837 Z0.400 F5400 A29.34938; Inset 
G1 X-19.504 Y-17.416 Z0.400 F5400 A29.36963; Inset 
G1 X-19.851 Y-16.953 Z0.400 F5400 A29.38988; Inset 
G1 X-20.142 Y-16.452 Z0.400 F5400 A29.41014; Inset 
G1 X-20.373 Y-15.921 Z0.400 F5400 A29.43039; Inset 
G1 X-20.542 Y-15.367 Z0.400 F5400 A29.45064; Inset 
G1 X-20.645 Y-14.797 Z0.400 F5400 A29.47089; Inset 
G1 X-20.681 Y-14.218 Z0.400 F5400 A29.49114; Inset 
G1 X-20.650 Y-13.640 Z0.400 F5400 A29.51139; Inset 
G1 X-20.553 Y-13.069 Z0.400 F5400 A29.53164; Inset 
G1 X-20.390 Y-12.513 Z0.400 F5400 A29.55189; Inset 
G1 X-20.164 Y-11.980 Z0.400 F5400 A29.57214; Inset 
G1 X-19.878 Y-11.476 Z0.400 F5400 A29.59239; Inset 
G1 X-19.535 Y-11.009 Z0.400 F5400 A29.61264; Inset 
G1 X-19.140 Y-10.585 Z0.400 F5400 A29.63290; Inset 
G1 X-18.700 Y-10.209 Z0.400 F5400 A29.65314; Inset 
G1 X-18.218 Y-9.887 Z0.400 F5400 A29.67340; Inset 
G1 X-17.703 Y-9.622 Z0.400 F5400 A29.69364; Inset 
G1 X-17.160 Y-9.419 Z0.400 F5400 A29.71390; Inset 
G1 X-16.598 Y-9.281 Z0.400 F5400 A29.73415; Inset 
G1 X-16.023 Y-9.208 Z0.400 F5400 A29.75440; Inset 
G1 X-15.444 Y-9.202 Z0.400 F5400 A29.77465; Inset 
G1 X-14.868 Y-9.263 Z0.400 F5400 A29.79490; Inset 
G1 X-14.303 Y-9.390 Z0.400 F5400 A29.81515; Inset 
G1 X-13.774 Y-9.576 Z0.400 F5400 A29.83475; Inset 
G1 X-12.729 Y-10.134 Z0.400 F5400 A29.87619; Inset 
G1 X-12.489 Y-10.194 Z0.400 F5400 A29.88481; Inset 
G1 X-3.926 Y-10.194 Z0.400 F5400 A30.18419; Inset 
G1 X-3.331 Y-9.545 Z0.400 F5400 A30.21499; Inset 
G1 X-4.096 Y-0.940 Z0.400 F5400 A30.51699; Inset 
G1 X-4.091 Y-0.873 Z0.400 F5400 A30.51932; Inset 
G1 X-3.471 Y-0.626 Z0.400 F5400 A30.54266; Inset 
G1 X-3.056 Y-5.304 Z0.400 F5400 A30.70682; Inset 
G1 X-2.893 Y-5.993 Z0.400 F5400 A30.73157; Inset 
G1 X-2.571 Y-6.732 Z0.400 F5400 A30.75977; Inset 
G1 X-2.169 Y-7.332 Z0.400 F5400 A30.78500; Inset 
G1 X-1.672 Y-7.856 Z0.400 F5400 A30.81024; Inset 
G1 X-1.165 Y-8.242 Z0.400 F5400 A30.83251; Inset 
G1 X-0.529 Y-8.582 Z0.400 F5400 A30.85775; Inset 
G1 X0.156 Y-8.810 Z0.400 F5400 A30.88298; Inset 
G1 X0.870 Y-8.919 Z0.400 F5400 A30.90822; Inset 
G1 X1.591 Y-8.905 Z0.400 F5400 A30.93345; Inset 
G1 X2.382 Y-8.746 Z0.400 F5400 A30.96165; Inset 
G1 X3.053 Y-8.480 Z0.400 F5400 A30.98688; Inset 
G1 X3.600 Y-8.153 Z0.400 F5400 A31.00916; Inset 
G1 X4.153 Y-7.689 Z0.400 F5400 A31.03439; Inset 
G1 X4.619 Y-7.138 Z0.400 F5400 A31.05963; Inset 
G1 X5.022 Y-6.440 Z0.400 F5400 A31.08782; Inset 
G1 X5.242 Y-5.842 Z0.400 F5400 A31.11010; Inset 
G1 X5.381 Y-5.134 Z0.400 F5400 A31.13533; Inset 
G1 X5.396 Y-4.378 Z0.400 F5400 A31.16175; Inset 
G1 X4.855 Y1.705 Z0.400 F5400 A31.37525; Inset 
G1 X5.482 Y1.804 Z0.400 F5400 A31.39745; Inset 
G1 X5.822 Y-1.867 Z0.400 F5400 A31.52633; Inset 
G1 X6.124 Y-2.300 Z0.400 F5400 A31.54480; Inset 
G1 X8.503 Y-3.437 Z0.400 F5400 A31.63696; Inset 
M73 P7; Update Progress 
G1 X9.104 Y-3.835 Z0.400 F5400 A31.66216; Inset 
G1 X9.973 Y-4.577 Z0.400 F5400 A31.70211; Inset 
G1 X6.912 Y-6.561 Z0.400 F5400 A31.82964; Inset 
G1 X6.487 Y-7.053 Z0.400 F5400 A31.85235; Inset 
G1 X6.407 Y-7.196 Z0.400 F5400 A31.85809; Inset 
G1 X6.235 Y-7.697 Z0.400 F5400 A31.87662; Inset 
G1 X5.337 Y-12.604 Z0.400 F5400 A32.05100; Inset 
G1 X5.188 Y-12.311 Z0.400 F5400 A32.06247; Inset 
G1 X4.741 Y-11.803 Z0.400 F5400 A32.08615; Inset 
G1 X4.608 Y-11.696 Z0.400 F5400 A32.09210; Inset 
G1 X3.917 Y-11.328 Z0.400 F5400 A32.11946; Inset 
G1 X3.421 Y-11.216 Z0.400 F5400 A32.13724; Inset 
G1 X2.765 Y-11.216 Z0.400 F5400 A32.16017; Inset 
G1 X2.598 Y-11.245 Z0.400 F5400 A32.16612; Inset 
G1 X1.959 Y-11.470 Z0.400 F5400 A32.18980; Inset 
G1 X1.810 Y-11.553 Z0.400 F5400 A32.19575; Inset 
G1 X1.212 Y-12.057 Z0.400 F5400 A32.22311; Inset 
G1 X0.923 Y-12.476 Z0.400 F5400 A32.24089; Inset 
G1 X0.686 Y-13.065 Z0.400 F5400 A32.26307; Inset 
G1 X0.605 Y-13.567 Z0.400 F5400 A32.28086; Inset 
G1 X0.689 Y-14.345 Z0.400 F5400 A32.30822; Inset 
G1 X0.738 Y-14.508 Z0.400 F5400 A32.31417; Inset 
G1 X1.043 Y-15.113 Z0.400 F5400 A32.33784; Inset 
G1 X1.145 Y-15.249 Z0.400 F5400 A32.34379; Inset 
G1 X1.634 Y-15.718 Z0.400 F5400 A32.36747; Inset 
G1 X1.775 Y-15.813 Z0.400 F5400 A32.37342; Inset 
G1 X2.392 Y-16.092 Z0.400 F5400 A32.39710; Inset 
G1 X2.556 Y-16.135 Z0.400 F5400 A32.40305; Inset 
G1 X3.120 Y-16.183 Z0.400 F5400 A32.42283; Inset 
G1 X2.974 Y-16.194 Z0.400 F5400 A32.42796; Inset 
G1 X-10.731 Y-16.194 Z0.400 F5400 A32.90708; Inset 
G1 X-11.164 Y-16.420 Z0.400 F5400 A32.92416; Inset 
G1 X-11.876 Y-17.432 Z0.400 F5400 A32.96743; Inset 
G1 X-12.264 Y-17.841 Z0.400 F5400 A32.98714; Inset 
G1 X-12.709 Y-18.212 Z0.400 F5400 A33.00739; Inset 
G1 X-13.194 Y-18.529 Z0.400 F5400 A33.02764; Inset 
G1 X-13.712 Y-18.788 Z0.400 F5400 A33.04789; Inset 
G1 X-14.257 Y-18.985 Z0.400 F5400 A33.06814; Inset 
G1 X-14.821 Y-19.118 Z0.400 F5400 A33.08839; Inset 
G1 X-15.396 Y-19.184 Z0.400 F5400 A33.10864; Inset 
G1 X-15.975 Y-19.184 Z0.400 F5400 A33.12890; Inset 
G1 X-16.551 Y-19.117 Z0.400 F5400 A33.14914; Inset 
G1 X-17.114 Y-18.983 Z0.400 F5400 A33.16939; Inset 
G1 X-17.659 Y-18.786 Z0.400 F5400 A33.18965; Inset 
G1 X-18.177 Y-18.526 Z0.400 F5400 A33.20990; Inset 
G1 X-18.661 Y-18.208 Z0.400 F5400 A33.23015; Inset 
G1 X-18.661 Y-18.208 Z0.400 F1500 A31.93015; Retract 
G1 X-18.661 Y-18.208 Z0.400 F3000; Retract 
G1 X1.970 Y-15.463 Z0.400 F9000; Travel Move 
G1 X1.970 Y-15.463 Z0.400 F1500 A33.23015; Restart 
G1 X2.624 Y-15.739 Z0.400 F5400 A33.25497; Inset 
G1 X3.295 Y-15.787 Z0.400 F5400 A33.27847; Inset 
G1 X3.694 Y-15.708 Z0.400 F5400 A33.29270; Inset 
G1 X4.291 Y-15.428 Z0.400 F5400 A33.31576; Inset 
G1 X4.602 Y-15.165 Z0.400 F5400 A33.32998; Inset 
G1 X5.002 Y-14.594 Z0.400 F5400 A33.35436; Inset 
G1 X5.193 Y-13.910 Z0.400 F5400 A33.37918; Inset 
G1 X5.146 Y-13.202 Z0.400 F5400 A33.40400; Inset 
G1 X4.865 Y-12.550 Z0.400 F5400 A33.42882; Inset 
G1 X4.463 Y-12.093 Z0.400 F5400 A33.45012; Inset 
G1 X3.863 Y-11.738 Z0.400 F5400 A33.47449; Inset 
G1 X3.472 Y-11.626 Z0.400 F5400 A33.48872; Inset 
G1 X2.799 Y-11.616 Z0.400 F5400 A33.51222; Inset 
G1 X2.124 Y-11.836 Z0.400 F5400 A33.53705; Inset 
G1 X1.571 Y-12.261 Z0.400 F5400 A33.56142; Inset 
G1 X1.284 Y-12.649 Z0.400 F5400 A33.57830; Inset 
G1 X1.047 Y-13.264 Z0.400 F5400 A33.60135; Inset 
G1 X1.005 Y-13.669 Z0.400 F5400 A33.61558; Inset 
G1 X1.111 Y-14.358 Z0.400 F5400 A33.63996; Inset 
G1 X1.446 Y-14.984 Z0.400 F5400 A33.66478; Inset 
G1 X1.970 Y-15.463 Z0.400 F5400 A33.68960; Inset 
G1 X1.970 Y-15.463 Z0.400 F1500 A32.38960; Retract 
G1 X1.970 Y-15.463 Z0.400 F3000; Retract 
G1 X2.150 Y-15.105 Z0.400 F9000; Travel Move 
G1 X2.150 Y-15.105 Z0.400 F1500 A33.68960; Restart 
G1 X2.675 Y-15.342 Z0.400 F2400 A33.70972; Inset 
G1 X3.240 Y-15.390 Z0.400 F2400 A33.72954; Inset 
G1 X3.541 Y-15.339 Z0.400 F2400 A33.74022; Inset 
G1 X4.050 Y-15.109 Z0.400 F2400 A33.75974; Inset 
G1 X4.287 Y-14.917 Z0.400 F2400 A33.77043; Inset 
G1 X4.625 Y-14.461 Z0.400 F2400 A33.79025; Inset 
G1 X4.793 Y-13.911 Z0.400 F2400 A33.81037; Inset 
G1 X4.769 Y-13.336 Z0.400 F2400 A33.83049; Inset 
G1 X4.554 Y-12.801 Z0.400 F2400 A33.85061; Inset 
G1 X4.174 Y-12.369 Z0.400 F2400 A33.87074; Inset 
G1 X3.679 Y-12.093 Z0.400 F2400 A33.89055; Inset 
G1 X3.383 Y-12.016 Z0.400 F2400 A33.90124; Inset 
G1 X2.816 Y-12.016 Z0.400 F2400 A33.92106; Inset 
G1 X2.273 Y-12.208 Z0.400 F2400 A33.94118; Inset 
G1 X1.832 Y-12.564 Z0.400 F2400 A33.96100; Inset 
G1 X1.651 Y-12.810 Z0.400 F2400 A33.97169; Inset 
G1 X1.443 Y-13.328 Z0.400 F2400 A33.99120; Inset 
G1 X1.404 Y-13.631 Z0.400 F2400 A34.00189; Inset 
G1 X1.476 Y-14.193 Z0.400 F2400 A34.02170; Inset 
G1 X1.735 Y-14.707 Z0.400 F2400 A34.04183; Inset 
G1 X2.150 Y-15.105 Z0.400 F2400 A34.06195; Inset 
G1 X2.150 Y-15.105 Z0.400 F1500 A32.76195; Retract 
G1 X2.150 Y-15.105 Z0.400 F3000; Retract 
G1 X-18.900 Y-18.530 Z0.400 F9000; Travel Move 
G1 X-18.900 Y-18.530 Z0.400 F1500 A34.06195; Restart 
G1 X-19.380 Y-18.129 Z0.400 F5400 A34.08383; Inset 
G1 X-19.810 Y-17.675 Z0.400 F5400 A34.10570; Inset 
G1 X-20.185 Y-17.174 Z0.400 F5400 A34.12757; Inset 
G1 X-20.500 Y-16.633 Z0.400 F5400 A34.14945; Inset 
G1 X-20.749 Y-16.059 Z0.400 F5400 A34.17132; Inset 
G1 X-20.931 Y-15.461 Z0.400 F5400 A34.19320; Inset 
G1 X-21.042 Y-14.845 Z0.400 F5400 A34.21507; Inset 
G1 X-21.082 Y-14.220 Z0.400 F5400 A34.23695; Inset 
G1 X-21.048 Y-13.596 Z0.400 F5400 A34.25882; Inset 
G1 X-20.943 Y-12.979 Z0.400 F5400 A34.28070; Inset 
G1 X-20.767 Y-12.378 Z0.400 F5400 A34.30257; Inset 
G1 X-20.523 Y-11.802 Z0.400 F5400 A34.32444; Inset 
G1 X-20.214 Y-11.258 Z0.400 F5400 A34.34632; Inset 
G1 X-19.844 Y-10.754 Z0.400 F5400 A34.36819; Inset 
G1 X-19.418 Y-10.296 Z0.400 F5400 A34.39007; Inset 
G1 X-18.941 Y-9.890 Z0.400 F5400 A34.41194; Inset 
G1 X-18.422 Y-9.542 Z0.400 F5400 A34.43381; Inset 
G1 X-17.865 Y-9.256 Z0.400 F5400 A34.45569; Inset 
G1 X-17.279 Y-9.037 Z0.400 F5400 A34.47756; Inset 
G1 X-16.671 Y-8.887 Z0.400 F5400 A34.49944; Inset 
G1 X-16.051 Y-8.808 Z0.400 F5400 A34.52131; Inset 
G1 X-15.425 Y-8.802 Z0.400 F5400 A34.54319; Inset 
G1 X-14.803 Y-8.868 Z0.400 F5400 A34.56506; Inset 
G1 X-14.192 Y-9.005 Z0.400 F5400 A34.58693; Inset 
G1 X-13.613 Y-9.209 Z0.400 F5400 A34.60842; Inset 
G1 X-12.584 Y-9.758 Z0.400 F5400 A34.64920; Inset 
G1 X-12.440 Y-9.794 Z0.400 F5400 A34.65437; Inset 
G1 X-4.102 Y-9.794 Z0.400 F5400 A34.94588; Inset 
G1 X-3.745 Y-9.404 Z0.400 F5400 A34.96435; Inset 
G1 X-4.497 Y-0.944 Z0.400 F5400 A35.26130; Inset 
G1 X-4.485 Y-0.773 Z0.400 F5400 A35.26729; Inset 
G1 X-4.430 Y-0.636 Z0.400 F5400 A35.27244; Inset 
G1 X-4.314 Y-0.532 Z0.400 F5400 A35.27790; Inset 
G1 X-3.120 Y-0.056 Z0.400 F5400 A35.32283; Inset 
G1 X-2.658 Y-5.253 Z0.400 F5400 A35.50523; Inset 
G1 X-2.508 Y-5.881 Z0.400 F5400 A35.52780; Inset 
G1 X-2.251 Y-6.483 Z0.400 F5400 A35.55067; Inset 
G1 X-1.897 Y-7.032 Z0.400 F5400 A35.57353; Inset 
G1 X-1.454 Y-7.513 Z0.400 F5400 A35.59639; Inset 
G1 X-0.893 Y-7.940 Z0.400 F5400 A35.62103; Inset 
G1 X-0.312 Y-8.239 Z0.400 F5400 A35.64389; Inset 
G1 X0.312 Y-8.435 Z0.400 F5400 A35.66675; Inset 
G1 X0.909 Y-8.520 Z0.400 F5400 A35.68783; Inset 
G1 X1.563 Y-8.506 Z0.400 F5400 A35.71070; Inset 
G1 X2.205 Y-8.381 Z0.400 F5400 A35.73356; Inset 
G1 X2.816 Y-8.150 Z0.400 F5400 A35.75642; Inset 
G1 X3.380 Y-7.818 Z0.400 F5400 A35.77928; Inset 
G1 X3.880 Y-7.396 Z0.400 F5400 A35.80214; Inset 
G1 X4.301 Y-6.896 Z0.400 F5400 A35.82500; Inset 
G1 X4.631 Y-6.332 Z0.400 F5400 A35.84787; Inset 
G1 X4.861 Y-5.720 Z0.400 F5400 A35.87073; Inset 
G1 X4.985 Y-5.077 Z0.400 F5400 A35.89359; Inset 
G1 X4.996 Y-4.403 Z0.400 F5400 A35.91716; Inset 
G1 X4.424 Y2.036 Z0.400 F5400 A36.14315; Inset 
G1 X5.387 Y2.205 Z0.400 F5400 A36.17735; Inset 
G1 X5.585 Y2.203 Z0.400 F5400 A36.18427; Inset 
G1 X5.735 Y2.126 Z0.400 F5400 A36.19015; Inset 
G1 X5.821 Y2.032 Z0.400 F5400 A36.19462; Inset 
G1 X5.874 Y1.914 Z0.400 F5400 A36.19913; Inset 
G1 X6.211 Y-1.725 Z0.400 F5400 A36.32689; Inset 
G1 X6.392 Y-1.985 Z0.400 F5400 A36.33797; Inset 
G1 X8.701 Y-3.088 Z0.400 F5400 A36.42741; Inset 
G1 X9.345 Y-3.515 Z0.400 F5400 A36.45445; Inset 
G1 X10.640 Y-4.621 Z0.400 F5400 A36.51399; Inset 
G1 X7.156 Y-6.879 Z0.400 F5400 A36.65913; Inset 
G1 X6.821 Y-7.276 Z0.400 F5400 A36.67731; Inset 
G1 X6.625 Y-7.785 Z0.400 F5400 A36.69638; Inset 
G1 X5.377 Y-14.604 Z0.400 F5400 A36.93871; Inset 
G1 X5.278 Y-14.981 Z0.400 F5400 A36.95235; Inset 
G1 X5.128 Y-15.324 Z0.400 F5400 A36.96544; Inset 
G1 X4.931 Y-15.633 Z0.400 F5400 A36.97826; Inset 
G1 X4.683 Y-15.915 Z0.400 F5400 A36.99138; Inset 
G1 X4.401 Y-16.150 Z0.400 F5400 A37.00420; Inset 
G1 X4.079 Y-16.342 Z0.400 F5400 A37.01733; Inset 
G1 X3.740 Y-16.479 Z0.400 F5400 A37.03010; Inset 
G1 X3.377 Y-16.565 Z0.400 F5400 A37.04313; Inset 
G1 X2.990 Y-16.594 Z0.400 F5400 A37.05673; Inset 
G1 X-10.633 Y-16.594 Z0.400 F5400 A37.53298; Inset 
G1 X-10.893 Y-16.729 Z0.400 F5400 A37.54322; Inset 
G1 X-11.566 Y-17.686 Z0.400 F5400 A37.58411; Inset 
G1 X-11.990 Y-18.133 Z0.400 F5400 A37.60566; Inset 
G1 X-12.471 Y-18.534 Z0.400 F5400 A37.62753; Inset 
G1 X-12.994 Y-18.876 Z0.400 F5400 A37.64941; Inset 
G1 X-13.554 Y-19.156 Z0.400 F5400 A37.67128; Inset 
G1 X-14.143 Y-19.369 Z0.400 F5400 A37.69315; Inset 
G1 X-14.752 Y-19.512 Z0.400 F5400 A37.71503; Inset 
G1 X-15.373 Y-19.584 Z0.400 F5400 A37.73690; Inset 
G1 X-15.999 Y-19.584 Z0.400 F5400 A37.75878; Inset 
G1 X-16.620 Y-19.511 Z0.400 F5400 A37.78065; Inset 
G1 X-17.229 Y-19.367 Z0.400 F5400 A37.80252; Inset 
G1 X-17.817 Y-19.154 Z0.400 F5400 A37.82440; Inset 
G1 X-18.377 Y-18.873 Z0.400 F5400 A37.84628; Inset 
G1 X-18.900 Y-18.530 Z0.400 F5400 A37.86815; Inset 
G1 X-18.900 Y-18.530 Z0.400 F1500 A36.56815; Retract 
G1 X-18.900 Y-18.530 Z0.400 F3000; Retract 
G1 X-19.139 Y-18.852 Z0.400 F9000; Travel Move 
G1 X-19.139 Y-18.852 Z0.400 F1500 A37.86815; Restart 
G1 X-19.654 Y-18.421 Z0.400 F2400 A37.89165; Inset 
G1 X-20.117 Y-17.933 Z0.400 F2400 A37.91514; Inset 
G1 X-20.519 Y-17.395 Z0.400 F2400 A37.93864; Inset 
G1 X-20.857 Y-16.814 Z0.400 F2400 A37.96214; Inset 
G1 X-21.126 Y-16.198 Z0.400 F2400 A37.98564; Inset 
G1 X-21.321 Y-15.555 Z0.400 F2400 A38.00913; Inset 
G1 X-21.440 Y-14.893 Z0.400 F2400 A38.03263; Inset 
G1 X-21.482 Y-14.222 Z0.400 F2400 A38.05613; Inset 
G1 X-21.447 Y-13.551 Z0.400 F2400 A38.07963; Inset 
G1 X-21.334 Y-12.889 Z0.400 F2400 A38.10312; Inset 
G1 X-21.145 Y-12.244 Z0.400 F2400 A38.12662; Inset 
G1 X-20.882 Y-11.625 Z0.400 F2400 A38.15011; Inset 
G1 X-20.550 Y-11.040 Z0.400 F2400 A38.17362; Inset 
G1 X-20.152 Y-10.499 Z0.400 F2400 A38.19711; Inset 
G1 X-19.695 Y-10.006 Z0.400 F2400 A38.22061; Inset 
G1 X-19.183 Y-9.570 Z0.400 F2400 A38.24410; Inset 
G1 X-18.625 Y-9.196 Z0.400 F2400 A38.26761; Inset 
G1 X-18.027 Y-8.889 Z0.400 F2400 A38.29110; Inset 
G1 X-17.397 Y-8.654 Z0.400 F2400 A38.31460; Inset 
G1 X-16.745 Y-8.493 Z0.400 F2400 A38.33810; Inset 
G1 X-16.078 Y-8.408 Z0.400 F2400 A38.36160; Inset 
G1 X-15.406 Y-8.401 Z0.400 F2400 A38.38509; Inset 
G1 X-14.737 Y-8.472 Z0.400 F2400 A38.40859; Inset 
G1 X-14.082 Y-8.620 Z0.400 F2400 A38.43208; Inset 
G1 X-13.451 Y-8.841 Z0.400 F2400 A38.45546; Inset 
G1 X-12.416 Y-9.394 Z0.400 F2400 A38.49647; Inset 
G1 X-4.148 Y-9.394 Z0.400 F2400 A38.78554; Inset 
G1 X-4.898 Y-0.948 Z0.400 F2400 A39.08200; Inset 
G1 X-4.880 Y-0.682 Z0.400 F2400 A39.09132; Inset 
G1 X-4.783 Y-0.442 Z0.400 F2400 A39.10036; Inset 
G1 X-4.525 Y-0.185 Z0.400 F2400 A39.11310; Inset 
G1 X-2.770 Y0.514 Z0.400 F2400 A39.17915; Inset 
G1 X-2.261 Y-5.210 Z0.400 F2400 A39.38006; Inset 
G1 X-2.122 Y-5.778 Z0.400 F2400 A39.40049; Inset 
G1 X-1.888 Y-6.315 Z0.400 F2400 A39.42098; Inset 
G1 X-1.567 Y-6.806 Z0.400 F2400 A39.44147; Inset 
G1 X-1.167 Y-7.235 Z0.400 F2400 A39.46197; Inset 
G1 X-0.701 Y-7.590 Z0.400 F2400 A39.48246; Inset 
G1 X-0.181 Y-7.861 Z0.400 F2400 A39.50295; Inset 
G1 X0.377 Y-8.041 Z0.400 F2400 A39.52344; Inset 
G1 X0.957 Y-8.123 Z0.400 F2400 A39.54394; Inset 
G1 X1.543 Y-8.106 Z0.400 F2400 A39.56443; Inset 
G1 X2.118 Y-7.991 Z0.400 F2400 A39.58492; Inset 
G1 X2.665 Y-7.780 Z0.400 F2400 A39.60542; Inset 
G1 X3.168 Y-7.479 Z0.400 F2400 A39.62591; Inset 
G1 X3.613 Y-7.098 Z0.400 F2400 A39.64640; Inset 
G1 X3.988 Y-6.647 Z0.400 F2400 A39.66689; Inset 
G1 X4.280 Y-6.139 Z0.400 F2400 A39.68738; Inset 
G1 X4.483 Y-5.589 Z0.400 F2400 A39.70788; Inset 
G1 X4.590 Y-5.013 Z0.400 F2400 A39.72837; Inset 
G1 X4.597 Y-4.434 Z0.400 F2400 A39.74862; Inset 
G1 X3.993 Y2.366 Z0.400 F2400 A39.98728; Inset 
G1 X5.354 Y2.605 Z0.400 F2400 A40.03558; Inset 
G1 X5.638 Y2.603 Z0.400 F2400 A40.04550; Inset 
G1 X5.748 Y2.574 Z0.400 F2400 A40.04949; Inset 
G1 X5.984 Y2.446 Z0.400 F2400 A40.05888; Inset 
G1 X6.161 Y2.255 Z0.400 F2400 A40.06798; Inset 
G1 X6.266 Y2.016 Z0.400 F2400 A40.07709; Inset 
G1 X6.605 Y-1.643 Z0.400 F2400 A40.20557; Inset 
G1 X8.898 Y-2.739 Z0.400 F2400 A40.29443; Inset 
M73 P8; Update Progress 
G1 X9.586 Y-3.195 Z0.400 F2400 A40.32329; Inset 
G1 X10.992 Y-4.396 Z0.400 F2400 A40.38792; Inset 
G1 X11.090 Y-4.543 Z0.400 F2400 A40.39410; Inset 
G1 X11.088 Y-4.729 Z0.400 F2400 A40.40060; Inset 
G1 X11.041 Y-4.815 Z0.400 F2400 A40.40404; Inset 
G1 X10.955 Y-4.893 Z0.400 F2400 A40.40809; Inset 
G1 X7.387 Y-7.206 Z0.400 F2400 A40.55674; Inset 
G1 X7.144 Y-7.512 Z0.400 F2400 A40.57042; Inset 
G1 X7.017 Y-7.865 Z0.400 F2400 A40.58353; Inset 
G1 X5.768 Y-14.691 Z0.400 F2400 A40.82611; Inset 
G1 X5.657 Y-15.113 Z0.400 F2400 A40.84137; Inset 
G1 X5.482 Y-15.513 Z0.400 F2400 A40.85663; Inset 
G1 X5.252 Y-15.874 Z0.400 F2400 A40.87162; Inset 
G1 X4.963 Y-16.203 Z0.400 F2400 A40.88691; Inset 
G1 X4.633 Y-16.477 Z0.400 F2400 A40.90190; Inset 
G1 X4.258 Y-16.701 Z0.400 F2400 A40.91719; Inset 
G1 X3.862 Y-16.862 Z0.400 F2400 A40.93213; Inset 
G1 X3.439 Y-16.961 Z0.400 F2400 A40.94732; Inset 
G1 X3.005 Y-16.994 Z0.400 F2400 A40.96253; Inset 
G1 X-10.591 Y-16.994 Z0.400 F2400 A41.43783; Inset 
G1 X-11.256 Y-17.940 Z0.400 F2400 A41.47825; Inset 
G1 X-11.716 Y-18.426 Z0.400 F2400 A41.50164; Inset 
G1 X-12.232 Y-18.856 Z0.400 F2400 A41.52514; Inset 
G1 X-12.795 Y-19.224 Z0.400 F2400 A41.54864; Inset 
G1 X-13.396 Y-19.524 Z0.400 F2400 A41.57213; Inset 
G1 X-14.028 Y-19.753 Z0.400 F2400 A41.59564; Inset 
G1 X-14.682 Y-19.907 Z0.400 F2400 A41.61913; Inset 
G1 X-15.350 Y-19.984 Z0.400 F2400 A41.64263; Inset 
G1 X-16.022 Y-19.984 Z0.400 F2400 A41.66612; Inset 
G1 X-16.690 Y-19.906 Z0.400 F2400 A41.68962; Inset 
G1 X-17.344 Y-19.751 Z0.400 F2400 A41.71312; Inset 
G1 X-17.975 Y-19.522 Z0.400 F2400 A41.73661; Inset 
G1 X-18.577 Y-19.221 Z0.400 F2400 A41.76011; Inset 
G1 X-19.139 Y-18.852 Z0.400 F2400 A41.78361; Inset 
G1 X-19.139 Y-18.852 Z0.400 F1500 A40.48361; Retract 
G1 X-19.139 Y-18.852 Z0.400 F3000; Retract 
G1 X-17.708 Y-18.441 Z0.400 F9000; Travel Move 
G1 X-17.708 Y-18.441 Z0.400 F1500 A41.78361; Restart 
G1 X-19.933 Y-16.216 Z0.400 F5400 A41.89363; Infill 
G1 X-20.252 Y-15.337 Z0.400 F5400 A41.92631; Connection 
G1 X-16.833 Y-18.756 Z0.400 F5400 A42.09535; Infill 
G1 X-16.154 Y-18.875 Z0.400 F5400 A42.11946; Connection 
G1 X-17.049 Y-17.980 Z0.400 F5400 A42.16372; Infill 
G1 X-16.273 Y-18.196 Z0.400 F5400 A42.19187; Connection 
G1 X-15.570 Y-18.898 Z0.400 F5400 A42.22661; Infill 
G1 X-15.052 Y-18.857 Z0.400 F5400 A42.24479; Connection 
G1 X-15.895 Y-18.014 Z0.400 F5400 A42.28647; Infill 
G1 X-15.209 Y-18.139 Z0.400 F5400 A42.31083; Connection 
G1 X-14.581 Y-18.768 Z0.400 F5400 A42.34189; Infill 
G1 X-14.148 Y-18.641 Z0.400 F5400 A42.35768; Connection 
G1 X-14.672 Y-18.117 Z0.400 F5400 A42.38359; Infill 
G1 X-14.268 Y-17.961 Z0.400 F5400 A42.39873; Connection 
G1 X-13.744 Y-18.484 Z0.400 F5400 A42.42460; Infill 
G1 X-13.371 Y-18.298 Z0.400 F5400 A42.43920; Connection 
G1 X-13.872 Y-17.797 Z0.400 F5400 A42.46396; Infill 
G1 X-13.523 Y-17.586 Z0.400 F5400 A42.47822; Connection 
G1 X-13.029 Y-18.079 Z0.400 F5400 A42.50261; Infill 
G1 X-12.709 Y-17.839 Z0.400 F5400 A42.51660; Connection 
G1 X-13.190 Y-17.359 Z0.400 F5400 A42.54035; Infill 
G1 X-12.890 Y-17.099 Z0.400 F5400 A42.55423; Connection 
G1 X-12.410 Y-17.579 Z0.400 F5400 A42.57797; Infill 
G1 X-12.137 Y-17.292 Z0.400 F5400 A42.59182; Connection 
G1 X-12.622 Y-16.807 Z0.400 F5400 A42.61578; Infill 
G1 X-12.370 Y-16.498 Z0.400 F5400 A42.62969; Connection 
G1 X-11.900 Y-16.969 Z0.400 F5400 A42.65294; Infill 
G1 X-11.669 Y-16.640 Z0.400 F5400 A42.66699; Connection 
G1 X-12.163 Y-16.146 Z0.400 F5400 A42.69141; Infill 
G1 X-11.978 Y-15.770 Z0.400 F5400 A42.70604; Connection 
G1 X-11.438 Y-16.311 Z0.400 F5400 A42.73278; Infill 
G1 X-11.116 Y-16.072 Z0.400 F5400 A42.74677; Connection 
G1 X-11.822 Y-15.366 Z0.400 F5400 A42.78168; Infill 
G1 X-11.666 Y-14.962 Z0.400 F5400 A42.79681; Connection 
G1 X-10.720 Y-15.908 Z0.400 F5400 A42.84358; Infill 
G1 X-10.160 Y-15.908 Z0.400 F5400 A42.86316; Connection 
G1 X-11.936 Y-14.133 Z0.400 F5400 A42.95095; Infill 
G1 X-11.754 Y-13.754 Z0.400 F5400 A42.96562; Connection 
G1 X-9.600 Y-15.908 Z0.400 F5400 A43.07211; Infill 
G1 X-9.040 Y-15.908 Z0.400 F5400 A43.09169; Connection 
G1 X-11.757 Y-13.192 Z0.400 F5400 A43.22601; Infill 
G1 X-12.195 Y-12.193 Z0.400 F5400 A43.26413; Connection 
G1 X-8.480 Y-15.908 Z0.400 F5400 A43.44781; Infill 
G1 X-7.920 Y-15.908 Z0.400 F5400 A43.46739; Connection 
G1 X-14.044 Y-9.784 Z0.400 F5400 A43.77016; Infill 
G1 X-14.822 Y-9.567 Z0.400 F5400 A43.79840; Connection 
G1 X-13.689 Y-10.699 Z0.400 F5400 A43.85439; Infill 
G1 X-14.680 Y-10.268 Z0.400 F5400 A43.89215; Connection 
G1 X-15.460 Y-9.488 Z0.400 F5400 A43.93073; Infill 
G1 X-16.014 Y-9.495 Z0.400 F5400 A43.95007; Connection 
G1 X-15.253 Y-10.256 Z0.400 F5400 A43.98770; Infill 
G1 X-15.618 Y-10.451 Z0.400 F5400 A44.00217; Connection 
G1 X-16.511 Y-9.558 Z0.400 F5400 A44.04632; Infill 
G1 X-16.963 Y-9.665 Z0.400 F5400 A44.06258; Connection 
G1 X-16.451 Y-10.178 Z0.400 F5400 A44.08791; Infill 
G1 X-16.855 Y-10.334 Z0.400 F5400 A44.10304; Connection 
G1 X-17.381 Y-9.807 Z0.400 F5400 A44.12907; Infill 
G1 X-17.770 Y-9.978 Z0.400 F5400 A44.14392; Connection 
G1 X-17.259 Y-10.490 Z0.400 F5400 A44.16921; Infill 
G1 X-17.633 Y-10.676 Z0.400 F5400 A44.18382; Connection 
G1 X-18.134 Y-10.175 Z0.400 F5400 A44.20860; Infill 
G1 X-18.469 Y-10.399 Z0.400 F5400 A44.22271; Connection 
G1 X-17.982 Y-10.886 Z0.400 F5400 A44.24680; Infill 
G1 X-18.295 Y-11.133 Z0.400 F5400 A44.26074; Connection 
G1 X-18.777 Y-10.651 Z0.400 F5400 A44.28458; Infill 
G1 X-19.065 Y-10.924 Z0.400 F5400 A44.29842; Connection 
G1 X-18.591 Y-11.398 Z0.400 F5400 A44.32186; Infill 
G1 X-18.845 Y-11.703 Z0.400 F5400 A44.33577; Connection 
G1 X-19.332 Y-11.216 Z0.400 F5400 A44.35984; Infill 
G1 X-19.569 Y-11.540 Z0.400 F5400 A44.37385; Connection 
G1 X-19.078 Y-12.031 Z0.400 F5400 A44.39813; Infill 
G1 X-19.286 Y-12.383 Z0.400 F5400 A44.41243; Connection 
G1 X-19.782 Y-11.887 Z0.400 F5400 A44.43697; Infill 
G1 X-19.971 Y-12.258 Z0.400 F5400 A44.45152; Connection 
G1 X-19.449 Y-12.779 Z0.400 F5400 A44.47730; Infill 
G1 X-19.606 Y-13.183 Z0.400 F5400 A44.49244; Connection 
G1 X-20.134 Y-12.655 Z0.400 F5400 A44.51854; Infill 
G1 X-20.260 Y-13.088 Z0.400 F5400 A44.53432; Connection 
G1 X-19.663 Y-13.685 Z0.400 F5400 A44.56384; Infill 
G1 X-20.347 Y-13.562 Z0.400 F5400 A44.58812; Connection 
G1 X-19.504 Y-14.405 Z0.400 F5400 A44.62979; Infill 
G1 X-19.699 Y-14.770 Z0.400 F5400 A44.64426; Connection 
G1 X-20.387 Y-14.081 Z0.400 F5400 A44.67830; Infill 
G1 X-20.367 Y-14.662 Z0.400 F5400 A44.69861; Connection 
G1 X-19.468 Y-15.560 Z0.400 F5400 A44.74302; Infill 
G1 X-19.468 Y-15.560 Z0.400 F1500 A43.44302; Retract 
G1 X-19.468 Y-15.560 Z0.400 F3000; Retract 
G1 X-12.902 Y-10.366 Z0.400 F9000; Travel Move 
G1 X-12.902 Y-10.366 Z0.400 F1500 A44.74302; Restart 
G1 X-7.360 Y-15.908 Z0.400 F5400 A45.01704; Infill 
G1 X-6.800 Y-15.908 Z0.400 F5400 A45.03662; Connection 
G1 X-12.228 Y-10.480 Z0.400 F5400 A45.30498; Infill 
G1 X-11.668 Y-10.480 Z0.400 F5400 A45.32456; Connection 
G1 X-6.240 Y-15.908 Z0.400 F5400 A45.59292; Infill 
G1 X-5.680 Y-15.908 Z0.400 F5400 A45.61250; Connection 
G1 X-11.108 Y-10.480 Z0.400 F5400 A45.88087; Infill 
G1 X-10.548 Y-10.480 Z0.400 F5400 A45.90044; Connection 
G1 X-5.120 Y-15.908 Z0.400 F5400 A46.16881; Infill 
G1 X-4.560 Y-15.908 Z0.400 F5400 A46.18839; Connection 
G1 X-9.988 Y-10.480 Z0.400 F5400 A46.45675; Infill 
G1 X-9.428 Y-10.480 Z0.400 F5400 A46.47633; Connection 
G1 X-4.000 Y-15.908 Z0.400 F5400 A46.74469; Infill 
G1 X-3.440 Y-15.908 Z0.400 F5400 A46.76427; Connection 
G1 X-8.868 Y-10.480 Z0.400 F5400 A47.03263; Infill 
G1 X-8.308 Y-10.480 Z0.400 F5400 A47.05221; Connection 
G1 X-2.880 Y-15.908 Z0.400 F5400 A47.32058; Infill 
G1 X-2.320 Y-15.908 Z0.400 F5400 A47.34016; Connection 
G1 X-7.748 Y-10.480 Z0.400 F5400 A47.60852; Infill 
G1 X-7.188 Y-10.480 Z0.400 F5400 A47.62810; Connection 
G1 X-1.760 Y-15.908 Z0.400 F5400 A47.89646; Infill 
G1 X-1.200 Y-15.908 Z0.400 F5400 A47.91604; Connection 
G1 X-6.628 Y-10.480 Z0.400 F5400 A48.18440; Infill 
G1 X-6.068 Y-10.480 Z0.400 F5400 A48.20398; Connection 
G1 X-0.640 Y-15.908 Z0.400 F5400 A48.47235; Infill 
G1 X-0.080 Y-15.908 Z0.400 F5400 A48.49192; Connection 
G1 X-5.507 Y-10.480 Z0.400 F5400 A48.76029; Infill 
G1 X-4.947 Y-10.480 Z0.400 F5400 A48.77987; Connection 
G1 X0.481 Y-15.908 Z0.400 F5400 A49.04823; Infill 
G1 X1.041 Y-15.908 Z0.400 F5400 A49.06781; Connection 
G1 X-4.387 Y-10.480 Z0.400 F5400 A49.33617; Infill 
G1 X-3.839 Y-10.469 Z0.400 F5400 A49.35535; Connection 
G1 X0.640 Y-14.948 Z0.400 F5400 A49.57680; Infill 
G1 X0.377 Y-14.125 Z0.400 F5400 A49.60699; Connection 
G1 X-3.545 Y-10.202 Z0.400 F5400 A49.80094; Infill 
G1 X-3.278 Y-9.910 Z0.400 F5400 A49.81479; Connection 
G1 X0.324 Y-13.512 Z0.400 F5400 A49.99289; Infill 
G1 X0.402 Y-13.030 Z0.400 F5400 A50.00998; Connection 
G1 X-3.043 Y-9.585 Z0.400 F5400 A50.18029; Infill 
G1 X-3.095 Y-8.973 Z0.400 F5400 A50.20176; Connection 
G1 X0.555 Y-12.623 Z0.400 F5400 A50.38223; Infill 
G1 X0.736 Y-12.243 Z0.400 F5400 A50.39692; Connection 
G1 X-3.149 Y-8.358 Z0.400 F5400 A50.58900; Infill 
G1 X-3.204 Y-7.744 Z0.400 F5400 A50.61058; Connection 
G1 X0.965 Y-11.912 Z0.400 F5400 A50.81668; Infill 
G1 X1.258 Y-11.645 Z0.400 F5400 A50.83054; Connection 
G1 X-3.259 Y-7.129 Z0.400 F5400 A51.05383; Infill 
G1 X-3.313 Y-6.514 Z0.400 F5400 A51.07540; Connection 
G1 X-2.551 Y-7.277 Z0.400 F5400 A51.11311; Infill 
G1 X-3.151 Y-6.117 Z0.400 F5400 A51.15875; Connection 
G1 X-3.368 Y-5.899 Z0.400 F5400 A51.16951; Infill 
G1 X-3.333 Y-5.375 Z0.400 F5400 A51.18789; Connection 
M73 P9; Update Progress 
G1 X-3.423 Y-5.285 Z0.400 F5400 A51.19234; Infill 
G1 X-3.391 Y-4.756 Z0.400 F5400 A51.21086; Connection 
G1 X-3.477 Y-4.670 Z0.400 F5400 A51.21511; Infill 
G1 X-3.446 Y-4.141 Z0.400 F5400 A51.23362; Connection 
G1 X-3.532 Y-4.056 Z0.400 F5400 A51.23787; Infill 
G1 X-3.501 Y-3.527 Z0.400 F5400 A51.25639; Connection 
G1 X-3.587 Y-3.441 Z0.400 F5400 A51.26064; Infill 
G1 X-3.555 Y-2.912 Z0.400 F5400 A51.27915; Connection 
G1 X-3.641 Y-2.826 Z0.400 F5400 A51.28340; Infill 
G1 X-3.610 Y-2.297 Z0.400 F5400 A51.30192; Connection 
G1 X-3.696 Y-2.212 Z0.400 F5400 A51.30617; Infill 
G1 X-3.665 Y-1.683 Z0.400 F5400 A51.32469; Connection 
G1 X-3.750 Y-1.597 Z0.400 F5400 A51.32894; Infill 
G1 X-3.719 Y-1.068 Z0.400 F5400 A51.34745; Connection 
G1 X-3.733 Y-1.055 Z0.400 F5400 A51.34812; Infill 
G1 X-3.733 Y-1.055 Z0.400 F1500 A50.04812; Retract 
G1 X-3.733 Y-1.055 Z0.400 F3000; Retract 
G1 X-1.422 Y-8.406 Z0.400 F9000; Travel Move 
G1 X-1.422 Y-8.406 Z0.400 F1500 A51.34812; Restart 
G1 X1.562 Y-11.389 Z0.400 F5400 A51.49560; Infill 
G1 X1.915 Y-11.183 Z0.400 F5400 A51.50991; Connection 
G1 X-0.312 Y-8.956 Z0.400 F5400 A51.62001; Infill 
G1 X0.434 Y-9.142 Z0.400 F5400 A51.64689; Connection 
G1 X2.329 Y-11.036 Z0.400 F5400 A51.74057; Infill 
G1 X2.782 Y-10.930 Z0.400 F5400 A51.75686; Connection 
G1 X1.054 Y-9.201 Z0.400 F5400 A51.84232; Infill 
G1 X1.604 Y-9.191 Z0.400 F5400 A51.86154; Connection 
G1 X3.342 Y-10.930 Z0.400 F5400 A51.94750; Infill 
G1 X4.045 Y-11.072 Z0.400 F5400 A51.97256; Connection 
G1 X2.073 Y-9.100 Z0.400 F5400 A52.07005; Infill 
G1 X2.529 Y-8.996 Z0.400 F5400 A52.08639; Connection 
G1 X5.215 Y-11.682 Z0.400 F5400 A52.21920; Infill 
G1 X5.301 Y-11.209 Z0.400 F5400 A52.23602; Connection 
G1 X2.929 Y-8.837 Z0.400 F5400 A52.35330; Infill 
G1 X3.311 Y-8.659 Z0.400 F5400 A52.36803; Connection 
G1 X5.388 Y-10.735 Z0.400 F5400 A52.47070; Infill 
G1 X5.475 Y-10.262 Z0.400 F5400 A52.48753; Connection 
G1 X3.662 Y-8.449 Z0.400 F5400 A52.57715; Infill 
G1 X3.980 Y-8.207 Z0.400 F5400 A52.59112; Connection 
G1 X5.561 Y-9.788 Z0.400 F5400 A52.66929; Infill 
G1 X5.648 Y-9.315 Z0.400 F5400 A52.68611; Connection 
G1 X4.285 Y-7.952 Z0.400 F5400 A52.75351; Infill 
G1 X4.553 Y-7.660 Z0.400 F5400 A52.76736; Connection 
G1 X5.734 Y-8.842 Z0.400 F5400 A52.82579; Infill 
G1 X5.821 Y-8.368 Z0.400 F5400 A52.84262; Connection 
G1 X4.809 Y-7.357 Z0.400 F5400 A52.89264; Infill 
G1 X5.023 Y-7.010 Z0.400 F5400 A52.90686; Connection 
G1 X5.908 Y-7.895 Z0.400 F5400 A52.95059; Infill 
G1 X6.019 Y-7.446 Z0.400 F5400 A52.96676; Connection 
G1 X5.228 Y-6.655 Z0.400 F5400 A53.00585; Infill 
G1 X5.393 Y-6.260 Z0.400 F5400 A53.02081; Connection 
G1 X6.169 Y-7.036 Z0.400 F5400 A53.05917; Infill 
G1 X6.404 Y-6.711 Z0.400 F5400 A53.07319; Connection 
G1 X5.534 Y-5.841 Z0.400 F5400 A53.11621; Infill 
G1 X5.626 Y-5.373 Z0.400 F5400 A53.13290; Connection 
G1 X6.664 Y-6.411 Z0.400 F5400 A53.18421; Infill 
G1 X6.985 Y-6.172 Z0.400 F5400 A53.19821; Connection 
G1 X5.672 Y-4.859 Z0.400 F5400 A53.26312; Infill 
G1 X5.676 Y-4.303 Z0.400 F5400 A53.28257; Connection 
G1 X7.325 Y-5.952 Z0.400 F5400 A53.36410; Infill 
G1 X7.665 Y-5.732 Z0.400 F5400 A53.37825; Connection 
G1 X5.622 Y-3.688 Z0.400 F5400 A53.47928; Infill 
G1 X5.567 Y-3.074 Z0.400 F5400 A53.50085; Connection 
G1 X8.005 Y-5.512 Z0.400 F5400 A53.62138; Infill 
G1 X8.345 Y-5.291 Z0.400 F5400 A53.63554; Connection 
G1 X5.512 Y-2.459 Z0.400 F5400 A53.77557; Infill 
G1 X5.541 Y-1.928 Z0.400 F5400 A53.79418; Connection 
G1 X5.458 Y-1.844 Z0.400 F5400 A53.79829; Infill 
G1 X5.484 Y-1.310 Z0.400 F5400 A53.81698; Connection 
G1 X5.403 Y-1.230 Z0.400 F5400 A53.82097; Infill 
G1 X5.426 Y-0.693 Z0.400 F5400 A53.83974; Connection 
G1 X5.348 Y-0.615 Z0.400 F5400 A53.84360; Infill 
G1 X5.369 Y-0.076 Z0.400 F5400 A53.86247; Connection 
G1 X5.294 Y-0.000 Z0.400 F5400 A53.86620; Infill 
G1 X5.294 Y-0.000 Z0.400 F1500 A52.56620; Retract 
G1 X5.294 Y-0.000 Z0.400 F3000; Retract 
G1 X6.327 Y-2.714 Z0.400 F9000; Travel Move 
G1 X6.327 Y-2.714 Z0.400 F1500 A53.86620; Restart 
G1 X8.684 Y-5.071 Z0.400 F5400 A53.98275; Infill 
G1 X9.024 Y-4.851 Z0.400 F5400 A53.99690; Connection 
G1 X7.399 Y-3.226 Z0.400 F5400 A54.07723; Infill 
G1 X8.532 Y-3.799 Z0.400 F5400 A54.12161; Connection 
G1 X9.364 Y-4.631 Z0.400 F5400 A54.16272; Infill 
G1 X9.364 Y-4.631 Z0.400 F1500 A52.86272; Retract 
G1 X9.364 Y-4.631 Z0.400 F3000; Retract 
G1 X5.312 Y0.541 Z0.400 F9000; Travel Move 
G1 X5.312 Y0.541 Z0.400 F1500 A54.16272; Restart 
G1 X5.239 Y0.614 Z0.400 F5400 A54.16633; Infill 
G1 X5.255 Y1.158 Z0.400 F5400 A54.18537; Connection 
G1 X5.184 Y1.229 Z0.400 F5400 A54.18885; Infill 
; Chunk 4 
; Lower Position  0.4 
; Upper Position  0.6 
; Thickness       0.2 
; Width           0.4 
G1 X5.184 Y1.229 Z0.400 F1500 A52.88885; Retract 
G1 X5.184 Y1.229 Z0.400 F3000; Retract 
G1 X5.184 Y1.229 Z0.600 F1380; Travel Move 
G1 X-17.909 Y-17.212 Z0.600 F9000; Travel Move 
G1 X-17.909 Y-17.212 Z0.600 F1500 A54.18885; Restart 
G1 X-17.316 Y-17.570 Z0.600 F5400 A54.21306; Inset 
G1 X-16.383 Y-17.931 Z0.600 F5400 A54.24804; Inset 
G1 X-15.683 Y-17.594 Z0.600 F5400 A54.27519; Inset 
G1 X-14.983 Y-17.931 Z0.600 F5400 A54.30234; Inset 
G1 X-14.050 Y-17.570 Z0.600 F5400 A54.33732; Inset 
G1 X-13.522 Y-17.259 Z0.600 F5400 A54.35874; Inset 
G1 X-13.060 Y-16.874 Z0.600 F5400 A54.37977; Inset 
G1 X-12.665 Y-16.421 Z0.600 F5400 A54.40079; Inset 
G1 X-12.307 Y-15.828 Z0.600 F5400 A54.42500; Inset 
G1 X-11.946 Y-14.894 Z0.600 F5400 A54.45999; Inset 
G1 X-12.283 Y-14.194 Z0.600 F5400 A54.48714; Inset 
G1 X-11.946 Y-13.495 Z0.600 F5400 A54.51428; Inset 
G1 X-12.307 Y-12.561 Z0.600 F5400 A54.54927; Inset 
G1 X-12.665 Y-11.968 Z0.600 F5400 A54.57348; Inset 
G1 X-13.060 Y-11.514 Z0.600 F5400 A54.59451; Inset 
G1 X-13.522 Y-11.129 Z0.600 F5400 A54.61553; Inset 
G1 X-14.050 Y-10.819 Z0.600 F5400 A54.63695; Inset 
G1 X-15.007 Y-10.449 Z0.600 F5400 A54.67281; Inset 
G1 X-15.683 Y-10.810 Z0.600 F5400 A54.69962; Inset 
G1 X-16.359 Y-10.449 Z0.600 F5400 A54.72642; Inset 
G1 X-17.316 Y-10.819 Z0.600 F5400 A54.76228; Inset 
G1 X-17.844 Y-11.129 Z0.600 F5400 A54.78370; Inset 
G1 X-18.306 Y-11.514 Z0.600 F5400 A54.80472; Inset 
G1 X-18.701 Y-11.968 Z0.600 F5400 A54.82575; Inset 
G1 X-19.058 Y-12.561 Z0.600 F5400 A54.84996; Inset 
G1 X-19.428 Y-13.518 Z0.600 F5400 A54.88583; Inset 
G1 X-19.067 Y-14.194 Z0.600 F5400 A54.91263; Inset 
G1 X-19.428 Y-14.871 Z0.600 F5400 A54.93943; Inset 
G1 X-19.058 Y-15.828 Z0.600 F5400 A54.97530; Inset 
G1 X-18.748 Y-16.355 Z0.600 F5400 A54.99672; Inset 
G1 X-18.363 Y-16.818 Z0.600 F5400 A55.01774; Inset 
G1 X-17.909 Y-17.212 Z0.600 F5400 A55.03877; Inset 
G1 X-17.909 Y-17.212 Z0.600 F1500 A53.73877; Retract 
G1 X-17.909 Y-17.212 Z0.600 F3000; Retract 
G1 X-17.662 Y-16.897 Z0.600 F9000; Travel Move 
G1 X-17.662 Y-16.897 Z0.600 F1500 A55.03877; Restart 
G1 X-17.155 Y-17.203 Z0.600 F5400 A55.05946; Inset 
G1 X-16.400 Y-17.495 Z0.600 F5400 A55.08777; Inset 
G1 X-15.932 Y-17.270 Z0.600 F5400 A55.10594; Inset 
G1 X-15.809 Y-16.880 Z0.600 F5400 A55.12025; Inset 
G1 X-15.741 Y-16.815 Z0.600 F5400 A55.12352; Inset 
G1 X-15.683 Y-16.800 Z0.600 F5400 A55.12561; Inset 
G1 X-15.625 Y-16.815 Z0.600 F5400 A55.12770; Inset 
G1 X-15.557 Y-16.880 Z0.600 F5400 A55.13097; Inset 
G1 X-15.434 Y-17.270 Z0.600 F5400 A55.14529; Inset 
G1 X-14.966 Y-17.495 Z0.600 F5400 A55.16345; Inset 
G1 X-14.210 Y-17.203 Z0.600 F5400 A55.19176; Inset 
G1 X-13.743 Y-16.925 Z0.600 F5400 A55.21078; Inset 
G1 X-13.331 Y-16.580 Z0.600 F5400 A55.22956; Inset 
G1 X-12.980 Y-16.174 Z0.600 F5400 A55.24834; Inset 
G1 X-12.674 Y-15.667 Z0.600 F5400 A55.26904; Inset 
G1 X-12.382 Y-14.911 Z0.600 F5400 A55.29735; Inset 
G1 X-12.607 Y-14.443 Z0.600 F5400 A55.31551; Inset 
G1 X-13.009 Y-14.316 Z0.600 F5400 A55.33026; Inset 
G1 X-13.050 Y-14.273 Z0.600 F5400 A55.33235; Inset 
G1 X-13.074 Y-14.182 Z0.600 F5400 A55.33562; Inset 
G1 X-13.059 Y-14.125 Z0.600 F5400 A55.33771; Inset 
G1 X-13.009 Y-14.072 Z0.600 F5400 A55.34023; Inset 
G1 X-12.607 Y-13.945 Z0.600 F5400 A55.35497; Inset 
G1 X-12.382 Y-13.477 Z0.600 F5400 A55.37314; Inset 
G1 X-12.674 Y-12.722 Z0.600 F5400 A55.40145; Inset 
G1 X-12.952 Y-12.254 Z0.600 F5400 A55.42047; Inset 
G1 X-13.297 Y-11.843 Z0.600 F5400 A55.43925; Inset 
G1 X-13.704 Y-11.491 Z0.600 F5400 A55.45803; Inset 
G1 X-14.210 Y-11.185 Z0.600 F5400 A55.47872; Inset 
G1 X-14.980 Y-10.888 Z0.600 F5400 A55.50757; Inset 
G1 X-15.465 Y-11.147 Z0.600 F5400 A55.52679; Inset 
G1 X-15.570 Y-11.529 Z0.600 F5400 A55.54065; Inset 
G1 X-15.647 Y-11.581 Z0.600 F5400 A55.54392; Inset 
G1 X-15.707 Y-11.586 Z0.600 F5400 A55.54601; Inset 
G1 X-15.796 Y-11.529 Z0.600 F5400 A55.54971; Inset 
G1 X-15.901 Y-11.147 Z0.600 F5400 A55.56357; Inset 
G1 X-16.386 Y-10.888 Z0.600 F5400 A55.58279; Inset 
G1 X-17.155 Y-11.185 Z0.600 F5400 A55.61163; Inset 
G1 X-17.623 Y-11.463 Z0.600 F5400 A55.63065; Inset 
G1 X-18.035 Y-11.809 Z0.600 F5400 A55.64943; Inset 
G1 X-18.386 Y-12.215 Z0.600 F5400 A55.66821; Inset 
G1 X-18.692 Y-12.722 Z0.600 F5400 A55.68891; Inset 
G1 X-18.989 Y-13.491 Z0.600 F5400 A55.71775; Inset 
G1 X-18.730 Y-13.976 Z0.600 F5400 A55.73698; Inset 
G1 X-18.413 Y-14.048 Z0.600 F5400 A55.74834; Inset 
G1 X-18.307 Y-14.125 Z0.600 F5400 A55.75292; Inset 
G1 X-18.292 Y-14.182 Z0.600 F5400 A55.75501; Inset 
G1 X-18.315 Y-14.273 Z0.600 F5400 A55.75829; Inset 
G1 X-18.413 Y-14.341 Z0.600 F5400 A55.76245; Inset 
G1 X-18.730 Y-14.412 Z0.600 F5400 A55.77381; Inset 
G1 X-18.989 Y-14.897 Z0.600 F5400 A55.79304; Inset 
G1 X-18.692 Y-15.667 Z0.600 F5400 A55.82188; Inset 
G1 X-18.414 Y-16.135 Z0.600 F5400 A55.84090; Inset 
G1 X-18.069 Y-16.546 Z0.600 F5400 A55.85968; Inset 
G1 X-17.662 Y-16.897 Z0.600 F5400 A55.87846; Inset 
G1 X-17.662 Y-16.897 Z0.600 F1500 A54.57846; Retract 
G1 X-17.662 Y-16.897 Z0.600 F3000; Retract 
G1 X-17.409 Y-16.587 Z0.600 F9000; Travel Move 
G1 X-17.409 Y-16.587 Z0.600 F1500 A55.87846; Restart 
G1 X-17.003 Y-16.833 Z0.600 F2400 A55.89505; Inset 
G1 X-16.299 Y-17.105 Z0.600 F2400 A55.92143; Inset 
G1 X-16.170 Y-16.695 Z0.600 F2400 A55.93649; Inset 
G1 X-16.059 Y-16.547 Z0.600 F2400 A55.94292; Inset 
G1 X-15.907 Y-16.445 Z0.600 F2400 A55.94934; Inset 
G1 X-15.721 Y-16.397 Z0.600 F2400 A55.95607; Inset 
G1 X-15.459 Y-16.445 Z0.600 F2400 A55.96537; Inset 
G1 X-15.306 Y-16.547 Z0.600 F2400 A55.97179; Inset 
G1 X-15.196 Y-16.695 Z0.600 F2400 A55.97822; Inset 
G1 X-15.066 Y-17.105 Z0.600 F2400 A55.99328; Inset 
G1 X-14.363 Y-16.833 Z0.600 F2400 A56.01966; Inset 
G1 X-13.957 Y-16.587 Z0.600 F2400 A56.03625; Inset 
G1 X-13.596 Y-16.281 Z0.600 F2400 A56.05279; Inset 
G1 X-13.290 Y-15.920 Z0.600 F2400 A56.06934; Inset 
G1 X-13.044 Y-15.514 Z0.600 F2400 A56.08593; Inset 
G1 X-12.772 Y-14.811 Z0.600 F2400 A56.11231; Inset 
G1 X-13.191 Y-14.679 Z0.600 F2400 A56.12767; Inset 
G1 X-13.387 Y-14.499 Z0.600 F2400 A56.13698; Inset 
G1 X-13.463 Y-14.331 Z0.600 F2400 A56.14340; Inset 
G1 X-13.478 Y-14.148 Z0.600 F2400 A56.14982; Inset 
G1 X-13.393 Y-13.896 Z0.600 F2400 A56.15913; Inset 
G1 X-13.191 Y-13.710 Z0.600 F2400 A56.16873; Inset 
G1 X-12.772 Y-13.578 Z0.600 F2400 A56.18410; Inset 
G1 X-13.044 Y-12.874 Z0.600 F2400 A56.21048; Inset 
G1 X-13.290 Y-12.468 Z0.600 F2400 A56.22707; Inset 
G1 X-13.596 Y-12.108 Z0.600 F2400 A56.24361; Inset 
G1 X-13.957 Y-11.801 Z0.600 F2400 A56.26016; Inset 
G1 X-14.363 Y-11.555 Z0.600 F2400 A56.27675; Inset 
G1 X-15.084 Y-11.276 Z0.600 F2400 A56.30379; Inset 
G1 X-15.157 Y-11.601 Z0.600 F2400 A56.31542; Inset 
G1 X-15.245 Y-11.772 Z0.600 F2400 A56.32215; Inset 
G1 X-15.378 Y-11.899 Z0.600 F2400 A56.32857; Inset 
G1 X-15.546 Y-11.974 Z0.600 F2400 A56.33500; Inset 
G1 X-15.738 Y-11.990 Z0.600 F2400 A56.34172; Inset 
G1 X-15.987 Y-11.899 Z0.600 F2400 A56.35102; Inset 
G1 X-16.121 Y-11.772 Z0.600 F2400 A56.35745; Inset 
G1 X-16.209 Y-11.601 Z0.600 F2400 A56.36417; Inset 
G1 X-16.282 Y-11.276 Z0.600 F2400 A56.37581; Inset 
G1 X-17.003 Y-11.555 Z0.600 F2400 A56.40285; Inset 
G1 X-17.409 Y-11.801 Z0.600 F2400 A56.41944; Inset 
G1 X-17.769 Y-12.108 Z0.600 F2400 A56.43599; Inset 
G1 X-18.076 Y-12.468 Z0.600 F2400 A56.45253; Inset 
G1 X-18.322 Y-12.874 Z0.600 F2400 A56.46912; Inset 
G1 X-18.601 Y-13.596 Z0.600 F2400 A56.49616; Inset 
G1 X-18.276 Y-13.669 Z0.600 F2400 A56.50780; Inset 
G1 X-18.105 Y-13.756 Z0.600 F2400 A56.51452; Inset 
G1 X-17.972 Y-13.896 Z0.600 F2400 A56.52125; Inset 
G1 X-17.888 Y-14.148 Z0.600 F2400 A56.53055; Inset 
G1 X-17.903 Y-14.331 Z0.600 F2400 A56.53697; Inset 
G1 X-17.978 Y-14.499 Z0.600 F2400 A56.54340; Inset 
G1 X-18.105 Y-14.632 Z0.600 F2400 A56.54982; Inset 
G1 X-18.276 Y-14.720 Z0.600 F2400 A56.55655; Inset 
G1 X-18.601 Y-14.793 Z0.600 F2400 A56.56819; Inset 
G1 X-18.322 Y-15.514 Z0.600 F2400 A56.59522; Inset 
G1 X-18.076 Y-15.920 Z0.600 F2400 A56.61182; Inset 
G1 X-17.769 Y-16.281 Z0.600 F2400 A56.62836; Inset 
G1 X-17.409 Y-16.587 Z0.600 F2400 A56.64490; Inset 
G1 X-17.409 Y-16.587 Z0.600 F1500 A55.34490; Retract 
G1 X-17.409 Y-16.587 Z0.600 F3000; Retract 
G1 X-18.661 Y-18.208 Z0.600 F9000; Travel Move 
G1 X-18.661 Y-18.208 Z0.600 F1500 A56.64490; Restart 
G1 X-19.106 Y-17.837 Z0.600 F5400 A56.66515; Inset 
G1 X-19.504 Y-17.416 Z0.600 F5400 A56.68540; Inset 
G1 X-19.851 Y-16.953 Z0.600 F5400 A56.70565; Inset 
G1 X-20.142 Y-16.452 Z0.600 F5400 A56.72591; Inset 
G1 X-20.373 Y-15.921 Z0.600 F5400 A56.74615; Inset 
G1 X-20.542 Y-15.367 Z0.600 F5400 A56.76641; Inset 
G1 X-20.645 Y-14.797 Z0.600 F5400 A56.78666; Inset 
G1 X-20.681 Y-14.218 Z0.600 F5400 A56.80691; Inset 
G1 X-20.650 Y-13.640 Z0.600 F5400 A56.82716; Inset 
G1 X-20.553 Y-13.069 Z0.600 F5400 A56.84741; Inset 
G1 X-20.390 Y-12.513 Z0.600 F5400 A56.86766; Inset 
G1 X-20.164 Y-11.980 Z0.600 F5400 A56.88791; Inset 
G1 X-19.877 Y-11.476 Z0.600 F5400 A56.90816; Inset 
G1 X-19.535 Y-11.009 Z0.600 F5400 A56.92841; Inset 
G1 X-19.140 Y-10.585 Z0.600 F5400 A56.94866; Inset 
G1 X-18.700 Y-10.209 Z0.600 F5400 A56.96892; Inset 
G1 X-18.218 Y-9.887 Z0.600 F5400 A56.98917; Inset 
G1 X-17.703 Y-9.622 Z0.600 F5400 A57.00942; Inset 
G1 X-17.160 Y-9.419 Z0.600 F5400 A57.02967; Inset 
G1 X-16.598 Y-9.281 Z0.600 F5400 A57.04992; Inset 
G1 X-16.023 Y-9.208 Z0.600 F5400 A57.07017; Inset 
G1 X-15.444 Y-9.202 Z0.600 F5400 A57.09042; Inset 
G1 X-14.868 Y-9.263 Z0.600 F5400 A57.11067; Inset 
G1 X-14.303 Y-9.390 Z0.600 F5400 A57.13092; Inset 
G1 X-13.774 Y-9.576 Z0.600 F5400 A57.15052; Inset 
G1 X-12.729 Y-10.134 Z0.600 F5400 A57.19196; Inset 
G1 X-12.489 Y-10.194 Z0.600 F5400 A57.20058; Inset 
G1 X-3.926 Y-10.194 Z0.600 F5400 A57.49996; Inset 
G1 X-3.331 Y-9.545 Z0.600 F5400 A57.53076; Inset 
G1 X-4.096 Y-0.940 Z0.600 F5400 A57.83276; Inset 
G1 X-4.091 Y-0.873 Z0.600 F5400 A57.83509; Inset 
G1 X-3.471 Y-0.626 Z0.600 F5400 A57.85843; Inset 
G1 X-3.056 Y-5.304 Z0.600 F5400 A58.02259; Inset 
G1 X-2.865 Y-6.073 Z0.600 F5400 A58.05030; Inset 
G1 X-2.571 Y-6.732 Z0.600 F5400 A58.07554; Inset 
G1 X-2.222 Y-7.265 Z0.600 F5400 A58.09781; Inset 
G1 X-1.735 Y-7.798 Z0.600 F5400 A58.12305; Inset 
G1 X-1.165 Y-8.242 Z0.600 F5400 A58.14828; Inset 
G1 X-0.529 Y-8.582 Z0.600 F5400 A58.17352; Inset 
G1 X0.156 Y-8.810 Z0.600 F5400 A58.19875; Inset 
G1 X0.870 Y-8.919 Z0.600 F5400 A58.22399; Inset 
G1 X1.591 Y-8.905 Z0.600 F5400 A58.24922; Inset 
G1 X2.382 Y-8.746 Z0.600 F5400 A58.27742; Inset 
G1 X3.053 Y-8.480 Z0.600 F5400 A58.30265; Inset 
G1 X3.600 Y-8.153 Z0.600 F5400 A58.32493; Inset 
G1 X4.153 Y-7.689 Z0.600 F5400 A58.35016; Inset 
G1 X4.619 Y-7.138 Z0.600 F5400 A58.37540; Inset 
G1 X5.022 Y-6.440 Z0.600 F5400 A58.40359; Inset 
G1 X5.242 Y-5.842 Z0.600 F5400 A58.42587; Inset 
G1 X5.381 Y-5.134 Z0.600 F5400 A58.45110; Inset 
G1 X5.396 Y-4.378 Z0.600 F5400 A58.47752; Inset 
G1 X4.855 Y1.705 Z0.600 F5400 A58.69102; Inset 
G1 X5.482 Y1.804 Z0.600 F5400 A58.71322; Inset 
G1 X5.822 Y-1.867 Z0.600 F5400 A58.84210; Inset 
G1 X6.124 Y-2.300 Z0.600 F5400 A58.86057; Inset 
G1 X8.503 Y-3.437 Z0.600 F5400 A58.95273; Inset 
G1 X9.104 Y-3.835 Z0.600 F5400 A58.97793; Inset 
G1 X9.973 Y-4.577 Z0.600 F5400 A59.01788; Inset 
G1 X6.911 Y-6.561 Z0.600 F5400 A59.14542; Inset 
G1 X6.487 Y-7.053 Z0.600 F5400 A59.16815; Inset 
G1 X6.407 Y-7.197 Z0.600 F5400 A59.17388; Inset 
G1 X6.235 Y-7.697 Z0.600 F5400 A59.19239; Inset 
G1 X5.337 Y-12.604 Z0.600 F5400 A59.36677; Inset 
G1 X5.188 Y-12.311 Z0.600 F5400 A59.37824; Inset 
G1 X4.741 Y-11.803 Z0.600 F5400 A59.40192; Inset 
G1 X4.608 Y-11.696 Z0.600 F5400 A59.40787; Inset 
G1 X3.917 Y-11.328 Z0.600 F5400 A59.43523; Inset 
G1 X3.421 Y-11.216 Z0.600 F5400 A59.45301; Inset 
G1 X2.765 Y-11.216 Z0.600 F5400 A59.47594; Inset 
G1 X2.598 Y-11.245 Z0.600 F5400 A59.48189; Inset 
G1 X1.959 Y-11.470 Z0.600 F5400 A59.50557; Inset 
G1 X1.810 Y-11.553 Z0.600 F5400 A59.51152; Inset 
G1 X1.300 Y-11.965 Z0.600 F5400 A59.53445; Inset 
G1 X0.985 Y-12.365 Z0.600 F5400 A59.55223; Inset 
G1 X0.686 Y-13.065 Z0.600 F5400 A59.57884; Inset 
G1 X0.605 Y-13.567 Z0.600 F5400 A59.59663; Inset 
G1 X0.689 Y-14.345 Z0.600 F5400 A59.62399; Inset 
G1 X0.738 Y-14.508 Z0.600 F5400 A59.62994; Inset 
G1 X1.043 Y-15.113 Z0.600 F5400 A59.65361; Inset 
G1 X1.145 Y-15.249 Z0.600 F5400 A59.65956; Inset 
G1 X1.634 Y-15.718 Z0.600 F5400 A59.68324; Inset 
G1 X1.775 Y-15.813 Z0.600 F5400 A59.68919; Inset 
G1 X2.392 Y-16.092 Z0.600 F5400 A59.71287; Inset 
G1 X2.556 Y-16.135 Z0.600 F5400 A59.71882; Inset 
G1 X3.123 Y-16.183 Z0.600 F5400 A59.73870; Inset 
G1 X2.975 Y-16.194 Z0.600 F5400 A59.74388; Inset 
G1 X-10.731 Y-16.194 Z0.600 F5400 A60.22304; Inset 
G1 X-11.164 Y-16.420 Z0.600 F5400 A60.24012; Inset 
G1 X-11.876 Y-17.432 Z0.600 F5400 A60.28340; Inset 
G1 X-12.264 Y-17.841 Z0.600 F5400 A60.30310; Inset 
G1 X-12.709 Y-18.212 Z0.600 F5400 A60.32335; Inset 
G1 X-13.194 Y-18.529 Z0.600 F5400 A60.34360; Inset 
G1 X-13.712 Y-18.788 Z0.600 F5400 A60.36385; Inset 
G1 X-14.257 Y-18.985 Z0.600 F5400 A60.38410; Inset 
G1 X-14.821 Y-19.118 Z0.600 F5400 A60.40435; Inset 
G1 X-15.396 Y-19.184 Z0.600 F5400 A60.42460; Inset 
G1 X-15.975 Y-19.184 Z0.600 F5400 A60.44486; Inset 
G1 X-16.551 Y-19.117 Z0.600 F5400 A60.46510; Inset 
G1 X-17.114 Y-18.983 Z0.600 F5400 A60.48536; Inset 
G1 X-17.659 Y-18.786 Z0.600 F5400 A60.50561; Inset 
G1 X-18.177 Y-18.526 Z0.600 F5400 A60.52586; Inset 
G1 X-18.661 Y-18.208 Z0.600 F5400 A60.54611; Inset 
G1 X-18.661 Y-18.208 Z0.600 F1500 A59.24611; Retract 
G1 X-18.661 Y-18.208 Z0.600 F3000; Retract 
G1 X1.970 Y-15.463 Z0.600 F9000; Travel Move 
G1 X1.970 Y-15.463 Z0.600 F1500 A60.54611; Restart 
G1 X2.624 Y-15.739 Z0.600 F5400 A60.57093; Inset 
G1 X3.295 Y-15.787 Z0.600 F5400 A60.59443; Inset 
G1 X3.694 Y-15.708 Z0.600 F5400 A60.60866; Inset 
G1 X4.291 Y-15.428 Z0.600 F5400 A60.63172; Inset 
G1 X4.602 Y-15.165 Z0.600 F5400 A60.64594; Inset 
G1 X5.002 Y-14.594 Z0.600 F5400 A60.67032; Inset 
G1 X5.193 Y-13.910 Z0.600 F5400 A60.69514; Inset 
G1 X5.146 Y-13.202 Z0.600 F5400 A60.71996; Inset 
G1 X4.865 Y-12.550 Z0.600 F5400 A60.74479; Inset 
G1 X4.463 Y-12.093 Z0.600 F5400 A60.76608; Inset 
G1 X3.863 Y-11.738 Z0.600 F5400 A60.79046; Inset 
G1 X3.472 Y-11.626 Z0.600 F5400 A60.80468; Inset 
G1 X2.799 Y-11.616 Z0.600 F5400 A60.82819; Inset 
G1 X2.124 Y-11.836 Z0.600 F5400 A60.85301; Inset 
G1 X1.571 Y-12.261 Z0.600 F5400 A60.87738; Inset 
G1 X1.322 Y-12.582 Z0.600 F5400 A60.89161; Inset 
G1 X1.067 Y-13.190 Z0.600 F5400 A60.91467; Inset 
G1 X1.005 Y-13.669 Z0.600 F5400 A60.93154; Inset 
G1 X1.111 Y-14.358 Z0.600 F5400 A60.95592; Inset 
G1 X1.446 Y-14.984 Z0.600 F5400 A60.98074; Inset 
G1 X1.970 Y-15.463 Z0.600 F5400 A61.00556; Inset 
G1 X1.970 Y-15.463 Z0.600 F1500 A59.70556; Retract 
G1 X1.970 Y-15.463 Z0.600 F3000; Retract 
G1 X2.150 Y-15.105 Z0.600 F9000; Travel Move 
G1 X2.150 Y-15.105 Z0.600 F1500 A61.00556; Restart 
G1 X2.675 Y-15.342 Z0.600 F2400 A61.02568; Inset 
G1 X3.240 Y-15.390 Z0.600 F2400 A61.04550; Inset 
G1 X3.541 Y-15.339 Z0.600 F2400 A61.05619; Inset 
G1 X4.050 Y-15.109 Z0.600 F2400 A61.07570; Inset 
G1 X4.287 Y-14.917 Z0.600 F2400 A61.08639; Inset 
G1 X4.625 Y-14.461 Z0.600 F2400 A61.10621; Inset 
G1 X4.793 Y-13.911 Z0.600 F2400 A61.12633; Inset 
G1 X4.769 Y-13.336 Z0.600 F2400 A61.14645; Inset 
G1 X4.554 Y-12.801 Z0.600 F2400 A61.16658; Inset 
G1 X4.174 Y-12.369 Z0.600 F2400 A61.18670; Inset 
G1 X3.679 Y-12.093 Z0.600 F2400 A61.20652; Inset 
G1 X3.383 Y-12.016 Z0.600 F2400 A61.21720; Inset 
G1 X2.816 Y-12.016 Z0.600 F2400 A61.23702; Inset 
G1 X2.273 Y-12.208 Z0.600 F2400 A61.25714; Inset 
G1 X1.832 Y-12.564 Z0.600 F2400 A61.27696; Inset 
G1 X1.651 Y-12.810 Z0.600 F2400 A61.28765; Inset 
G1 X1.443 Y-13.328 Z0.600 F2400 A61.30716; Inset 
G1 X1.404 Y-13.631 Z0.600 F2400 A61.31785; Inset 
G1 X1.476 Y-14.193 Z0.600 F2400 A61.33767; Inset 
M73 P10; Update Progress 
G1 X1.735 Y-14.707 Z0.600 F2400 A61.35779; Inset 
G1 X2.150 Y-15.105 Z0.600 F2400 A61.37791; Inset 
G1 X2.150 Y-15.105 Z0.600 F1500 A60.07791; Retract 
G1 X2.150 Y-15.105 Z0.600 F3000; Retract 
G1 X-18.900 Y-18.530 Z0.600 F9000; Travel Move 
G1 X-18.900 Y-18.530 Z0.600 F1500 A61.37791; Restart 
G1 X-19.380 Y-18.129 Z0.600 F5400 A61.39979; Inset 
G1 X-19.810 Y-17.675 Z0.600 F5400 A61.42167; Inset 
G1 X-20.185 Y-17.174 Z0.600 F5400 A61.44354; Inset 
G1 X-20.500 Y-16.633 Z0.600 F5400 A61.46541; Inset 
G1 X-20.750 Y-16.059 Z0.600 F5400 A61.48729; Inset 
G1 X-20.931 Y-15.461 Z0.600 F5400 A61.50916; Inset 
G1 X-21.042 Y-14.845 Z0.600 F5400 A61.53103; Inset 
G1 X-21.082 Y-14.220 Z0.600 F5400 A61.55291; Inset 
G1 X-21.048 Y-13.596 Z0.600 F5400 A61.57478; Inset 
G1 X-20.943 Y-12.979 Z0.600 F5400 A61.59666; Inset 
G1 X-20.767 Y-12.378 Z0.600 F5400 A61.61853; Inset 
G1 X-20.523 Y-11.802 Z0.600 F5400 A61.64041; Inset 
G1 X-20.214 Y-11.258 Z0.600 F5400 A61.66228; Inset 
G1 X-19.844 Y-10.754 Z0.600 F5400 A61.68415; Inset 
G1 X-19.418 Y-10.296 Z0.600 F5400 A61.70603; Inset 
G1 X-18.941 Y-9.890 Z0.600 F5400 A61.72790; Inset 
G1 X-18.422 Y-9.542 Z0.600 F5400 A61.74977; Inset 
G1 X-17.865 Y-9.256 Z0.600 F5400 A61.77165; Inset 
G1 X-17.279 Y-9.037 Z0.600 F5400 A61.79352; Inset 
G1 X-16.671 Y-8.887 Z0.600 F5400 A61.81540; Inset 
G1 X-16.051 Y-8.808 Z0.600 F5400 A61.83727; Inset 
G1 X-15.425 Y-8.802 Z0.600 F5400 A61.85915; Inset 
G1 X-14.803 Y-8.868 Z0.600 F5400 A61.88102; Inset 
G1 X-14.192 Y-9.005 Z0.600 F5400 A61.90289; Inset 
G1 X-13.613 Y-9.209 Z0.600 F5400 A61.92438; Inset 
G1 X-12.584 Y-9.758 Z0.600 F5400 A61.96516; Inset 
G1 X-12.440 Y-9.794 Z0.600 F5400 A61.97033; Inset 
G1 X-4.102 Y-9.794 Z0.600 F5400 A62.26184; Inset 
G1 X-3.745 Y-9.404 Z0.600 F5400 A62.28031; Inset 
G1 X-4.497 Y-0.944 Z0.600 F5400 A62.57726; Inset 
G1 X-4.485 Y-0.773 Z0.600 F5400 A62.58325; Inset 
G1 X-4.430 Y-0.636 Z0.600 F5400 A62.58840; Inset 
G1 X-4.314 Y-0.532 Z0.600 F5400 A62.59386; Inset 
G1 X-3.120 Y-0.056 Z0.600 F5400 A62.63879; Inset 
G1 X-2.658 Y-5.253 Z0.600 F5400 A62.82119; Inset 
G1 X-2.508 Y-5.881 Z0.600 F5400 A62.84376; Inset 
G1 X-2.251 Y-6.483 Z0.600 F5400 A62.86663; Inset 
G1 X-1.897 Y-7.032 Z0.600 F5400 A62.88949; Inset 
G1 X-1.454 Y-7.513 Z0.600 F5400 A62.91235; Inset 
G1 X-0.937 Y-7.913 Z0.600 F5400 A62.93521; Inset 
G1 X-0.359 Y-8.220 Z0.600 F5400 A62.95807; Inset 
G1 X0.262 Y-8.424 Z0.600 F5400 A62.98093; Inset 
G1 X0.909 Y-8.520 Z0.600 F5400 A63.00380; Inset 
G1 X1.563 Y-8.506 Z0.600 F5400 A63.02666; Inset 
G1 X2.205 Y-8.381 Z0.600 F5400 A63.04952; Inset 
G1 X2.816 Y-8.150 Z0.600 F5400 A63.07238; Inset 
G1 X3.380 Y-7.818 Z0.600 F5400 A63.09524; Inset 
G1 X3.880 Y-7.396 Z0.600 F5400 A63.11810; Inset 
G1 X4.301 Y-6.896 Z0.600 F5400 A63.14097; Inset 
G1 X4.631 Y-6.332 Z0.600 F5400 A63.16383; Inset 
G1 X4.861 Y-5.720 Z0.600 F5400 A63.18669; Inset 
G1 X4.985 Y-5.077 Z0.600 F5400 A63.20955; Inset 
G1 X4.996 Y-4.403 Z0.600 F5400 A63.23312; Inset 
G1 X4.424 Y2.036 Z0.600 F5400 A63.45911; Inset 
G1 X5.387 Y2.205 Z0.600 F5400 A63.49331; Inset 
G1 X5.585 Y2.203 Z0.600 F5400 A63.50023; Inset 
G1 X5.735 Y2.126 Z0.600 F5400 A63.50611; Inset 
G1 X5.821 Y2.032 Z0.600 F5400 A63.51058; Inset 
G1 X5.874 Y1.914 Z0.600 F5400 A63.51509; Inset 
G1 X6.211 Y-1.725 Z0.600 F5400 A63.64285; Inset 
G1 X6.392 Y-1.985 Z0.600 F5400 A63.65393; Inset 
G1 X8.701 Y-3.088 Z0.600 F5400 A63.74338; Inset 
G1 X9.345 Y-3.515 Z0.600 F5400 A63.77041; Inset 
G1 X10.640 Y-4.621 Z0.600 F5400 A63.82995; Inset 
G1 X7.156 Y-6.879 Z0.600 F5400 A63.97510; Inset 
G1 X6.820 Y-7.277 Z0.600 F5400 A63.99329; Inset 
G1 X6.625 Y-7.785 Z0.600 F5400 A64.01234; Inset 
G1 X5.377 Y-14.604 Z0.600 F5400 A64.25468; Inset 
G1 X5.282 Y-14.970 Z0.600 F5400 A64.26789; Inset 
G1 X5.125 Y-15.329 Z0.600 F5400 A64.28160; Inset 
G1 X4.935 Y-15.628 Z0.600 F5400 A64.29397; Inset 
G1 X4.673 Y-15.924 Z0.600 F5400 A64.30782; Inset 
G1 X4.400 Y-16.150 Z0.600 F5400 A64.32020; Inset 
G1 X4.057 Y-16.352 Z0.600 F5400 A64.33410; Inset 
G1 X3.735 Y-16.481 Z0.600 F5400 A64.34623; Inset 
G1 X3.361 Y-16.567 Z0.600 F5400 A64.35967; Inset 
G1 X2.990 Y-16.594 Z0.600 F5400 A64.37265; Inset 
G1 X-10.633 Y-16.594 Z0.600 F5400 A64.84893; Inset 
G1 X-10.893 Y-16.729 Z0.600 F5400 A64.85917; Inset 
G1 X-11.566 Y-17.686 Z0.600 F5400 A64.90007; Inset 
G1 X-11.990 Y-18.133 Z0.600 F5400 A64.92161; Inset 
G1 X-12.471 Y-18.534 Z0.600 F5400 A64.94349; Inset 
G1 X-12.994 Y-18.876 Z0.600 F5400 A64.96536; Inset 
G1 X-13.554 Y-19.156 Z0.600 F5400 A64.98723; Inset 
G1 X-14.143 Y-19.369 Z0.600 F5400 A65.00911; Inset 
G1 X-14.752 Y-19.512 Z0.600 F5400 A65.03098; Inset 
G1 X-15.373 Y-19.584 Z0.600 F5400 A65.05285; Inset 
G1 X-15.999 Y-19.584 Z0.600 F5400 A65.07473; Inset 
G1 X-16.620 Y-19.511 Z0.600 F5400 A65.09660; Inset 
G1 X-17.229 Y-19.367 Z0.600 F5400 A65.11848; Inset 
G1 X-17.817 Y-19.154 Z0.600 F5400 A65.14035; Inset 
G1 X-18.377 Y-18.873 Z0.600 F5400 A65.16223; Inset 
G1 X-18.900 Y-18.530 Z0.600 F5400 A65.18410; Inset 
G1 X-18.900 Y-18.530 Z0.600 F1500 A63.88410; Retract 
G1 X-18.900 Y-18.530 Z0.600 F3000; Retract 
G1 X-19.139 Y-18.852 Z0.600 F9000; Travel Move 
G1 X-19.139 Y-18.852 Z0.600 F1500 A65.18410; Restart 
G1 X-19.654 Y-18.421 Z0.600 F2400 A65.20760; Inset 
G1 X-20.117 Y-17.933 Z0.600 F2400 A65.23109; Inset 
G1 X-20.519 Y-17.395 Z0.600 F2400 A65.25459; Inset 
G1 X-20.857 Y-16.814 Z0.600 F2400 A65.27809; Inset 
G1 X-21.126 Y-16.198 Z0.600 F2400 A65.30159; Inset 
G1 X-21.321 Y-15.555 Z0.600 F2400 A65.32508; Inset 
G1 X-21.440 Y-14.893 Z0.600 F2400 A65.34858; Inset 
G1 X-21.482 Y-14.222 Z0.600 F2400 A65.37208; Inset 
G1 X-21.447 Y-13.551 Z0.600 F2400 A65.39558; Inset 
G1 X-21.334 Y-12.889 Z0.600 F2400 A65.41907; Inset 
G1 X-21.145 Y-12.243 Z0.600 F2400 A65.44257; Inset 
G1 X-20.882 Y-11.625 Z0.600 F2400 A65.46606; Inset 
G1 X-20.550 Y-11.040 Z0.600 F2400 A65.48957; Inset 
G1 X-20.152 Y-10.499 Z0.600 F2400 A65.51306; Inset 
G1 X-19.695 Y-10.006 Z0.600 F2400 A65.53656; Inset 
G1 X-19.183 Y-9.570 Z0.600 F2400 A65.56006; Inset 
G1 X-18.625 Y-9.196 Z0.600 F2400 A65.58356; Inset 
G1 X-18.027 Y-8.889 Z0.600 F2400 A65.60705; Inset 
G1 X-17.397 Y-8.654 Z0.600 F2400 A65.63055; Inset 
G1 X-16.745 Y-8.493 Z0.600 F2400 A65.65405; Inset 
G1 X-16.078 Y-8.408 Z0.600 F2400 A65.67755; Inset 
G1 X-15.406 Y-8.401 Z0.600 F2400 A65.70104; Inset 
G1 X-14.737 Y-8.472 Z0.600 F2400 A65.72454; Inset 
G1 X-14.082 Y-8.620 Z0.600 F2400 A65.74804; Inset 
G1 X-13.451 Y-8.841 Z0.600 F2400 A65.77141; Inset 
G1 X-12.416 Y-9.394 Z0.600 F2400 A65.81243; Inset 
G1 X-4.148 Y-9.394 Z0.600 F2400 A66.10150; Inset 
G1 X-4.898 Y-0.948 Z0.600 F2400 A66.39796; Inset 
G1 X-4.880 Y-0.682 Z0.600 F2400 A66.40727; Inset 
G1 X-4.783 Y-0.442 Z0.600 F2400 A66.41631; Inset 
G1 X-4.525 Y-0.185 Z0.600 F2400 A66.42905; Inset 
G1 X-2.770 Y0.514 Z0.600 F2400 A66.49511; Inset 
G1 X-2.261 Y-5.210 Z0.600 F2400 A66.69601; Inset 
G1 X-2.122 Y-5.778 Z0.600 F2400 A66.71644; Inset 
G1 X-1.888 Y-6.315 Z0.600 F2400 A66.73693; Inset 
G1 X-1.567 Y-6.806 Z0.600 F2400 A66.75742; Inset 
G1 X-1.167 Y-7.235 Z0.600 F2400 A66.77792; Inset 
G1 X-0.701 Y-7.590 Z0.600 F2400 A66.79841; Inset 
G1 X-0.181 Y-7.861 Z0.600 F2400 A66.81890; Inset 
G1 X0.377 Y-8.041 Z0.600 F2400 A66.83940; Inset 
G1 X0.957 Y-8.123 Z0.600 F2400 A66.85989; Inset 
G1 X1.543 Y-8.106 Z0.600 F2400 A66.88038; Inset 
G1 X2.118 Y-7.991 Z0.600 F2400 A66.90087; Inset 
G1 X2.665 Y-7.780 Z0.600 F2400 A66.92137; Inset 
G1 X3.168 Y-7.479 Z0.600 F2400 A66.94186; Inset 
G1 X3.613 Y-7.098 Z0.600 F2400 A66.96235; Inset 
G1 X3.988 Y-6.647 Z0.600 F2400 A66.98284; Inset 
G1 X4.280 Y-6.139 Z0.600 F2400 A67.00334; Inset 
G1 X4.483 Y-5.589 Z0.600 F2400 A67.02383; Inset 
G1 X4.590 Y-5.013 Z0.600 F2400 A67.04432; Inset 
G1 X4.597 Y-4.434 Z0.600 F2400 A67.06458; Inset 
G1 X3.993 Y2.366 Z0.600 F2400 A67.30323; Inset 
G1 X5.354 Y2.605 Z0.600 F2400 A67.35153; Inset 
G1 X5.638 Y2.603 Z0.600 F2400 A67.36145; Inset 
G1 X5.748 Y2.574 Z0.600 F2400 A67.36545; Inset 
G1 X5.984 Y2.446 Z0.600 F2400 A67.37483; Inset 
G1 X6.161 Y2.255 Z0.600 F2400 A67.38394; Inset 
G1 X6.266 Y2.016 Z0.600 F2400 A67.39304; Inset 
G1 X6.605 Y-1.643 Z0.600 F2400 A67.52153; Inset 
G1 X8.898 Y-2.739 Z0.600 F2400 A67.61038; Inset 
G1 X9.586 Y-3.195 Z0.600 F2400 A67.63924; Inset 
G1 X10.992 Y-4.396 Z0.600 F2400 A67.70387; Inset 
G1 X11.090 Y-4.543 Z0.600 F2400 A67.71005; Inset 
G1 X11.088 Y-4.729 Z0.600 F2400 A67.71655; Inset 
G1 X11.041 Y-4.815 Z0.600 F2400 A67.71999; Inset 
G1 X10.955 Y-4.893 Z0.600 F2400 A67.72404; Inset 
G1 X7.387 Y-7.206 Z0.600 F2400 A67.87270; Inset 
G1 X7.144 Y-7.513 Z0.600 F2400 A67.88639; Inset 
G1 X7.017 Y-7.865 Z0.600 F2400 A67.89949; Inset 
G1 X5.768 Y-14.691 Z0.600 F2400 A68.14207; Inset 
G1 X5.661 Y-15.101 Z0.600 F2400 A68.15688; Inset 
G1 X5.479 Y-15.517 Z0.600 F2400 A68.17277; Inset 
G1 X5.256 Y-15.869 Z0.600 F2400 A68.18734; Inset 
G1 X4.952 Y-16.213 Z0.600 F2400 A68.20338; Inset 
G1 X4.630 Y-16.479 Z0.600 F2400 A68.21796; Inset 
G1 X4.234 Y-16.712 Z0.600 F2400 A68.23403; Inset 
G1 X3.855 Y-16.864 Z0.600 F2400 A68.24832; Inset 
G1 X3.420 Y-16.963 Z0.600 F2400 A68.26390; Inset 
G1 X3.005 Y-16.994 Z0.600 F2400 A68.27847; Inset 
G1 X-10.591 Y-16.994 Z0.600 F2400 A68.75377; Inset 
G1 X-11.256 Y-17.941 Z0.600 F2400 A68.79420; Inset 
G1 X-11.716 Y-18.426 Z0.600 F2400 A68.81759; Inset 
G1 X-12.232 Y-18.856 Z0.600 F2400 A68.84108; Inset 
G1 X-12.795 Y-19.224 Z0.600 F2400 A68.86458; Inset 
G1 X-13.396 Y-19.524 Z0.600 F2400 A68.88807; Inset 
G1 X-14.028 Y-19.753 Z0.600 F2400 A68.91158; Inset 
G1 X-14.682 Y-19.907 Z0.600 F2400 A68.93507; Inset 
G1 X-15.350 Y-19.984 Z0.600 F2400 A68.95857; Inset 
G1 X-16.022 Y-19.984 Z0.600 F2400 A68.98206; Inset 
G1 X-16.690 Y-19.906 Z0.600 F2400 A69.00556; Inset 
G1 X-17.344 Y-19.751 Z0.600 F2400 A69.02906; Inset 
G1 X-17.975 Y-19.522 Z0.600 F2400 A69.05255; Inset 
M73 P11; Update Progress 
G1 X-18.577 Y-19.221 Z0.600 F2400 A69.07606; Inset 
G1 X-19.139 Y-18.852 Z0.600 F2400 A69.09955; Inset 
G1 X-19.139 Y-18.852 Z0.600 F1500 A67.79955; Retract 
G1 X-19.139 Y-18.852 Z0.600 F3000; Retract 
G1 X-18.363 Y-18.062 Z0.600 F9000; Travel Move 
G1 X-18.363 Y-18.062 Z0.600 F1500 A69.09955; Restart 
G1 X-17.870 Y-17.570 Z0.600 F5400 A69.12390; Infill 
G1 X-18.200 Y-17.339 Z0.600 F5400 A69.13795; Connection 
G1 X-18.680 Y-17.820 Z0.600 F5400 A69.16173; Infill 
G1 X-18.977 Y-17.556 Z0.600 F5400 A69.17560; Connection 
G1 X-18.499 Y-17.078 Z0.600 F5400 A69.19924; Infill 
G1 X-18.764 Y-16.783 Z0.600 F5400 A69.21311; Connection 
G1 X-19.250 Y-17.269 Z0.600 F5400 A69.23713; Infill 
G1 X-19.494 Y-16.953 Z0.600 F5400 A69.25109; Connection 
G1 X-19.012 Y-16.471 Z0.600 F5400 A69.27492; Infill 
G1 X-19.219 Y-16.118 Z0.600 F5400 A69.28922; Connection 
G1 X-19.716 Y-16.615 Z0.600 F5400 A69.31380; Infill 
G1 X-19.916 Y-16.255 Z0.600 F5400 A69.32820; Connection 
G1 X-19.400 Y-15.739 Z0.600 F5400 A69.35374; Infill 
G1 X-19.556 Y-15.335 Z0.600 F5400 A69.36888; Connection 
G1 X-20.086 Y-15.865 Z0.600 F5400 A69.39509; Infill 
G1 X-20.221 Y-15.440 Z0.600 F5400 A69.41069; Connection 
G1 X-19.712 Y-14.931 Z0.600 F5400 A69.43585; Infill 
G1 X-20.321 Y-14.980 Z0.600 F5400 A69.45721; Connection 
G1 X-19.442 Y-14.101 Z0.600 F5400 A69.50068; Infill 
G1 X-19.637 Y-13.736 Z0.600 F5400 A69.51515; Connection 
G1 X-20.378 Y-14.477 Z0.600 F5400 A69.55182; Infill 
G1 X-20.379 Y-13.918 Z0.600 F5400 A69.57138; Connection 
G1 X-19.581 Y-13.120 Z0.600 F5400 A69.61081; Infill 
G1 X-20.298 Y-13.277 Z0.600 F5400 A69.63646; Connection 
G1 X-19.104 Y-12.083 Z0.600 F5400 A69.69551; Infill 
G1 X-20.068 Y-12.487 Z0.600 F5400 A69.73206; Connection 
G1 X-17.393 Y-9.812 Z0.600 F5400 A69.86432; Infill 
G1 X-16.596 Y-9.575 Z0.600 F5400 A69.89340; Connection 
G1 X-17.783 Y-10.762 Z0.600 F5400 A69.95209; Infill 
G1 X-16.757 Y-10.296 Z0.600 F5400 A69.99147; Connection 
G1 X-15.954 Y-9.493 Z0.600 F5400 A70.03116; Infill 
G1 X-15.396 Y-9.495 Z0.600 F5400 A70.05069; Connection 
G1 X-16.142 Y-10.241 Z0.600 F5400 A70.08757; Infill 
G1 X-15.777 Y-10.435 Z0.600 F5400 A70.10204; Connection 
G1 X-14.892 Y-9.551 Z0.600 F5400 A70.14578; Infill 
G1 X-14.435 Y-9.654 Z0.600 F5400 A70.16216; Connection 
G1 X-14.946 Y-10.165 Z0.600 F5400 A70.18745; Infill 
G1 X-14.542 Y-10.321 Z0.600 F5400 A70.20259; Connection 
G1 X-14.015 Y-9.794 Z0.600 F5400 A70.22865; Infill 
G1 X-13.635 Y-9.974 Z0.600 F5400 A70.24335; Connection 
G1 X-14.139 Y-10.478 Z0.600 F5400 A70.26824; Infill 
G1 X-13.759 Y-10.658 Z0.600 F5400 A70.28293; Connection 
G1 X-13.270 Y-10.169 Z0.600 F5400 A70.30709; Infill 
G1 X-12.905 Y-10.364 Z0.600 F5400 A70.32156; Connection 
G1 X-13.406 Y-10.865 Z0.600 F5400 A70.34633; Infill 
G1 X-13.094 Y-11.113 Z0.600 F5400 A70.36027; Connection 
G1 X-12.461 Y-10.480 Z0.600 F5400 A70.39156; Infill 
G1 X-11.901 Y-10.480 Z0.600 F5400 A70.41114; Connection 
G1 X-12.799 Y-11.378 Z0.600 F5400 A70.45552; Infill 
G1 X-12.538 Y-11.678 Z0.600 F5400 A70.46940; Connection 
G1 X-11.341 Y-10.480 Z0.600 F5400 A70.52860; Infill 
G1 X-10.781 Y-10.480 Z0.600 F5400 A70.54817; Connection 
G1 X-12.308 Y-12.007 Z0.600 F5400 A70.62364; Infill 
G1 X-12.097 Y-12.356 Z0.600 F5400 A70.63790; Connection 
G1 X-10.221 Y-10.480 Z0.600 F5400 A70.73064; Infill 
G1 X-9.661 Y-10.480 Z0.600 F5400 A70.75022; Connection 
G1 X-11.928 Y-12.748 Z0.600 F5400 A70.86231; Infill 
G1 X-11.772 Y-13.152 Z0.600 F5400 A70.87745; Connection 
G1 X-9.101 Y-10.480 Z0.600 F5400 A71.00952; Infill 
G1 X-8.541 Y-10.480 Z0.600 F5400 A71.02909; Connection 
G1 X-11.697 Y-13.637 Z0.600 F5400 A71.18514; Infill 
G1 X-11.878 Y-14.377 Z0.600 F5400 A71.21178; Connection 
G1 X-7.981 Y-10.480 Z0.600 F5400 A71.40443; Infill 
G1 X-7.421 Y-10.480 Z0.600 F5400 A71.42401; Connection 
G1 X-11.696 Y-14.755 Z0.600 F5400 A71.63536; Infill 
G1 X-11.870 Y-15.489 Z0.600 F5400 A71.66172; Connection 
G1 X-6.861 Y-10.480 Z0.600 F5400 A71.90936; Infill 
G1 X-6.301 Y-10.480 Z0.600 F5400 A71.92893; Connection 
G1 X-14.590 Y-18.770 Z0.600 F5400 A72.33876; Infill 
G1 X-15.262 Y-18.881 Z0.600 F5400 A72.36255; Connection 
G1 X-14.388 Y-18.008 Z0.600 F5400 A72.40573; Infill 
G1 X-15.122 Y-18.181 Z0.600 F5400 A72.43210; Connection 
G1 X-15.839 Y-18.898 Z0.600 F5400 A72.46754; Infill 
G1 X-16.353 Y-18.852 Z0.600 F5400 A72.48557; Connection 
G1 X-15.500 Y-18.000 Z0.600 F5400 A72.52772; Infill 
G1 X-16.241 Y-18.180 Z0.600 F5400 A72.55436; Connection 
G1 X-16.820 Y-18.759 Z0.600 F5400 A72.58299; Infill 
G1 X-17.250 Y-18.630 Z0.600 F5400 A72.59871; Connection 
G1 X-16.726 Y-18.105 Z0.600 F5400 A72.62465; Infill 
G1 X-17.130 Y-17.949 Z0.600 F5400 A72.63979; Connection 
G1 X-17.650 Y-18.470 Z0.600 F5400 A72.66555; Infill 
G1 X-18.024 Y-18.283 Z0.600 F5400 A72.68014; Connection 
G1 X-17.521 Y-17.780 Z0.600 F5400 A72.70498; Infill 
G1 X-17.521 Y-17.780 Z0.600 F1500 A71.40498; Retract 
G1 X-17.521 Y-17.780 Z0.600 F3000; Retract 
G1 X-13.745 Y-18.485 Z0.600 F9000; Travel Move 
G1 X-13.745 Y-18.485 Z0.600 F1500 A72.70498; Restart 
G1 X-5.741 Y-10.480 Z0.600 F5400 A73.10072; Infill 
G1 X-5.181 Y-10.480 Z0.600 F5400 A73.12029; Connection 
G1 X-10.609 Y-15.908 Z0.600 F5400 A73.38866; Infill 
G1 X-10.049 Y-15.908 Z0.600 F5400 A73.40824; Connection 
G1 X-4.621 Y-10.480 Z0.600 F5400 A73.67660; Infill 
G1 X-4.061 Y-10.480 Z0.600 F5400 A73.69618; Connection 
G1 X-9.489 Y-15.908 Z0.600 F5400 A73.96454; Infill 
G1 X-8.929 Y-15.908 Z0.600 F5400 A73.98412; Connection 
G1 X-1.424 Y-8.403 Z0.600 F5400 A74.35518; Infill 
G1 X-1.739 Y-8.158 Z0.600 F5400 A74.36914; Connection 
G1 X-3.051 Y-9.470 Z0.600 F5400 A74.43400; Infill 
G1 X-3.096 Y-8.956 Z0.600 F5400 A74.45206; Connection 
G1 X-2.035 Y-7.894 Z0.600 F5400 A74.50454; Infill 
G1 X-2.302 Y-7.602 Z0.600 F5400 A74.51839; Connection 
G1 X-3.142 Y-8.442 Z0.600 F5400 A74.55992; Infill 
G1 X-3.188 Y-7.927 Z0.600 F5400 A74.57797; Connection 
G1 X-2.549 Y-7.288 Z0.600 F5400 A74.60956; Infill 
G1 X-2.770 Y-6.950 Z0.600 F5400 A74.62370; Connection 
G1 X-3.233 Y-7.413 Z0.600 F5400 A74.64660; Infill 
G1 X-3.279 Y-6.899 Z0.600 F5400 A74.66465; Connection 
G1 X-2.955 Y-6.574 Z0.600 F5400 A74.68068; Infill 
G1 X-3.325 Y-6.384 Z0.600 F5400 A74.69522; Connection 
G1 X-3.128 Y-6.187 Z0.600 F5400 A74.70496; Infill 
G1 X-3.371 Y-5.870 Z0.600 F5400 A74.71893; Connection 
G1 X-3.242 Y-5.741 Z0.600 F5400 A74.72529; Infill 
G1 X-3.416 Y-5.356 Z0.600 F5400 A74.74009; Connection 
G1 X-3.344 Y-5.284 Z0.600 F5400 A74.74364; Infill 
G1 X-3.462 Y-4.841 Z0.600 F5400 A74.75965; Connection 
G1 X-3.390 Y-4.769 Z0.600 F5400 A74.76320; Infill 
G1 X-3.508 Y-4.327 Z0.600 F5400 A74.77921; Connection 
G1 X-3.436 Y-4.255 Z0.600 F5400 A74.78276; Infill 
G1 X-3.554 Y-3.813 Z0.600 F5400 A74.79876; Connection 
G1 X-3.482 Y-3.741 Z0.600 F5400 A74.80232; Infill 
G1 X-3.599 Y-3.298 Z0.600 F5400 A74.81832; Connection 
G1 X-3.527 Y-3.227 Z0.600 F5400 A74.82188; Infill 
G1 X-3.645 Y-2.784 Z0.600 F5400 A74.83788; Connection 
G1 X-3.573 Y-2.712 Z0.600 F5400 A74.84144; Infill 
G1 X-3.691 Y-2.270 Z0.600 F5400 A74.85744; Connection 
G1 X-3.619 Y-2.198 Z0.600 F5400 A74.86100; Infill 
G1 X-3.736 Y-1.755 Z0.600 F5400 A74.87700; Connection 
G1 X-3.664 Y-1.684 Z0.600 F5400 A74.88056; Infill 
G1 X-3.782 Y-1.241 Z0.600 F5400 A74.89656; Connection 
G1 X-3.710 Y-1.169 Z0.600 F5400 A74.90012; Infill 
G1 X-3.710 Y-1.169 Z0.600 F1500 A73.60012; Retract 
G1 X-3.710 Y-1.169 Z0.600 F3000; Retract 
G1 X-1.075 Y-8.614 Z0.600 F9000; Travel Move 
G1 X-1.075 Y-8.614 Z0.600 F1500 A74.90012; Restart 
G1 X-8.369 Y-15.908 Z0.600 F5400 A75.26074; Infill 
G1 X-7.809 Y-15.908 Z0.600 F5400 A75.28032; Connection 
G1 X-0.710 Y-8.810 Z0.600 F5400 A75.63129; Infill 
G1 X-0.300 Y-8.960 Z0.600 F5400 A75.64655; Connection 
G1 X-7.249 Y-15.908 Z0.600 F5400 A75.99010; Infill 
G1 X-6.689 Y-15.908 Z0.600 F5400 A76.00968; Connection 
G1 X0.125 Y-9.095 Z0.600 F5400 A76.34656; Infill 
G1 X0.611 Y-9.169 Z0.600 F5400 A76.36374; Connection 
G1 X-6.129 Y-15.908 Z0.600 F5400 A76.69696; Infill 
G1 X-5.569 Y-15.908 Z0.600 F5400 A76.71654; Connection 
G1 X1.140 Y-9.200 Z0.600 F5400 A77.04821; Infill 
G1 X1.731 Y-9.169 Z0.600 F5400 A77.06889; Connection 
G1 X-5.009 Y-15.908 Z0.600 F5400 A77.40209; Infill 
G1 X-4.449 Y-15.908 Z0.600 F5400 A77.42167; Connection 
G1 X2.432 Y-9.028 Z0.600 F5400 A77.76183; Infill 
G1 X3.435 Y-8.584 Z0.600 F5400 A77.80020; Connection 
G1 X-3.889 Y-15.908 Z0.600 F5400 A78.16229; Infill 
G1 X-3.328 Y-15.908 Z0.600 F5400 A78.18187; Connection 
G1 X8.682 Y-3.898 Z0.600 F5400 A78.77567; Infill 
G1 X9.010 Y-4.130 Z0.600 F5400 A78.78971; Connection 
G1 X1.980 Y-11.159 Z0.600 F5400 A79.13723; Infill 
G1 X2.770 Y-10.930 Z0.600 F5400 A79.16597; Connection 
G1 X5.931 Y-7.769 Z0.600 F5400 A79.32224; Infill 
G1 X5.805 Y-8.455 Z0.600 F5400 A79.34660; Connection 
G1 X3.330 Y-10.930 Z0.600 F5400 A79.46898; Infill 
G1 X3.809 Y-11.011 Z0.600 F5400 A79.48597; Connection 
G1 X5.680 Y-9.140 Z0.600 F5400 A79.57845; Infill 
G1 X5.554 Y-9.826 Z0.600 F5400 A79.60281; Connection 
G1 X4.217 Y-11.164 Z0.600 F5400 A79.66895; Infill 
G1 X4.582 Y-11.358 Z0.600 F5400 A79.68343; Connection 
G1 X5.429 Y-10.511 Z0.600 F5400 A79.72530; Infill 
G1 X5.304 Y-11.197 Z0.600 F5400 A79.74966; Connection 
G1 X4.920 Y-11.580 Z0.600 F5400 A79.76862; Infill 
G1 X4.920 Y-11.580 Z0.600 F1500 A78.46862; Retract 
G1 X4.920 Y-11.580 Z0.600 F3000; Retract 
G1 X0.598 Y-12.542 Z0.600 F9000; Travel Move 
G1 X0.598 Y-12.542 Z0.600 F1500 A79.76862; Restart 
G1 X-2.768 Y-15.908 Z0.600 F5400 A79.93507; Infill 
G1 X-2.208 Y-15.908 Z0.600 F5400 A79.95465; Connection 
G1 X0.351 Y-13.349 Z0.600 F5400 A80.08117; Infill 
G1 X0.354 Y-13.906 Z0.600 F5400 A80.10063; Connection 
G1 X-1.648 Y-15.908 Z0.600 F5400 A80.19963; Infill 
G1 X-1.088 Y-15.908 Z0.600 F5400 A80.21921; Connection 
G1 X0.410 Y-14.410 Z0.600 F5400 A80.29329; Infill 
G1 X0.570 Y-14.810 Z0.600 F5400 A80.30834; Connection 
G1 X-0.528 Y-15.908 Z0.600 F5400 A80.36266; Infill 
G1 X0.032 Y-15.908 Z0.600 F5400 A80.38224; Connection 
G1 X0.758 Y-15.182 Z0.600 F5400 A80.41815; Infill 
G1 X0.996 Y-15.504 Z0.600 F5400 A80.43215; Connection 
G1 X0.592 Y-15.908 Z0.600 F5400 A80.45216; Infill 
G1 X1.152 Y-15.908 Z0.600 F5400 A80.47174; Connection 
G1 X1.282 Y-15.778 Z0.600 F5400 A80.47820; Infill 
G1 X1.282 Y-15.778 Z0.600 F1500 A79.17820; Retract 
G1 X1.282 Y-15.778 Z0.600 F3000; Retract 
G1 X5.042 Y-6.978 Z0.600 F9000; Travel Move 
G1 X5.042 Y-6.978 Z0.600 F1500 A80.47820; Restart 
G1 X8.343 Y-3.677 Z0.600 F5400 A80.64139; Infill 
G1 X7.964 Y-3.496 Z0.600 F5400 A80.65607; Connection 
G1 X5.506 Y-5.954 Z0.600 F5400 A80.77758; Infill 
G1 X5.650 Y-5.250 Z0.600 F5400 A80.80269; Connection 
G1 X7.585 Y-3.315 Z0.600 F5400 A80.89837; Infill 
G1 X7.206 Y-3.134 Z0.600 F5400 A80.91305; Connection 
G1 X5.676 Y-4.664 Z0.600 F5400 A80.98868; Infill 
G1 X5.660 Y-4.120 Z0.600 F5400 A81.00770; Connection 
G1 X6.827 Y-2.953 Z0.600 F5400 A81.06540; Infill 
G1 X6.448 Y-2.772 Z0.600 F5400 A81.08009; Connection 
G1 X5.614 Y-3.606 Z0.600 F5400 A81.12131; Infill 
G1 X5.568 Y-3.091 Z0.600 F5400 A81.13936; Connection 
G1 X6.069 Y-2.591 Z0.600 F5400 A81.16412; Infill 
G1 X5.786 Y-2.314 Z0.600 F5400 A81.17796; Connection 
G1 X5.523 Y-2.577 Z0.600 F5400 A81.19095; Infill 
G1 X5.477 Y-2.063 Z0.600 F5400 A81.20901; Connection 
G1 X5.559 Y-1.980 Z0.600 F5400 A81.21307; Infill 
G1 X5.431 Y-1.548 Z0.600 F5400 A81.22883; Connection 
G1 X5.499 Y-1.480 Z0.600 F5400 A81.23219; Infill 
G1 X5.386 Y-1.034 Z0.600 F5400 A81.24829; Connection 
G1 X5.452 Y-0.968 Z0.600 F5400 A81.25156; Infill 
G1 X5.340 Y-0.520 Z0.600 F5400 A81.26771; Connection 
G1 X5.404 Y-0.455 Z0.600 F5400 A81.27090; Infill 
G1 X5.294 Y-0.005 Z0.600 F5400 A81.28709; Connection 
G1 X5.357 Y0.057 Z0.600 F5400 A81.29019; Infill 
G1 X5.357 Y0.057 Z0.600 F1500 A79.99019; Retract 
G1 X5.357 Y0.057 Z0.600 F3000; Retract 
G1 X9.312 Y-4.388 Z0.600 F9000; Travel Move 
G1 X9.312 Y-4.388 Z0.600 F1500 A81.29019; Restart 
G1 X8.526 Y-5.174 Z0.600 F5400 A81.32901; Infill 
M73 P12; Update Progress 
G1 X8.526 Y-5.174 Z0.600 F1500 A80.02901; Retract 
G1 X8.526 Y-5.174 Z0.600 F3000; Retract 
G1 X-18.880 Y-10.738 Z0.600 F9000; Travel Move 
G1 X-18.880 Y-10.738 Z0.600 F1500 A81.32901; Restart 
G1 X-19.064 Y-10.923 Z0.600 F5400 A81.33816; Infill 
G1 X-19.064 Y-10.923 Z0.600 F1500 A80.03816; Retract 
G1 X-19.064 Y-10.923 Z0.600 F3000; Retract 
G1 X5.248 Y0.509 Z0.600 F9000; Travel Move 
G1 X5.248 Y0.509 Z0.600 F1500 A81.33816; Restart 
G1 X5.309 Y0.570 Z0.600 F5400 A81.34117; Infill 
G1 X5.203 Y1.023 Z0.600 F5400 A81.35745; Connection 
G1 X5.262 Y1.082 Z0.600 F5400 A81.36038; Infill 
; Chunk 5 
; Lower Position  0.4 
; Upper Position  0.6 
; Thickness       0.2 
; Width           0.4 
G1 X5.262 Y1.082 Z0.600 F1500 A80.06038; Retract 
G1 X5.262 Y1.082 Z0.600 F3000; Retract 
G1 X6.384 Y-14.700 Z0.600 F9000; Travel Move 
G1 X6.384 Y-14.700 Z0.600 F1500 A81.36038; Restart 
G1 X6.384 Y-15.354 Z0.600 F5400 A81.38327; Support 
G1 X6.384 Y-15.354 Z0.600 F1500 A80.08327; Retract 
G1 X6.384 Y-15.354 Z0.600 F3000; Retract 
G1 X4.404 Y-17.299 Z0.600 F9000; Travel Move 
G1 X4.404 Y-17.299 Z0.600 F1500 A81.38327; Restart 
G1 X4.404 Y-17.363 Z0.600 F5400 A81.38551; Support 
G1 X4.404 Y-17.363 Z0.600 F1500 A80.08551; Retract 
G1 X4.404 Y-17.363 Z0.600 F3000; Retract 
G1 X2.424 Y-14.528 Z0.600 F9000; Travel Move 
G1 X2.424 Y-14.528 Z0.600 F1500 A81.38551; Restart 
G1 X2.424 Y-12.862 Z0.600 F5400 A81.44374; Support 
; Chunk 6 
; Lower Position  0.6 
; Upper Position  0.8 
; Thickness       0.2 
; Width           0.4 
G1 X2.424 Y-12.862 Z0.600 F1500 A80.14374; Retract 
G1 X2.424 Y-12.862 Z0.600 F3000; Retract 
G1 X2.424 Y-12.862 Z0.800 F1380; Travel Move 
G1 X2.424 Y-12.860 Z0.800 F9000; Travel Move 
G1 X2.424 Y-12.860 Z0.800 F1500 A81.44374; Restart 
G1 X2.424 Y-14.528 Z0.800 F5400 A81.50204; Support 
G1 X2.424 Y-14.528 Z0.800 F1500 A80.20204; Retract 
G1 X2.424 Y-14.528 Z0.800 F3000; Retract 
G1 X4.404 Y-17.298 Z0.800 F9000; Travel Move 
G1 X4.404 Y-17.298 Z0.800 F1500 A81.50204; Restart 
G1 X4.404 Y-17.363 Z0.800 F5400 A81.50433; Support 
G1 X4.404 Y-17.363 Z0.800 F1500 A80.20433; Retract 
G1 X4.404 Y-17.363 Z0.800 F3000; Retract 
G1 X6.384 Y-15.354 Z0.800 F9000; Travel Move 
G1 X6.384 Y-15.354 Z0.800 F1500 A81.50433; Restart 
G1 X6.384 Y-14.700 Z0.800 F5400 A81.52722; Support 
; Chunk 7 
; Lower Position  0.6 
; Upper Position  0.8 
; Thickness       0.2 
; Width           0.4 
G1 X6.384 Y-14.700 Z0.800 F1500 A80.22722; Retract 
G1 X6.384 Y-14.700 Z0.800 F3000; Retract 
G1 X-17.844 Y-17.259 Z0.800 F9000; Travel Move 
G1 X-17.844 Y-17.259 Z0.800 F1500 A81.52722; Restart 
G1 X-17.316 Y-17.570 Z0.800 F5400 A81.54864; Inset 
G1 X-16.383 Y-17.931 Z0.800 F5400 A81.58362; Inset 
G1 X-15.683 Y-17.594 Z0.800 F5400 A81.61077; Inset 
G1 X-14.983 Y-17.931 Z0.800 F5400 A81.63792; Inset 
G1 X-14.050 Y-17.570 Z0.800 F5400 A81.67290; Inset 
G1 X-13.522 Y-17.259 Z0.800 F5400 A81.69432; Inset 
G1 X-13.060 Y-16.874 Z0.800 F5400 A81.71534; Inset 
G1 X-12.665 Y-16.421 Z0.800 F5400 A81.73637; Inset 
G1 X-12.307 Y-15.828 Z0.800 F5400 A81.76058; Inset 
G1 X-11.946 Y-14.894 Z0.800 F5400 A81.79557; Inset 
G1 X-12.283 Y-14.194 Z0.800 F5400 A81.82271; Inset 
G1 X-11.946 Y-13.495 Z0.800 F5400 A81.84986; Inset 
G1 X-12.307 Y-12.561 Z0.800 F5400 A81.88484; Inset 
G1 X-12.618 Y-12.033 Z0.800 F5400 A81.90626; Inset 
G1 X-13.003 Y-11.571 Z0.800 F5400 A81.92729; Inset 
G1 X-13.457 Y-11.176 Z0.800 F5400 A81.94831; Inset 
G1 X-14.050 Y-10.819 Z0.800 F5400 A81.97253; Inset 
G1 X-15.007 Y-10.449 Z0.800 F5400 A82.00839; Inset 
G1 X-15.683 Y-10.810 Z0.800 F5400 A82.03519; Inset 
G1 X-16.359 Y-10.449 Z0.800 F5400 A82.06199; Inset 
G1 X-17.316 Y-10.819 Z0.800 F5400 A82.09786; Inset 
G1 X-17.909 Y-11.176 Z0.800 F5400 A82.12208; Inset 
G1 X-18.363 Y-11.571 Z0.800 F5400 A82.14310; Inset 
G1 X-18.748 Y-12.033 Z0.800 F5400 A82.16412; Inset 
G1 X-19.058 Y-12.561 Z0.800 F5400 A82.18554; Inset 
G1 X-19.428 Y-13.518 Z0.800 F5400 A82.22141; Inset 
G1 X-19.067 Y-14.194 Z0.800 F5400 A82.24821; Inset 
G1 X-19.428 Y-14.871 Z0.800 F5400 A82.27501; Inset 
G1 X-19.058 Y-15.828 Z0.800 F5400 A82.31088; Inset 
G1 X-18.701 Y-16.421 Z0.800 F5400 A82.33509; Inset 
G1 X-18.306 Y-16.874 Z0.800 F5400 A82.35612; Inset 
G1 X-17.844 Y-17.259 Z0.800 F5400 A82.37714; Inset 
G1 X-17.844 Y-17.259 Z0.800 F1500 A81.07714; Retract 
G1 X-17.844 Y-17.259 Z0.800 F3000; Retract 
G1 X-17.623 Y-16.925 Z0.800 F9000; Travel Move 
G1 X-17.623 Y-16.925 Z0.800 F1500 A82.37714; Restart 
G1 X-17.155 Y-17.203 Z0.800 F5400 A82.39616; Inset 
G1 X-16.400 Y-17.495 Z0.800 F5400 A82.42447; Inset 
G1 X-15.932 Y-17.270 Z0.800 F5400 A82.44263; Inset 
G1 X-15.809 Y-16.880 Z0.800 F5400 A82.45695; Inset 
G1 X-15.741 Y-16.815 Z0.800 F5400 A82.46022; Inset 
G1 X-15.683 Y-16.800 Z0.800 F5400 A82.46231; Inset 
G1 X-15.625 Y-16.815 Z0.800 F5400 A82.46440; Inset 
G1 X-15.557 Y-16.880 Z0.800 F5400 A82.46767; Inset 
G1 X-15.434 Y-17.270 Z0.800 F5400 A82.48198; Inset 
G1 X-14.966 Y-17.495 Z0.800 F5400 A82.50014; Inset 
G1 X-14.210 Y-17.203 Z0.800 F5400 A82.52846; Inset 
G1 X-13.743 Y-16.925 Z0.800 F5400 A82.54748; Inset 
G1 X-13.331 Y-16.580 Z0.800 F5400 A82.56626; Inset 
G1 X-12.980 Y-16.174 Z0.800 F5400 A82.58504; Inset 
G1 X-12.674 Y-15.667 Z0.800 F5400 A82.60573; Inset 
G1 X-12.382 Y-14.911 Z0.800 F5400 A82.63405; Inset 
G1 X-12.607 Y-14.443 Z0.800 F5400 A82.65221; Inset 
G1 X-13.009 Y-14.316 Z0.800 F5400 A82.66696; Inset 
G1 X-13.050 Y-14.273 Z0.800 F5400 A82.66904; Inset 
G1 X-13.074 Y-14.182 Z0.800 F5400 A82.67232; Inset 
G1 X-13.059 Y-14.125 Z0.800 F5400 A82.67441; Inset 
G1 X-13.009 Y-14.072 Z0.800 F5400 A82.67693; Inset 
G1 X-12.607 Y-13.945 Z0.800 F5400 A82.69167; Inset 
G1 X-12.382 Y-13.477 Z0.800 F5400 A82.70983; Inset 
G1 X-12.674 Y-12.722 Z0.800 F5400 A82.73815; Inset 
G1 X-12.952 Y-12.254 Z0.800 F5400 A82.75716; Inset 
G1 X-13.297 Y-11.843 Z0.800 F5400 A82.77594; Inset 
G1 X-13.704 Y-11.491 Z0.800 F5400 A82.79473; Inset 
G1 X-14.210 Y-11.185 Z0.800 F5400 A82.81542; Inset 
G1 X-14.980 Y-10.888 Z0.800 F5400 A82.84427; Inset 
G1 X-15.465 Y-11.147 Z0.800 F5400 A82.86349; Inset 
G1 X-15.570 Y-11.529 Z0.800 F5400 A82.87735; Inset 
G1 X-15.659 Y-11.586 Z0.800 F5400 A82.88104; Inset 
G1 X-15.718 Y-11.581 Z0.800 F5400 A82.88313; Inset 
G1 X-15.796 Y-11.529 Z0.800 F5400 A82.88640; Inset 
G1 X-15.901 Y-11.147 Z0.800 F5400 A82.90026; Inset 
G1 X-16.386 Y-10.888 Z0.800 F5400 A82.91949; Inset 
G1 X-17.155 Y-11.185 Z0.800 F5400 A82.94833; Inset 
G1 X-17.662 Y-11.491 Z0.800 F5400 A82.96903; Inset 
G1 X-18.069 Y-11.843 Z0.800 F5400 A82.98781; Inset 
G1 X-18.414 Y-12.254 Z0.800 F5400 A83.00659; Inset 
G1 X-18.692 Y-12.722 Z0.800 F5400 A83.02560; Inset 
G1 X-18.989 Y-13.491 Z0.800 F5400 A83.05445; Inset 
G1 X-18.730 Y-13.976 Z0.800 F5400 A83.07367; Inset 
G1 X-18.413 Y-14.048 Z0.800 F5400 A83.08503; Inset 
G1 X-18.307 Y-14.125 Z0.800 F5400 A83.08962; Inset 
G1 X-18.292 Y-14.182 Z0.800 F5400 A83.09171; Inset 
G1 X-18.315 Y-14.273 Z0.800 F5400 A83.09498; Inset 
G1 X-18.413 Y-14.341 Z0.800 F5400 A83.09915; Inset 
G1 X-18.730 Y-14.412 Z0.800 F5400 A83.11051; Inset 
G1 X-18.989 Y-14.897 Z0.800 F5400 A83.12973; Inset 
G1 X-18.692 Y-15.667 Z0.800 F5400 A83.15858; Inset 
G1 X-18.386 Y-16.174 Z0.800 F5400 A83.17927; Inset 
G1 X-18.035 Y-16.580 Z0.800 F5400 A83.19805; Inset 
G1 X-17.623 Y-16.925 Z0.800 F5400 A83.21683; Inset 
G1 X-17.623 Y-16.925 Z0.800 F1500 A81.91683; Retract 
G1 X-17.623 Y-16.925 Z0.800 F3000; Retract 
G1 X-17.409 Y-16.587 Z0.800 F9000; Travel Move 
G1 X-17.409 Y-16.587 Z0.800 F1500 A83.21683; Restart 
G1 X-17.003 Y-16.833 Z0.800 F2400 A83.23343; Inset 
G1 X-16.299 Y-17.105 Z0.800 F2400 A83.25980; Inset 
G1 X-16.170 Y-16.695 Z0.800 F2400 A83.27487; Inset 
G1 X-16.059 Y-16.547 Z0.800 F2400 A83.28129; Inset 
G1 X-15.907 Y-16.445 Z0.800 F2400 A83.28772; Inset 
G1 X-15.721 Y-16.397 Z0.800 F2400 A83.29444; Inset 
G1 X-15.459 Y-16.445 Z0.800 F2400 A83.30374; Inset 
G1 X-15.306 Y-16.547 Z0.800 F2400 A83.31017; Inset 
G1 X-15.196 Y-16.695 Z0.800 F2400 A83.31659; Inset 
G1 X-15.066 Y-17.105 Z0.800 F2400 A83.33165; Inset 
G1 X-14.363 Y-16.833 Z0.800 F2400 A83.35803; Inset 
G1 X-13.957 Y-16.587 Z0.800 F2400 A83.37463; Inset 
G1 X-13.596 Y-16.281 Z0.800 F2400 A83.39117; Inset 
G1 X-13.290 Y-15.920 Z0.800 F2400 A83.40771; Inset 
G1 X-13.044 Y-15.514 Z0.800 F2400 A83.42431; Inset 
G1 X-12.772 Y-14.811 Z0.800 F2400 A83.45068; Inset 
G1 X-13.191 Y-14.679 Z0.800 F2400 A83.46605; Inset 
G1 X-13.387 Y-14.499 Z0.800 F2400 A83.47535; Inset 
G1 X-13.463 Y-14.331 Z0.800 F2400 A83.48178; Inset 
G1 X-13.478 Y-14.148 Z0.800 F2400 A83.48820; Inset 
G1 X-13.393 Y-13.896 Z0.800 F2400 A83.49750; Inset 
G1 X-13.191 Y-13.710 Z0.800 F2400 A83.50711; Inset 
G1 X-12.772 Y-13.578 Z0.800 F2400 A83.52247; Inset 
G1 X-13.044 Y-12.874 Z0.800 F2400 A83.54885; Inset 
G1 X-13.290 Y-12.468 Z0.800 F2400 A83.56544; Inset 
G1 X-13.596 Y-12.108 Z0.800 F2400 A83.58199; Inset 
G1 X-13.957 Y-11.801 Z0.800 F2400 A83.59853; Inset 
G1 X-14.363 Y-11.555 Z0.800 F2400 A83.61512; Inset 
G1 X-15.084 Y-11.276 Z0.800 F2400 A83.64216; Inset 
G1 X-15.157 Y-11.601 Z0.800 F2400 A83.65380; Inset 
G1 X-15.245 Y-11.772 Z0.800 F2400 A83.66052; Inset 
G1 X-15.378 Y-11.899 Z0.800 F2400 A83.66695; Inset 
G1 X-15.628 Y-11.990 Z0.800 F2400 A83.67625; Inset 
G1 X-15.820 Y-11.974 Z0.800 F2400 A83.68297; Inset 
G1 X-15.987 Y-11.899 Z0.800 F2400 A83.68940; Inset 
G1 X-16.121 Y-11.772 Z0.800 F2400 A83.69582; Inset 
G1 X-16.209 Y-11.601 Z0.800 F2400 A83.70255; Inset 
G1 X-16.282 Y-11.276 Z0.800 F2400 A83.71419; Inset 
G1 X-17.003 Y-11.555 Z0.800 F2400 A83.74122; Inset 
G1 X-17.409 Y-11.801 Z0.800 F2400 A83.75782; Inset 
G1 X-17.769 Y-12.108 Z0.800 F2400 A83.77436; Inset 
G1 X-18.076 Y-12.468 Z0.800 F2400 A83.79090; Inset 
G1 X-18.322 Y-12.874 Z0.800 F2400 A83.80750; Inset 
G1 X-18.601 Y-13.596 Z0.800 F2400 A83.83453; Inset 
G1 X-18.276 Y-13.669 Z0.800 F2400 A83.84617; Inset 
G1 X-18.105 Y-13.756 Z0.800 F2400 A83.85290; Inset 
G1 X-17.972 Y-13.896 Z0.800 F2400 A83.85962; Inset 
G1 X-17.888 Y-14.148 Z0.800 F2400 A83.86893; Inset 
G1 X-17.903 Y-14.331 Z0.800 F2400 A83.87535; Inset 
G1 X-17.978 Y-14.499 Z0.800 F2400 A83.88177; Inset 
G1 X-18.105 Y-14.632 Z0.800 F2400 A83.88819; Inset 
G1 X-18.276 Y-14.720 Z0.800 F2400 A83.89492; Inset 
G1 X-18.601 Y-14.793 Z0.800 F2400 A83.90656; Inset 
G1 X-18.322 Y-15.514 Z0.800 F2400 A83.93360; Inset 
G1 X-18.076 Y-15.920 Z0.800 F2400 A83.95019; Inset 
G1 X-17.769 Y-16.281 Z0.800 F2400 A83.96673; Inset 
G1 X-17.409 Y-16.587 Z0.800 F2400 A83.98328; Inset 
G1 X-17.409 Y-16.587 Z0.800 F1500 A82.68328; Retract 
G1 X-17.409 Y-16.587 Z0.800 F3000; Retract 
G1 X-18.661 Y-18.208 Z0.800 F9000; Travel Move 
G1 X-18.661 Y-18.208 Z0.800 F1500 A83.98328; Restart 
G1 X-19.105 Y-17.837 Z0.800 F5400 A84.00353; Inset 
G1 X-19.504 Y-17.416 Z0.800 F5400 A84.02378; Inset 
G1 X-19.851 Y-16.953 Z0.800 F5400 A84.04403; Inset 
G1 X-20.142 Y-16.452 Z0.800 F5400 A84.06428; Inset 
G1 X-20.373 Y-15.921 Z0.800 F5400 A84.08453; Inset 
G1 X-20.542 Y-15.367 Z0.800 F5400 A84.10478; Inset 
G1 X-20.645 Y-14.797 Z0.800 F5400 A84.12503; Inset 
G1 X-20.681 Y-14.218 Z0.800 F5400 A84.14529; Inset 
G1 X-20.650 Y-13.640 Z0.800 F5400 A84.16553; Inset 
G1 X-20.553 Y-13.069 Z0.800 F5400 A84.18579; Inset 
G1 X-20.390 Y-12.513 Z0.800 F5400 A84.20604; Inset 
G1 X-20.164 Y-11.980 Z0.800 F5400 A84.22629; Inset 
G1 X-19.877 Y-11.476 Z0.800 F5400 A84.24654; Inset 
G1 X-19.535 Y-11.009 Z0.800 F5400 A84.26679; Inset 
G1 X-19.140 Y-10.585 Z0.800 F5400 A84.28704; Inset 
G1 X-18.700 Y-10.209 Z0.800 F5400 A84.30729; Inset 
G1 X-18.218 Y-9.887 Z0.800 F5400 A84.32754; Inset 
G1 X-17.703 Y-9.622 Z0.800 F5400 A84.34779; Inset 
G1 X-17.160 Y-9.419 Z0.800 F5400 A84.36804; Inset 
G1 X-16.598 Y-9.281 Z0.800 F5400 A84.38829; Inset 
G1 X-16.023 Y-9.208 Z0.800 F5400 A84.40854; Inset 
G1 X-15.444 Y-9.202 Z0.800 F5400 A84.42880; Inset 
G1 X-14.868 Y-9.263 Z0.800 F5400 A84.44905; Inset 
G1 X-14.303 Y-9.390 Z0.800 F5400 A84.46930; Inset 
G1 X-13.774 Y-9.576 Z0.800 F5400 A84.48890; Inset 
G1 X-12.729 Y-10.134 Z0.800 F5400 A84.53033; Inset 
G1 X-12.489 Y-10.194 Z0.800 F5400 A84.53895; Inset 
G1 X-3.926 Y-10.194 Z0.800 F5400 A84.83834; Inset 
G1 X-3.331 Y-9.545 Z0.800 F5400 A84.86914; Inset 
G1 X-4.096 Y-0.940 Z0.800 F5400 A85.17114; Inset 
G1 X-4.091 Y-0.873 Z0.800 F5400 A85.17347; Inset 
G1 X-3.471 Y-0.626 Z0.800 F5400 A85.19680; Inset 
G1 X-3.056 Y-5.304 Z0.800 F5400 A85.36096; Inset 
G1 X-2.893 Y-5.993 Z0.800 F5400 A85.38572; Inset 
G1 X-2.611 Y-6.658 Z0.800 F5400 A85.41096; Inset 
G1 X-2.222 Y-7.265 Z0.800 F5400 A85.43619; Inset 
G1 X-1.735 Y-7.798 Z0.800 F5400 A85.46143; Inset 
G1 X-1.165 Y-8.242 Z0.800 F5400 A85.48666; Inset 
G1 X-0.529 Y-8.582 Z0.800 F5400 A85.51190; Inset 
G1 X0.156 Y-8.810 Z0.800 F5400 A85.53713; Inset 
G1 X0.870 Y-8.919 Z0.800 F5400 A85.56237; Inset 
G1 X1.591 Y-8.905 Z0.800 F5400 A85.58760; Inset 
G1 X2.382 Y-8.746 Z0.800 F5400 A85.61580; Inset 
G1 X3.053 Y-8.480 Z0.800 F5400 A85.64103; Inset 
G1 X3.600 Y-8.153 Z0.800 F5400 A85.66331; Inset 
G1 X4.153 Y-7.689 Z0.800 F5400 A85.68854; Inset 
G1 X4.619 Y-7.138 Z0.800 F5400 A85.71378; Inset 
G1 X5.022 Y-6.440 Z0.800 F5400 A85.74197; Inset 
G1 X5.265 Y-5.760 Z0.800 F5400 A85.76721; Inset 
G1 X5.389 Y-5.049 Z0.800 F5400 A85.79244; Inset 
G1 X5.396 Y-4.378 Z0.800 F5400 A85.81590; Inset 
G1 X4.855 Y1.705 Z0.800 F5400 A86.02940; Inset 
G1 X5.482 Y1.804 Z0.800 F5400 A86.05160; Inset 
G1 X5.822 Y-1.867 Z0.800 F5400 A86.18048; Inset 
G1 X6.124 Y-2.300 Z0.800 F5400 A86.19895; Inset 
G1 X8.503 Y-3.437 Z0.800 F5400 A86.29110; Inset 
G1 X9.104 Y-3.835 Z0.800 F5400 A86.31631; Inset 
G1 X9.973 Y-4.577 Z0.800 F5400 A86.35626; Inset 
G1 X6.911 Y-6.561 Z0.800 F5400 A86.48380; Inset 
G1 X6.486 Y-7.054 Z0.800 F5400 A86.50655; Inset 
G1 X6.407 Y-7.197 Z0.800 F5400 A86.51228; Inset 
G1 X6.235 Y-7.697 Z0.800 F5400 A86.53077; Inset 
G1 X5.337 Y-12.604 Z0.800 F5400 A86.70515; Inset 
G1 X5.188 Y-12.311 Z0.800 F5400 A86.71662; Inset 
G1 X4.741 Y-11.803 Z0.800 F5400 A86.74030; Inset 
G1 X4.608 Y-11.696 Z0.800 F5400 A86.74625; Inset 
G1 X3.917 Y-11.328 Z0.800 F5400 A86.77361; Inset 
G1 X3.421 Y-11.216 Z0.800 F5400 A86.79139; Inset 
G1 X2.765 Y-11.216 Z0.800 F5400 A86.81432; Inset 
G1 X2.598 Y-11.245 Z0.800 F5400 A86.82027; Inset 
G1 X1.959 Y-11.470 Z0.800 F5400 A86.84395; Inset 
G1 X1.810 Y-11.553 Z0.800 F5400 A86.84990; Inset 
G1 X1.212 Y-12.057 Z0.800 F5400 A86.87726; Inset 
G1 X0.923 Y-12.476 Z0.800 F5400 A86.89504; Inset 
G1 X0.686 Y-13.065 Z0.800 F5400 A86.91722; Inset 
G1 X0.605 Y-13.567 Z0.800 F5400 A86.93501; Inset 
G1 X0.689 Y-14.345 Z0.800 F5400 A86.96237; Inset 
G1 X0.738 Y-14.508 Z0.800 F5400 A86.96832; Inset 
G1 X1.043 Y-15.113 Z0.800 F5400 A86.99199; Inset 
G1 X1.145 Y-15.249 Z0.800 F5400 A86.99794; Inset 
G1 X1.634 Y-15.718 Z0.800 F5400 A87.02162; Inset 
G1 X1.775 Y-15.813 Z0.800 F5400 A87.02757; Inset 
G1 X2.392 Y-16.092 Z0.800 F5400 A87.05125; Inset 
G1 X2.556 Y-16.135 Z0.800 F5400 A87.05720; Inset 
G1 X3.126 Y-16.184 Z0.800 F5400 A87.07718; Inset 
G1 X2.977 Y-16.194 Z0.800 F5400 A87.08242; Inset 
G1 X-10.731 Y-16.194 Z0.800 F5400 A87.56163; Inset 
G1 X-11.164 Y-16.420 Z0.800 F5400 A87.57871; Inset 
G1 X-11.876 Y-17.432 Z0.800 F5400 A87.62198; Inset 
G1 X-12.264 Y-17.841 Z0.800 F5400 A87.64169; Inset 
G1 X-12.709 Y-18.212 Z0.800 F5400 A87.66194; Inset 
G1 X-13.194 Y-18.529 Z0.800 F5400 A87.68219; Inset 
G1 X-13.712 Y-18.788 Z0.800 F5400 A87.70244; Inset 
G1 X-14.257 Y-18.985 Z0.800 F5400 A87.72269; Inset 
G1 X-14.821 Y-19.118 Z0.800 F5400 A87.74294; Inset 
G1 X-15.396 Y-19.184 Z0.800 F5400 A87.76319; Inset 
G1 X-15.975 Y-19.184 Z0.800 F5400 A87.78344; Inset 
G1 X-16.551 Y-19.117 Z0.800 F5400 A87.80369; Inset 
G1 X-17.114 Y-18.983 Z0.800 F5400 A87.82394; Inset 
G1 X-17.659 Y-18.786 Z0.800 F5400 A87.84420; Inset 
G1 X-18.177 Y-18.526 Z0.800 F5400 A87.86445; Inset 
G1 X-18.661 Y-18.208 Z0.800 F5400 A87.88470; Inset 
G1 X-18.661 Y-18.208 Z0.800 F1500 A86.58470; Retract 
G1 X-18.661 Y-18.208 Z0.800 F3000; Retract 
G1 X1.970 Y-15.463 Z0.800 F9000; Travel Move 
G1 X1.970 Y-15.463 Z0.800 F1500 A87.88470; Restart 
G1 X2.624 Y-15.739 Z0.800 F5400 A87.90952; Inset 
G1 X3.295 Y-15.787 Z0.800 F5400 A87.93302; Inset 
G1 X3.694 Y-15.708 Z0.800 F5400 A87.94725; Inset 
G1 X4.291 Y-15.428 Z0.800 F5400 A87.97031; Inset 
G1 X4.602 Y-15.165 Z0.800 F5400 A87.98453; Inset 
G1 X5.002 Y-14.594 Z0.800 F5400 A88.00891; Inset 
G1 X5.193 Y-13.910 Z0.800 F5400 A88.03373; Inset 
G1 X5.146 Y-13.202 Z0.800 F5400 A88.05855; Inset 
G1 X4.865 Y-12.550 Z0.800 F5400 A88.08337; Inset 
G1 X4.384 Y-12.028 Z0.800 F5400 A88.10819; Inset 
G1 X3.792 Y-11.709 Z0.800 F5400 A88.13170; Inset 
G1 X3.396 Y-11.616 Z0.800 F5400 A88.14593; Inset 
G1 X2.699 Y-11.633 Z0.800 F5400 A88.17030; Inset 
G1 X2.124 Y-11.836 Z0.800 F5400 A88.19160; Inset 
G1 X1.571 Y-12.261 Z0.800 F5400 A88.21597; Inset 
G1 X1.284 Y-12.649 Z0.800 F5400 A88.23285; Inset 
G1 X1.047 Y-13.264 Z0.800 F5400 A88.25590; Inset 
G1 X1.005 Y-13.669 Z0.800 F5400 A88.27013; Inset 
G1 X1.111 Y-14.358 Z0.800 F5400 A88.29450; Inset 
G1 X1.446 Y-14.984 Z0.800 F5400 A88.31933; Inset 
G1 X1.970 Y-15.463 Z0.800 F5400 A88.34415; Inset 
G1 X1.970 Y-15.463 Z0.800 F1500 A87.04415; Retract 
G1 X1.970 Y-15.463 Z0.800 F3000; Retract 
G1 X2.150 Y-15.105 Z0.800 F9000; Travel Move 
G1 X2.150 Y-15.105 Z0.800 F1500 A88.34415; Restart 
G1 X2.675 Y-15.342 Z0.800 F2400 A88.36427; Inset 
G1 X3.240 Y-15.390 Z0.800 F2400 A88.38409; Inset 
G1 X3.541 Y-15.339 Z0.800 F2400 A88.39477; Inset 
G1 X4.050 Y-15.109 Z0.800 F2400 A88.41429; Inset 
G1 X4.287 Y-14.917 Z0.800 F2400 A88.42497; Inset 
G1 X4.625 Y-14.461 Z0.800 F2400 A88.44480; Inset 
G1 X4.793 Y-13.911 Z0.800 F2400 A88.46492; Inset 
G1 X4.769 Y-13.336 Z0.800 F2400 A88.48504; Inset 
G1 X4.554 Y-12.801 Z0.800 F2400 A88.50516; Inset 
G1 X4.174 Y-12.369 Z0.800 F2400 A88.52528; Inset 
G1 X3.679 Y-12.093 Z0.800 F2400 A88.54510; Inset 
G1 X3.383 Y-12.016 Z0.800 F2400 A88.55579; Inset 
G1 X2.816 Y-12.016 Z0.800 F2400 A88.57561; Inset 
G1 X2.273 Y-12.208 Z0.800 F2400 A88.59573; Inset 
G1 X1.832 Y-12.564 Z0.800 F2400 A88.61555; Inset 
G1 X1.651 Y-12.810 Z0.800 F2400 A88.62623; Inset 
G1 X1.443 Y-13.328 Z0.800 F2400 A88.64575; Inset 
G1 X1.404 Y-13.631 Z0.800 F2400 A88.65644; Inset 
G1 X1.476 Y-14.193 Z0.800 F2400 A88.67625; Inset 
G1 X1.735 Y-14.707 Z0.800 F2400 A88.69638; Inset 
G1 X2.150 Y-15.105 Z0.800 F2400 A88.71650; Inset 
G1 X2.150 Y-15.105 Z0.800 F1500 A87.41650; Retract 
G1 X2.150 Y-15.105 Z0.800 F3000; Retract 
G1 X-18.900 Y-18.530 Z0.800 F9000; Travel Move 
G1 X-18.900 Y-18.530 Z0.800 F1500 A88.71650; Restart 
G1 X-19.380 Y-18.129 Z0.800 F5400 A88.73837; Inset 
G1 X-19.810 Y-17.675 Z0.800 F5400 A88.76025; Inset 
G1 X-20.185 Y-17.174 Z0.800 F5400 A88.78212; Inset 
G1 X-20.500 Y-16.633 Z0.800 F5400 A88.80400; Inset 
G1 X-20.750 Y-16.059 Z0.800 F5400 A88.82587; Inset 
G1 X-20.931 Y-15.461 Z0.800 F5400 A88.84774; Inset 
G1 X-21.042 Y-14.845 Z0.800 F5400 A88.86962; Inset 
G1 X-21.082 Y-14.220 Z0.800 F5400 A88.89149; Inset 
G1 X-21.048 Y-13.596 Z0.800 F5400 A88.91336; Inset 
G1 X-20.943 Y-12.979 Z0.800 F5400 A88.93524; Inset 
G1 X-20.767 Y-12.378 Z0.800 F5400 A88.95712; Inset 
G1 X-20.523 Y-11.802 Z0.800 F5400 A88.97899; Inset 
G1 X-20.214 Y-11.258 Z0.800 F5400 A89.00086; Inset 
G1 X-19.844 Y-10.754 Z0.800 F5400 A89.02274; Inset 
G1 X-19.418 Y-10.296 Z0.800 F5400 A89.04461; Inset 
G1 X-18.941 Y-9.890 Z0.800 F5400 A89.06649; Inset 
G1 X-18.422 Y-9.542 Z0.800 F5400 A89.08836; Inset 
G1 X-17.865 Y-9.256 Z0.800 F5400 A89.11023; Inset 
G1 X-17.279 Y-9.037 Z0.800 F5400 A89.13211; Inset 
G1 X-16.671 Y-8.887 Z0.800 F5400 A89.15398; Inset 
G1 X-16.051 Y-8.808 Z0.800 F5400 A89.17585; Inset 
G1 X-15.425 Y-8.802 Z0.800 F5400 A89.19773; Inset 
G1 X-14.803 Y-8.868 Z0.800 F5400 A89.21961; Inset 
G1 X-14.192 Y-9.005 Z0.800 F5400 A89.24148; Inset 
G1 X-13.613 Y-9.209 Z0.800 F5400 A89.26296; Inset 
G1 X-12.584 Y-9.758 Z0.800 F5400 A89.30375; Inset 
G1 X-12.440 Y-9.794 Z0.800 F5400 A89.30892; Inset 
G1 X-4.102 Y-9.794 Z0.800 F5400 A89.60042; Inset 
G1 X-3.745 Y-9.404 Z0.800 F5400 A89.61890; Inset 
G1 X-4.497 Y-0.944 Z0.800 F5400 A89.91585; Inset 
M73 P13; Update Progress 
G1 X-4.485 Y-0.773 Z0.800 F5400 A89.92184; Inset 
G1 X-4.430 Y-0.636 Z0.800 F5400 A89.92699; Inset 
G1 X-4.314 Y-0.532 Z0.800 F5400 A89.93245; Inset 
G1 X-3.120 Y-0.056 Z0.800 F5400 A89.97737; Inset 
G1 X-2.658 Y-5.253 Z0.800 F5400 A90.15978; Inset 
G1 X-2.508 Y-5.881 Z0.800 F5400 A90.18235; Inset 
G1 X-2.251 Y-6.483 Z0.800 F5400 A90.20521; Inset 
G1 X-1.897 Y-7.032 Z0.800 F5400 A90.22807; Inset 
G1 X-1.454 Y-7.513 Z0.800 F5400 A90.25093; Inset 
G1 X-0.937 Y-7.913 Z0.800 F5400 A90.27380; Inset 
G1 X-0.359 Y-8.220 Z0.800 F5400 A90.29666; Inset 
G1 X0.262 Y-8.424 Z0.800 F5400 A90.31952; Inset 
G1 X0.909 Y-8.520 Z0.800 F5400 A90.34238; Inset 
G1 X1.563 Y-8.506 Z0.800 F5400 A90.36524; Inset 
G1 X2.205 Y-8.381 Z0.800 F5400 A90.38810; Inset 
G1 X2.816 Y-8.150 Z0.800 F5400 A90.41097; Inset 
G1 X3.380 Y-7.818 Z0.800 F5400 A90.43383; Inset 
G1 X3.880 Y-7.396 Z0.800 F5400 A90.45669; Inset 
G1 X4.301 Y-6.896 Z0.800 F5400 A90.47955; Inset 
G1 X4.631 Y-6.332 Z0.800 F5400 A90.50241; Inset 
G1 X4.875 Y-5.670 Z0.800 F5400 A90.52705; Inset 
G1 X4.990 Y-5.027 Z0.800 F5400 A90.54991; Inset 
G1 X4.996 Y-4.403 Z0.800 F5400 A90.57171; Inset 
G1 X4.424 Y2.036 Z0.800 F5400 A90.79770; Inset 
G1 X5.387 Y2.205 Z0.800 F5400 A90.83189; Inset 
G1 X5.585 Y2.203 Z0.800 F5400 A90.83882; Inset 
G1 X5.735 Y2.126 Z0.800 F5400 A90.84469; Inset 
G1 X5.821 Y2.032 Z0.800 F5400 A90.84916; Inset 
G1 X5.874 Y1.914 Z0.800 F5400 A90.85368; Inset 
G1 X6.211 Y-1.725 Z0.800 F5400 A90.98144; Inset 
G1 X6.392 Y-1.985 Z0.800 F5400 A90.99252; Inset 
G1 X8.701 Y-3.088 Z0.800 F5400 A91.08196; Inset 
G1 X9.345 Y-3.515 Z0.800 F5400 A91.10899; Inset 
G1 X10.640 Y-4.621 Z0.800 F5400 A91.16854; Inset 
G1 X7.156 Y-6.879 Z0.800 F5400 A91.31369; Inset 
G1 X6.820 Y-7.277 Z0.800 F5400 A91.33190; Inset 
G1 X6.625 Y-7.785 Z0.800 F5400 A91.35093; Inset 
G1 X5.377 Y-14.605 Z0.800 F5400 A91.59329; Inset 
G1 X5.285 Y-14.958 Z0.800 F5400 A91.60605; Inset 
G1 X5.122 Y-15.334 Z0.800 F5400 A91.62038; Inset 
G1 X4.939 Y-15.622 Z0.800 F5400 A91.63231; Inset 
G1 X4.662 Y-15.934 Z0.800 F5400 A91.64689; Inset 
G1 X4.399 Y-16.151 Z0.800 F5400 A91.65884; Inset 
G1 X4.036 Y-16.362 Z0.800 F5400 A91.67350; Inset 
G1 X3.730 Y-16.482 Z0.800 F5400 A91.68499; Inset 
G1 X3.344 Y-16.569 Z0.800 F5400 A91.69883; Inset 
G1 X2.991 Y-16.594 Z0.800 F5400 A91.71120; Inset 
G1 X-10.633 Y-16.594 Z0.800 F5400 A92.18750; Inset 
G1 X-10.893 Y-16.729 Z0.800 F5400 A92.19775; Inset 
G1 X-11.566 Y-17.686 Z0.800 F5400 A92.23864; Inset 
G1 X-11.990 Y-18.133 Z0.800 F5400 A92.26018; Inset 
G1 X-12.471 Y-18.534 Z0.800 F5400 A92.28206; Inset 
G1 X-12.994 Y-18.876 Z0.800 F5400 A92.30393; Inset 
G1 X-13.554 Y-19.156 Z0.800 F5400 A92.32581; Inset 
G1 X-14.143 Y-19.369 Z0.800 F5400 A92.34768; Inset 
G1 X-14.752 Y-19.512 Z0.800 F5400 A92.36956; Inset 
G1 X-15.373 Y-19.584 Z0.800 F5400 A92.39143; Inset 
G1 X-15.999 Y-19.584 Z0.800 F5400 A92.41331; Inset 
G1 X-16.620 Y-19.511 Z0.800 F5400 A92.43518; Inset 
G1 X-17.229 Y-19.367 Z0.800 F5400 A92.45705; Inset 
G1 X-17.817 Y-19.154 Z0.800 F5400 A92.47893; Inset 
G1 X-18.377 Y-18.873 Z0.800 F5400 A92.50080; Inset 
G1 X-18.900 Y-18.530 Z0.800 F5400 A92.52268; Inset 
G1 X-18.900 Y-18.530 Z0.800 F1500 A91.22268; Retract 
G1 X-18.900 Y-18.530 Z0.800 F3000; Retract 
G1 X-19.139 Y-18.852 Z0.800 F9000; Travel Move 
G1 X-19.139 Y-18.852 Z0.800 F1500 A92.52268; Restart 
G1 X-19.654 Y-18.421 Z0.800 F2400 A92.54617; Inset 
G1 X-20.117 Y-17.933 Z0.800 F2400 A92.56967; Inset 
G1 X-20.519 Y-17.395 Z0.800 F2400 A92.59317; Inset 
G1 X-20.857 Y-16.814 Z0.800 F2400 A92.61667; Inset 
G1 X-21.126 Y-16.198 Z0.800 F2400 A92.64017; Inset 
G1 X-21.321 Y-15.555 Z0.800 F2400 A92.66366; Inset 
G1 X-21.440 Y-14.893 Z0.800 F2400 A92.68716; Inset 
G1 X-21.482 Y-14.222 Z0.800 F2400 A92.71066; Inset 
G1 X-21.447 Y-13.551 Z0.800 F2400 A92.73416; Inset 
G1 X-21.334 Y-12.889 Z0.800 F2400 A92.75765; Inset 
G1 X-21.145 Y-12.243 Z0.800 F2400 A92.78115; Inset 
G1 X-20.882 Y-11.625 Z0.800 F2400 A92.80464; Inset 
G1 X-20.550 Y-11.040 Z0.800 F2400 A92.82814; Inset 
G1 X-20.152 Y-10.499 Z0.800 F2400 A92.85164; Inset 
G1 X-19.695 Y-10.006 Z0.800 F2400 A92.87514; Inset 
G1 X-19.183 Y-9.570 Z0.800 F2400 A92.89863; Inset 
G1 X-18.625 Y-9.196 Z0.800 F2400 A92.92214; Inset 
G1 X-18.027 Y-8.889 Z0.800 F2400 A92.94563; Inset 
G1 X-17.397 Y-8.654 Z0.800 F2400 A92.96913; Inset 
G1 X-16.745 Y-8.493 Z0.800 F2400 A92.99263; Inset 
G1 X-16.078 Y-8.408 Z0.800 F2400 A93.01613; Inset 
G1 X-15.406 Y-8.401 Z0.800 F2400 A93.03962; Inset 
G1 X-14.737 Y-8.472 Z0.800 F2400 A93.06312; Inset 
G1 X-14.082 Y-8.620 Z0.800 F2400 A93.08661; Inset 
G1 X-13.451 Y-8.841 Z0.800 F2400 A93.10999; Inset 
G1 X-12.416 Y-9.394 Z0.800 F2400 A93.15100; Inset 
G1 X-4.148 Y-9.394 Z0.800 F2400 A93.44008; Inset 
G1 X-4.898 Y-0.948 Z0.800 F2400 A93.73654; Inset 
G1 X-4.880 Y-0.682 Z0.800 F2400 A93.74585; Inset 
G1 X-4.783 Y-0.442 Z0.800 F2400 A93.75489; Inset 
G1 X-4.525 Y-0.185 Z0.800 F2400 A93.76763; Inset 
G1 X-2.770 Y0.514 Z0.800 F2400 A93.83369; Inset 
G1 X-2.261 Y-5.210 Z0.800 F2400 A94.03459; Inset 
G1 X-2.122 Y-5.778 Z0.800 F2400 A94.05502; Inset 
G1 X-1.888 Y-6.315 Z0.800 F2400 A94.07551; Inset 
G1 X-1.567 Y-6.806 Z0.800 F2400 A94.09600; Inset 
G1 X-1.167 Y-7.235 Z0.800 F2400 A94.11650; Inset 
G1 X-0.701 Y-7.590 Z0.800 F2400 A94.13699; Inset 
G1 X-0.181 Y-7.861 Z0.800 F2400 A94.15748; Inset 
G1 X0.377 Y-8.041 Z0.800 F2400 A94.17797; Inset 
G1 X0.957 Y-8.123 Z0.800 F2400 A94.19847; Inset 
G1 X1.543 Y-8.106 Z0.800 F2400 A94.21896; Inset 
G1 X2.118 Y-7.991 Z0.800 F2400 A94.23945; Inset 
G1 X2.665 Y-7.780 Z0.800 F2400 A94.25995; Inset 
G1 X3.168 Y-7.479 Z0.800 F2400 A94.28044; Inset 
G1 X3.613 Y-7.098 Z0.800 F2400 A94.30093; Inset 
G1 X3.988 Y-6.647 Z0.800 F2400 A94.32142; Inset 
G1 X4.280 Y-6.139 Z0.800 F2400 A94.34191; Inset 
G1 X4.483 Y-5.589 Z0.800 F2400 A94.36241; Inset 
G1 X4.590 Y-5.013 Z0.800 F2400 A94.38290; Inset 
G1 X4.597 Y-4.434 Z0.800 F2400 A94.40316; Inset 
G1 X3.993 Y2.366 Z0.800 F2400 A94.64181; Inset 
G1 X5.354 Y2.605 Z0.800 F2400 A94.69011; Inset 
G1 X5.638 Y2.603 Z0.800 F2400 A94.70003; Inset 
G1 X5.748 Y2.574 Z0.800 F2400 A94.70403; Inset 
G1 X5.984 Y2.446 Z0.800 F2400 A94.71342; Inset 
G1 X6.161 Y2.255 Z0.800 F2400 A94.72252; Inset 
G1 X6.266 Y2.016 Z0.800 F2400 A94.73162; Inset 
G1 X6.605 Y-1.643 Z0.800 F2400 A94.86011; Inset 
G1 X8.898 Y-2.739 Z0.800 F2400 A94.94896; Inset 
G1 X9.586 Y-3.195 Z0.800 F2400 A94.97782; Inset 
G1 X10.992 Y-4.396 Z0.800 F2400 A95.04245; Inset 
G1 X11.090 Y-4.543 Z0.800 F2400 A95.04863; Inset 
G1 X11.088 Y-4.729 Z0.800 F2400 A95.05513; Inset 
G1 X11.041 Y-4.815 Z0.800 F2400 A95.05857; Inset 
G1 X10.955 Y-4.893 Z0.800 F2400 A95.06262; Inset 
G1 X7.387 Y-7.206 Z0.800 F2400 A95.21128; Inset 
G1 X7.143 Y-7.513 Z0.800 F2400 A95.22499; Inset 
G1 X7.017 Y-7.865 Z0.800 F2400 A95.23807; Inset 
G1 X5.768 Y-14.691 Z0.800 F2400 A95.48066; Inset 
G1 X5.665 Y-15.089 Z0.800 F2400 A95.49501; Inset 
G1 X5.477 Y-15.522 Z0.800 F2400 A95.51153; Inset 
G1 X5.260 Y-15.864 Z0.800 F2400 A95.52568; Inset 
G1 X4.941 Y-16.223 Z0.800 F2400 A95.54248; Inset 
G1 X4.628 Y-16.481 Z0.800 F2400 A95.55665; Inset 
G1 X4.211 Y-16.723 Z0.800 F2400 A95.57351; Inset 
G1 X3.848 Y-16.866 Z0.800 F2400 A95.58714; Inset 
G1 X3.402 Y-16.966 Z0.800 F2400 A95.60311; Inset 
G1 X3.005 Y-16.994 Z0.800 F2400 A95.61703; Inset 
G1 X-10.591 Y-16.994 Z0.800 F2400 A96.09234; Inset 
G1 X-11.256 Y-17.941 Z0.800 F2400 A96.13277; Inset 
G1 X-11.716 Y-18.426 Z0.800 F2400 A96.15616; Inset 
G1 X-12.232 Y-18.856 Z0.800 F2400 A96.17965; Inset 
G1 X-12.795 Y-19.224 Z0.800 F2400 A96.20315; Inset 
G1 X-13.396 Y-19.524 Z0.800 F2400 A96.22665; Inset 
G1 X-14.028 Y-19.753 Z0.800 F2400 A96.25015; Inset 
G1 X-14.682 Y-19.907 Z0.800 F2400 A96.27364; Inset 
G1 X-15.350 Y-19.984 Z0.800 F2400 A96.29714; Inset 
G1 X-16.022 Y-19.984 Z0.800 F2400 A96.32064; Inset 
G1 X-16.690 Y-19.906 Z0.800 F2400 A96.34413; Inset 
G1 X-17.344 Y-19.751 Z0.800 F2400 A96.36764; Inset 
G1 X-17.975 Y-19.522 Z0.800 F2400 A96.39113; Inset 
G1 X-18.577 Y-19.221 Z0.800 F2400 A96.41463; Inset 
G1 X-19.139 Y-18.852 Z0.800 F2400 A96.43812; Inset 
G1 X-19.139 Y-18.852 Z0.800 F1500 A95.13812; Retract 
G1 X-19.139 Y-18.852 Z0.800 F3000; Retract 
G1 X-17.708 Y-18.441 Z0.800 F9000; Travel Move 
G1 X-17.708 Y-18.441 Z0.800 F1500 A96.43812; Restart 
G1 X-19.933 Y-16.216 Z0.800 F5400 A96.54815; Infill 
G1 X-20.252 Y-15.337 Z0.800 F5400 A96.58082; Connection 
G1 X-16.833 Y-18.756 Z0.800 F5400 A96.74986; Infill 
G1 X-16.154 Y-18.875 Z0.800 F5400 A96.77397; Connection 
G1 X-17.049 Y-17.980 Z0.800 F5400 A96.81823; Infill 
G1 X-16.273 Y-18.196 Z0.800 F5400 A96.84638; Connection 
G1 X-15.570 Y-18.898 Z0.800 F5400 A96.88112; Infill 
G1 X-15.052 Y-18.857 Z0.800 F5400 A96.89930; Connection 
G1 X-15.895 Y-18.014 Z0.800 F5400 A96.94098; Infill 
G1 X-15.209 Y-18.139 Z0.800 F5400 A96.96535; Connection 
G1 X-14.581 Y-18.768 Z0.800 F5400 A96.99640; Infill 
G1 X-14.148 Y-18.641 Z0.800 F5400 A97.01219; Connection 
G1 X-14.672 Y-18.117 Z0.800 F5400 A97.03810; Infill 
G1 X-14.268 Y-17.961 Z0.800 F5400 A97.05324; Connection 
G1 X-13.744 Y-18.484 Z0.800 F5400 A97.07911; Infill 
G1 X-13.371 Y-18.298 Z0.800 F5400 A97.09371; Connection 
G1 X-13.872 Y-17.797 Z0.800 F5400 A97.11846; Infill 
G1 X-13.519 Y-17.590 Z0.800 F5400 A97.13276; Connection 
G1 X-13.029 Y-18.079 Z0.800 F5400 A97.15698; Infill 
G1 X-12.709 Y-17.839 Z0.800 F5400 A97.17096; Connection 
G1 X-13.192 Y-17.357 Z0.800 F5400 A97.19483; Infill 
G1 X-12.886 Y-17.102 Z0.800 F5400 A97.20873; Connection 
G1 X-12.410 Y-17.579 Z0.800 F5400 A97.23229; Infill 
G1 X-12.137 Y-17.292 Z0.800 F5400 A97.24614; Connection 
G1 X-12.622 Y-16.807 Z0.800 F5400 A97.27010; Infill 
G1 X-12.375 Y-16.494 Z0.800 F5400 A97.28404; Connection 
G1 X-11.900 Y-16.969 Z0.800 F5400 A97.30753; Infill 
G1 X-11.669 Y-16.640 Z0.800 F5400 A97.32158; Connection 
G1 X-12.164 Y-16.144 Z0.800 F5400 A97.34608; Infill 
G1 X-11.978 Y-15.770 Z0.800 F5400 A97.36068; Connection 
G1 X-11.438 Y-16.311 Z0.800 F5400 A97.38742; Infill 
G1 X-11.116 Y-16.072 Z0.800 F5400 A97.40141; Connection 
G1 X-11.822 Y-15.366 Z0.800 F5400 A97.43631; Infill 
G1 X-11.666 Y-14.962 Z0.800 F5400 A97.45145; Connection 
G1 X-10.720 Y-15.908 Z0.800 F5400 A97.49822; Infill 
G1 X-10.160 Y-15.908 Z0.800 F5400 A97.51780; Connection 
G1 X-11.936 Y-14.133 Z0.800 F5400 A97.60559; Infill 
G1 X-11.754 Y-13.754 Z0.800 F5400 A97.62026; Connection 
G1 X-9.600 Y-15.908 Z0.800 F5400 A97.72675; Infill 
G1 X-9.040 Y-15.908 Z0.800 F5400 A97.74633; Connection 
G1 X-11.757 Y-13.192 Z0.800 F5400 A97.88065; Infill 
M73 P14; Update Progress 
G1 X-12.187 Y-12.201 Z0.800 F5400 A97.91841; Connection 
G1 X-8.480 Y-15.908 Z0.800 F5400 A98.10170; Infill 
G1 X-7.920 Y-15.908 Z0.800 F5400 A98.12128; Connection 
G1 X-14.044 Y-9.784 Z0.800 F5400 A98.42405; Infill 
G1 X-14.822 Y-9.567 Z0.800 F5400 A98.45229; Connection 
G1 X-13.682 Y-10.707 Z0.800 F5400 A98.50866; Infill 
G1 X-14.680 Y-10.268 Z0.800 F5400 A98.54678; Connection 
G1 X-15.460 Y-9.488 Z0.800 F5400 A98.58536; Infill 
G1 X-16.014 Y-9.495 Z0.800 F5400 A98.60471; Connection 
G1 X-15.253 Y-10.256 Z0.800 F5400 A98.64234; Infill 
G1 X-15.618 Y-10.451 Z0.800 F5400 A98.65681; Connection 
G1 X-16.511 Y-9.558 Z0.800 F5400 A98.70095; Infill 
G1 X-16.963 Y-9.665 Z0.800 F5400 A98.71721; Connection 
G1 X-16.451 Y-10.178 Z0.800 F5400 A98.74254; Infill 
G1 X-16.855 Y-10.334 Z0.800 F5400 A98.75768; Connection 
G1 X-17.381 Y-9.807 Z0.800 F5400 A98.78370; Infill 
G1 X-17.770 Y-9.978 Z0.800 F5400 A98.79855; Connection 
G1 X-17.259 Y-10.490 Z0.800 F5400 A98.82384; Infill 
G1 X-17.633 Y-10.676 Z0.800 F5400 A98.83845; Connection 
G1 X-18.134 Y-10.175 Z0.800 F5400 A98.86323; Infill 
G1 X-18.469 Y-10.399 Z0.800 F5400 A98.87734; Connection 
G1 X-17.982 Y-10.886 Z0.800 F5400 A98.90143; Infill 
G1 X-18.295 Y-11.133 Z0.800 F5400 A98.91537; Connection 
G1 X-18.777 Y-10.651 Z0.800 F5400 A98.93921; Infill 
G1 X-19.065 Y-10.924 Z0.800 F5400 A98.95306; Connection 
G1 X-18.591 Y-11.398 Z0.800 F5400 A98.97650; Infill 
G1 X-18.845 Y-11.703 Z0.800 F5400 A98.99040; Connection 
G1 X-19.332 Y-11.216 Z0.800 F5400 A99.01447; Infill 
G1 X-19.569 Y-11.540 Z0.800 F5400 A99.02848; Connection 
G1 X-19.078 Y-12.031 Z0.800 F5400 A99.05276; Infill 
G1 X-19.286 Y-12.383 Z0.800 F5400 A99.06706; Connection 
G1 X-19.782 Y-11.887 Z0.800 F5400 A99.09160; Infill 
G1 X-19.971 Y-12.258 Z0.800 F5400 A99.10616; Connection 
G1 X-19.449 Y-12.779 Z0.800 F5400 A99.13194; Infill 
G1 X-19.606 Y-13.183 Z0.800 F5400 A99.14708; Connection 
G1 X-20.134 Y-12.655 Z0.800 F5400 A99.17318; Infill 
G1 X-20.260 Y-13.088 Z0.800 F5400 A99.18896; Connection 
G1 X-19.663 Y-13.685 Z0.800 F5400 A99.21848; Infill 
G1 X-20.347 Y-13.562 Z0.800 F5400 A99.24276; Connection 
G1 X-19.504 Y-14.405 Z0.800 F5400 A99.28443; Infill 
G1 X-19.699 Y-14.770 Z0.800 F5400 A99.29890; Connection 
G1 X-20.387 Y-14.081 Z0.800 F5400 A99.33294; Infill 
G1 X-20.367 Y-14.662 Z0.800 F5400 A99.35325; Connection 
G1 X-19.468 Y-15.560 Z0.800 F5400 A99.39766; Infill 
G1 X-19.468 Y-15.560 Z0.800 F1500 A98.09766; Retract 
G1 X-19.468 Y-15.560 Z0.800 F3000; Retract 
G1 X-12.902 Y-10.366 Z0.800 F9000; Travel Move 
G1 X-12.902 Y-10.366 Z0.800 F1500 A99.39766; Restart 
G1 X-7.360 Y-15.908 Z0.800 F5400 A99.67168; Infill 
G1 X-6.800 Y-15.908 Z0.800 F5400 A99.69126; Connection 
G1 X-12.228 Y-10.480 Z0.800 F5400 A99.95962; Infill 
G1 X-11.668 Y-10.480 Z0.800 F5400 A99.97920; Connection 
G1 X-6.240 Y-15.908 Z0.800 F5400 A100.24757; Infill 
G1 X-5.680 Y-15.908 Z0.800 F5400 A100.26714; Connection 
G1 X-11.108 Y-10.480 Z0.800 F5400 A100.53551; Infill 
G1 X-10.548 Y-10.480 Z0.800 F5400 A100.55509; Connection 
G1 X-5.120 Y-15.908 Z0.800 F5400 A100.82345; Infill 
G1 X-4.560 Y-15.908 Z0.800 F5400 A100.84303; Connection 
G1 X-9.988 Y-10.480 Z0.800 F5400 A101.11139; Infill 
G1 X-9.428 Y-10.480 Z0.800 F5400 A101.13097; Connection 
G1 X-4.000 Y-15.908 Z0.800 F5400 A101.39933; Infill 
G1 X-3.440 Y-15.908 Z0.800 F5400 A101.41891; Connection 
G1 X-8.868 Y-10.480 Z0.800 F5400 A101.68728; Infill 
G1 X-8.308 Y-10.480 Z0.800 F5400 A101.70686; Connection 
G1 X-2.880 Y-15.908 Z0.800 F5400 A101.97522; Infill 
G1 X-2.320 Y-15.908 Z0.800 F5400 A101.99480; Connection 
G1 X-7.748 Y-10.480 Z0.800 F5400 A102.26316; Infill 
G1 X-7.188 Y-10.480 Z0.800 F5400 A102.28274; Connection 
G1 X-1.760 Y-15.908 Z0.800 F5400 A102.55110; Infill 
G1 X-1.200 Y-15.908 Z0.800 F5400 A102.57068; Connection 
G1 X-6.628 Y-10.480 Z0.800 F5400 A102.83905; Infill 
G1 X-6.068 Y-10.480 Z0.800 F5400 A102.85862; Connection 
G1 X-0.640 Y-15.908 Z0.800 F5400 A103.12699; Infill 
G1 X-0.080 Y-15.908 Z0.800 F5400 A103.14657; Connection 
G1 X-5.507 Y-10.480 Z0.800 F5400 A103.41493; Infill 
G1 X-4.947 Y-10.480 Z0.800 F5400 A103.43451; Connection 
G1 X0.481 Y-15.908 Z0.800 F5400 A103.70287; Infill 
G1 X1.041 Y-15.908 Z0.800 F5400 A103.72245; Connection 
G1 X-4.387 Y-10.480 Z0.800 F5400 A103.99081; Infill 
G1 X-3.839 Y-10.469 Z0.800 F5400 A104.00999; Connection 
G1 X0.640 Y-14.948 Z0.800 F5400 A104.23144; Infill 
G1 X0.377 Y-14.125 Z0.800 F5400 A104.26163; Connection 
G1 X-3.545 Y-10.202 Z0.800 F5400 A104.45558; Infill 
G1 X-3.278 Y-9.910 Z0.800 F5400 A104.46943; Connection 
G1 X0.324 Y-13.512 Z0.800 F5400 A104.64753; Infill 
G1 X0.402 Y-13.030 Z0.800 F5400 A104.66462; Connection 
G1 X-3.043 Y-9.585 Z0.800 F5400 A104.83493; Infill 
G1 X-3.095 Y-8.973 Z0.800 F5400 A104.85640; Connection 
G1 X0.555 Y-12.623 Z0.800 F5400 A105.03687; Infill 
G1 X0.736 Y-12.243 Z0.800 F5400 A105.05156; Connection 
G1 X-3.149 Y-8.358 Z0.800 F5400 A105.24364; Infill 
G1 X-3.204 Y-7.744 Z0.800 F5400 A105.26522; Connection 
G1 X0.965 Y-11.912 Z0.800 F5400 A105.47132; Infill 
G1 X1.258 Y-11.645 Z0.800 F5400 A105.48518; Connection 
G1 X-3.259 Y-7.129 Z0.800 F5400 A105.70847; Infill 
G1 X-3.313 Y-6.514 Z0.800 F5400 A105.73004; Connection 
G1 X-2.561 Y-7.267 Z0.800 F5400 A105.76726; Infill 
G1 X-3.151 Y-6.117 Z0.800 F5400 A105.81246; Connection 
G1 X-3.368 Y-5.900 Z0.800 F5400 A105.82320; Infill 
G1 X-3.333 Y-5.375 Z0.800 F5400 A105.84158; Connection 
G1 X-3.423 Y-5.285 Z0.800 F5400 A105.84603; Infill 
G1 X-3.391 Y-4.756 Z0.800 F5400 A105.86455; Connection 
G1 X-3.477 Y-4.670 Z0.800 F5400 A105.86880; Infill 
G1 X-3.446 Y-4.141 Z0.800 F5400 A105.88732; Connection 
G1 X-3.532 Y-4.056 Z0.800 F5400 A105.89157; Infill 
G1 X-3.501 Y-3.527 Z0.800 F5400 A105.91008; Connection 
G1 X-3.587 Y-3.441 Z0.800 F5400 A105.91433; Infill 
G1 X-3.555 Y-2.912 Z0.800 F5400 A105.93285; Connection 
G1 X-3.641 Y-2.826 Z0.800 F5400 A105.93710; Infill 
G1 X-3.610 Y-2.297 Z0.800 F5400 A105.95561; Connection 
G1 X-3.696 Y-2.212 Z0.800 F5400 A105.95986; Infill 
G1 X-3.664 Y-1.683 Z0.800 F5400 A105.97838; Connection 
G1 X-3.750 Y-1.597 Z0.800 F5400 A105.98263; Infill 
G1 X-3.719 Y-1.068 Z0.800 F5400 A106.00115; Connection 
G1 X-3.733 Y-1.055 Z0.800 F5400 A106.00182; Infill 
G1 X-3.733 Y-1.055 Z0.800 F1500 A104.70182; Retract 
G1 X-3.733 Y-1.055 Z0.800 F3000; Retract 
G1 X-1.427 Y-8.400 Z0.800 F9000; Travel Move 
G1 X-1.427 Y-8.400 Z0.800 F1500 A106.00182; Restart 
G1 X1.562 Y-11.389 Z0.800 F5400 A106.14959; Infill 
G1 X1.915 Y-11.183 Z0.800 F5400 A106.16390; Connection 
G1 X-0.312 Y-8.956 Z0.800 F5400 A106.27400; Infill 
G1 X0.434 Y-9.142 Z0.800 F5400 A106.30088; Connection 
G1 X2.329 Y-11.036 Z0.800 F5400 A106.39455; Infill 
G1 X2.782 Y-10.930 Z0.800 F5400 A106.41084; Connection 
G1 X1.054 Y-9.201 Z0.800 F5400 A106.49630; Infill 
G1 X1.604 Y-9.191 Z0.800 F5400 A106.51553; Connection 
G1 X3.342 Y-10.930 Z0.800 F5400 A106.60149; Infill 
G1 X4.045 Y-11.072 Z0.800 F5400 A106.62654; Connection 
G1 X2.073 Y-9.100 Z0.800 F5400 A106.72404; Infill 
G1 X2.529 Y-8.996 Z0.800 F5400 A106.74038; Connection 
G1 X5.215 Y-11.682 Z0.800 F5400 A106.87318; Infill 
G1 X5.301 Y-11.209 Z0.800 F5400 A106.89001; Connection 
G1 X2.929 Y-8.837 Z0.800 F5400 A107.00728; Infill 
G1 X3.311 Y-8.659 Z0.800 F5400 A107.02202; Connection 
G1 X5.388 Y-10.735 Z0.800 F5400 A107.12469; Infill 
G1 X5.475 Y-10.262 Z0.800 F5400 A107.14151; Connection 
G1 X3.662 Y-8.449 Z0.800 F5400 A107.23113; Infill 
G1 X3.980 Y-8.207 Z0.800 F5400 A107.24511; Connection 
G1 X5.561 Y-9.788 Z0.800 F5400 A107.32327; Infill 
G1 X5.648 Y-9.315 Z0.800 F5400 A107.34010; Connection 
G1 X4.285 Y-7.952 Z0.800 F5400 A107.40749; Infill 
G1 X4.553 Y-7.660 Z0.800 F5400 A107.42135; Connection 
G1 X5.734 Y-8.842 Z0.800 F5400 A107.47978; Infill 
G1 X5.821 Y-8.368 Z0.800 F5400 A107.49661; Connection 
G1 X4.809 Y-7.357 Z0.800 F5400 A107.54663; Infill 
G1 X5.023 Y-7.010 Z0.800 F5400 A107.56085; Connection 
G1 X5.908 Y-7.895 Z0.800 F5400 A107.60458; Infill 
G1 X6.019 Y-7.446 Z0.800 F5400 A107.62075; Connection 
G1 X5.228 Y-6.655 Z0.800 F5400 A107.65984; Infill 
G1 X5.391 Y-6.258 Z0.800 F5400 A107.67485; Connection 
G1 X6.169 Y-7.036 Z0.800 F5400 A107.71332; Infill 
G1 X6.404 Y-6.711 Z0.800 F5400 A107.72735; Connection 
G1 X5.538 Y-5.845 Z0.800 F5400 A107.77016; Infill 
G1 X5.623 Y-5.371 Z0.800 F5400 A107.78703; Connection 
G1 X6.664 Y-6.411 Z0.800 F5400 A107.83845; Infill 
G1 X6.985 Y-6.172 Z0.800 F5400 A107.85245; Connection 
G1 X5.677 Y-4.864 Z0.800 F5400 A107.91713; Infill 
G1 X5.676 Y-4.303 Z0.800 F5400 A107.93674; Connection 
G1 X7.325 Y-5.952 Z0.800 F5400 A108.01827; Infill 
G1 X7.665 Y-5.732 Z0.800 F5400 A108.03242; Connection 
G1 X5.622 Y-3.688 Z0.800 F5400 A108.13345; Infill 
G1 X5.567 Y-3.074 Z0.800 F5400 A108.15502; Connection 
G1 X8.005 Y-5.512 Z0.800 F5400 A108.27556; Infill 
G1 X8.345 Y-5.291 Z0.800 F5400 A108.28971; Connection 
G1 X5.512 Y-2.459 Z0.800 F5400 A108.42974; Infill 
G1 X5.541 Y-1.928 Z0.800 F5400 A108.44835; Connection 
G1 X5.458 Y-1.844 Z0.800 F5400 A108.45246; Infill 
G1 X5.484 Y-1.310 Z0.800 F5400 A108.47116; Connection 
G1 X5.403 Y-1.230 Z0.800 F5400 A108.47514; Infill 
G1 X5.426 Y-0.693 Z0.800 F5400 A108.49392; Connection 
G1 X5.348 Y-0.615 Z0.800 F5400 A108.49777; Infill 
G1 X5.369 Y-0.076 Z0.800 F5400 A108.51664; Connection 
G1 X5.294 Y-0.000 Z0.800 F5400 A108.52037; Infill 
G1 X5.294 Y-0.000 Z0.800 F1500 A107.22037; Retract 
G1 X5.294 Y-0.000 Z0.800 F3000; Retract 
G1 X6.327 Y-2.714 Z0.800 F9000; Travel Move 
G1 X6.327 Y-2.714 Z0.800 F1500 A108.52037; Restart 
G1 X8.684 Y-5.071 Z0.800 F5400 A108.63692; Infill 
G1 X9.024 Y-4.851 Z0.800 F5400 A108.65108; Connection 
G1 X7.399 Y-3.226 Z0.800 F5400 A108.73140; Infill 
G1 X8.532 Y-3.799 Z0.800 F5400 A108.77579; Connection 
G1 X9.364 Y-4.631 Z0.800 F5400 A108.81690; Infill 
G1 X9.364 Y-4.631 Z0.800 F1500 A107.51690; Retract 
G1 X9.364 Y-4.631 Z0.800 F3000; Retract 
G1 X5.312 Y0.541 Z0.800 F9000; Travel Move 
G1 X5.312 Y0.541 Z0.800 F1500 A108.81690; Restart 
G1 X5.239 Y0.614 Z0.800 F5400 A108.82050; Infill 
G1 X5.255 Y1.158 Z0.800 F5400 A108.83954; Connection 
G1 X5.184 Y1.229 Z0.800 F5400 A108.84302; Infill 
; Chunk 8 
; Lower Position  0.8 
; Upper Position  1 
; Thickness       0.2 
; Width           0.4 
G1 X5.184 Y1.229 Z0.800 F1500 A107.54302; Retract 
G1 X5.184 Y1.229 Z0.800 F3000; Retract 
G1 X5.184 Y1.229 Z1.000 F1380; Travel Move 
G1 X-17.844 Y-17.259 Z1.000 F9000; Travel Move 
G1 X-17.844 Y-17.259 Z1.000 F1500 A108.84302; Restart 
G1 X-17.316 Y-17.570 Z1.000 F5400 A108.86444; Inset 
G1 X-16.383 Y-17.931 Z1.000 F5400 A108.89942; Inset 
G1 X-15.683 Y-17.594 Z1.000 F5400 A108.92657; Inset 
G1 X-14.983 Y-17.931 Z1.000 F5400 A108.95372; Inset 
G1 X-14.050 Y-17.570 Z1.000 F5400 A108.98870; Inset 
G1 X-13.522 Y-17.259 Z1.000 F5400 A109.01012; Inset 
G1 X-13.060 Y-16.874 Z1.000 F5400 A109.03114; Inset 
G1 X-12.665 Y-16.421 Z1.000 F5400 A109.05217; Inset 
G1 X-12.307 Y-15.828 Z1.000 F5400 A109.07638; Inset 
G1 X-11.946 Y-14.894 Z1.000 F5400 A109.11137; Inset 
G1 X-12.283 Y-14.194 Z1.000 F5400 A109.13851; Inset 
G1 X-11.946 Y-13.495 Z1.000 F5400 A109.16566; Inset 
G1 X-12.307 Y-12.561 Z1.000 F5400 A109.20064; Inset 
G1 X-12.618 Y-12.033 Z1.000 F5400 A109.22206; Inset 
G1 X-13.003 Y-11.571 Z1.000 F5400 A109.24309; Inset 
G1 X-13.457 Y-11.176 Z1.000 F5400 A109.26411; Inset 
G1 X-14.050 Y-10.819 Z1.000 F5400 A109.28833; Inset 
G1 X-15.007 Y-10.449 Z1.000 F5400 A109.32419; Inset 
G1 X-15.683 Y-10.810 Z1.000 F5400 A109.35099; Inset 
G1 X-16.359 Y-10.449 Z1.000 F5400 A109.37779; Inset 
G1 X-17.316 Y-10.819 Z1.000 F5400 A109.41366; Inset 
G1 X-17.909 Y-11.176 Z1.000 F5400 A109.43788; Inset 
G1 X-18.363 Y-11.571 Z1.000 F5400 A109.45890; Inset 
G1 X-18.748 Y-12.033 Z1.000 F5400 A109.47992; Inset 
G1 X-19.058 Y-12.561 Z1.000 F5400 A109.50134; Inset 
G1 X-19.428 Y-13.518 Z1.000 F5400 A109.53721; Inset 
G1 X-19.067 Y-14.194 Z1.000 F5400 A109.56401; Inset 
G1 X-19.428 Y-14.871 Z1.000 F5400 A109.59081; Inset 
G1 X-19.058 Y-15.828 Z1.000 F5400 A109.62668; Inset 
G1 X-18.701 Y-16.421 Z1.000 F5400 A109.65089; Inset 
M73 P15; Update Progress 
G1 X-18.306 Y-16.874 Z1.000 F5400 A109.67192; Inset 
G1 X-17.844 Y-17.259 Z1.000 F5400 A109.69294; Inset 
G1 X-17.844 Y-17.259 Z1.000 F1500 A108.39294; Retract 
G1 X-17.844 Y-17.259 Z1.000 F3000; Retract 
G1 X-17.623 Y-16.925 Z1.000 F9000; Travel Move 
G1 X-17.623 Y-16.925 Z1.000 F1500 A109.69294; Restart 
G1 X-17.155 Y-17.203 Z1.000 F5400 A109.71196; Inset 
G1 X-16.400 Y-17.495 Z1.000 F5400 A109.74027; Inset 
G1 X-15.932 Y-17.270 Z1.000 F5400 A109.75844; Inset 
G1 X-15.809 Y-16.880 Z1.000 F5400 A109.77275; Inset 
G1 X-15.741 Y-16.815 Z1.000 F5400 A109.77602; Inset 
G1 X-15.683 Y-16.800 Z1.000 F5400 A109.77811; Inset 
G1 X-15.625 Y-16.815 Z1.000 F5400 A109.78020; Inset 
G1 X-15.557 Y-16.880 Z1.000 F5400 A109.78347; Inset 
G1 X-15.434 Y-17.270 Z1.000 F5400 A109.79778; Inset 
G1 X-14.966 Y-17.495 Z1.000 F5400 A109.81595; Inset 
G1 X-14.210 Y-17.203 Z1.000 F5400 A109.84426; Inset 
G1 X-13.743 Y-16.925 Z1.000 F5400 A109.86328; Inset 
G1 X-13.331 Y-16.580 Z1.000 F5400 A109.88206; Inset 
G1 X-12.980 Y-16.174 Z1.000 F5400 A109.90084; Inset 
G1 X-12.674 Y-15.667 Z1.000 F5400 A109.92154; Inset 
G1 X-12.382 Y-14.911 Z1.000 F5400 A109.94985; Inset 
G1 X-12.607 Y-14.443 Z1.000 F5400 A109.96801; Inset 
G1 X-13.009 Y-14.316 Z1.000 F5400 A109.98276; Inset 
G1 X-13.050 Y-14.273 Z1.000 F5400 A109.98485; Inset 
G1 X-13.074 Y-14.182 Z1.000 F5400 A109.98812; Inset 
G1 X-13.059 Y-14.125 Z1.000 F5400 A109.99021; Inset 
G1 X-13.009 Y-14.072 Z1.000 F5400 A109.99273; Inset 
G1 X-12.607 Y-13.945 Z1.000 F5400 A110.00747; Inset 
G1 X-12.382 Y-13.477 Z1.000 F5400 A110.02563; Inset 
G1 X-12.674 Y-12.722 Z1.000 F5400 A110.05395; Inset 
G1 X-12.952 Y-12.254 Z1.000 F5400 A110.07297; Inset 
G1 X-13.297 Y-11.843 Z1.000 F5400 A110.09175; Inset 
G1 X-13.704 Y-11.491 Z1.000 F5400 A110.11053; Inset 
G1 X-14.210 Y-11.185 Z1.000 F5400 A110.13122; Inset 
G1 X-14.980 Y-10.888 Z1.000 F5400 A110.16007; Inset 
G1 X-15.465 Y-11.147 Z1.000 F5400 A110.17929; Inset 
G1 X-15.570 Y-11.529 Z1.000 F5400 A110.19315; Inset 
G1 X-15.659 Y-11.586 Z1.000 F5400 A110.19685; Inset 
G1 X-15.718 Y-11.581 Z1.000 F5400 A110.19894; Inset 
G1 X-15.796 Y-11.529 Z1.000 F5400 A110.20221; Inset 
G1 X-15.901 Y-11.147 Z1.000 F5400 A110.21606; Inset 
G1 X-16.386 Y-10.888 Z1.000 F5400 A110.23529; Inset 
G1 X-17.155 Y-11.185 Z1.000 F5400 A110.26413; Inset 
G1 X-17.662 Y-11.491 Z1.000 F5400 A110.28483; Inset 
G1 X-18.069 Y-11.843 Z1.000 F5400 A110.30361; Inset 
G1 X-18.414 Y-12.254 Z1.000 F5400 A110.32239; Inset 
G1 X-18.692 Y-12.722 Z1.000 F5400 A110.34141; Inset 
G1 X-18.989 Y-13.491 Z1.000 F5400 A110.37025; Inset 
G1 X-18.730 Y-13.976 Z1.000 F5400 A110.38948; Inset 
G1 X-18.413 Y-14.048 Z1.000 F5400 A110.40084; Inset 
G1 X-18.307 Y-14.125 Z1.000 F5400 A110.40543; Inset 
G1 X-18.292 Y-14.182 Z1.000 F5400 A110.40751; Inset 
G1 X-18.315 Y-14.273 Z1.000 F5400 A110.41079; Inset 
G1 X-18.413 Y-14.341 Z1.000 F5400 A110.41495; Inset 
G1 X-18.730 Y-14.412 Z1.000 F5400 A110.42631; Inset 
G1 X-18.989 Y-14.897 Z1.000 F5400 A110.44554; Inset 
G1 X-18.692 Y-15.667 Z1.000 F5400 A110.47438; Inset 
G1 X-18.386 Y-16.174 Z1.000 F5400 A110.49508; Inset 
G1 X-18.035 Y-16.580 Z1.000 F5400 A110.51386; Inset 
G1 X-17.623 Y-16.925 Z1.000 F5400 A110.53264; Inset 
G1 X-17.623 Y-16.925 Z1.000 F1500 A109.23264; Retract 
G1 X-17.623 Y-16.925 Z1.000 F3000; Retract 
G1 X-17.409 Y-16.587 Z1.000 F9000; Travel Move 
G1 X-17.409 Y-16.587 Z1.000 F1500 A110.53264; Restart 
G1 X-17.003 Y-16.833 Z1.000 F2400 A110.54923; Inset 
G1 X-16.299 Y-17.105 Z1.000 F2400 A110.57561; Inset 
G1 X-16.170 Y-16.695 Z1.000 F2400 A110.59067; Inset 
G1 X-16.059 Y-16.547 Z1.000 F2400 A110.59710; Inset 
G1 X-15.907 Y-16.445 Z1.000 F2400 A110.60352; Inset 
G1 X-15.645 Y-16.397 Z1.000 F2400 A110.61282; Inset 
G1 X-15.459 Y-16.445 Z1.000 F2400 A110.61955; Inset 
G1 X-15.306 Y-16.547 Z1.000 F2400 A110.62597; Inset 
G1 X-15.196 Y-16.695 Z1.000 F2400 A110.63240; Inset 
G1 X-15.066 Y-17.105 Z1.000 F2400 A110.64746; Inset 
G1 X-14.363 Y-16.833 Z1.000 F2400 A110.67384; Inset 
G1 X-13.957 Y-16.587 Z1.000 F2400 A110.69043; Inset 
G1 X-13.596 Y-16.281 Z1.000 F2400 A110.70697; Inset 
G1 X-13.290 Y-15.920 Z1.000 F2400 A110.72352; Inset 
G1 X-13.044 Y-15.514 Z1.000 F2400 A110.74011; Inset 
G1 X-12.772 Y-14.811 Z1.000 F2400 A110.76649; Inset 
G1 X-13.191 Y-14.678 Z1.000 F2400 A110.78185; Inset 
G1 X-13.387 Y-14.499 Z1.000 F2400 A110.79116; Inset 
G1 X-13.463 Y-14.331 Z1.000 F2400 A110.79758; Inset 
G1 X-13.478 Y-14.148 Z1.000 F2400 A110.80400; Inset 
G1 X-13.393 Y-13.896 Z1.000 F2400 A110.81331; Inset 
G1 X-13.191 Y-13.710 Z1.000 F2400 A110.82291; Inset 
G1 X-12.772 Y-13.578 Z1.000 F2400 A110.83828; Inset 
G1 X-13.044 Y-12.874 Z1.000 F2400 A110.86465; Inset 
G1 X-13.290 Y-12.468 Z1.000 F2400 A110.88125; Inset 
G1 X-13.596 Y-12.108 Z1.000 F2400 A110.89779; Inset 
G1 X-13.957 Y-11.801 Z1.000 F2400 A110.91433; Inset 
G1 X-14.363 Y-11.555 Z1.000 F2400 A110.93093; Inset 
G1 X-15.084 Y-11.276 Z1.000 F2400 A110.95797; Inset 
G1 X-15.157 Y-11.601 Z1.000 F2400 A110.96961; Inset 
G1 X-15.245 Y-11.772 Z1.000 F2400 A110.97633; Inset 
G1 X-15.378 Y-11.899 Z1.000 F2400 A110.98275; Inset 
G1 X-15.628 Y-11.990 Z1.000 F2400 A110.99206; Inset 
G1 X-15.820 Y-11.974 Z1.000 F2400 A110.99878; Inset 
G1 X-15.987 Y-11.899 Z1.000 F2400 A111.00520; Inset 
G1 X-16.121 Y-11.772 Z1.000 F2400 A111.01163; Inset 
G1 X-16.209 Y-11.601 Z1.000 F2400 A111.01835; Inset 
G1 X-16.282 Y-11.276 Z1.000 F2400 A111.02999; Inset 
G1 X-17.003 Y-11.555 Z1.000 F2400 A111.05703; Inset 
G1 X-17.409 Y-11.801 Z1.000 F2400 A111.07362; Inset 
G1 X-17.769 Y-12.108 Z1.000 F2400 A111.09017; Inset 
G1 X-18.076 Y-12.468 Z1.000 F2400 A111.10671; Inset 
G1 X-18.322 Y-12.874 Z1.000 F2400 A111.12330; Inset 
G1 X-18.601 Y-13.596 Z1.000 F2400 A111.15034; Inset 
G1 X-18.276 Y-13.669 Z1.000 F2400 A111.16198; Inset 
G1 X-18.105 Y-13.756 Z1.000 F2400 A111.16870; Inset 
G1 X-17.972 Y-13.896 Z1.000 F2400 A111.17543; Inset 
G1 X-17.888 Y-14.148 Z1.000 F2400 A111.18473; Inset 
G1 X-17.903 Y-14.331 Z1.000 F2400 A111.19116; Inset 
G1 X-17.978 Y-14.499 Z1.000 F2400 A111.19758; Inset 
G1 X-18.105 Y-14.632 Z1.000 F2400 A111.20400; Inset 
G1 X-18.276 Y-14.720 Z1.000 F2400 A111.21073; Inset 
G1 X-18.601 Y-14.793 Z1.000 F2400 A111.22237; Inset 
G1 X-18.322 Y-15.514 Z1.000 F2400 A111.24940; Inset 
G1 X-18.076 Y-15.920 Z1.000 F2400 A111.26600; Inset 
G1 X-17.769 Y-16.281 Z1.000 F2400 A111.28254; Inset 
G1 X-17.409 Y-16.587 Z1.000 F2400 A111.29908; Inset 
G1 X-17.409 Y-16.587 Z1.000 F1500 A109.99908; Retract 
G1 X-17.409 Y-16.587 Z1.000 F3000; Retract 
G1 X-18.661 Y-18.208 Z1.000 F9000; Travel Move 
G1 X-18.661 Y-18.208 Z1.000 F1500 A111.29908; Restart 
G1 X-19.105 Y-17.837 Z1.000 F5400 A111.31933; Inset 
G1 X-19.504 Y-17.416 Z1.000 F5400 A111.33958; Inset 
G1 X-19.851 Y-16.953 Z1.000 F5400 A111.35983; Inset 
G1 X-20.142 Y-16.452 Z1.000 F5400 A111.38009; Inset 
G1 X-20.373 Y-15.921 Z1.000 F5400 A111.40033; Inset 
G1 X-20.542 Y-15.367 Z1.000 F5400 A111.42059; Inset 
G1 X-20.645 Y-14.797 Z1.000 F5400 A111.44084; Inset 
G1 X-20.681 Y-14.218 Z1.000 F5400 A111.46109; Inset 
G1 X-20.650 Y-13.640 Z1.000 F5400 A111.48134; Inset 
G1 X-20.553 Y-13.069 Z1.000 F5400 A111.50159; Inset 
G1 X-20.390 Y-12.513 Z1.000 F5400 A111.52184; Inset 
G1 X-20.164 Y-11.980 Z1.000 F5400 A111.54209; Inset 
G1 X-19.877 Y-11.476 Z1.000 F5400 A111.56234; Inset 
G1 X-19.535 Y-11.009 Z1.000 F5400 A111.58259; Inset 
G1 X-19.140 Y-10.585 Z1.000 F5400 A111.60284; Inset 
G1 X-18.700 Y-10.209 Z1.000 F5400 A111.62310; Inset 
G1 X-18.218 Y-9.887 Z1.000 F5400 A111.64335; Inset 
G1 X-17.703 Y-9.622 Z1.000 F5400 A111.66360; Inset 
G1 X-17.160 Y-9.419 Z1.000 F5400 A111.68385; Inset 
G1 X-16.598 Y-9.281 Z1.000 F5400 A111.70410; Inset 
G1 X-16.023 Y-9.208 Z1.000 F5400 A111.72435; Inset 
G1 X-15.444 Y-9.202 Z1.000 F5400 A111.74460; Inset 
G1 X-14.868 Y-9.263 Z1.000 F5400 A111.76485; Inset 
G1 X-14.303 Y-9.390 Z1.000 F5400 A111.78510; Inset 
G1 X-13.774 Y-9.576 Z1.000 F5400 A111.80470; Inset 
G1 X-12.729 Y-10.134 Z1.000 F5400 A111.84614; Inset 
G1 X-12.489 Y-10.194 Z1.000 F5400 A111.85476; Inset 
G1 X-3.926 Y-10.194 Z1.000 F5400 A112.15414; Inset 
G1 X-3.331 Y-9.545 Z1.000 F5400 A112.18494; Inset 
G1 X-4.096 Y-0.940 Z1.000 F5400 A112.48694; Inset 
G1 X-4.091 Y-0.873 Z1.000 F5400 A112.48927; Inset 
G1 X-3.471 Y-0.626 Z1.000 F5400 A112.51261; Inset 
G1 X-3.056 Y-5.304 Z1.000 F5400 A112.67677; Inset 
G1 X-2.893 Y-5.993 Z1.000 F5400 A112.70152; Inset 
G1 X-2.611 Y-6.658 Z1.000 F5400 A112.72676; Inset 
G1 X-2.222 Y-7.265 Z1.000 F5400 A112.75199; Inset 
G1 X-1.735 Y-7.798 Z1.000 F5400 A112.77723; Inset 
G1 X-1.165 Y-8.242 Z1.000 F5400 A112.80246; Inset 
G1 X-0.529 Y-8.582 Z1.000 F5400 A112.82770; Inset 
G1 X0.156 Y-8.810 Z1.000 F5400 A112.85293; Inset 
G1 X0.870 Y-8.919 Z1.000 F5400 A112.87817; Inset 
G1 X1.591 Y-8.905 Z1.000 F5400 A112.90341; Inset 
G1 X2.382 Y-8.746 Z1.000 F5400 A112.93160; Inset 
G1 X3.053 Y-8.480 Z1.000 F5400 A112.95684; Inset 
G1 X3.600 Y-8.153 Z1.000 F5400 A112.97911; Inset 
G1 X4.153 Y-7.689 Z1.000 F5400 A113.00434; Inset 
G1 X4.619 Y-7.138 Z1.000 F5400 A113.02958; Inset 
G1 X5.022 Y-6.440 Z1.000 F5400 A113.05777; Inset 
G1 X5.265 Y-5.760 Z1.000 F5400 A113.08301; Inset 
G1 X5.389 Y-5.049 Z1.000 F5400 A113.10825; Inset 
G1 X5.396 Y-4.378 Z1.000 F5400 A113.13170; Inset 
G1 X4.855 Y1.705 Z1.000 F5400 A113.34521; Inset 
G1 X5.482 Y1.804 Z1.000 F5400 A113.36741; Inset 
G1 X5.822 Y-1.867 Z1.000 F5400 A113.49629; Inset 
G1 X6.124 Y-2.300 Z1.000 F5400 A113.51475; Inset 
G1 X8.503 Y-3.437 Z1.000 F5400 A113.60691; Inset 
G1 X9.104 Y-3.835 Z1.000 F5400 A113.63211; Inset 
G1 X9.973 Y-4.577 Z1.000 F5400 A113.67206; Inset 
G1 X6.911 Y-6.561 Z1.000 F5400 A113.79961; Inset 
G1 X6.486 Y-7.055 Z1.000 F5400 A113.82237; Inset 
G1 X6.407 Y-7.198 Z1.000 F5400 A113.82810; Inset 
G1 X6.235 Y-7.697 Z1.000 F5400 A113.84657; Inset 
G1 X5.337 Y-12.604 Z1.000 F5400 A114.02095; Inset 
G1 X5.188 Y-12.311 Z1.000 F5400 A114.03242; Inset 
G1 X4.741 Y-11.803 Z1.000 F5400 A114.05610; Inset 
G1 X4.608 Y-11.696 Z1.000 F5400 A114.06205; Inset 
G1 X3.917 Y-11.328 Z1.000 F5400 A114.08941; Inset 
G1 X3.421 Y-11.216 Z1.000 F5400 A114.10719; Inset 
G1 X2.765 Y-11.216 Z1.000 F5400 A114.13012; Inset 
G1 X2.598 Y-11.245 Z1.000 F5400 A114.13607; Inset 
G1 X1.959 Y-11.470 Z1.000 F5400 A114.15975; Inset 
G1 X1.810 Y-11.553 Z1.000 F5400 A114.16570; Inset 
G1 X1.212 Y-12.057 Z1.000 F5400 A114.19306; Inset 
G1 X0.923 Y-12.476 Z1.000 F5400 A114.21084; Inset 
G1 X0.686 Y-13.065 Z1.000 F5400 A114.23303; Inset 
G1 X0.605 Y-13.567 Z1.000 F5400 A114.25081; Inset 
G1 X0.689 Y-14.345 Z1.000 F5400 A114.27817; Inset 
G1 X0.738 Y-14.508 Z1.000 F5400 A114.28412; Inset 
G1 X1.043 Y-15.113 Z1.000 F5400 A114.30780; Inset 
G1 X1.145 Y-15.249 Z1.000 F5400 A114.31375; Inset 
G1 X1.634 Y-15.718 Z1.000 F5400 A114.33742; Inset 
G1 X1.775 Y-15.813 Z1.000 F5400 A114.34337; Inset 
G1 X2.392 Y-16.092 Z1.000 F5400 A114.36705; Inset 
G1 X2.556 Y-16.135 Z1.000 F5400 A114.37300; Inset 
G1 X3.129 Y-16.184 Z1.000 F5400 A114.39310; Inset 
G1 X2.978 Y-16.194 Z1.000 F5400 A114.39841; Inset 
G1 X-10.731 Y-16.194 Z1.000 F5400 A114.87766; Inset 
G1 X-11.164 Y-16.420 Z1.000 F5400 A114.89474; Inset 
G1 X-11.876 Y-17.432 Z1.000 F5400 A114.93801; Inset 
G1 X-12.264 Y-17.841 Z1.000 F5400 A114.95772; Inset 
G1 X-12.709 Y-18.212 Z1.000 F5400 A114.97797; Inset 
G1 X-13.194 Y-18.529 Z1.000 F5400 A114.99823; Inset 
G1 X-13.712 Y-18.788 Z1.000 F5400 A115.01847; Inset 
G1 X-14.257 Y-18.985 Z1.000 F5400 A115.03873; Inset 
G1 X-14.821 Y-19.118 Z1.000 F5400 A115.05898; Inset 
G1 X-15.396 Y-19.184 Z1.000 F5400 A115.07922; Inset 
G1 X-15.975 Y-19.184 Z1.000 F5400 A115.09948; Inset 
G1 X-16.551 Y-19.117 Z1.000 F5400 A115.11973; Inset 
G1 X-17.114 Y-18.983 Z1.000 F5400 A115.13998; Inset 
G1 X-17.659 Y-18.785 Z1.000 F5400 A115.16023; Inset 
G1 X-18.177 Y-18.526 Z1.000 F5400 A115.18048; Inset 
G1 X-18.661 Y-18.208 Z1.000 F5400 A115.20073; Inset 
G1 X-18.661 Y-18.208 Z1.000 F1500 A113.90073; Retract 
G1 X-18.661 Y-18.208 Z1.000 F3000; Retract 
G1 X1.886 Y-15.406 Z1.000 F9000; Travel Move 
G1 X1.886 Y-15.406 Z1.000 F1500 A115.20073; Restart 
G1 X2.525 Y-15.714 Z1.000 F5400 A115.22556; Inset 
G1 X2.624 Y-15.739 Z1.000 F5400 A115.22913; Inset 
G1 X3.295 Y-15.787 Z1.000 F5400 A115.25263; Inset 
G1 X3.694 Y-15.708 Z1.000 F5400 A115.26686; Inset 
G1 X4.291 Y-15.428 Z1.000 F5400 A115.28991; Inset 
G1 X4.602 Y-15.165 Z1.000 F5400 A115.30414; Inset 
G1 X5.002 Y-14.594 Z1.000 F5400 A115.32851; Inset 
G1 X5.193 Y-13.910 Z1.000 F5400 A115.35334; Inset 
G1 X5.146 Y-13.202 Z1.000 F5400 A115.37816; Inset 
G1 X4.865 Y-12.550 Z1.000 F5400 A115.40298; Inset 
G1 X4.384 Y-12.028 Z1.000 F5400 A115.42780; Inset 
G1 X3.792 Y-11.709 Z1.000 F5400 A115.45131; Inset 
G1 X3.396 Y-11.616 Z1.000 F5400 A115.46553; Inset 
G1 X2.699 Y-11.633 Z1.000 F5400 A115.48991; Inset 
G1 X2.124 Y-11.836 Z1.000 F5400 A115.51120; Inset 
G1 X1.571 Y-12.261 Z1.000 F5400 A115.53558; Inset 
G1 X1.284 Y-12.649 Z1.000 F5400 A115.55245; Inset 
G1 X1.047 Y-13.264 Z1.000 F5400 A115.57551; Inset 
G1 X1.005 Y-13.669 Z1.000 F5400 A115.58974; Inset 
G1 X1.111 Y-14.358 Z1.000 F5400 A115.61411; Inset 
G1 X1.385 Y-14.902 Z1.000 F5400 A115.63541; Inset 
G1 X1.886 Y-15.406 Z1.000 F5400 A115.66023; Inset 
G1 X1.886 Y-15.406 Z1.000 F1500 A114.36023; Retract 
G1 X1.886 Y-15.406 Z1.000 F3000; Retract 
G1 X2.150 Y-15.105 Z1.000 F9000; Travel Move 
G1 X2.150 Y-15.105 Z1.000 F1500 A115.66023; Restart 
G1 X2.675 Y-15.342 Z1.000 F2400 A115.68035; Inset 
G1 X3.240 Y-15.390 Z1.000 F2400 A115.70017; Inset 
G1 X3.541 Y-15.339 Z1.000 F2400 A115.71086; Inset 
G1 X4.050 Y-15.109 Z1.000 F2400 A115.73037; Inset 
G1 X4.287 Y-14.917 Z1.000 F2400 A115.74106; Inset 
G1 X4.625 Y-14.461 Z1.000 F2400 A115.76088; Inset 
G1 X4.793 Y-13.911 Z1.000 F2400 A115.78100; Inset 
G1 X4.769 Y-13.336 Z1.000 F2400 A115.80112; Inset 
G1 X4.554 Y-12.801 Z1.000 F2400 A115.82124; Inset 
G1 X4.174 Y-12.369 Z1.000 F2400 A115.84137; Inset 
G1 X3.679 Y-12.093 Z1.000 F2400 A115.86118; Inset 
G1 X3.383 Y-12.016 Z1.000 F2400 A115.87187; Inset 
G1 X2.816 Y-12.016 Z1.000 F2400 A115.89169; Inset 
G1 X2.273 Y-12.208 Z1.000 F2400 A115.91181; Inset 
G1 X1.832 Y-12.564 Z1.000 F2400 A115.93163; Inset 
G1 X1.651 Y-12.810 Z1.000 F2400 A115.94232; Inset 
G1 X1.443 Y-13.328 Z1.000 F2400 A115.96183; Inset 
G1 X1.404 Y-13.631 Z1.000 F2400 A115.97252; Inset 
G1 X1.476 Y-14.193 Z1.000 F2400 A115.99233; Inset 
G1 X1.735 Y-14.707 Z1.000 F2400 A116.01246; Inset 
G1 X2.150 Y-15.105 Z1.000 F2400 A116.03258; Inset 
G1 X2.150 Y-15.105 Z1.000 F1500 A114.73258; Retract 
G1 X2.150 Y-15.105 Z1.000 F3000; Retract 
G1 X-18.900 Y-18.530 Z1.000 F9000; Travel Move 
G1 X-18.900 Y-18.530 Z1.000 F1500 A116.03258; Restart 
G1 X-19.380 Y-18.129 Z1.000 F5400 A116.05445; Inset 
G1 X-19.810 Y-17.675 Z1.000 F5400 A116.07633; Inset 
G1 X-20.185 Y-17.174 Z1.000 F5400 A116.09820; Inset 
G1 X-20.500 Y-16.633 Z1.000 F5400 A116.12008; Inset 
G1 X-20.750 Y-16.059 Z1.000 F5400 A116.14195; Inset 
G1 X-20.931 Y-15.461 Z1.000 F5400 A116.16382; Inset 
G1 X-21.042 Y-14.845 Z1.000 F5400 A116.18570; Inset 
G1 X-21.082 Y-14.220 Z1.000 F5400 A116.20757; Inset 
G1 X-21.048 Y-13.596 Z1.000 F5400 A116.22945; Inset 
G1 X-20.943 Y-12.979 Z1.000 F5400 A116.25132; Inset 
G1 X-20.767 Y-12.378 Z1.000 F5400 A116.27320; Inset 
G1 X-20.523 Y-11.802 Z1.000 F5400 A116.29507; Inset 
G1 X-20.214 Y-11.258 Z1.000 F5400 A116.31694; Inset 
G1 X-19.844 Y-10.754 Z1.000 F5400 A116.33882; Inset 
G1 X-19.418 Y-10.296 Z1.000 F5400 A116.36069; Inset 
G1 X-18.941 Y-9.890 Z1.000 F5400 A116.38257; Inset 
G1 X-18.422 Y-9.542 Z1.000 F5400 A116.40444; Inset 
G1 X-17.865 Y-9.256 Z1.000 F5400 A116.42632; Inset 
G1 X-17.279 Y-9.037 Z1.000 F5400 A116.44819; Inset 
G1 X-16.671 Y-8.887 Z1.000 F5400 A116.47007; Inset 
G1 X-16.051 Y-8.808 Z1.000 F5400 A116.49194; Inset 
G1 X-15.425 Y-8.802 Z1.000 F5400 A116.51381; Inset 
G1 X-14.803 Y-8.868 Z1.000 F5400 A116.53569; Inset 
G1 X-14.192 Y-9.005 Z1.000 F5400 A116.55756; Inset 
G1 X-13.613 Y-9.209 Z1.000 F5400 A116.57904; Inset 
G1 X-12.584 Y-9.758 Z1.000 F5400 A116.61983; Inset 
G1 X-12.440 Y-9.794 Z1.000 F5400 A116.62500; Inset 
G1 X-4.102 Y-9.794 Z1.000 F5400 A116.91650; Inset 
G1 X-3.745 Y-9.404 Z1.000 F5400 A116.93498; Inset 
G1 X-4.497 Y-0.944 Z1.000 F5400 A117.23193; Inset 
G1 X-4.485 Y-0.773 Z1.000 F5400 A117.23792; Inset 
G1 X-4.430 Y-0.636 Z1.000 F5400 A117.24307; Inset 
G1 X-4.314 Y-0.532 Z1.000 F5400 A117.24853; Inset 
G1 X-3.120 Y-0.056 Z1.000 F5400 A117.29346; Inset 
G1 X-2.658 Y-5.253 Z1.000 F5400 A117.47586; Inset 
G1 X-2.508 Y-5.881 Z1.000 F5400 A117.49843; Inset 
G1 X-2.251 Y-6.483 Z1.000 F5400 A117.52129; Inset 
G1 X-1.897 Y-7.032 Z1.000 F5400 A117.54415; Inset 
G1 X-1.454 Y-7.513 Z1.000 F5400 A117.56702; Inset 
G1 X-0.937 Y-7.913 Z1.000 F5400 A117.58988; Inset 
G1 X-0.359 Y-8.220 Z1.000 F5400 A117.61274; Inset 
G1 X0.262 Y-8.424 Z1.000 F5400 A117.63560; Inset 
G1 X0.909 Y-8.520 Z1.000 F5400 A117.65846; Inset 
G1 X1.563 Y-8.506 Z1.000 F5400 A117.68132; Inset 
G1 X2.205 Y-8.381 Z1.000 F5400 A117.70419; Inset 
G1 X2.816 Y-8.150 Z1.000 F5400 A117.72705; Inset 
G1 X3.422 Y-7.789 Z1.000 F5400 A117.75169; Inset 
G1 X3.916 Y-7.360 Z1.000 F5400 A117.77455; Inset 
G1 X4.301 Y-6.896 Z1.000 F5400 A117.79563; Inset 
G1 X4.631 Y-6.332 Z1.000 F5400 A117.81849; Inset 
G1 X4.861 Y-5.720 Z1.000 F5400 A117.84135; Inset 
G1 X4.985 Y-5.077 Z1.000 F5400 A117.86422; Inset 
G1 X4.996 Y-4.403 Z1.000 F5400 A117.88779; Inset 
G1 X4.424 Y2.036 Z1.000 F5400 A118.11378; Inset 
G1 X5.387 Y2.205 Z1.000 F5400 A118.14797; Inset 
G1 X5.585 Y2.203 Z1.000 F5400 A118.15490; Inset 
G1 X5.735 Y2.126 Z1.000 F5400 A118.16077; Inset 
G1 X5.821 Y2.032 Z1.000 F5400 A118.16524; Inset 
G1 X5.874 Y1.914 Z1.000 F5400 A118.16976; Inset 
G1 X6.211 Y-1.725 Z1.000 F5400 A118.29752; Inset 
G1 X6.392 Y-1.985 Z1.000 F5400 A118.30860; Inset 
G1 X8.701 Y-3.088 Z1.000 F5400 A118.39804; Inset 
G1 X9.345 Y-3.515 Z1.000 F5400 A118.42507; Inset 
G1 X10.640 Y-4.621 Z1.000 F5400 A118.48462; Inset 
G1 X7.156 Y-6.879 Z1.000 F5400 A118.62978; Inset 
G1 X6.820 Y-7.277 Z1.000 F5400 A118.64800; Inset 
G1 X6.625 Y-7.785 Z1.000 F5400 A118.66701; Inset 
G1 X5.377 Y-14.605 Z1.000 F5400 A118.90939; Inset 
G1 X5.289 Y-14.947 Z1.000 F5400 A118.92172; Inset 
G1 X5.120 Y-15.339 Z1.000 F5400 A118.93665; Inset 
G1 X4.943 Y-15.616 Z1.000 F5400 A118.94815; Inset 
G1 X4.652 Y-15.944 Z1.000 F5400 A118.96346; Inset 
G1 X4.397 Y-16.152 Z1.000 F5400 A118.97497; Inset 
G1 X4.015 Y-16.371 Z1.000 F5400 A118.99039; Inset 
G1 X3.725 Y-16.484 Z1.000 F5400 A119.00125; Inset 
G1 X3.327 Y-16.571 Z1.000 F5400 A119.01549; Inset 
G1 X2.992 Y-16.594 Z1.000 F5400 A119.02725; Inset 
G1 X-10.633 Y-16.594 Z1.000 F5400 A119.50358; Inset 
G1 X-10.893 Y-16.729 Z1.000 F5400 A119.51382; Inset 
G1 X-11.566 Y-17.686 Z1.000 F5400 A119.55471; Inset 
G1 X-11.990 Y-18.133 Z1.000 F5400 A119.57626; Inset 
G1 X-12.471 Y-18.534 Z1.000 F5400 A119.59813; Inset 
G1 X-12.994 Y-18.876 Z1.000 F5400 A119.62000; Inset 
G1 X-13.554 Y-19.156 Z1.000 F5400 A119.64188; Inset 
G1 X-14.143 Y-19.369 Z1.000 F5400 A119.66376; Inset 
G1 X-14.752 Y-19.512 Z1.000 F5400 A119.68563; Inset 
G1 X-15.373 Y-19.584 Z1.000 F5400 A119.70750; Inset 
G1 X-15.999 Y-19.584 Z1.000 F5400 A119.72938; Inset 
G1 X-16.620 Y-19.511 Z1.000 F5400 A119.75125; Inset 
G1 X-17.229 Y-19.367 Z1.000 F5400 A119.77313; Inset 
G1 X-17.817 Y-19.154 Z1.000 F5400 A119.79500; Inset 
G1 X-18.377 Y-18.873 Z1.000 F5400 A119.81688; Inset 
G1 X-18.900 Y-18.530 Z1.000 F5400 A119.83875; Inset 
G1 X-18.900 Y-18.530 Z1.000 F1500 A118.53875; Retract 
G1 X-18.900 Y-18.530 Z1.000 F3000; Retract 
G1 X-19.139 Y-18.852 Z1.000 F9000; Travel Move 
G1 X-19.139 Y-18.852 Z1.000 F1500 A119.83875; Restart 
G1 X-19.654 Y-18.421 Z1.000 F2400 A119.86224; Inset 
G1 X-20.117 Y-17.933 Z1.000 F2400 A119.88574; Inset 
G1 X-20.519 Y-17.395 Z1.000 F2400 A119.90924; Inset 
G1 X-20.857 Y-16.814 Z1.000 F2400 A119.93274; Inset 
G1 X-21.126 Y-16.198 Z1.000 F2400 A119.95624; Inset 
G1 X-21.321 Y-15.555 Z1.000 F2400 A119.97973; Inset 
G1 X-21.440 Y-14.893 Z1.000 F2400 A120.00323; Inset 
G1 X-21.482 Y-14.222 Z1.000 F2400 A120.02673; Inset 
G1 X-21.447 Y-13.551 Z1.000 F2400 A120.05023; Inset 
M73 P16; Update Progress 
G1 X-21.334 Y-12.889 Z1.000 F2400 A120.07372; Inset 
G1 X-21.145 Y-12.243 Z1.000 F2400 A120.09722; Inset 
G1 X-20.882 Y-11.625 Z1.000 F2400 A120.12071; Inset 
G1 X-20.550 Y-11.040 Z1.000 F2400 A120.14421; Inset 
G1 X-20.152 Y-10.499 Z1.000 F2400 A120.16771; Inset 
G1 X-19.695 Y-10.006 Z1.000 F2400 A120.19121; Inset 
G1 X-19.183 Y-9.570 Z1.000 F2400 A120.21470; Inset 
G1 X-18.625 Y-9.196 Z1.000 F2400 A120.23821; Inset 
G1 X-18.027 Y-8.889 Z1.000 F2400 A120.26170; Inset 
G1 X-17.397 Y-8.654 Z1.000 F2400 A120.28520; Inset 
G1 X-16.745 Y-8.493 Z1.000 F2400 A120.30870; Inset 
G1 X-16.078 Y-8.408 Z1.000 F2400 A120.33220; Inset 
G1 X-15.406 Y-8.401 Z1.000 F2400 A120.35569; Inset 
G1 X-14.737 Y-8.472 Z1.000 F2400 A120.37919; Inset 
G1 X-14.082 Y-8.620 Z1.000 F2400 A120.40268; Inset 
G1 X-13.451 Y-8.841 Z1.000 F2400 A120.42606; Inset 
G1 X-12.416 Y-9.394 Z1.000 F2400 A120.46707; Inset 
G1 X-4.148 Y-9.394 Z1.000 F2400 A120.75615; Inset 
G1 X-4.898 Y-0.948 Z1.000 F2400 A121.05261; Inset 
G1 X-4.880 Y-0.682 Z1.000 F2400 A121.06192; Inset 
G1 X-4.783 Y-0.442 Z1.000 F2400 A121.07096; Inset 
G1 X-4.525 Y-0.185 Z1.000 F2400 A121.08370; Inset 
G1 X-2.770 Y0.514 Z1.000 F2400 A121.14976; Inset 
G1 X-2.261 Y-5.210 Z1.000 F2400 A121.35066; Inset 
G1 X-2.122 Y-5.778 Z1.000 F2400 A121.37109; Inset 
G1 X-1.888 Y-6.315 Z1.000 F2400 A121.39158; Inset 
G1 X-1.567 Y-6.806 Z1.000 F2400 A121.41207; Inset 
G1 X-1.167 Y-7.235 Z1.000 F2400 A121.43257; Inset 
G1 X-0.701 Y-7.590 Z1.000 F2400 A121.45306; Inset 
G1 X-0.181 Y-7.861 Z1.000 F2400 A121.47355; Inset 
G1 X0.377 Y-8.041 Z1.000 F2400 A121.49404; Inset 
G1 X0.957 Y-8.123 Z1.000 F2400 A121.51454; Inset 
G1 X1.543 Y-8.106 Z1.000 F2400 A121.53503; Inset 
G1 X2.118 Y-7.991 Z1.000 F2400 A121.55552; Inset 
G1 X2.665 Y-7.780 Z1.000 F2400 A121.57602; Inset 
G1 X3.168 Y-7.479 Z1.000 F2400 A121.59650; Inset 
G1 X3.613 Y-7.098 Z1.000 F2400 A121.61700; Inset 
G1 X3.988 Y-6.647 Z1.000 F2400 A121.63749; Inset 
G1 X4.280 Y-6.139 Z1.000 F2400 A121.65798; Inset 
G1 X4.483 Y-5.589 Z1.000 F2400 A121.67848; Inset 
G1 X4.590 Y-5.013 Z1.000 F2400 A121.69897; Inset 
G1 X4.597 Y-4.434 Z1.000 F2400 A121.71923; Inset 
G1 X3.993 Y2.366 Z1.000 F2400 A121.95788; Inset 
G1 X5.354 Y2.605 Z1.000 F2400 A122.00618; Inset 
G1 X5.638 Y2.603 Z1.000 F2400 A122.01610; Inset 
G1 X5.748 Y2.574 Z1.000 F2400 A122.02010; Inset 
G1 X5.984 Y2.446 Z1.000 F2400 A122.02949; Inset 
G1 X6.161 Y2.255 Z1.000 F2400 A122.03858; Inset 
G1 X6.266 Y2.016 Z1.000 F2400 A122.04769; Inset 
G1 X6.605 Y-1.643 Z1.000 F2400 A122.17618; Inset 
G1 X8.898 Y-2.739 Z1.000 F2400 A122.26503; Inset 
G1 X9.586 Y-3.195 Z1.000 F2400 A122.29389; Inset 
G1 X10.992 Y-4.396 Z1.000 F2400 A122.35852; Inset 
G1 X11.090 Y-4.543 Z1.000 F2400 A122.36470; Inset 
G1 X11.088 Y-4.729 Z1.000 F2400 A122.37120; Inset 
G1 X11.041 Y-4.815 Z1.000 F2400 A122.37464; Inset 
G1 X10.955 Y-4.893 Z1.000 F2400 A122.37869; Inset 
G1 X7.387 Y-7.206 Z1.000 F2400 A122.52736; Inset 
G1 X7.143 Y-7.514 Z1.000 F2400 A122.54107; Inset 
G1 X7.017 Y-7.865 Z1.000 F2400 A122.55414; Inset 
G1 X5.768 Y-14.691 Z1.000 F2400 A122.79674; Inset 
G1 X5.669 Y-15.076 Z1.000 F2400 A122.81064; Inset 
G1 X5.474 Y-15.527 Z1.000 F2400 A122.82779; Inset 
G1 X5.264 Y-15.858 Z1.000 F2400 A122.84152; Inset 
G1 X4.930 Y-16.233 Z1.000 F2400 A122.85906; Inset 
G1 X4.625 Y-16.483 Z1.000 F2400 A122.87284; Inset 
G1 X4.188 Y-16.733 Z1.000 F2400 A122.89046; Inset 
G1 X3.841 Y-16.868 Z1.000 F2400 A122.90345; Inset 
G1 X3.384 Y-16.968 Z1.000 F2400 A122.91982; Inset 
G1 X3.006 Y-16.994 Z1.000 F2400 A122.93308; Inset 
G1 X-10.591 Y-16.994 Z1.000 F2400 A123.40840; Inset 
G1 X-11.256 Y-17.940 Z1.000 F2400 A123.44883; Inset 
G1 X-11.716 Y-18.426 Z1.000 F2400 A123.47222; Inset 
G1 X-12.232 Y-18.856 Z1.000 F2400 A123.49571; Inset 
G1 X-12.795 Y-19.224 Z1.000 F2400 A123.51921; Inset 
G1 X-13.396 Y-19.524 Z1.000 F2400 A123.54271; Inset 
G1 X-14.028 Y-19.753 Z1.000 F2400 A123.56621; Inset 
G1 X-14.682 Y-19.907 Z1.000 F2400 A123.58970; Inset 
G1 X-15.350 Y-19.984 Z1.000 F2400 A123.61321; Inset 
G1 X-16.022 Y-19.984 Z1.000 F2400 A123.63670; Inset 
G1 X-16.690 Y-19.906 Z1.000 F2400 A123.66020; Inset 
G1 X-17.344 Y-19.751 Z1.000 F2400 A123.68370; Inset 
G1 X-17.976 Y-19.522 Z1.000 F2400 A123.70719; Inset 
G1 X-18.576 Y-19.221 Z1.000 F2400 A123.73069; Inset 
G1 X-19.139 Y-18.852 Z1.000 F2400 A123.75419; Inset 
G1 X-19.139 Y-18.852 Z1.000 F1500 A122.45419; Retract 
G1 X-19.139 Y-18.852 Z1.000 F3000; Retract 
G1 X-18.363 Y-18.062 Z1.000 F9000; Travel Move 
G1 X-18.363 Y-18.062 Z1.000 F1500 A123.75419; Restart 
G1 X-17.874 Y-17.573 Z1.000 F5400 A123.77835; Infill 
G1 X-18.198 Y-17.337 Z1.000 F5400 A123.79236; Connection 
G1 X-18.680 Y-17.820 Z1.000 F5400 A123.81623; Infill 
G1 X-18.977 Y-17.556 Z1.000 F5400 A123.83010; Connection 
G1 X-18.503 Y-17.082 Z1.000 F5400 A123.85355; Infill 
G1 X-18.764 Y-16.783 Z1.000 F5400 A123.86743; Connection 
G1 X-19.250 Y-17.269 Z1.000 F5400 A123.89143; Infill 
G1 X-19.494 Y-16.953 Z1.000 F5400 A123.90539; Connection 
G1 X-19.007 Y-16.466 Z1.000 F5400 A123.92945; Infill 
G1 X-19.218 Y-16.117 Z1.000 F5400 A123.94371; Connection 
G1 X-19.716 Y-16.615 Z1.000 F5400 A123.96835; Infill 
G1 X-19.916 Y-16.255 Z1.000 F5400 A123.98275; Connection 
G1 X-19.400 Y-15.739 Z1.000 F5400 A124.00829; Infill 
G1 X-19.556 Y-15.335 Z1.000 F5400 A124.02343; Connection 
G1 X-20.086 Y-15.865 Z1.000 F5400 A124.04965; Infill 
G1 X-20.221 Y-15.440 Z1.000 F5400 A124.06524; Connection 
G1 X-19.712 Y-14.931 Z1.000 F5400 A124.09040; Infill 
G1 X-20.321 Y-14.980 Z1.000 F5400 A124.11176; Connection 
G1 X-19.442 Y-14.101 Z1.000 F5400 A124.15523; Infill 
G1 X-19.637 Y-13.736 Z1.000 F5400 A124.16970; Connection 
G1 X-20.378 Y-14.477 Z1.000 F5400 A124.20637; Infill 
G1 X-20.379 Y-13.918 Z1.000 F5400 A124.22593; Connection 
G1 X-19.581 Y-13.120 Z1.000 F5400 A124.26536; Infill 
G1 X-20.298 Y-13.277 Z1.000 F5400 A124.29102; Connection 
G1 X-19.116 Y-12.095 Z1.000 F5400 A124.34948; Infill 
G1 X-20.068 Y-12.487 Z1.000 F5400 A124.38550; Connection 
G1 X-17.393 Y-9.812 Z1.000 F5400 A124.51776; Infill 
G1 X-16.757 Y-10.296 Z1.000 F5400 A124.54571; Connection 
G1 X-15.954 Y-9.493 Z1.000 F5400 A124.58540; Infill 
G1 X-15.396 Y-9.495 Z1.000 F5400 A124.60493; Connection 
G1 X-16.142 Y-10.241 Z1.000 F5400 A124.64181; Infill 
G1 X-15.777 Y-10.435 Z1.000 F5400 A124.65628; Connection 
G1 X-14.892 Y-9.551 Z1.000 F5400 A124.70002; Infill 
G1 X-14.435 Y-9.654 Z1.000 F5400 A124.71640; Connection 
G1 X-14.946 Y-10.165 Z1.000 F5400 A124.74169; Infill 
G1 X-14.542 Y-10.321 Z1.000 F5400 A124.75683; Connection 
G1 X-14.015 Y-9.794 Z1.000 F5400 A124.78289; Infill 
G1 X-13.635 Y-9.974 Z1.000 F5400 A124.79759; Connection 
G1 X-14.139 Y-10.478 Z1.000 F5400 A124.82248; Infill 
G1 X-13.760 Y-10.659 Z1.000 F5400 A124.83715; Connection 
G1 X-13.270 Y-10.169 Z1.000 F5400 A124.86137; Infill 
G1 X-12.905 Y-10.364 Z1.000 F5400 A124.87584; Connection 
G1 X-13.411 Y-10.870 Z1.000 F5400 A124.90084; Infill 
G1 X-13.094 Y-11.113 Z1.000 F5400 A124.91480; Connection 
G1 X-12.461 Y-10.480 Z1.000 F5400 A124.94608; Infill 
G1 X-11.901 Y-10.480 Z1.000 F5400 A124.96566; Connection 
G1 X-12.795 Y-11.374 Z1.000 F5400 A125.00985; Infill 
G1 X-12.540 Y-11.679 Z1.000 F5400 A125.02375; Connection 
G1 X-11.341 Y-10.480 Z1.000 F5400 A125.08304; Infill 
G1 X-10.781 Y-10.480 Z1.000 F5400 A125.10262; Connection 
G1 X-12.304 Y-12.003 Z1.000 F5400 A125.17790; Infill 
G1 X-12.096 Y-12.356 Z1.000 F5400 A125.19220; Connection 
G1 X-10.221 Y-10.480 Z1.000 F5400 A125.28491; Infill 
G1 X-9.661 Y-10.480 Z1.000 F5400 A125.30449; Connection 
G1 X-11.928 Y-12.748 Z1.000 F5400 A125.41658; Infill 
G1 X-11.772 Y-13.152 Z1.000 F5400 A125.43172; Connection 
G1 X-9.101 Y-10.480 Z1.000 F5400 A125.56379; Infill 
G1 X-8.541 Y-10.480 Z1.000 F5400 A125.58337; Connection 
G1 X-11.697 Y-13.636 Z1.000 F5400 A125.73941; Infill 
G1 X-11.878 Y-14.377 Z1.000 F5400 A125.76605; Connection 
G1 X-7.981 Y-10.480 Z1.000 F5400 A125.95870; Infill 
G1 X-7.421 Y-10.480 Z1.000 F5400 A125.97828; Connection 
G1 X-11.696 Y-14.755 Z1.000 F5400 A126.18963; Infill 
G1 X-11.870 Y-15.489 Z1.000 F5400 A126.21599; Connection 
G1 X-6.861 Y-10.480 Z1.000 F5400 A126.46363; Infill 
G1 X-6.301 Y-10.480 Z1.000 F5400 A126.48320; Connection 
G1 X-14.590 Y-18.770 Z1.000 F5400 A126.89303; Infill 
G1 X-15.262 Y-18.881 Z1.000 F5400 A126.91682; Connection 
G1 X-14.388 Y-18.008 Z1.000 F5400 A126.96000; Infill 
G1 X-15.122 Y-18.181 Z1.000 F5400 A126.98637; Connection 
G1 X-15.839 Y-18.898 Z1.000 F5400 A127.02181; Infill 
G1 X-16.353 Y-18.852 Z1.000 F5400 A127.03984; Connection 
G1 X-15.500 Y-18.000 Z1.000 F5400 A127.08199; Infill 
G1 X-16.241 Y-18.180 Z1.000 F5400 A127.10863; Connection 
G1 X-16.820 Y-18.759 Z1.000 F5400 A127.13727; Infill 
G1 X-17.250 Y-18.630 Z1.000 F5400 A127.15298; Connection 
G1 X-16.726 Y-18.105 Z1.000 F5400 A127.17892; Infill 
G1 X-17.130 Y-17.949 Z1.000 F5400 A127.19406; Connection 
G1 X-17.651 Y-18.470 Z1.000 F5400 A127.21982; Infill 
G1 X-18.024 Y-18.283 Z1.000 F5400 A127.23441; Connection 
G1 X-17.522 Y-17.781 Z1.000 F5400 A127.25923; Infill 
G1 X-13.745 Y-18.485 Z1.000 F5400 A127.39353; Connection 
G1 X-5.741 Y-10.480 Z1.000 F5400 A127.78927; Infill 
G1 X-5.181 Y-10.480 Z1.000 F5400 A127.80884; Connection 
G1 X-10.609 Y-15.908 Z1.000 F5400 A128.07721; Infill 
G1 X-10.049 Y-15.908 Z1.000 F5400 A128.09679; Connection 
G1 X-4.621 Y-10.480 Z1.000 F5400 A128.36515; Infill 
G1 X-4.061 Y-10.480 Z1.000 F5400 A128.38473; Connection 
G1 X-9.489 Y-15.908 Z1.000 F5400 A128.65309; Infill 
M73 P17; Update Progress 
G1 X-8.929 Y-15.908 Z1.000 F5400 A128.67267; Connection 
G1 X-1.424 Y-8.403 Z1.000 F5400 A129.04373; Infill 
G1 X-1.739 Y-8.158 Z1.000 F5400 A129.05769; Connection 
G1 X-3.051 Y-9.470 Z1.000 F5400 A129.12255; Infill 
G1 X-3.096 Y-8.956 Z1.000 F5400 A129.14060; Connection 
G1 X-2.035 Y-7.894 Z1.000 F5400 A129.19308; Infill 
G1 X-2.302 Y-7.602 Z1.000 F5400 A129.20694; Connection 
G1 X-3.142 Y-8.442 Z1.000 F5400 A129.24847; Infill 
G1 X-3.188 Y-7.927 Z1.000 F5400 A129.26652; Connection 
G1 X-2.548 Y-7.287 Z1.000 F5400 A129.29817; Infill 
G1 X-2.766 Y-6.946 Z1.000 F5400 A129.31234; Connection 
G1 X-3.233 Y-7.413 Z1.000 F5400 A129.33543; Infill 
G1 X-3.279 Y-6.899 Z1.000 F5400 A129.35348; Connection 
G1 X-2.957 Y-6.576 Z1.000 F5400 A129.36943; Infill 
G1 X-3.325 Y-6.384 Z1.000 F5400 A129.38395; Connection 
G1 X-3.123 Y-6.182 Z1.000 F5400 A129.39393; Infill 
G1 X-3.371 Y-5.870 Z1.000 F5400 A129.40787; Connection 
G1 X-3.245 Y-5.745 Z1.000 F5400 A129.41407; Infill 
G1 X-3.416 Y-5.356 Z1.000 F5400 A129.42893; Connection 
G1 X-3.344 Y-5.284 Z1.000 F5400 A129.43248; Infill 
G1 X-3.462 Y-4.841 Z1.000 F5400 A129.44848; Connection 
G1 X-3.390 Y-4.769 Z1.000 F5400 A129.45204; Infill 
G1 X-3.508 Y-4.327 Z1.000 F5400 A129.46804; Connection 
G1 X-3.436 Y-4.255 Z1.000 F5400 A129.47160; Infill 
G1 X-3.553 Y-3.813 Z1.000 F5400 A129.48760; Connection 
G1 X-3.482 Y-3.741 Z1.000 F5400 A129.49116; Infill 
G1 X-3.599 Y-3.298 Z1.000 F5400 A129.50716; Connection 
G1 X-3.527 Y-3.227 Z1.000 F5400 A129.51072; Infill 
G1 X-3.645 Y-2.784 Z1.000 F5400 A129.52672; Connection 
G1 X-3.573 Y-2.712 Z1.000 F5400 A129.53028; Infill 
G1 X-3.691 Y-2.270 Z1.000 F5400 A129.54628; Connection 
G1 X-3.619 Y-2.198 Z1.000 F5400 A129.54984; Infill 
G1 X-3.736 Y-1.756 Z1.000 F5400 A129.56584; Connection 
G1 X-3.664 Y-1.684 Z1.000 F5400 A129.56940; Infill 
G1 X-3.782 Y-1.241 Z1.000 F5400 A129.58540; Connection 
G1 X-3.710 Y-1.169 Z1.000 F5400 A129.58896; Infill 
G1 X-3.710 Y-1.169 Z1.000 F1500 A128.28896; Retract 
G1 X-3.710 Y-1.169 Z1.000 F3000; Retract 
G1 X-1.075 Y-8.614 Z1.000 F9000; Travel Move 
G1 X-1.075 Y-8.614 Z1.000 F1500 A129.58896; Restart 
G1 X-8.369 Y-15.908 Z1.000 F5400 A129.94958; Infill 
G1 X-7.809 Y-15.908 Z1.000 F5400 A129.96915; Connection 
G1 X-0.710 Y-8.810 Z1.000 F5400 A130.32013; Infill 
G1 X-0.300 Y-8.960 Z1.000 F5400 A130.33539; Connection 
G1 X-7.249 Y-15.908 Z1.000 F5400 A130.67894; Infill 
G1 X-6.689 Y-15.908 Z1.000 F5400 A130.69852; Connection 
G1 X0.125 Y-9.095 Z1.000 F5400 A131.03540; Infill 
G1 X0.611 Y-9.169 Z1.000 F5400 A131.05258; Connection 
G1 X-6.129 Y-15.908 Z1.000 F5400 A131.38580; Infill 
G1 X-5.569 Y-15.908 Z1.000 F5400 A131.40538; Connection 
G1 X1.140 Y-9.200 Z1.000 F5400 A131.73705; Infill 
G1 X1.731 Y-9.169 Z1.000 F5400 A131.75773; Connection 
G1 X-5.009 Y-15.908 Z1.000 F5400 A132.09093; Infill 
G1 X-4.449 Y-15.908 Z1.000 F5400 A132.11051; Connection 
G1 X2.432 Y-9.028 Z1.000 F5400 A132.45067; Infill 
G1 X3.435 Y-8.585 Z1.000 F5400 A132.48903; Connection 
G1 X-3.889 Y-15.908 Z1.000 F5400 A132.85113; Infill 
G1 X-3.328 Y-15.908 Z1.000 F5400 A132.87071; Connection 
G1 X8.682 Y-3.898 Z1.000 F5400 A133.46450; Infill 
G1 X9.010 Y-4.130 Z1.000 F5400 A133.47855; Connection 
G1 X1.980 Y-11.159 Z1.000 F5400 A133.82607; Infill 
G1 X2.770 Y-10.930 Z1.000 F5400 A133.85481; Connection 
G1 X5.931 Y-7.769 Z1.000 F5400 A134.01108; Infill 
G1 X5.805 Y-8.455 Z1.000 F5400 A134.03544; Connection 
G1 X3.330 Y-10.930 Z1.000 F5400 A134.15782; Infill 
G1 X3.809 Y-11.011 Z1.000 F5400 A134.17481; Connection 
G1 X5.680 Y-9.140 Z1.000 F5400 A134.26729; Infill 
G1 X5.554 Y-9.826 Z1.000 F5400 A134.29165; Connection 
G1 X4.216 Y-11.164 Z1.000 F5400 A134.35780; Infill 
G1 X4.582 Y-11.358 Z1.000 F5400 A134.37228; Connection 
G1 X5.429 Y-10.511 Z1.000 F5400 A134.41415; Infill 
G1 X5.304 Y-11.197 Z1.000 F5400 A134.43851; Connection 
G1 X4.920 Y-11.580 Z1.000 F5400 A134.45747; Infill 
G1 X5.042 Y-6.978 Z1.000 F5400 A134.61842; Connection 
G1 X8.343 Y-3.677 Z1.000 F5400 A134.78160; Infill 
G1 X7.964 Y-3.496 Z1.000 F5400 A134.79629; Connection 
G1 X5.496 Y-5.964 Z1.000 F5400 A134.91831; Infill 
G1 X5.643 Y-5.256 Z1.000 F5400 A134.94358; Connection 
G1 X7.585 Y-3.315 Z1.000 F5400 A135.03957; Infill 
G1 X7.206 Y-3.134 Z1.000 F5400 A135.05425; Connection 
G1 X5.679 Y-4.661 Z1.000 F5400 A135.12974; Infill 
G1 X5.660 Y-4.120 Z1.000 F5400 A135.14866; Connection 
G1 X6.827 Y-2.953 Z1.000 F5400 A135.20637; Infill 
G1 X6.448 Y-2.772 Z1.000 F5400 A135.22105; Connection 
G1 X5.614 Y-3.606 Z1.000 F5400 A135.26228; Infill 
G1 X5.568 Y-3.091 Z1.000 F5400 A135.28033; Connection 
G1 X6.069 Y-2.591 Z1.000 F5400 A135.30508; Infill 
G1 X5.786 Y-2.314 Z1.000 F5400 A135.31893; Connection 
G1 X5.523 Y-2.577 Z1.000 F5400 A135.33192; Infill 
G1 X5.477 Y-2.063 Z1.000 F5400 A135.34997; Connection 
G1 X5.559 Y-1.980 Z1.000 F5400 A135.35404; Infill 
G1 X5.431 Y-1.548 Z1.000 F5400 A135.36979; Connection 
G1 X5.499 Y-1.480 Z1.000 F5400 A135.37316; Infill 
G1 X5.386 Y-1.034 Z1.000 F5400 A135.38926; Connection 
G1 X5.452 Y-0.968 Z1.000 F5400 A135.39253; Infill 
G1 X5.340 Y-0.520 Z1.000 F5400 A135.40868; Connection 
G1 X5.404 Y-0.455 Z1.000 F5400 A135.41187; Infill 
G1 X5.294 Y-0.005 Z1.000 F5400 A135.42806; Connection 
G1 X5.357 Y0.057 Z1.000 F5400 A135.43116; Infill 
G1 X5.248 Y0.509 Z1.000 F5400 A135.44739; Connection 
G1 X5.309 Y0.570 Z1.000 F5400 A135.45041; Infill 
G1 X5.203 Y1.023 Z1.000 F5400 A135.46669; Connection 
G1 X5.262 Y1.082 Z1.000 F5400 A135.46961; Infill 
G1 X5.262 Y1.082 Z1.000 F1500 A134.16961; Retract 
G1 X5.262 Y1.082 Z1.000 F3000; Retract 
G1 X9.312 Y-4.388 Z1.000 F9000; Travel Move 
G1 X9.312 Y-4.388 Z1.000 F1500 A135.46961; Restart 
G1 X8.526 Y-5.174 Z1.000 F5400 A135.50844; Infill 
G1 X8.526 Y-5.174 Z1.000 F1500 A134.20844; Retract 
G1 X8.526 Y-5.174 Z1.000 F3000; Retract 
G1 X0.581 Y-12.559 Z1.000 F9000; Travel Move 
G1 X0.581 Y-12.559 Z1.000 F1500 A135.50844; Restart 
G1 X-2.768 Y-15.908 Z1.000 F5400 A135.67404; Infill 
G1 X-2.208 Y-15.908 Z1.000 F5400 A135.69362; Connection 
G1 X0.351 Y-13.349 Z1.000 F5400 A135.82014; Infill 
G1 X0.354 Y-13.906 Z1.000 F5400 A135.83960; Connection 
G1 X-1.648 Y-15.908 Z1.000 F5400 A135.93860; Infill 
G1 X-1.088 Y-15.908 Z1.000 F5400 A135.95818; Connection 
G1 X0.410 Y-14.410 Z1.000 F5400 A136.03226; Infill 
G1 X0.570 Y-14.810 Z1.000 F5400 A136.04731; Connection 
G1 X-0.528 Y-15.908 Z1.000 F5400 A136.10163; Infill 
G1 X0.032 Y-15.908 Z1.000 F5400 A136.12121; Connection 
G1 X0.758 Y-15.182 Z1.000 F5400 A136.15713; Infill 
G1 X0.997 Y-15.504 Z1.000 F5400 A136.17112; Connection 
G1 X0.592 Y-15.908 Z1.000 F5400 A136.19113; Infill 
G1 X1.152 Y-15.908 Z1.000 F5400 A136.21071; Connection 
G1 X1.282 Y-15.778 Z1.000 F5400 A136.21718; Infill 
G1 X1.282 Y-15.778 Z1.000 F1500 A134.91718; Retract 
G1 X1.282 Y-15.778 Z1.000 F3000; Retract 
G1 X-16.596 Y-9.575 Z1.000 F9000; Travel Move 
G1 X-16.596 Y-9.575 Z1.000 F1500 A136.21718; Restart 
G1 X-17.794 Y-10.773 Z1.000 F5400 A136.27644; Infill 
G1 X-18.880 Y-10.738 Z1.000 F5400 A136.31439; Connection 
G1 X-19.065 Y-10.924 Z1.000 F5400 A136.32355; Infill 
; Chunk 9 
; Lower Position  0.8 
; Upper Position  1 
; Thickness       0.2 
; Width           0.4 
G1 X-19.065 Y-10.924 Z1.000 F1500 A135.02355; Retract 
G1 X-19.065 Y-10.924 Z1.000 F3000; Retract 
G1 X2.424 Y-12.857 Z1.000 F9000; Travel Move 
G1 X2.424 Y-12.857 Z1.000 F1500 A136.32355; Restart 
G1 X2.424 Y-14.528 Z1.000 F5400 A136.38196; Support 
G1 X2.424 Y-14.528 Z1.000 F1500 A135.08196; Retract 
G1 X2.424 Y-14.528 Z1.000 F3000; Retract 
G1 X4.404 Y-17.296 Z1.000 F9000; Travel Move 
G1 X4.404 Y-17.296 Z1.000 F1500 A136.38196; Restart 
G1 X4.404 Y-17.363 Z1.000 F5400 A136.38433; Support 
G1 X4.404 Y-17.363 Z1.000 F1500 A135.08433; Retract 
G1 X4.404 Y-17.363 Z1.000 F3000; Retract 
G1 X6.384 Y-15.354 Z1.000 F9000; Travel Move 
G1 X6.384 Y-15.354 Z1.000 F1500 A136.38433; Restart 
G1 X6.384 Y-14.700 Z1.000 F5400 A136.40722; Support 
; Chunk 10 
; Lower Position  1 
; Upper Position  1.2 
; Thickness       0.2 
; Width           0.4 
G1 X6.384 Y-14.700 Z1.000 F1500 A135.10722; Retract 
G1 X6.384 Y-14.700 Z1.000 F3000; Retract 
G1 X6.384 Y-14.700 Z1.200 F1380; Travel Move 
G1 X6.384 Y-14.700 Z1.200 F9000; Travel Move 
G1 X6.384 Y-14.700 Z1.200 F1500 A136.40722; Restart 
G1 X6.384 Y-15.354 Z1.200 F5400 A136.43012; Support 
G1 X6.384 Y-15.354 Z1.200 F1500 A135.13012; Retract 
G1 X6.384 Y-15.354 Z1.200 F3000; Retract 
G1 X4.404 Y-17.292 Z1.200 F9000; Travel Move 
G1 X4.404 Y-17.292 Z1.200 F1500 A136.43012; Restart 
G1 X4.404 Y-17.363 Z1.200 F5400 A136.43260; Support 
G1 X4.404 Y-17.363 Z1.200 F1500 A135.13260; Retract 
G1 X4.404 Y-17.363 Z1.200 F3000; Retract 
G1 X2.424 Y-14.528 Z1.200 F9000; Travel Move 
G1 X2.424 Y-14.528 Z1.200 F1500 A136.43260; Restart 
G1 X2.424 Y-12.862 Z1.200 F5400 A136.49082; Support 
; Chunk 11 
; Lower Position  1 
; Upper Position  1.2 
; Thickness       0.2 
; Width           0.4 
G1 X2.424 Y-12.862 Z1.200 F1500 A135.19082; Retract 
G1 X2.424 Y-12.862 Z1.200 F3000; Retract 
G1 X-17.844 Y-17.259 Z1.200 F9000; Travel Move 
G1 X-17.844 Y-17.259 Z1.200 F1500 A136.49082; Restart 
G1 X-17.316 Y-17.570 Z1.200 F5400 A136.51224; Inset 
G1 X-16.383 Y-17.931 Z1.200 F5400 A136.54722; Inset 
G1 X-15.683 Y-17.594 Z1.200 F5400 A136.57437; Inset 
G1 X-14.983 Y-17.931 Z1.200 F5400 A136.60152; Inset 
G1 X-14.050 Y-17.570 Z1.200 F5400 A136.63650; Inset 
G1 X-13.522 Y-17.259 Z1.200 F5400 A136.65792; Inset 
G1 X-13.060 Y-16.874 Z1.200 F5400 A136.67894; Inset 
G1 X-12.665 Y-16.421 Z1.200 F5400 A136.69997; Inset 
G1 X-12.307 Y-15.828 Z1.200 F5400 A136.72418; Inset 
G1 X-11.946 Y-14.894 Z1.200 F5400 A136.75916; Inset 
G1 X-12.283 Y-14.194 Z1.200 F5400 A136.78631; Inset 
G1 X-11.946 Y-13.495 Z1.200 F5400 A136.81346; Inset 
G1 X-12.307 Y-12.561 Z1.200 F5400 A136.84844; Inset 
G1 X-12.618 Y-12.033 Z1.200 F5400 A136.86986; Inset 
G1 X-13.003 Y-11.571 Z1.200 F5400 A136.89089; Inset 
G1 X-13.457 Y-11.176 Z1.200 F5400 A136.91191; Inset 
G1 X-14.050 Y-10.819 Z1.200 F5400 A136.93612; Inset 
G1 X-15.007 Y-10.449 Z1.200 F5400 A136.97199; Inset 
G1 X-15.683 Y-10.810 Z1.200 F5400 A136.99879; Inset 
G1 X-16.359 Y-10.449 Z1.200 F5400 A137.02559; Inset 
G1 X-17.316 Y-10.819 Z1.200 F5400 A137.06146; Inset 
G1 X-17.909 Y-11.176 Z1.200 F5400 A137.08567; Inset 
G1 X-18.363 Y-11.571 Z1.200 F5400 A137.10670; Inset 
G1 X-18.748 Y-12.033 Z1.200 F5400 A137.12772; Inset 
G1 X-19.058 Y-12.561 Z1.200 F5400 A137.14914; Inset 
G1 X-19.428 Y-13.518 Z1.200 F5400 A137.18501; Inset 
G1 X-19.067 Y-14.194 Z1.200 F5400 A137.21181; Inset 
G1 X-19.428 Y-14.871 Z1.200 F5400 A137.23861; Inset 
G1 X-19.058 Y-15.828 Z1.200 F5400 A137.27448; Inset 
G1 X-18.701 Y-16.421 Z1.200 F5400 A137.29869; Inset 
G1 X-18.306 Y-16.874 Z1.200 F5400 A137.31971; Inset 
G1 X-17.844 Y-17.259 Z1.200 F5400 A137.34074; Inset 
G1 X-17.844 Y-17.259 Z1.200 F1500 A136.04074; Retract 
G1 X-17.844 Y-17.259 Z1.200 F3000; Retract 
G1 X-17.623 Y-16.925 Z1.200 F9000; Travel Move 
G1 X-17.623 Y-16.925 Z1.200 F1500 A137.34074; Restart 
G1 X-17.155 Y-17.203 Z1.200 F5400 A137.35976; Inset 
G1 X-16.400 Y-17.495 Z1.200 F5400 A137.38807; Inset 
G1 X-15.932 Y-17.270 Z1.200 F5400 A137.40623; Inset 
G1 X-15.809 Y-16.880 Z1.200 F5400 A137.42055; Inset 
G1 X-15.741 Y-16.815 Z1.200 F5400 A137.42382; Inset 
G1 X-15.683 Y-16.800 Z1.200 F5400 A137.42591; Inset 
G1 X-15.625 Y-16.815 Z1.200 F5400 A137.42800; Inset 
G1 X-15.557 Y-16.880 Z1.200 F5400 A137.43127; Inset 
G1 X-15.434 Y-17.270 Z1.200 F5400 A137.44558; Inset 
G1 X-14.966 Y-17.495 Z1.200 F5400 A137.46374; Inset 
G1 X-14.210 Y-17.203 Z1.200 F5400 A137.49206; Inset 
G1 X-13.743 Y-16.925 Z1.200 F5400 A137.51108; Inset 
G1 X-13.331 Y-16.580 Z1.200 F5400 A137.52986; Inset 
G1 X-12.980 Y-16.174 Z1.200 F5400 A137.54864; Inset 
G1 X-12.674 Y-15.667 Z1.200 F5400 A137.56933; Inset 
G1 X-12.382 Y-14.911 Z1.200 F5400 A137.59765; Inset 
G1 X-12.607 Y-14.443 Z1.200 F5400 A137.61581; Inset 
G1 X-13.009 Y-14.316 Z1.200 F5400 A137.63055; Inset 
G1 X-13.050 Y-14.273 Z1.200 F5400 A137.63264; Inset 
G1 X-13.074 Y-14.182 Z1.200 F5400 A137.63592; Inset 
G1 X-13.059 Y-14.125 Z1.200 F5400 A137.63800; Inset 
G1 X-13.009 Y-14.072 Z1.200 F5400 A137.64053; Inset 
G1 X-12.607 Y-13.945 Z1.200 F5400 A137.65527; Inset 
G1 X-12.382 Y-13.477 Z1.200 F5400 A137.67343; Inset 
G1 X-12.674 Y-12.722 Z1.200 F5400 A137.70175; Inset 
G1 X-12.952 Y-12.254 Z1.200 F5400 A137.72076; Inset 
G1 X-13.297 Y-11.843 Z1.200 F5400 A137.73954; Inset 
G1 X-13.704 Y-11.491 Z1.200 F5400 A137.75832; Inset 
G1 X-14.210 Y-11.185 Z1.200 F5400 A137.77902; Inset 
G1 X-14.980 Y-10.888 Z1.200 F5400 A137.80786; Inset 
G1 X-15.465 Y-11.147 Z1.200 F5400 A137.82709; Inset 
G1 X-15.570 Y-11.529 Z1.200 F5400 A137.84095; Inset 
G1 X-15.647 Y-11.581 Z1.200 F5400 A137.84422; Inset 
G1 X-15.707 Y-11.586 Z1.200 F5400 A137.84631; Inset 
G1 X-15.796 Y-11.529 Z1.200 F5400 A137.85000; Inset 
G1 X-15.901 Y-11.147 Z1.200 F5400 A137.86386; Inset 
G1 X-16.386 Y-10.888 Z1.200 F5400 A137.88308; Inset 
G1 X-17.155 Y-11.185 Z1.200 F5400 A137.91193; Inset 
G1 X-17.662 Y-11.491 Z1.200 F5400 A137.93262; Inset 
G1 X-18.069 Y-11.843 Z1.200 F5400 A137.95141; Inset 
G1 X-18.414 Y-12.254 Z1.200 F5400 A137.97019; Inset 
G1 X-18.692 Y-12.722 Z1.200 F5400 A137.98920; Inset 
G1 X-18.989 Y-13.491 Z1.200 F5400 A138.01805; Inset 
G1 X-18.730 Y-13.976 Z1.200 F5400 A138.03727; Inset 
G1 X-18.413 Y-14.048 Z1.200 F5400 A138.04863; Inset 
G1 X-18.307 Y-14.125 Z1.200 F5400 A138.05322; Inset 
G1 X-18.296 Y-14.230 Z1.200 F5400 A138.05692; Inset 
G1 X-18.348 Y-14.308 Z1.200 F5400 A138.06019; Inset 
G1 X-18.730 Y-14.412 Z1.200 F5400 A138.07405; Inset 
G1 X-18.989 Y-14.897 Z1.200 F5400 A138.09327; Inset 
G1 X-18.692 Y-15.667 Z1.200 F5400 A138.12211; Inset 
G1 X-18.386 Y-16.174 Z1.200 F5400 A138.14281; Inset 
G1 X-18.035 Y-16.580 Z1.200 F5400 A138.16159; Inset 
G1 X-17.623 Y-16.925 Z1.200 F5400 A138.18037; Inset 
G1 X-17.623 Y-16.925 Z1.200 F1500 A136.88037; Retract 
G1 X-17.623 Y-16.925 Z1.200 F3000; Retract 
G1 X-17.409 Y-16.587 Z1.200 F9000; Travel Move 
G1 X-17.409 Y-16.587 Z1.200 F1500 A138.18037; Restart 
G1 X-17.003 Y-16.833 Z1.200 F2400 A138.19696; Inset 
G1 X-16.299 Y-17.105 Z1.200 F2400 A138.22334; Inset 
G1 X-16.170 Y-16.695 Z1.200 F2400 A138.23841; Inset 
G1 X-16.059 Y-16.547 Z1.200 F2400 A138.24483; Inset 
G1 X-15.907 Y-16.445 Z1.200 F2400 A138.25125; Inset 
G1 X-15.721 Y-16.397 Z1.200 F2400 A138.25798; Inset 
G1 X-15.459 Y-16.445 Z1.200 F2400 A138.26728; Inset 
G1 X-15.306 Y-16.547 Z1.200 F2400 A138.27370; Inset 
G1 X-15.196 Y-16.695 Z1.200 F2400 A138.28013; Inset 
G1 X-15.066 Y-17.105 Z1.200 F2400 A138.29519; Inset 
G1 X-14.363 Y-16.833 Z1.200 F2400 A138.32157; Inset 
G1 X-13.957 Y-16.587 Z1.200 F2400 A138.33816; Inset 
G1 X-13.596 Y-16.281 Z1.200 F2400 A138.35471; Inset 
G1 X-13.290 Y-15.920 Z1.200 F2400 A138.37125; Inset 
G1 X-13.044 Y-15.514 Z1.200 F2400 A138.38784; Inset 
G1 X-12.772 Y-14.811 Z1.200 F2400 A138.41422; Inset 
G1 X-13.191 Y-14.678 Z1.200 F2400 A138.42959; Inset 
G1 X-13.387 Y-14.499 Z1.200 F2400 A138.43889; Inset 
G1 X-13.463 Y-14.331 Z1.200 F2400 A138.44531; Inset 
G1 X-13.478 Y-14.148 Z1.200 F2400 A138.45173; Inset 
G1 X-13.393 Y-13.896 Z1.200 F2400 A138.46104; Inset 
G1 X-13.191 Y-13.710 Z1.200 F2400 A138.47064; Inset 
G1 X-12.772 Y-13.578 Z1.200 F2400 A138.48601; Inset 
G1 X-13.044 Y-12.874 Z1.200 F2400 A138.51239; Inset 
G1 X-13.290 Y-12.468 Z1.200 F2400 A138.52898; Inset 
G1 X-13.596 Y-12.108 Z1.200 F2400 A138.54552; Inset 
G1 X-13.957 Y-11.801 Z1.200 F2400 A138.56207; Inset 
G1 X-14.363 Y-11.555 Z1.200 F2400 A138.57866; Inset 
G1 X-15.084 Y-11.276 Z1.200 F2400 A138.60570; Inset 
G1 X-15.157 Y-11.601 Z1.200 F2400 A138.61734; Inset 
G1 X-15.245 Y-11.772 Z1.200 F2400 A138.62406; Inset 
G1 X-15.378 Y-11.899 Z1.200 F2400 A138.63049; Inset 
G1 X-15.546 Y-11.974 Z1.200 F2400 A138.63691; Inset 
G1 X-15.738 Y-11.990 Z1.200 F2400 A138.64363; Inset 
G1 X-15.987 Y-11.899 Z1.200 F2400 A138.65294; Inset 
G1 X-16.121 Y-11.772 Z1.200 F2400 A138.65936; Inset 
G1 X-16.209 Y-11.601 Z1.200 F2400 A138.66608; Inset 
G1 X-16.282 Y-11.276 Z1.200 F2400 A138.67772; Inset 
G1 X-17.003 Y-11.555 Z1.200 F2400 A138.70476; Inset 
M73 P18; Update Progress 
G1 X-17.409 Y-11.801 Z1.200 F2400 A138.72135; Inset 
G1 X-17.769 Y-12.108 Z1.200 F2400 A138.73790; Inset 
G1 X-18.076 Y-12.468 Z1.200 F2400 A138.75444; Inset 
G1 X-18.322 Y-12.874 Z1.200 F2400 A138.77103; Inset 
G1 X-18.601 Y-13.596 Z1.200 F2400 A138.79807; Inset 
G1 X-18.276 Y-13.669 Z1.200 F2400 A138.80971; Inset 
G1 X-18.105 Y-13.756 Z1.200 F2400 A138.81643; Inset 
G1 X-17.972 Y-13.896 Z1.200 F2400 A138.82316; Inset 
G1 X-17.888 Y-14.148 Z1.200 F2400 A138.83246; Inset 
G1 X-17.903 Y-14.331 Z1.200 F2400 A138.83889; Inset 
G1 X-17.978 Y-14.499 Z1.200 F2400 A138.84531; Inset 
G1 X-18.105 Y-14.632 Z1.200 F2400 A138.85173; Inset 
G1 X-18.276 Y-14.720 Z1.200 F2400 A138.85846; Inset 
G1 X-18.601 Y-14.793 Z1.200 F2400 A138.87010; Inset 
G1 X-18.322 Y-15.514 Z1.200 F2400 A138.89713; Inset 
G1 X-18.076 Y-15.920 Z1.200 F2400 A138.91373; Inset 
G1 X-17.769 Y-16.281 Z1.200 F2400 A138.93027; Inset 
G1 X-17.409 Y-16.587 Z1.200 F2400 A138.94681; Inset 
G1 X-17.409 Y-16.587 Z1.200 F1500 A137.64681; Retract 
G1 X-17.409 Y-16.587 Z1.200 F3000; Retract 
G1 X-18.661 Y-18.208 Z1.200 F9000; Travel Move 
G1 X-18.661 Y-18.208 Z1.200 F1500 A138.94681; Restart 
G1 X-19.105 Y-17.837 Z1.200 F5400 A138.96706; Inset 
G1 X-19.504 Y-17.416 Z1.200 F5400 A138.98731; Inset 
G1 X-19.851 Y-16.953 Z1.200 F5400 A139.00756; Inset 
G1 X-20.142 Y-16.452 Z1.200 F5400 A139.02781; Inset 
G1 X-20.373 Y-15.921 Z1.200 F5400 A139.04806; Inset 
G1 X-20.542 Y-15.367 Z1.200 F5400 A139.06832; Inset 
G1 X-20.645 Y-14.797 Z1.200 F5400 A139.08857; Inset 
G1 X-20.681 Y-14.218 Z1.200 F5400 A139.10882; Inset 
G1 X-20.650 Y-13.640 Z1.200 F5400 A139.12907; Inset 
G1 X-20.553 Y-13.069 Z1.200 F5400 A139.14932; Inset 
G1 X-20.390 Y-12.513 Z1.200 F5400 A139.16957; Inset 
G1 X-20.164 Y-11.980 Z1.200 F5400 A139.18982; Inset 
G1 X-19.877 Y-11.476 Z1.200 F5400 A139.21007; Inset 
G1 X-19.535 Y-11.009 Z1.200 F5400 A139.23032; Inset 
G1 X-19.140 Y-10.585 Z1.200 F5400 A139.25057; Inset 
G1 X-18.700 Y-10.209 Z1.200 F5400 A139.27082; Inset 
G1 X-18.218 Y-9.887 Z1.200 F5400 A139.29107; Inset 
G1 X-17.703 Y-9.622 Z1.200 F5400 A139.31133; Inset 
G1 X-17.160 Y-9.419 Z1.200 F5400 A139.33158; Inset 
G1 X-16.598 Y-9.281 Z1.200 F5400 A139.35183; Inset 
G1 X-16.023 Y-9.208 Z1.200 F5400 A139.37207; Inset 
G1 X-15.444 Y-9.202 Z1.200 F5400 A139.39233; Inset 
G1 X-14.868 Y-9.263 Z1.200 F5400 A139.41258; Inset 
G1 X-14.303 Y-9.390 Z1.200 F5400 A139.43283; Inset 
G1 X-13.774 Y-9.576 Z1.200 F5400 A139.45243; Inset 
G1 X-12.729 Y-10.134 Z1.200 F5400 A139.49387; Inset 
G1 X-12.489 Y-10.194 Z1.200 F5400 A139.50249; Inset 
G1 X-3.926 Y-10.194 Z1.200 F5400 A139.80187; Inset 
G1 X-3.331 Y-9.545 Z1.200 F5400 A139.83267; Inset 
G1 X-4.096 Y-0.940 Z1.200 F5400 A140.13467; Inset 
G1 X-4.091 Y-0.873 Z1.200 F5400 A140.13700; Inset 
G1 X-3.471 Y-0.626 Z1.200 F5400 A140.16034; Inset 
G1 X-3.056 Y-5.304 Z1.200 F5400 A140.32450; Inset 
G1 X-2.893 Y-5.993 Z1.200 F5400 A140.34925; Inset 
G1 X-2.571 Y-6.732 Z1.200 F5400 A140.37745; Inset 
G1 X-2.169 Y-7.332 Z1.200 F5400 A140.40268; Inset 
G1 X-1.735 Y-7.798 Z1.200 F5400 A140.42496; Inset 
G1 X-1.165 Y-8.242 Z1.200 F5400 A140.45019; Inset 
G1 X-0.529 Y-8.582 Z1.200 F5400 A140.47543; Inset 
G1 X0.156 Y-8.810 Z1.200 F5400 A140.50066; Inset 
G1 X0.870 Y-8.919 Z1.200 F5400 A140.52590; Inset 
G1 X1.591 Y-8.905 Z1.200 F5400 A140.55113; Inset 
G1 X2.382 Y-8.746 Z1.200 F5400 A140.57933; Inset 
G1 X3.053 Y-8.480 Z1.200 F5400 A140.60456; Inset 
G1 X3.600 Y-8.153 Z1.200 F5400 A140.62684; Inset 
G1 X4.212 Y-7.629 Z1.200 F5400 A140.65503; Inset 
G1 X4.668 Y-7.069 Z1.200 F5400 A140.68026; Inset 
G1 X5.022 Y-6.440 Z1.200 F5400 A140.70550; Inset 
G1 X5.242 Y-5.842 Z1.200 F5400 A140.72777; Inset 
G1 X5.381 Y-5.134 Z1.200 F5400 A140.75301; Inset 
G1 X5.396 Y-4.378 Z1.200 F5400 A140.77943; Inset 
G1 X4.855 Y1.705 Z1.200 F5400 A140.99293; Inset 
G1 X5.482 Y1.804 Z1.200 F5400 A141.01513; Inset 
G1 X5.822 Y-1.867 Z1.200 F5400 A141.14401; Inset 
G1 X6.124 Y-2.300 Z1.200 F5400 A141.16248; Inset 
G1 X8.503 Y-3.437 Z1.200 F5400 A141.25464; Inset 
G1 X9.104 Y-3.835 Z1.200 F5400 A141.27984; Inset 
G1 X9.973 Y-4.577 Z1.200 F5400 A141.31979; Inset 
G1 X6.911 Y-6.561 Z1.200 F5400 A141.44735; Inset 
G1 X6.486 Y-7.055 Z1.200 F5400 A141.47012; Inset 
G1 X6.406 Y-7.198 Z1.200 F5400 A141.47585; Inset 
G1 X6.235 Y-7.697 Z1.200 F5400 A141.49430; Inset 
G1 X5.337 Y-12.604 Z1.200 F5400 A141.66868; Inset 
G1 X5.188 Y-12.311 Z1.200 F5400 A141.68015; Inset 
G1 X4.741 Y-11.803 Z1.200 F5400 A141.70382; Inset 
G1 X4.608 Y-11.696 Z1.200 F5400 A141.70978; Inset 
G1 X3.917 Y-11.328 Z1.200 F5400 A141.73713; Inset 
G1 X3.421 Y-11.216 Z1.200 F5400 A141.75492; Inset 
G1 X2.765 Y-11.216 Z1.200 F5400 A141.77785; Inset 
G1 X2.598 Y-11.245 Z1.200 F5400 A141.78380; Inset 
G1 X1.959 Y-11.470 Z1.200 F5400 A141.80748; Inset 
G1 X1.810 Y-11.553 Z1.200 F5400 A141.81343; Inset 
G1 X1.212 Y-12.057 Z1.200 F5400 A141.84078; Inset 
G1 X0.923 Y-12.476 Z1.200 F5400 A141.85857; Inset 
G1 X0.654 Y-13.188 Z1.200 F5400 A141.88518; Inset 
G1 X0.605 Y-13.694 Z1.200 F5400 A141.90297; Inset 
G1 X0.689 Y-14.345 Z1.200 F5400 A141.92589; Inset 
G1 X0.738 Y-14.508 Z1.200 F5400 A141.93185; Inset 
G1 X1.043 Y-15.113 Z1.200 F5400 A141.95552; Inset 
G1 X1.145 Y-15.249 Z1.200 F5400 A141.96147; Inset 
G1 X1.634 Y-15.718 Z1.200 F5400 A141.98515; Inset 
G1 X1.775 Y-15.813 Z1.200 F5400 A141.99110; Inset 
G1 X2.392 Y-16.092 Z1.200 F5400 A142.01478; Inset 
G1 X2.556 Y-16.135 Z1.200 F5400 A142.02073; Inset 
G1 X3.133 Y-16.184 Z1.200 F5400 A142.04096; Inset 
G1 X2.980 Y-16.194 Z1.200 F5400 A142.04634; Inset 
G1 X-10.731 Y-16.194 Z1.200 F5400 A142.52565; Inset 
G1 X-11.164 Y-16.420 Z1.200 F5400 A142.54273; Inset 
G1 X-11.876 Y-17.432 Z1.200 F5400 A142.58600; Inset 
G1 X-12.264 Y-17.841 Z1.200 F5400 A142.60571; Inset 
G1 X-12.709 Y-18.212 Z1.200 F5400 A142.62596; Inset 
G1 X-13.194 Y-18.529 Z1.200 F5400 A142.64621; Inset 
G1 X-13.712 Y-18.788 Z1.200 F5400 A142.66646; Inset 
G1 X-14.257 Y-18.985 Z1.200 F5400 A142.68672; Inset 
G1 X-14.821 Y-19.118 Z1.200 F5400 A142.70697; Inset 
G1 X-15.396 Y-19.184 Z1.200 F5400 A142.72721; Inset 
G1 X-15.975 Y-19.184 Z1.200 F5400 A142.74747; Inset 
G1 X-16.551 Y-19.117 Z1.200 F5400 A142.76772; Inset 
G1 X-17.114 Y-18.983 Z1.200 F5400 A142.78797; Inset 
G1 X-17.659 Y-18.785 Z1.200 F5400 A142.80822; Inset 
G1 X-18.177 Y-18.526 Z1.200 F5400 A142.82847; Inset 
G1 X-18.661 Y-18.208 Z1.200 F5400 A142.84872; Inset 
G1 X-18.661 Y-18.208 Z1.200 F1500 A141.54872; Retract 
G1 X-18.661 Y-18.208 Z1.200 F3000; Retract 
G1 X1.970 Y-15.463 Z1.200 F9000; Travel Move 
G1 X1.970 Y-15.463 Z1.200 F1500 A142.84872; Restart 
G1 X2.624 Y-15.739 Z1.200 F5400 A142.87355; Inset 
G1 X3.295 Y-15.787 Z1.200 F5400 A142.89705; Inset 
G1 X3.694 Y-15.708 Z1.200 F5400 A142.91128; Inset 
G1 X4.291 Y-15.428 Z1.200 F5400 A142.93433; Inset 
G1 X4.602 Y-15.165 Z1.200 F5400 A142.94856; Inset 
G1 X5.002 Y-14.594 Z1.200 F5400 A142.97293; Inset 
G1 X5.193 Y-13.910 Z1.200 F5400 A142.99776; Inset 
G1 X5.146 Y-13.202 Z1.200 F5400 A143.02258; Inset 
G1 X4.865 Y-12.550 Z1.200 F5400 A143.04740; Inset 
G1 X4.384 Y-12.028 Z1.200 F5400 A143.07222; Inset 
G1 X3.792 Y-11.709 Z1.200 F5400 A143.09573; Inset 
G1 X3.396 Y-11.616 Z1.200 F5400 A143.10995; Inset 
G1 X2.699 Y-11.633 Z1.200 F5400 A143.13433; Inset 
G1 X2.124 Y-11.836 Z1.200 F5400 A143.15562; Inset 
G1 X1.571 Y-12.261 Z1.200 F5400 A143.18000; Inset 
G1 X1.322 Y-12.582 Z1.200 F5400 A143.19422; Inset 
G1 X1.067 Y-13.190 Z1.200 F5400 A143.21728; Inset 
G1 X1.005 Y-13.669 Z1.200 F5400 A143.23416; Inset 
G1 X1.111 Y-14.358 Z1.200 F5400 A143.25853; Inset 
G1 X1.446 Y-14.984 Z1.200 F5400 A143.28335; Inset 
G1 X1.970 Y-15.463 Z1.200 F5400 A143.30818; Inset 
G1 X1.970 Y-15.463 Z1.200 F1500 A142.00818; Retract 
G1 X1.970 Y-15.463 Z1.200 F3000; Retract 
G1 X2.150 Y-15.105 Z1.200 F9000; Travel Move 
G1 X2.150 Y-15.105 Z1.200 F1500 A143.30818; Restart 
G1 X2.675 Y-15.342 Z1.200 F2400 A143.32830; Inset 
G1 X3.240 Y-15.390 Z1.200 F2400 A143.34812; Inset 
G1 X3.541 Y-15.339 Z1.200 F2400 A143.35880; Inset 
G1 X4.050 Y-15.109 Z1.200 F2400 A143.37832; Inset 
G1 X4.287 Y-14.917 Z1.200 F2400 A143.38900; Inset 
G1 X4.625 Y-14.461 Z1.200 F2400 A143.40882; Inset 
G1 X4.793 Y-13.911 Z1.200 F2400 A143.42894; Inset 
G1 X4.769 Y-13.336 Z1.200 F2400 A143.44907; Inset 
G1 X4.554 Y-12.801 Z1.200 F2400 A143.46919; Inset 
G1 X4.174 Y-12.369 Z1.200 F2400 A143.48931; Inset 
G1 X3.679 Y-12.093 Z1.200 F2400 A143.50913; Inset 
G1 X3.383 Y-12.016 Z1.200 F2400 A143.51982; Inset 
G1 X2.816 Y-12.016 Z1.200 F2400 A143.53964; Inset 
G1 X2.273 Y-12.208 Z1.200 F2400 A143.55976; Inset 
G1 X1.832 Y-12.564 Z1.200 F2400 A143.57958; Inset 
G1 X1.651 Y-12.810 Z1.200 F2400 A143.59026; Inset 
G1 X1.443 Y-13.328 Z1.200 F2400 A143.60978; Inset 
G1 X1.404 Y-13.631 Z1.200 F2400 A143.62046; Inset 
G1 X1.476 Y-14.193 Z1.200 F2400 A143.64028; Inset 
G1 X1.735 Y-14.707 Z1.200 F2400 A143.66040; Inset 
G1 X2.150 Y-15.105 Z1.200 F2400 A143.68053; Inset 
G1 X2.150 Y-15.105 Z1.200 F1500 A142.38053; Retract 
G1 X2.150 Y-15.105 Z1.200 F3000; Retract 
G1 X-18.900 Y-18.530 Z1.200 F9000; Travel Move 
G1 X-18.900 Y-18.530 Z1.200 F1500 A143.68053; Restart 
G1 X-19.380 Y-18.129 Z1.200 F5400 A143.70240; Inset 
G1 X-19.810 Y-17.675 Z1.200 F5400 A143.72428; Inset 
G1 X-20.185 Y-17.174 Z1.200 F5400 A143.74615; Inset 
G1 X-20.500 Y-16.633 Z1.200 F5400 A143.76802; Inset 
G1 X-20.750 Y-16.059 Z1.200 F5400 A143.78990; Inset 
G1 X-20.931 Y-15.461 Z1.200 F5400 A143.81177; Inset 
G1 X-21.042 Y-14.845 Z1.200 F5400 A143.83365; Inset 
G1 X-21.082 Y-14.220 Z1.200 F5400 A143.85552; Inset 
G1 X-21.048 Y-13.596 Z1.200 F5400 A143.87739; Inset 
G1 X-20.943 Y-12.979 Z1.200 F5400 A143.89927; Inset 
G1 X-20.767 Y-12.378 Z1.200 F5400 A143.92114; Inset 
G1 X-20.523 Y-11.802 Z1.200 F5400 A143.94302; Inset 
G1 X-20.214 Y-11.258 Z1.200 F5400 A143.96489; Inset 
G1 X-19.844 Y-10.754 Z1.200 F5400 A143.98677; Inset 
G1 X-19.418 Y-10.296 Z1.200 F5400 A144.00864; Inset 
G1 X-18.941 Y-9.890 Z1.200 F5400 A144.03051; Inset 
G1 X-18.422 Y-9.542 Z1.200 F5400 A144.05239; Inset 
G1 X-17.865 Y-9.256 Z1.200 F5400 A144.07426; Inset 
G1 X-17.279 Y-9.037 Z1.200 F5400 A144.09613; Inset 
G1 X-16.671 Y-8.887 Z1.200 F5400 A144.11801; Inset 
G1 X-16.051 Y-8.808 Z1.200 F5400 A144.13988; Inset 
G1 X-15.425 Y-8.802 Z1.200 F5400 A144.16176; Inset 
G1 X-14.803 Y-8.868 Z1.200 F5400 A144.18363; Inset 
G1 X-14.192 Y-9.005 Z1.200 F5400 A144.20551; Inset 
G1 X-13.613 Y-9.209 Z1.200 F5400 A144.22699; Inset 
G1 X-12.584 Y-9.758 Z1.200 F5400 A144.26777; Inset 
G1 X-12.440 Y-9.794 Z1.200 F5400 A144.27295; Inset 
G1 X-4.102 Y-9.794 Z1.200 F5400 A144.56445; Inset 
G1 X-3.745 Y-9.404 Z1.200 F5400 A144.58293; Inset 
G1 X-4.497 Y-0.944 Z1.200 F5400 A144.87988; Inset 
G1 X-4.485 Y-0.773 Z1.200 F5400 A144.88587; Inset 
G1 X-4.430 Y-0.636 Z1.200 F5400 A144.89101; Inset 
G1 X-4.314 Y-0.532 Z1.200 F5400 A144.89647; Inset 
G1 X-3.120 Y-0.056 Z1.200 F5400 A144.94140; Inset 
G1 X-2.658 Y-5.253 Z1.200 F5400 A145.12380; Inset 
G1 X-2.508 Y-5.881 Z1.200 F5400 A145.14638; Inset 
G1 X-2.251 Y-6.483 Z1.200 F5400 A145.16924; Inset 
G1 X-1.897 Y-7.032 Z1.200 F5400 A145.19210; Inset 
G1 X-1.454 Y-7.513 Z1.200 F5400 A145.21496; Inset 
G1 X-0.937 Y-7.913 Z1.200 F5400 A145.23782; Inset 
G1 X-0.359 Y-8.220 Z1.200 F5400 A145.26068; Inset 
G1 X0.262 Y-8.424 Z1.200 F5400 A145.28355; Inset 
G1 X0.909 Y-8.520 Z1.200 F5400 A145.30641; Inset 
G1 X1.563 Y-8.506 Z1.200 F5400 A145.32927; Inset 
G1 X2.205 Y-8.381 Z1.200 F5400 A145.35213; Inset 
G1 X2.816 Y-8.150 Z1.200 F5400 A145.37499; Inset 
G1 X3.422 Y-7.789 Z1.200 F5400 A145.39963; Inset 
G1 X3.916 Y-7.360 Z1.200 F5400 A145.42249; Inset 
G1 X4.301 Y-6.896 Z1.200 F5400 A145.44358; Inset 
G1 X4.631 Y-6.332 Z1.200 F5400 A145.46644; Inset 
G1 X4.861 Y-5.720 Z1.200 F5400 A145.48930; Inset 
G1 X4.985 Y-5.077 Z1.200 F5400 A145.51216; Inset 
G1 X4.996 Y-4.403 Z1.200 F5400 A145.53573; Inset 
G1 X4.424 Y2.036 Z1.200 F5400 A145.76172; Inset 
G1 X5.387 Y2.205 Z1.200 F5400 A145.79592; Inset 
G1 X5.585 Y2.203 Z1.200 F5400 A145.80284; Inset 
G1 X5.735 Y2.126 Z1.200 F5400 A145.80872; Inset 
G1 X5.821 Y2.032 Z1.200 F5400 A145.81319; Inset 
G1 X5.874 Y1.914 Z1.200 F5400 A145.81770; Inset 
G1 X6.211 Y-1.725 Z1.200 F5400 A145.94546; Inset 
G1 X6.392 Y-1.985 Z1.200 F5400 A145.95654; Inset 
G1 X8.701 Y-3.088 Z1.200 F5400 A146.04599; Inset 
G1 X9.345 Y-3.515 Z1.200 F5400 A146.07302; Inset 
G1 X10.640 Y-4.621 Z1.200 F5400 A146.13256; Inset 
G1 X7.156 Y-6.879 Z1.200 F5400 A146.27773; Inset 
G1 X6.820 Y-7.278 Z1.200 F5400 A146.29596; Inset 
G1 X6.625 Y-7.785 Z1.200 F5400 A146.31496; Inset 
G1 X5.377 Y-14.606 Z1.200 F5400 A146.55736; Inset 
G1 X5.293 Y-14.935 Z1.200 F5400 A146.56924; Inset 
G1 X5.117 Y-15.344 Z1.200 F5400 A146.58480; Inset 
G1 X4.948 Y-15.611 Z1.200 F5400 A146.59585; Inset 
G1 X4.642 Y-15.953 Z1.200 F5400 A146.61189; Inset 
G1 X4.396 Y-16.153 Z1.200 F5400 A146.62297; Inset 
G1 X3.993 Y-16.381 Z1.200 F5400 A146.63916; Inset 
G1 X3.721 Y-16.485 Z1.200 F5400 A146.64936; Inset 
G1 X3.311 Y-16.573 Z1.200 F5400 A146.66402; Inset 
G1 X2.993 Y-16.594 Z1.200 F5400 A146.67515; Inset 
G1 X-10.633 Y-16.594 Z1.200 F5400 A147.15152; Inset 
G1 X-10.893 Y-16.729 Z1.200 F5400 A147.16176; Inset 
G1 X-11.566 Y-17.686 Z1.200 F5400 A147.20265; Inset 
G1 X-11.990 Y-18.133 Z1.200 F5400 A147.22420; Inset 
G1 X-12.471 Y-18.534 Z1.200 F5400 A147.24607; Inset 
G1 X-12.994 Y-18.876 Z1.200 F5400 A147.26795; Inset 
G1 X-13.554 Y-19.156 Z1.200 F5400 A147.28982; Inset 
G1 X-14.143 Y-19.369 Z1.200 F5400 A147.31169; Inset 
G1 X-14.752 Y-19.512 Z1.200 F5400 A147.33357; Inset 
G1 X-15.373 Y-19.584 Z1.200 F5400 A147.35544; Inset 
G1 X-15.999 Y-19.584 Z1.200 F5400 A147.37732; Inset 
G1 X-16.620 Y-19.511 Z1.200 F5400 A147.39919; Inset 
G1 X-17.229 Y-19.367 Z1.200 F5400 A147.42107; Inset 
G1 X-17.817 Y-19.154 Z1.200 F5400 A147.44294; Inset 
G1 X-18.377 Y-18.873 Z1.200 F5400 A147.46482; Inset 
G1 X-18.900 Y-18.530 Z1.200 F5400 A147.48669; Inset 
G1 X-18.900 Y-18.530 Z1.200 F1500 A146.18669; Retract 
G1 X-18.900 Y-18.530 Z1.200 F3000; Retract 
G1 X-19.139 Y-18.852 Z1.200 F9000; Travel Move 
G1 X-19.139 Y-18.852 Z1.200 F1500 A147.48669; Restart 
G1 X-19.654 Y-18.421 Z1.200 F2400 A147.51018; Inset 
G1 X-20.117 Y-17.933 Z1.200 F2400 A147.53368; Inset 
G1 X-20.519 Y-17.395 Z1.200 F2400 A147.55718; Inset 
G1 X-20.857 Y-16.814 Z1.200 F2400 A147.58068; Inset 
G1 X-21.126 Y-16.198 Z1.200 F2400 A147.60418; Inset 
G1 X-21.321 Y-15.555 Z1.200 F2400 A147.62767; Inset 
G1 X-21.440 Y-14.893 Z1.200 F2400 A147.65117; Inset 
G1 X-21.482 Y-14.222 Z1.200 F2400 A147.67467; Inset 
G1 X-21.447 Y-13.551 Z1.200 F2400 A147.69817; Inset 
G1 X-21.334 Y-12.889 Z1.200 F2400 A147.72166; Inset 
G1 X-21.145 Y-12.244 Z1.200 F2400 A147.74516; Inset 
G1 X-20.882 Y-11.625 Z1.200 F2400 A147.76865; Inset 
G1 X-20.550 Y-11.040 Z1.200 F2400 A147.79216; Inset 
G1 X-20.152 Y-10.499 Z1.200 F2400 A147.81565; Inset 
G1 X-19.695 Y-10.006 Z1.200 F2400 A147.83915; Inset 
G1 X-19.183 Y-9.570 Z1.200 F2400 A147.86264; Inset 
G1 X-18.625 Y-9.196 Z1.200 F2400 A147.88615; Inset 
G1 X-18.027 Y-8.889 Z1.200 F2400 A147.90964; Inset 
G1 X-17.397 Y-8.654 Z1.200 F2400 A147.93314; Inset 
G1 X-16.745 Y-8.493 Z1.200 F2400 A147.95664; Inset 
G1 X-16.078 Y-8.408 Z1.200 F2400 A147.98014; Inset 
G1 X-15.406 Y-8.401 Z1.200 F2400 A148.00363; Inset 
G1 X-14.737 Y-8.472 Z1.200 F2400 A148.02713; Inset 
G1 X-14.082 Y-8.620 Z1.200 F2400 A148.05062; Inset 
G1 X-13.451 Y-8.841 Z1.200 F2400 A148.07399; Inset 
G1 X-12.416 Y-9.394 Z1.200 F2400 A148.11501; Inset 
G1 X-4.148 Y-9.394 Z1.200 F2400 A148.40408; Inset 
G1 X-4.898 Y-0.948 Z1.200 F2400 A148.70054; Inset 
M73 P19; Update Progress 
G1 X-4.880 Y-0.682 Z1.200 F2400 A148.70986; Inset 
G1 X-4.783 Y-0.442 Z1.200 F2400 A148.71890; Inset 
G1 X-4.525 Y-0.185 Z1.200 F2400 A148.73164; Inset 
G1 X-2.770 Y0.514 Z1.200 F2400 A148.79769; Inset 
G1 X-2.261 Y-5.210 Z1.200 F2400 A148.99860; Inset 
G1 X-2.122 Y-5.778 Z1.200 F2400 A149.01903; Inset 
G1 X-1.888 Y-6.315 Z1.200 F2400 A149.03952; Inset 
G1 X-1.567 Y-6.806 Z1.200 F2400 A149.06001; Inset 
G1 X-1.167 Y-7.235 Z1.200 F2400 A149.08051; Inset 
G1 X-0.701 Y-7.590 Z1.200 F2400 A149.10100; Inset 
G1 X-0.181 Y-7.861 Z1.200 F2400 A149.12149; Inset 
G1 X0.377 Y-8.041 Z1.200 F2400 A149.14198; Inset 
G1 X0.957 Y-8.123 Z1.200 F2400 A149.16248; Inset 
G1 X1.543 Y-8.106 Z1.200 F2400 A149.18297; Inset 
G1 X2.118 Y-7.991 Z1.200 F2400 A149.20346; Inset 
G1 X2.665 Y-7.780 Z1.200 F2400 A149.22396; Inset 
G1 X3.168 Y-7.479 Z1.200 F2400 A149.24444; Inset 
G1 X3.613 Y-7.098 Z1.200 F2400 A149.26494; Inset 
G1 X3.988 Y-6.647 Z1.200 F2400 A149.28543; Inset 
G1 X4.280 Y-6.139 Z1.200 F2400 A149.30592; Inset 
G1 X4.483 Y-5.589 Z1.200 F2400 A149.32642; Inset 
G1 X4.590 Y-5.013 Z1.200 F2400 A149.34691; Inset 
G1 X4.597 Y-4.434 Z1.200 F2400 A149.36716; Inset 
G1 X3.993 Y2.366 Z1.200 F2400 A149.60582; Inset 
G1 X5.354 Y2.605 Z1.200 F2400 A149.65412; Inset 
G1 X5.638 Y2.603 Z1.200 F2400 A149.66404; Inset 
G1 X5.748 Y2.574 Z1.200 F2400 A149.66803; Inset 
G1 X5.984 Y2.446 Z1.200 F2400 A149.67743; Inset 
G1 X6.161 Y2.255 Z1.200 F2400 A149.68652; Inset 
G1 X6.266 Y2.016 Z1.200 F2400 A149.69563; Inset 
G1 X6.605 Y-1.643 Z1.200 F2400 A149.82411; Inset 
G1 X8.898 Y-2.739 Z1.200 F2400 A149.91297; Inset 
G1 X9.586 Y-3.195 Z1.200 F2400 A149.94183; Inset 
G1 X10.992 Y-4.396 Z1.200 F2400 A150.00646; Inset 
G1 X11.090 Y-4.543 Z1.200 F2400 A150.01264; Inset 
G1 X11.088 Y-4.729 Z1.200 F2400 A150.01914; Inset 
G1 X11.041 Y-4.815 Z1.200 F2400 A150.02258; Inset 
G1 X10.955 Y-4.893 Z1.200 F2400 A150.02663; Inset 
G1 X7.387 Y-7.206 Z1.200 F2400 A150.17530; Inset 
G1 X7.143 Y-7.514 Z1.200 F2400 A150.18903; Inset 
G1 X7.017 Y-7.865 Z1.200 F2400 A150.20208; Inset 
G1 X5.768 Y-14.691 Z1.200 F2400 A150.44468; Inset 
G1 X5.673 Y-15.065 Z1.200 F2400 A150.45814; Inset 
G1 X5.472 Y-15.531 Z1.200 F2400 A150.47591; Inset 
G1 X5.268 Y-15.853 Z1.200 F2400 A150.48922; Inset 
G1 X4.919 Y-16.243 Z1.200 F2400 A150.50752; Inset 
G1 X4.622 Y-16.484 Z1.200 F2400 A150.52089; Inset 
G1 X4.164 Y-16.744 Z1.200 F2400 A150.53929; Inset 
G1 X3.835 Y-16.870 Z1.200 F2400 A150.55163; Inset 
G1 X3.366 Y-16.971 Z1.200 F2400 A150.56839; Inset 
G1 X3.006 Y-16.994 Z1.200 F2400 A150.58101; Inset 
G1 X-10.591 Y-16.994 Z1.200 F2400 A151.05634; Inset 
G1 X-11.256 Y-17.940 Z1.200 F2400 A151.09676; Inset 
G1 X-11.716 Y-18.426 Z1.200 F2400 A151.12015; Inset 
G1 X-12.232 Y-18.856 Z1.200 F2400 A151.14365; Inset 
G1 X-12.795 Y-19.224 Z1.200 F2400 A151.16715; Inset 
G1 X-13.396 Y-19.524 Z1.200 F2400 A151.19064; Inset 
G1 X-14.028 Y-19.753 Z1.200 F2400 A151.21415; Inset 
G1 X-14.682 Y-19.907 Z1.200 F2400 A151.23764; Inset 
G1 X-15.350 Y-19.984 Z1.200 F2400 A151.26114; Inset 
G1 X-16.022 Y-19.984 Z1.200 F2400 A151.28463; Inset 
G1 X-16.690 Y-19.906 Z1.200 F2400 A151.30813; Inset 
G1 X-17.344 Y-19.751 Z1.200 F2400 A151.33163; Inset 
G1 X-17.976 Y-19.522 Z1.200 F2400 A151.35513; Inset 
G1 X-18.576 Y-19.221 Z1.200 F2400 A151.37862; Inset 
G1 X-19.139 Y-18.852 Z1.200 F2400 A151.40213; Inset 
G1 X-19.139 Y-18.852 Z1.200 F1500 A150.10213; Retract 
G1 X-19.139 Y-18.852 Z1.200 F3000; Retract 
G1 X-17.708 Y-18.441 Z1.200 F9000; Travel Move 
G1 X-17.708 Y-18.441 Z1.200 F1500 A151.40213; Restart 
G1 X-19.933 Y-16.216 Z1.200 F5400 A151.51215; Infill 
G1 X-19.468 Y-15.560 Z1.200 F5400 A151.54023; Connection 
G1 X-20.367 Y-14.662 Z1.200 F5400 A151.58464; Infill 
G1 X-20.387 Y-14.081 Z1.200 F5400 A151.60496; Connection 
G1 X-19.699 Y-14.770 Z1.200 F5400 A151.63900; Infill 
G1 X-19.504 Y-14.405 Z1.200 F5400 A151.65347; Connection 
G1 X-20.347 Y-13.562 Z1.200 F5400 A151.69514; Infill 
G1 X-20.260 Y-13.088 Z1.200 F5400 A151.71197; Connection 
G1 X-19.663 Y-13.685 Z1.200 F5400 A151.74149; Infill 
G1 X-19.606 Y-13.183 Z1.200 F5400 A151.75916; Connection 
G1 X-20.133 Y-12.655 Z1.200 F5400 A151.78526; Infill 
G1 X-19.971 Y-12.258 Z1.200 F5400 A151.80028; Connection 
G1 X-19.449 Y-12.779 Z1.200 F5400 A151.82606; Infill 
G1 X-19.286 Y-12.383 Z1.200 F5400 A151.84105; Connection 
G1 X-19.782 Y-11.887 Z1.200 F5400 A151.86559; Infill 
G1 X-19.569 Y-11.540 Z1.200 F5400 A151.87983; Connection 
G1 X-19.078 Y-12.031 Z1.200 F5400 A151.90411; Infill 
G1 X-18.845 Y-11.703 Z1.200 F5400 A151.91815; Connection 
G1 X-19.332 Y-11.216 Z1.200 F5400 A151.94222; Infill 
G1 X-19.065 Y-10.924 Z1.200 F5400 A151.95608; Connection 
G1 X-18.591 Y-11.398 Z1.200 F5400 A151.97952; Infill 
G1 X-18.295 Y-11.133 Z1.200 F5400 A151.99338; Connection 
G1 X-18.777 Y-10.651 Z1.200 F5400 A152.01722; Infill 
G1 X-18.469 Y-10.399 Z1.200 F5400 A152.03113; Connection 
G1 X-17.982 Y-10.886 Z1.200 F5400 A152.05523; Infill 
G1 X-17.633 Y-10.676 Z1.200 F5400 A152.06949; Connection 
G1 X-18.134 Y-10.175 Z1.200 F5400 A152.09427; Infill 
G1 X-17.770 Y-9.978 Z1.200 F5400 A152.10872; Connection 
G1 X-17.259 Y-10.490 Z1.200 F5400 A152.13401; Infill 
G1 X-16.855 Y-10.334 Z1.200 F5400 A152.14914; Connection 
G1 X-17.381 Y-9.807 Z1.200 F5400 A152.17517; Infill 
G1 X-16.963 Y-9.665 Z1.200 F5400 A152.19060; Connection 
G1 X-16.451 Y-10.178 Z1.200 F5400 A152.21592; Infill 
G1 X-16.511 Y-9.558 Z1.200 F5400 A152.23769; Connection 
G1 X-15.618 Y-10.451 Z1.200 F5400 A152.28184; Infill 
G1 X-15.253 Y-10.256 Z1.200 F5400 A152.29631; Connection 
G1 X-16.014 Y-9.495 Z1.200 F5400 A152.33394; Infill 
G1 X-15.460 Y-9.488 Z1.200 F5400 A152.35328; Connection 
G1 X-14.680 Y-10.268 Z1.200 F5400 A152.39186; Infill 
G1 X-14.822 Y-9.567 Z1.200 F5400 A152.41689; Connection 
G1 X-13.682 Y-10.707 Z1.200 F5400 A152.47326; Infill 
G1 X-12.902 Y-10.366 Z1.200 F5400 A152.50300; Connection 
G1 X-7.360 Y-15.908 Z1.200 F5400 A152.77702; Infill 
G1 X-7.920 Y-15.908 Z1.200 F5400 A152.79660; Connection 
G1 X-14.044 Y-9.784 Z1.200 F5400 A153.09937; Infill 
G1 X-12.228 Y-10.480 Z1.200 F5400 A153.16737; Connection 
G1 X-6.800 Y-15.908 Z1.200 F5400 A153.43573; Infill 
G1 X-6.240 Y-15.908 Z1.200 F5400 A153.45531; Connection 
G1 X-11.668 Y-10.480 Z1.200 F5400 A153.72367; Infill 
G1 X-11.108 Y-10.480 Z1.200 F5400 A153.74325; Connection 
G1 X-5.680 Y-15.908 Z1.200 F5400 A154.01162; Infill 
G1 X-5.120 Y-15.908 Z1.200 F5400 A154.03120; Connection 
G1 X-10.548 Y-10.480 Z1.200 F5400 A154.29956; Infill 
G1 X-9.988 Y-10.480 Z1.200 F5400 A154.31914; Connection 
G1 X-4.560 Y-15.908 Z1.200 F5400 A154.58750; Infill 
G1 X-4.000 Y-15.908 Z1.200 F5400 A154.60708; Connection 
G1 X-9.428 Y-10.480 Z1.200 F5400 A154.87544; Infill 
G1 X-8.868 Y-10.480 Z1.200 F5400 A154.89502; Connection 
G1 X-3.440 Y-15.908 Z1.200 F5400 A155.16339; Infill 
G1 X-2.880 Y-15.908 Z1.200 F5400 A155.18296; Connection 
G1 X-8.308 Y-10.480 Z1.200 F5400 A155.45133; Infill 
G1 X-7.748 Y-10.480 Z1.200 F5400 A155.47091; Connection 
G1 X-2.320 Y-15.908 Z1.200 F5400 A155.73927; Infill 
G1 X-1.760 Y-15.908 Z1.200 F5400 A155.75885; Connection 
G1 X-7.188 Y-10.480 Z1.200 F5400 A156.02721; Infill 
G1 X-6.628 Y-10.480 Z1.200 F5400 A156.04679; Connection 
G1 X-1.200 Y-15.908 Z1.200 F5400 A156.31515; Infill 
G1 X-0.640 Y-15.908 Z1.200 F5400 A156.33473; Connection 
G1 X-6.068 Y-10.480 Z1.200 F5400 A156.60310; Infill 
G1 X-5.507 Y-10.480 Z1.200 F5400 A156.62268; Connection 
G1 X-0.080 Y-15.908 Z1.200 F5400 A156.89104; Infill 
G1 X0.481 Y-15.908 Z1.200 F5400 A156.91062; Connection 
G1 X-4.947 Y-10.480 Z1.200 F5400 A157.17898; Infill 
G1 X-4.387 Y-10.480 Z1.200 F5400 A157.19856; Connection 
G1 X1.041 Y-15.908 Z1.200 F5400 A157.46692; Infill 
G1 X0.640 Y-14.948 Z1.200 F5400 A157.50330; Connection 
G1 X-3.839 Y-10.469 Z1.200 F5400 A157.72476; Infill 
G1 X-3.545 Y-10.202 Z1.200 F5400 A157.73862; Connection 
G1 X0.371 Y-14.119 Z1.200 F5400 A157.93227; Infill 
G1 X0.335 Y-13.522 Z1.200 F5400 A157.95317; Connection 
G1 X-3.278 Y-9.910 Z1.200 F5400 A158.13177; Infill 
M73 P20; Update Progress 
G1 X-3.043 Y-9.585 Z1.200 F5400 A158.14579; Connection 
G1 X0.406 Y-13.034 Z1.200 F5400 A158.31632; Infill 
G1 X0.560 Y-12.627 Z1.200 F5400 A158.33151; Connection 
G1 X-3.095 Y-8.973 Z1.200 F5400 A158.51220; Infill 
G1 X-3.149 Y-8.358 Z1.200 F5400 A158.53377; Connection 
G1 X0.736 Y-12.243 Z1.200 F5400 A158.72585; Infill 
G1 X0.965 Y-11.912 Z1.200 F5400 A158.73993; Connection 
G1 X-3.204 Y-7.744 Z1.200 F5400 A158.94603; Infill 
G1 X-3.259 Y-7.129 Z1.200 F5400 A158.96760; Connection 
G1 X1.258 Y-11.645 Z1.200 F5400 A159.19089; Infill 
G1 X1.562 Y-11.389 Z1.200 F5400 A159.20478; Connection 
G1 X-1.427 Y-8.400 Z1.200 F5400 A159.35256; Infill 
G1 X-0.312 Y-8.956 Z1.200 F5400 A159.39613; Connection 
G1 X1.915 Y-11.183 Z1.200 F5400 A159.50623; Infill 
G1 X2.329 Y-11.036 Z1.200 F5400 A159.52157; Connection 
G1 X0.434 Y-9.142 Z1.200 F5400 A159.61525; Infill 
G1 X1.054 Y-9.201 Z1.200 F5400 A159.63702; Connection 
G1 X2.782 Y-10.930 Z1.200 F5400 A159.72248; Infill 
G1 X3.342 Y-10.930 Z1.200 F5400 A159.74205; Connection 
G1 X1.604 Y-9.191 Z1.200 F5400 A159.82802; Infill 
G1 X2.073 Y-9.100 Z1.200 F5400 A159.84472; Connection 
G1 X4.045 Y-11.072 Z1.200 F5400 A159.94222; Infill 
G1 X5.301 Y-11.209 Z1.200 F5400 A159.98640; Connection 
G1 X2.929 Y-8.837 Z1.200 F5400 A160.10368; Infill 
G1 X3.311 Y-8.659 Z1.200 F5400 A160.11841; Connection 
G1 X5.388 Y-10.735 Z1.200 F5400 A160.22109; Infill 
G1 X5.475 Y-10.262 Z1.200 F5400 A160.23791; Connection 
G1 X3.662 Y-8.449 Z1.200 F5400 A160.32753; Infill 
G1 X3.978 Y-8.206 Z1.200 F5400 A160.34149; Connection 
G1 X5.561 Y-9.788 Z1.200 F5400 A160.41975; Infill 
G1 X5.648 Y-9.315 Z1.200 F5400 A160.43657; Connection 
G1 X4.280 Y-7.947 Z1.200 F5400 A160.50420; Infill 
G1 X4.554 Y-7.662 Z1.200 F5400 A160.51804; Connection 
G1 X5.734 Y-8.842 Z1.200 F5400 A160.57639; Infill 
G1 X5.821 Y-8.368 Z1.200 F5400 A160.59321; Connection 
G1 X4.806 Y-7.353 Z1.200 F5400 A160.64342; Infill 
G1 X5.027 Y-7.014 Z1.200 F5400 A160.65757; Connection 
G1 X5.908 Y-7.895 Z1.200 F5400 A160.70111; Infill 
G1 X6.019 Y-7.446 Z1.200 F5400 A160.71728; Connection 
G1 X5.229 Y-6.656 Z1.200 F5400 A160.75634; Infill 
G1 X5.393 Y-6.260 Z1.200 F5400 A160.77132; Connection 
G1 X6.169 Y-7.036 Z1.200 F5400 A160.80968; Infill 
G1 X6.404 Y-6.711 Z1.200 F5400 A160.82370; Connection 
G1 X5.534 Y-5.841 Z1.200 F5400 A160.86673; Infill 
G1 X5.626 Y-5.373 Z1.200 F5400 A160.88341; Connection 
G1 X6.664 Y-6.411 Z1.200 F5400 A160.93472; Infill 
G1 X6.985 Y-6.172 Z1.200 F5400 A160.94872; Connection 
G1 X5.672 Y-4.859 Z1.200 F5400 A161.01364; Infill 
G1 X5.676 Y-4.303 Z1.200 F5400 A161.03308; Connection 
G1 X7.325 Y-5.952 Z1.200 F5400 A161.11461; Infill 
G1 X7.665 Y-5.732 Z1.200 F5400 A161.12877; Connection 
G1 X5.622 Y-3.688 Z1.200 F5400 A161.22980; Infill 
G1 X5.567 Y-3.074 Z1.200 F5400 A161.25137; Connection 
G1 X8.005 Y-5.512 Z1.200 F5400 A161.37190; Infill 
G1 X8.345 Y-5.291 Z1.200 F5400 A161.38606; Connection 
G1 X5.512 Y-2.459 Z1.200 F5400 A161.52609; Infill 
G1 X5.541 Y-1.928 Z1.200 F5400 A161.54470; Connection 
G1 X5.458 Y-1.844 Z1.200 F5400 A161.54881; Infill 
G1 X5.484 Y-1.310 Z1.200 F5400 A161.56750; Connection 
G1 X5.403 Y-1.230 Z1.200 F5400 A161.57149; Infill 
G1 X5.426 Y-0.693 Z1.200 F5400 A161.59026; Connection 
G1 X5.348 Y-0.615 Z1.200 F5400 A161.59412; Infill 
G1 X5.369 Y-0.076 Z1.200 F5400 A161.61299; Connection 
G1 X5.294 Y-0.000 Z1.200 F5400 A161.61672; Infill 
G1 X5.312 Y0.541 Z1.200 F5400 A161.63567; Connection 
G1 X5.239 Y0.614 Z1.200 F5400 A161.63927; Infill 
G1 X5.255 Y1.158 Z1.200 F5400 A161.65831; Connection 
G1 X5.184 Y1.229 Z1.200 F5400 A161.66179; Infill 
G1 X5.184 Y1.229 Z1.200 F1500 A160.36179; Retract 
G1 X5.184 Y1.229 Z1.200 F3000; Retract 
G1 X6.327 Y-2.714 Z1.200 F9000; Travel Move 
G1 X6.327 Y-2.714 Z1.200 F1500 A161.66179; Restart 
G1 X8.684 Y-5.071 Z1.200 F5400 A161.77834; Infill 
G1 X9.024 Y-4.851 Z1.200 F5400 A161.79250; Connection 
G1 X7.399 Y-3.226 Z1.200 F5400 A161.87282; Infill 
G1 X8.532 Y-3.799 Z1.200 F5400 A161.91721; Connection 
G1 X9.364 Y-4.631 Z1.200 F5400 A161.95832; Infill 
G1 X2.529 Y-8.996 Z1.200 F5400 A162.24185; Connection 
G1 X5.215 Y-11.682 Z1.200 F5400 A162.37466; Infill 
G1 X5.215 Y-11.682 Z1.200 F1500 A161.07466; Retract 
G1 X5.215 Y-11.682 Z1.200 F3000; Retract 
G1 X-2.551 Y-7.277 Z1.200 F9000; Travel Move 
G1 X-2.551 Y-7.277 Z1.200 F1500 A162.37466; Restart 
G1 X-3.313 Y-6.514 Z1.200 F5400 A162.41237; Infill 
G1 X-3.150 Y-6.117 Z1.200 F5400 A162.42737; Connection 
G1 X-3.368 Y-5.900 Z1.200 F5400 A162.43813; Infill 
G1 X-3.333 Y-5.375 Z1.200 F5400 A162.45651; Connection 
G1 X-3.423 Y-5.285 Z1.200 F5400 A162.46096; Infill 
G1 X-3.391 Y-4.756 Z1.200 F5400 A162.47948; Connection 
G1 X-3.477 Y-4.670 Z1.200 F5400 A162.48373; Infill 
G1 X-3.446 Y-4.141 Z1.200 F5400 A162.50224; Connection 
G1 X-3.532 Y-4.056 Z1.200 F5400 A162.50649; Infill 
G1 X-3.501 Y-3.527 Z1.200 F5400 A162.52501; Connection 
G1 X-3.587 Y-3.441 Z1.200 F5400 A162.52926; Infill 
G1 X-3.555 Y-2.912 Z1.200 F5400 A162.54778; Connection 
G1 X-3.641 Y-2.826 Z1.200 F5400 A162.55203; Infill 
G1 X-3.610 Y-2.297 Z1.200 F5400 A162.57054; Connection 
G1 X-3.696 Y-2.212 Z1.200 F5400 A162.57479; Infill 
G1 X-3.664 Y-1.683 Z1.200 F5400 A162.59331; Connection 
G1 X-3.750 Y-1.597 Z1.200 F5400 A162.59756; Infill 
G1 X-3.719 Y-1.068 Z1.200 F5400 A162.61607; Connection 
G1 X-3.744 Y-1.043 Z1.200 F5400 A162.61732; Infill 
G1 X-3.744 Y-1.043 Z1.200 F1500 A161.31732; Retract 
G1 X-3.744 Y-1.043 Z1.200 F3000; Retract 
G1 X-12.187 Y-12.201 Z1.200 F9000; Travel Move 
G1 X-12.187 Y-12.201 Z1.200 F1500 A162.61732; Restart 
G1 X-8.480 Y-15.908 Z1.200 F5400 A162.80061; Infill 
G1 X-9.040 Y-15.908 Z1.200 F5400 A162.82019; Connection 
G1 X-11.757 Y-13.192 Z1.200 F5400 A162.95451; Infill 
G1 X-11.754 Y-13.754 Z1.200 F5400 A162.97419; Connection 
G1 X-9.600 Y-15.908 Z1.200 F5400 A163.08068; Infill 
G1 X-10.160 Y-15.908 Z1.200 F5400 A163.10026; Connection 
G1 X-11.936 Y-14.133 Z1.200 F5400 A163.18805; Infill 
G1 X-11.666 Y-14.962 Z1.200 F5400 A163.21855; Connection 
G1 X-10.720 Y-15.908 Z1.200 F5400 A163.26532; Infill 
G1 X-11.116 Y-16.072 Z1.200 F5400 A163.28031; Connection 
G1 X-11.822 Y-15.366 Z1.200 F5400 A163.31521; Infill 
G1 X-11.978 Y-15.770 Z1.200 F5400 A163.33035; Connection 
G1 X-11.438 Y-16.311 Z1.200 F5400 A163.35708; Infill 
G1 X-11.669 Y-16.640 Z1.200 F5400 A163.37114; Connection 
G1 X-12.164 Y-16.144 Z1.200 F5400 A163.39563; Infill 
G1 X-12.375 Y-16.494 Z1.200 F5400 A163.40989; Connection 
G1 X-11.900 Y-16.969 Z1.200 F5400 A163.43338; Infill 
G1 X-12.137 Y-17.292 Z1.200 F5400 A163.44739; Connection 
G1 X-12.622 Y-16.807 Z1.200 F5400 A163.47135; Infill 
G1 X-12.886 Y-17.102 Z1.200 F5400 A163.48522; Connection 
G1 X-12.410 Y-17.579 Z1.200 F5400 A163.50877; Infill 
G1 X-12.709 Y-17.839 Z1.200 F5400 A163.52265; Connection 
G1 X-13.192 Y-17.357 Z1.200 F5400 A163.54651; Infill 
G1 X-13.519 Y-17.590 Z1.200 F5400 A163.56055; Connection 
G1 X-13.029 Y-18.079 Z1.200 F5400 A163.58477; Infill 
G1 X-13.371 Y-18.298 Z1.200 F5400 A163.59895; Connection 
G1 X-13.872 Y-17.797 Z1.200 F5400 A163.62370; Infill 
G1 X-14.268 Y-17.961 Z1.200 F5400 A163.63869; Connection 
G1 X-13.744 Y-18.484 Z1.200 F5400 A163.66456; Infill 
G1 X-14.148 Y-18.641 Z1.200 F5400 A163.67968; Connection 
G1 X-14.672 Y-18.117 Z1.200 F5400 A163.70559; Infill 
G1 X-15.209 Y-18.139 Z1.200 F5400 A163.72441; Connection 
G1 X-14.581 Y-18.768 Z1.200 F5400 A163.75546; Infill 
G1 X-15.052 Y-18.857 Z1.200 F5400 A163.77222; Connection 
G1 X-15.895 Y-18.014 Z1.200 F5400 A163.81389; Infill 
G1 X-16.273 Y-18.196 Z1.200 F5400 A163.82856; Connection 
G1 X-15.570 Y-18.898 Z1.200 F5400 A163.86330; Infill 
G1 X-16.154 Y-18.875 Z1.200 F5400 A163.88370; Connection 
G1 X-17.049 Y-17.980 Z1.200 F5400 A163.92797; Infill 
G1 X-16.833 Y-18.756 Z1.200 F5400 A163.95614; Connection 
G1 X-20.252 Y-15.337 Z1.200 F5400 A164.12517; Infill 
; Chunk 12 
; Lower Position  1.2 
; Upper Position  1.4 
; Thickness       0.2 
; Width           0.4 
G1 X-20.252 Y-15.337 Z1.200 F1500 A162.82517; Retract 
G1 X-20.252 Y-15.337 Z1.200 F3000; Retract 
G1 X-20.252 Y-15.337 Z1.400 F1380; Travel Move 
G1 X-17.844 Y-17.259 Z1.400 F9000; Travel Move 
G1 X-17.844 Y-17.259 Z1.400 F1500 A164.12517; Restart 
G1 X-17.316 Y-17.570 Z1.400 F5400 A164.14659; Inset 
G1 X-16.383 Y-17.931 Z1.400 F5400 A164.18157; Inset 
G1 X-15.683 Y-17.594 Z1.400 F5400 A164.20872; Inset 
G1 X-14.983 Y-17.931 Z1.400 F5400 A164.23587; Inset 
G1 X-14.050 Y-17.570 Z1.400 F5400 A164.27085; Inset 
G1 X-13.522 Y-17.259 Z1.400 F5400 A164.29227; Inset 
G1 X-13.003 Y-16.818 Z1.400 F5400 A164.31609; Inset 
G1 X-12.618 Y-16.356 Z1.400 F5400 A164.33712; Inset 
G1 X-12.307 Y-15.828 Z1.400 F5400 A164.35853; Inset 
G1 X-11.946 Y-14.894 Z1.400 F5400 A164.39352; Inset 
G1 X-12.283 Y-14.194 Z1.400 F5400 A164.42067; Inset 
G1 X-11.946 Y-13.495 Z1.400 F5400 A164.44781; Inset 
G1 X-12.307 Y-12.561 Z1.400 F5400 A164.48280; Inset 
G1 X-12.618 Y-12.033 Z1.400 F5400 A164.50422; Inset 
G1 X-13.003 Y-11.571 Z1.400 F5400 A164.52524; Inset 
G1 X-13.457 Y-11.176 Z1.400 F5400 A164.54626; Inset 
G1 X-14.050 Y-10.819 Z1.400 F5400 A164.57048; Inset 
G1 X-15.007 Y-10.449 Z1.400 F5400 A164.60634; Inset 
G1 X-15.683 Y-10.810 Z1.400 F5400 A164.63315; Inset 
G1 X-16.359 Y-10.449 Z1.400 F5400 A164.65995; Inset 
G1 X-17.316 Y-10.819 Z1.400 F5400 A164.69581; Inset 
G1 X-17.844 Y-11.129 Z1.400 F5400 A164.71723; Inset 
G1 X-18.306 Y-11.514 Z1.400 F5400 A164.73825; Inset 
G1 X-18.701 Y-11.968 Z1.400 F5400 A164.75928; Inset 
G1 X-19.058 Y-12.561 Z1.400 F5400 A164.78349; Inset 
G1 X-19.428 Y-13.518 Z1.400 F5400 A164.81936; Inset 
G1 X-19.067 Y-14.194 Z1.400 F5400 A164.84616; Inset 
G1 X-19.428 Y-14.871 Z1.400 F5400 A164.87296; Inset 
G1 X-19.058 Y-15.828 Z1.400 F5400 A164.90883; Inset 
G1 X-18.701 Y-16.421 Z1.400 F5400 A164.93304; Inset 
G1 X-18.306 Y-16.874 Z1.400 F5400 A164.95407; Inset 
G1 X-17.844 Y-17.259 Z1.400 F5400 A164.97509; Inset 
G1 X-17.844 Y-17.259 Z1.400 F1500 A163.67509; Retract 
G1 X-17.844 Y-17.259 Z1.400 F3000; Retract 
G1 X-17.623 Y-16.925 Z1.400 F9000; Travel Move 
G1 X-17.623 Y-16.925 Z1.400 F1500 A164.97509; Restart 
G1 X-17.155 Y-17.203 Z1.400 F5400 A164.99411; Inset 
G1 X-16.400 Y-17.495 Z1.400 F5400 A165.02242; Inset 
G1 X-15.932 Y-17.270 Z1.400 F5400 A165.04059; Inset 
G1 X-15.809 Y-16.880 Z1.400 F5400 A165.05490; Inset 
G1 X-15.741 Y-16.815 Z1.400 F5400 A165.05817; Inset 
G1 X-15.683 Y-16.800 Z1.400 F5400 A165.06026; Inset 
G1 X-15.625 Y-16.815 Z1.400 F5400 A165.06235; Inset 
G1 X-15.557 Y-16.880 Z1.400 F5400 A165.06562; Inset 
G1 X-15.434 Y-17.270 Z1.400 F5400 A165.07994; Inset 
G1 X-14.966 Y-17.495 Z1.400 F5400 A165.09810; Inset 
G1 X-14.210 Y-17.203 Z1.400 F5400 A165.12641; Inset 
G1 X-13.743 Y-16.925 Z1.400 F5400 A165.14543; Inset 
G1 X-13.331 Y-16.580 Z1.400 F5400 A165.16421; Inset 
G1 X-12.980 Y-16.174 Z1.400 F5400 A165.18299; Inset 
G1 X-12.674 Y-15.667 Z1.400 F5400 A165.20369; Inset 
G1 X-12.382 Y-14.911 Z1.400 F5400 A165.23200; Inset 
G1 X-12.607 Y-14.443 Z1.400 F5400 A165.25016; Inset 
G1 X-13.009 Y-14.316 Z1.400 F5400 A165.26491; Inset 
G1 X-13.050 Y-14.273 Z1.400 F5400 A165.26700; Inset 
G1 X-13.074 Y-14.182 Z1.400 F5400 A165.27027; Inset 
G1 X-13.059 Y-14.125 Z1.400 F5400 A165.27236; Inset 
G1 X-13.009 Y-14.072 Z1.400 F5400 A165.27488; Inset 
G1 X-12.607 Y-13.945 Z1.400 F5400 A165.28962; Inset 
G1 X-12.382 Y-13.477 Z1.400 F5400 A165.30778; Inset 
G1 X-12.674 Y-12.722 Z1.400 F5400 A165.33610; Inset 
G1 X-12.952 Y-12.254 Z1.400 F5400 A165.35512; Inset 
G1 X-13.297 Y-11.843 Z1.400 F5400 A165.37390; Inset 
G1 X-13.704 Y-11.491 Z1.400 F5400 A165.39268; Inset 
G1 X-14.210 Y-11.185 Z1.400 F5400 A165.41337; Inset 
G1 X-14.980 Y-10.888 Z1.400 F5400 A165.44222; Inset 
G1 X-15.465 Y-11.147 Z1.400 F5400 A165.46144; Inset 
G1 X-15.570 Y-11.529 Z1.400 F5400 A165.47530; Inset 
G1 X-15.659 Y-11.586 Z1.400 F5400 A165.47899; Inset 
G1 X-15.718 Y-11.581 Z1.400 F5400 A165.48108; Inset 
G1 X-15.796 Y-11.529 Z1.400 F5400 A165.48436; Inset 
G1 X-15.901 Y-11.147 Z1.400 F5400 A165.49821; Inset 
G1 X-16.386 Y-10.888 Z1.400 F5400 A165.51744; Inset 
G1 X-17.155 Y-11.185 Z1.400 F5400 A165.54628; Inset 
G1 X-17.662 Y-11.491 Z1.400 F5400 A165.56698; Inset 
G1 X-18.069 Y-11.843 Z1.400 F5400 A165.58576; Inset 
G1 X-18.414 Y-12.254 Z1.400 F5400 A165.60454; Inset 
G1 X-18.692 Y-12.722 Z1.400 F5400 A165.62356; Inset 
G1 X-18.989 Y-13.491 Z1.400 F5400 A165.65240; Inset 
G1 X-18.730 Y-13.976 Z1.400 F5400 A165.67162; Inset 
G1 X-18.413 Y-14.048 Z1.400 F5400 A165.68298; Inset 
G1 X-18.307 Y-14.125 Z1.400 F5400 A165.68757; Inset 
G1 X-18.296 Y-14.230 Z1.400 F5400 A165.69127; Inset 
G1 X-18.348 Y-14.308 Z1.400 F5400 A165.69454; Inset 
G1 X-18.730 Y-14.412 Z1.400 F5400 A165.70840; Inset 
G1 X-18.989 Y-14.897 Z1.400 F5400 A165.72762; Inset 
G1 X-18.692 Y-15.667 Z1.400 F5400 A165.75647; Inset 
G1 X-18.386 Y-16.174 Z1.400 F5400 A165.77716; Inset 
G1 X-18.035 Y-16.580 Z1.400 F5400 A165.79594; Inset 
G1 X-17.623 Y-16.925 Z1.400 F5400 A165.81472; Inset 
G1 X-17.623 Y-16.925 Z1.400 F1500 A164.51472; Retract 
G1 X-17.623 Y-16.925 Z1.400 F3000; Retract 
G1 X-17.409 Y-16.587 Z1.400 F9000; Travel Move 
G1 X-17.409 Y-16.587 Z1.400 F1500 A165.81472; Restart 
G1 X-17.003 Y-16.833 Z1.400 F2400 A165.83132; Inset 
G1 X-16.299 Y-17.105 Z1.400 F2400 A165.85769; Inset 
G1 X-16.170 Y-16.695 Z1.400 F2400 A165.87276; Inset 
G1 X-16.059 Y-16.547 Z1.400 F2400 A165.87918; Inset 
G1 X-15.907 Y-16.445 Z1.400 F2400 A165.88561; Inset 
G1 X-15.645 Y-16.397 Z1.400 F2400 A165.89491; Inset 
G1 X-15.459 Y-16.445 Z1.400 F2400 A165.90163; Inset 
G1 X-15.306 Y-16.547 Z1.400 F2400 A165.90806; Inset 
G1 X-15.196 Y-16.695 Z1.400 F2400 A165.91448; Inset 
G1 X-15.066 Y-17.105 Z1.400 F2400 A165.92955; Inset 
G1 X-14.363 Y-16.833 Z1.400 F2400 A165.95592; Inset 
G1 X-13.957 Y-16.587 Z1.400 F2400 A165.97251; Inset 
G1 X-13.596 Y-16.281 Z1.400 F2400 A165.98906; Inset 
G1 X-13.290 Y-15.920 Z1.400 F2400 A166.00560; Inset 
G1 X-13.044 Y-15.514 Z1.400 F2400 A166.02219; Inset 
G1 X-12.772 Y-14.811 Z1.400 F2400 A166.04857; Inset 
G1 X-13.191 Y-14.679 Z1.400 F2400 A166.06394; Inset 
G1 X-13.387 Y-14.499 Z1.400 F2400 A166.07324; Inset 
G1 X-13.463 Y-14.331 Z1.400 F2400 A166.07967; Inset 
G1 X-13.478 Y-14.148 Z1.400 F2400 A166.08609; Inset 
G1 X-13.393 Y-13.896 Z1.400 F2400 A166.09539; Inset 
G1 X-13.191 Y-13.710 Z1.400 F2400 A166.10500; Inset 
G1 X-12.772 Y-13.578 Z1.400 F2400 A166.12036; Inset 
G1 X-13.044 Y-12.874 Z1.400 F2400 A166.14674; Inset 
G1 X-13.290 Y-12.468 Z1.400 F2400 A166.16333; Inset 
G1 X-13.596 Y-12.108 Z1.400 F2400 A166.17988; Inset 
G1 X-13.957 Y-11.801 Z1.400 F2400 A166.19642; Inset 
G1 X-14.363 Y-11.555 Z1.400 F2400 A166.21301; Inset 
G1 X-15.084 Y-11.276 Z1.400 F2400 A166.24005; Inset 
G1 X-15.157 Y-11.601 Z1.400 F2400 A166.25169; Inset 
G1 X-15.245 Y-11.772 Z1.400 F2400 A166.25841; Inset 
G1 X-15.378 Y-11.899 Z1.400 F2400 A166.26484; Inset 
G1 X-15.628 Y-11.990 Z1.400 F2400 A166.27414; Inset 
G1 X-15.820 Y-11.974 Z1.400 F2400 A166.28086; Inset 
G1 X-15.987 Y-11.899 Z1.400 F2400 A166.28729; Inset 
G1 X-16.121 Y-11.772 Z1.400 F2400 A166.29371; Inset 
G1 X-16.209 Y-11.601 Z1.400 F2400 A166.30044; Inset 
G1 X-16.282 Y-11.276 Z1.400 F2400 A166.31208; Inset 
G1 X-17.003 Y-11.555 Z1.400 F2400 A166.33911; Inset 
G1 X-17.409 Y-11.801 Z1.400 F2400 A166.35571; Inset 
G1 X-17.769 Y-12.108 Z1.400 F2400 A166.37225; Inset 
G1 X-18.076 Y-12.468 Z1.400 F2400 A166.38879; Inset 
G1 X-18.322 Y-12.874 Z1.400 F2400 A166.40538; Inset 
G1 X-18.601 Y-13.596 Z1.400 F2400 A166.43242; Inset 
G1 X-18.276 Y-13.669 Z1.400 F2400 A166.44406; Inset 
G1 X-18.105 Y-13.756 Z1.400 F2400 A166.45079; Inset 
G1 X-17.972 Y-13.896 Z1.400 F2400 A166.45751; Inset 
G1 X-17.888 Y-14.148 Z1.400 F2400 A166.46681; Inset 
G1 X-17.903 Y-14.331 Z1.400 F2400 A166.47324; Inset 
G1 X-17.978 Y-14.499 Z1.400 F2400 A166.47966; Inset 
G1 X-18.105 Y-14.632 Z1.400 F2400 A166.48608; Inset 
G1 X-18.276 Y-14.720 Z1.400 F2400 A166.49281; Inset 
G1 X-18.601 Y-14.793 Z1.400 F2400 A166.50445; Inset 
G1 X-18.322 Y-15.514 Z1.400 F2400 A166.53149; Inset 
G1 X-18.076 Y-15.920 Z1.400 F2400 A166.54808; Inset 
G1 X-17.769 Y-16.281 Z1.400 F2400 A166.56462; Inset 
G1 X-17.409 Y-16.587 Z1.400 F2400 A166.58117; Inset 
G1 X-17.409 Y-16.587 Z1.400 F1500 A165.28117; Retract 
G1 X-17.409 Y-16.587 Z1.400 F3000; Retract 
G1 X-18.661 Y-18.208 Z1.400 F9000; Travel Move 
G1 X-18.661 Y-18.208 Z1.400 F1500 A166.58117; Restart 
G1 X-19.105 Y-17.837 Z1.400 F5400 A166.60141; Inset 
G1 X-19.504 Y-17.416 Z1.400 F5400 A166.62167; Inset 
G1 X-19.851 Y-16.953 Z1.400 F5400 A166.64191; Inset 
G1 X-20.142 Y-16.452 Z1.400 F5400 A166.66217; Inset 
G1 X-20.373 Y-15.921 Z1.400 F5400 A166.68242; Inset 
G1 X-20.542 Y-15.367 Z1.400 F5400 A166.70267; Inset 
G1 X-20.645 Y-14.797 Z1.400 F5400 A166.72292; Inset 
G1 X-20.681 Y-14.218 Z1.400 F5400 A166.74317; Inset 
G1 X-20.650 Y-13.640 Z1.400 F5400 A166.76342; Inset 
G1 X-20.553 Y-13.069 Z1.400 F5400 A166.78367; Inset 
G1 X-20.390 Y-12.513 Z1.400 F5400 A166.80392; Inset 
G1 X-20.164 Y-11.980 Z1.400 F5400 A166.82417; Inset 
G1 X-19.877 Y-11.476 Z1.400 F5400 A166.84442; Inset 
G1 X-19.535 Y-11.009 Z1.400 F5400 A166.86467; Inset 
G1 X-19.140 Y-10.585 Z1.400 F5400 A166.88493; Inset 
G1 X-18.700 Y-10.209 Z1.400 F5400 A166.90517; Inset 
G1 X-18.218 Y-9.887 Z1.400 F5400 A166.92542; Inset 
G1 X-17.703 Y-9.622 Z1.400 F5400 A166.94568; Inset 
G1 X-17.160 Y-9.419 Z1.400 F5400 A166.96593; Inset 
G1 X-16.598 Y-9.281 Z1.400 F5400 A166.98618; Inset 
G1 X-16.023 Y-9.208 Z1.400 F5400 A167.00643; Inset 
G1 X-15.444 Y-9.202 Z1.400 F5400 A167.02668; Inset 
G1 X-14.868 Y-9.263 Z1.400 F5400 A167.04693; Inset 
G1 X-14.303 Y-9.390 Z1.400 F5400 A167.06718; Inset 
G1 X-13.774 Y-9.576 Z1.400 F5400 A167.08678; Inset 
G1 X-12.729 Y-10.134 Z1.400 F5400 A167.12822; Inset 
G1 X-12.489 Y-10.194 Z1.400 F5400 A167.13684; Inset 
G1 X-3.926 Y-10.194 Z1.400 F5400 A167.43622; Inset 
G1 X-3.331 Y-9.545 Z1.400 F5400 A167.46702; Inset 
G1 X-4.096 Y-0.940 Z1.400 F5400 A167.76902; Inset 
G1 X-4.091 Y-0.873 Z1.400 F5400 A167.77136; Inset 
G1 X-3.471 Y-0.626 Z1.400 F5400 A167.79469; Inset 
G1 X-3.056 Y-5.304 Z1.400 F5400 A167.95885; Inset 
G1 X-2.893 Y-5.993 Z1.400 F5400 A167.98361; Inset 
G1 X-2.571 Y-6.732 Z1.400 F5400 A168.01180; Inset 
G1 X-2.169 Y-7.332 Z1.400 F5400 A168.03703; Inset 
G1 X-1.735 Y-7.798 Z1.400 F5400 A168.05931; Inset 
G1 X-1.165 Y-8.242 Z1.400 F5400 A168.08454; Inset 
G1 X-0.529 Y-8.582 Z1.400 F5400 A168.10978; Inset 
G1 X0.156 Y-8.810 Z1.400 F5400 A168.13501; Inset 
G1 X0.870 Y-8.919 Z1.400 F5400 A168.16025; Inset 
G1 X1.591 Y-8.905 Z1.400 F5400 A168.18548; Inset 
G1 X2.382 Y-8.746 Z1.400 F5400 A168.21368; Inset 
G1 X3.053 Y-8.480 Z1.400 F5400 A168.23891; Inset 
G1 X3.600 Y-8.153 Z1.400 F5400 A168.26119; Inset 
G1 X4.212 Y-7.629 Z1.400 F5400 A168.28938; Inset 
G1 X4.668 Y-7.069 Z1.400 F5400 A168.31462; Inset 
G1 X5.022 Y-6.440 Z1.400 F5400 A168.33985; Inset 
G1 X5.242 Y-5.842 Z1.400 F5400 A168.36213; Inset 
G1 X5.381 Y-5.134 Z1.400 F5400 A168.38736; Inset 
G1 X5.396 Y-4.378 Z1.400 F5400 A168.41378; Inset 
G1 X4.855 Y1.705 Z1.400 F5400 A168.62728; Inset 
G1 X5.482 Y1.804 Z1.400 F5400 A168.64948; Inset 
G1 X5.822 Y-1.867 Z1.400 F5400 A168.77836; Inset 
G1 X6.124 Y-2.300 Z1.400 F5400 A168.79683; Inset 
G1 X8.503 Y-3.437 Z1.400 F5400 A168.88899; Inset 
G1 X9.104 Y-3.835 Z1.400 F5400 A168.91419; Inset 
G1 X9.973 Y-4.577 Z1.400 F5400 A168.95414; Inset 
G1 X6.911 Y-6.562 Z1.400 F5400 A169.08171; Inset 
G1 X6.485 Y-7.056 Z1.400 F5400 A169.10450; Inset 
G1 X6.406 Y-7.199 Z1.400 F5400 A169.11022; Inset 
G1 X6.235 Y-7.697 Z1.400 F5400 A169.12866; Inset 
G1 X5.337 Y-12.604 Z1.400 F5400 A169.30303; Inset 
G1 X5.188 Y-12.311 Z1.400 F5400 A169.31450; Inset 
G1 X4.741 Y-11.803 Z1.400 F5400 A169.33818; Inset 
G1 X4.608 Y-11.696 Z1.400 F5400 A169.34413; Inset 
G1 X3.917 Y-11.328 Z1.400 F5400 A169.37149; Inset 
G1 X3.421 Y-11.216 Z1.400 F5400 A169.38927; Inset 
G1 X2.765 Y-11.216 Z1.400 F5400 A169.41220; Inset 
G1 X2.598 Y-11.245 Z1.400 F5400 A169.41815; Inset 
G1 X1.959 Y-11.470 Z1.400 F5400 A169.44183; Inset 
M73 P21; Update Progress 
G1 X1.810 Y-11.553 Z1.400 F5400 A169.44778; Inset 
G1 X1.212 Y-12.057 Z1.400 F5400 A169.47513; Inset 
G1 X0.923 Y-12.476 Z1.400 F5400 A169.49292; Inset 
G1 X0.686 Y-13.065 Z1.400 F5400 A169.51510; Inset 
G1 X0.605 Y-13.567 Z1.400 F5400 A169.53289; Inset 
G1 X0.689 Y-14.345 Z1.400 F5400 A169.56024; Inset 
G1 X0.738 Y-14.508 Z1.400 F5400 A169.56620; Inset 
G1 X1.043 Y-15.113 Z1.400 F5400 A169.58987; Inset 
G1 X1.145 Y-15.249 Z1.400 F5400 A169.59582; Inset 
G1 X1.634 Y-15.718 Z1.400 F5400 A169.61950; Inset 
G1 X1.775 Y-15.813 Z1.400 F5400 A169.62545; Inset 
G1 X2.392 Y-16.092 Z1.400 F5400 A169.64913; Inset 
G1 X2.556 Y-16.135 Z1.400 F5400 A169.65508; Inset 
G1 X3.137 Y-16.185 Z1.400 F5400 A169.67546; Inset 
G1 X2.981 Y-16.194 Z1.400 F5400 A169.68093; Inset 
G1 X-10.731 Y-16.194 Z1.400 F5400 A170.16029; Inset 
G1 X-11.164 Y-16.420 Z1.400 F5400 A170.17737; Inset 
G1 X-11.876 Y-17.432 Z1.400 F5400 A170.22064; Inset 
G1 X-12.264 Y-17.841 Z1.400 F5400 A170.24035; Inset 
G1 X-12.709 Y-18.212 Z1.400 F5400 A170.26060; Inset 
G1 X-13.194 Y-18.529 Z1.400 F5400 A170.28085; Inset 
G1 X-13.712 Y-18.788 Z1.400 F5400 A170.30110; Inset 
G1 X-14.257 Y-18.985 Z1.400 F5400 A170.32136; Inset 
G1 X-14.821 Y-19.118 Z1.400 F5400 A170.34161; Inset 
G1 X-15.396 Y-19.184 Z1.400 F5400 A170.36185; Inset 
G1 X-15.975 Y-19.184 Z1.400 F5400 A170.38211; Inset 
G1 X-16.551 Y-19.117 Z1.400 F5400 A170.40236; Inset 
G1 X-17.114 Y-18.983 Z1.400 F5400 A170.42261; Inset 
G1 X-17.659 Y-18.786 Z1.400 F5400 A170.44286; Inset 
G1 X-18.177 Y-18.526 Z1.400 F5400 A170.46311; Inset 
G1 X-18.661 Y-18.208 Z1.400 F5400 A170.48336; Inset 
G1 X-18.661 Y-18.208 Z1.400 F1500 A169.18336; Retract 
G1 X-18.661 Y-18.208 Z1.400 F3000; Retract 
G1 X1.970 Y-15.463 Z1.400 F9000; Travel Move 
G1 X1.970 Y-15.463 Z1.400 F1500 A170.48336; Restart 
G1 X2.624 Y-15.739 Z1.400 F5400 A170.50819; Inset 
G1 X3.295 Y-15.787 Z1.400 F5400 A170.53169; Inset 
G1 X3.694 Y-15.708 Z1.400 F5400 A170.54592; Inset 
G1 X4.226 Y-15.468 Z1.400 F5400 A170.56632; Inset 
G1 X4.549 Y-15.220 Z1.400 F5400 A170.58054; Inset 
G1 X4.956 Y-14.685 Z1.400 F5400 A170.60405; Inset 
G1 X5.002 Y-14.594 Z1.400 F5400 A170.60762; Inset 
G1 X5.193 Y-13.910 Z1.400 F5400 A170.63244; Inset 
G1 X5.146 Y-13.202 Z1.400 F5400 A170.65726; Inset 
G1 X4.865 Y-12.550 Z1.400 F5400 A170.68208; Inset 
G1 X4.463 Y-12.093 Z1.400 F5400 A170.70338; Inset 
G1 X3.863 Y-11.738 Z1.400 F5400 A170.72775; Inset 
G1 X3.472 Y-11.626 Z1.400 F5400 A170.74198; Inset 
G1 X2.799 Y-11.616 Z1.400 F5400 A170.76549; Inset 
G1 X2.124 Y-11.836 Z1.400 F5400 A170.79031; Inset 
G1 X1.571 Y-12.261 Z1.400 F5400 A170.81468; Inset 
G1 X1.284 Y-12.649 Z1.400 F5400 A170.83156; Inset 
G1 X1.047 Y-13.264 Z1.400 F5400 A170.85461; Inset 
G1 X1.005 Y-13.669 Z1.400 F5400 A170.86884; Inset 
G1 X1.111 Y-14.358 Z1.400 F5400 A170.89322; Inset 
G1 X1.446 Y-14.984 Z1.400 F5400 A170.91804; Inset 
G1 X1.970 Y-15.463 Z1.400 F5400 A170.94286; Inset 
G1 X1.970 Y-15.463 Z1.400 F1500 A169.64286; Retract 
G1 X1.970 Y-15.463 Z1.400 F3000; Retract 
G1 X2.150 Y-15.105 Z1.400 F9000; Travel Move 
G1 X2.150 Y-15.105 Z1.400 F1500 A170.94286; Restart 
G1 X2.675 Y-15.342 Z1.400 F2400 A170.96298; Inset 
G1 X3.240 Y-15.390 Z1.400 F2400 A170.98280; Inset 
G1 X3.541 Y-15.339 Z1.400 F2400 A170.99349; Inset 
G1 X4.050 Y-15.109 Z1.400 F2400 A171.01300; Inset 
G1 X4.287 Y-14.917 Z1.400 F2400 A171.02369; Inset 
G1 X4.625 Y-14.461 Z1.400 F2400 A171.04351; Inset 
G1 X4.793 Y-13.911 Z1.400 F2400 A171.06363; Inset 
G1 X4.769 Y-13.336 Z1.400 F2400 A171.08375; Inset 
G1 X4.554 Y-12.801 Z1.400 F2400 A171.10387; Inset 
G1 X4.174 Y-12.369 Z1.400 F2400 A171.12400; Inset 
G1 X3.679 Y-12.093 Z1.400 F2400 A171.14381; Inset 
G1 X3.383 Y-12.016 Z1.400 F2400 A171.15450; Inset 
G1 X2.816 Y-12.016 Z1.400 F2400 A171.17432; Inset 
G1 X2.273 Y-12.208 Z1.400 F2400 A171.19444; Inset 
G1 X1.832 Y-12.564 Z1.400 F2400 A171.21426; Inset 
G1 X1.651 Y-12.810 Z1.400 F2400 A171.22495; Inset 
G1 X1.443 Y-13.328 Z1.400 F2400 A171.24446; Inset 
G1 X1.404 Y-13.631 Z1.400 F2400 A171.25515; Inset 
G1 X1.476 Y-14.193 Z1.400 F2400 A171.27496; Inset 
G1 X1.735 Y-14.707 Z1.400 F2400 A171.29509; Inset 
G1 X2.150 Y-15.105 Z1.400 F2400 A171.31521; Inset 
G1 X2.150 Y-15.105 Z1.400 F1500 A170.01521; Retract 
G1 X2.150 Y-15.105 Z1.400 F3000; Retract 
G1 X-18.900 Y-18.530 Z1.400 F9000; Travel Move 
G1 X-18.900 Y-18.530 Z1.400 F1500 A171.31521; Restart 
G1 X-19.380 Y-18.129 Z1.400 F5400 A171.33708; Inset 
G1 X-19.810 Y-17.675 Z1.400 F5400 A171.35896; Inset 
G1 X-20.185 Y-17.174 Z1.400 F5400 A171.38083; Inset 
G1 X-20.500 Y-16.633 Z1.400 F5400 A171.40271; Inset 
G1 X-20.749 Y-16.059 Z1.400 F5400 A171.42458; Inset 
G1 X-20.931 Y-15.461 Z1.400 F5400 A171.44646; Inset 
G1 X-21.042 Y-14.845 Z1.400 F5400 A171.46833; Inset 
G1 X-21.082 Y-14.220 Z1.400 F5400 A171.49020; Inset 
G1 X-21.048 Y-13.596 Z1.400 F5400 A171.51208; Inset 
G1 X-20.943 Y-12.979 Z1.400 F5400 A171.53395; Inset 
G1 X-20.767 Y-12.378 Z1.400 F5400 A171.55583; Inset 
G1 X-20.523 Y-11.802 Z1.400 F5400 A171.57770; Inset 
G1 X-20.214 Y-11.258 Z1.400 F5400 A171.59958; Inset 
G1 X-19.844 Y-10.754 Z1.400 F5400 A171.62145; Inset 
G1 X-19.418 Y-10.296 Z1.400 F5400 A171.64332; Inset 
G1 X-18.942 Y-9.890 Z1.400 F5400 A171.66519; Inset 
G1 X-18.422 Y-9.542 Z1.400 F5400 A171.68707; Inset 
G1 X-17.865 Y-9.256 Z1.400 F5400 A171.70895; Inset 
G1 X-17.279 Y-9.037 Z1.400 F5400 A171.73082; Inset 
G1 X-16.671 Y-8.887 Z1.400 F5400 A171.75270; Inset 
G1 X-16.051 Y-8.808 Z1.400 F5400 A171.77457; Inset 
G1 X-15.425 Y-8.802 Z1.400 F5400 A171.79644; Inset 
G1 X-14.803 Y-8.868 Z1.400 F5400 A171.81832; Inset 
G1 X-14.192 Y-9.005 Z1.400 F5400 A171.84019; Inset 
G1 X-13.613 Y-9.209 Z1.400 F5400 A171.86167; Inset 
G1 X-12.584 Y-9.758 Z1.400 F5400 A171.90246; Inset 
G1 X-12.440 Y-9.794 Z1.400 F5400 A171.90763; Inset 
G1 X-4.102 Y-9.794 Z1.400 F5400 A172.19913; Inset 
G1 X-3.745 Y-9.404 Z1.400 F5400 A172.21761; Inset 
G1 X-4.497 Y-0.944 Z1.400 F5400 A172.51456; Inset 
G1 X-4.485 Y-0.773 Z1.400 F5400 A172.52055; Inset 
G1 X-4.430 Y-0.636 Z1.400 F5400 A172.52570; Inset 
G1 X-4.314 Y-0.532 Z1.400 F5400 A172.53116; Inset 
G1 X-3.120 Y-0.056 Z1.400 F5400 A172.57609; Inset 
G1 X-2.658 Y-5.253 Z1.400 F5400 A172.75849; Inset 
G1 X-2.508 Y-5.881 Z1.400 F5400 A172.78106; Inset 
G1 X-2.251 Y-6.483 Z1.400 F5400 A172.80392; Inset 
G1 X-1.897 Y-7.032 Z1.400 F5400 A172.82678; Inset 
G1 X-1.454 Y-7.513 Z1.400 F5400 A172.84965; Inset 
G1 X-0.937 Y-7.913 Z1.400 F5400 A172.87251; Inset 
G1 X-0.312 Y-8.239 Z1.400 F5400 A172.89714; Inset 
G1 X0.312 Y-8.435 Z1.400 F5400 A172.92001; Inset 
G1 X0.909 Y-8.520 Z1.400 F5400 A172.94109; Inset 
G1 X1.563 Y-8.506 Z1.400 F5400 A172.96395; Inset 
G1 X2.205 Y-8.381 Z1.400 F5400 A172.98681; Inset 
G1 X2.816 Y-8.150 Z1.400 F5400 A173.00968; Inset 
G1 X3.422 Y-7.789 Z1.400 F5400 A173.03431; Inset 
G1 X3.916 Y-7.360 Z1.400 F5400 A173.05718; Inset 
G1 X4.301 Y-6.896 Z1.400 F5400 A173.07826; Inset 
G1 X4.631 Y-6.332 Z1.400 F5400 A173.10112; Inset 
G1 X4.861 Y-5.720 Z1.400 F5400 A173.12398; Inset 
G1 X4.985 Y-5.077 Z1.400 F5400 A173.14684; Inset 
G1 X4.996 Y-4.403 Z1.400 F5400 A173.17042; Inset 
G1 X4.424 Y2.036 Z1.400 F5400 A173.39641; Inset 
G1 X5.387 Y2.205 Z1.400 F5400 A173.43060; Inset 
G1 X5.585 Y2.203 Z1.400 F5400 A173.43753; Inset 
G1 X5.735 Y2.126 Z1.400 F5400 A173.44340; Inset 
G1 X5.821 Y2.032 Z1.400 F5400 A173.44787; Inset 
G1 X5.874 Y1.914 Z1.400 F5400 A173.45238; Inset 
G1 X6.211 Y-1.725 Z1.400 F5400 A173.58015; Inset 
G1 X6.392 Y-1.985 Z1.400 F5400 A173.59122; Inset 
G1 X8.701 Y-3.088 Z1.400 F5400 A173.68067; Inset 
G1 X9.345 Y-3.515 Z1.400 F5400 A173.70770; Inset 
G1 X10.640 Y-4.621 Z1.400 F5400 A173.76725; Inset 
G1 X7.156 Y-6.880 Z1.400 F5400 A173.91242; Inset 
G1 X6.819 Y-7.278 Z1.400 F5400 A173.93066; Inset 
G1 X6.625 Y-7.785 Z1.400 F5400 A173.94964; Inset 
G1 X5.377 Y-14.607 Z1.400 F5400 A174.19207; Inset 
G1 X5.297 Y-14.924 Z1.400 F5400 A174.20350; Inset 
G1 X5.114 Y-15.349 Z1.400 F5400 A174.21968; Inset 
G1 X4.952 Y-15.605 Z1.400 F5400 A174.23029; Inset 
G1 X4.632 Y-15.963 Z1.400 F5400 A174.24706; Inset 
G1 X4.395 Y-16.154 Z1.400 F5400 A174.25771; Inset 
G1 X3.972 Y-16.391 Z1.400 F5400 A174.27465; Inset 
G1 X3.716 Y-16.487 Z1.400 F5400 A174.28421; Inset 
G1 X2.994 Y-16.594 Z1.400 F5400 A174.30974; Inset 
G1 X-10.633 Y-16.594 Z1.400 F5400 A174.78613; Inset 
G1 X-10.893 Y-16.729 Z1.400 F5400 A174.79638; Inset 
G1 X-11.566 Y-17.686 Z1.400 F5400 A174.83727; Inset 
G1 X-11.990 Y-18.133 Z1.400 F5400 A174.85882; Inset 
G1 X-12.471 Y-18.534 Z1.400 F5400 A174.88069; Inset 
G1 X-12.994 Y-18.876 Z1.400 F5400 A174.90256; Inset 
G1 X-13.554 Y-19.156 Z1.400 F5400 A174.92444; Inset 
G1 X-14.143 Y-19.369 Z1.400 F5400 A174.94631; Inset 
G1 X-14.752 Y-19.512 Z1.400 F5400 A174.96818; Inset 
G1 X-15.373 Y-19.584 Z1.400 F5400 A174.99006; Inset 
G1 X-15.999 Y-19.584 Z1.400 F5400 A175.01193; Inset 
G1 X-16.620 Y-19.511 Z1.400 F5400 A175.03381; Inset 
G1 X-17.229 Y-19.367 Z1.400 F5400 A175.05568; Inset 
G1 X-17.817 Y-19.154 Z1.400 F5400 A175.07756; Inset 
G1 X-18.377 Y-18.873 Z1.400 F5400 A175.09943; Inset 
G1 X-18.900 Y-18.530 Z1.400 F5400 A175.12131; Inset 
G1 X-18.900 Y-18.530 Z1.400 F1500 A173.82131; Retract 
G1 X-18.900 Y-18.530 Z1.400 F3000; Retract 
G1 X-19.139 Y-18.852 Z1.400 F9000; Travel Move 
G1 X-19.139 Y-18.852 Z1.400 F1500 A175.12131; Restart 
G1 X-19.654 Y-18.421 Z1.400 F2400 A175.14480; Inset 
G1 X-20.117 Y-17.933 Z1.400 F2400 A175.16830; Inset 
G1 X-20.519 Y-17.395 Z1.400 F2400 A175.19179; Inset 
G1 X-20.857 Y-16.814 Z1.400 F2400 A175.21529; Inset 
G1 X-21.126 Y-16.198 Z1.400 F2400 A175.23879; Inset 
G1 X-21.321 Y-15.555 Z1.400 F2400 A175.26229; Inset 
G1 X-21.440 Y-14.893 Z1.400 F2400 A175.28578; Inset 
G1 X-21.482 Y-14.222 Z1.400 F2400 A175.30928; Inset 
G1 X-21.447 Y-13.551 Z1.400 F2400 A175.33278; Inset 
G1 X-21.334 Y-12.889 Z1.400 F2400 A175.35628; Inset 
G1 X-21.145 Y-12.244 Z1.400 F2400 A175.37978; Inset 
G1 X-20.882 Y-11.625 Z1.400 F2400 A175.40327; Inset 
G1 X-20.550 Y-11.040 Z1.400 F2400 A175.42677; Inset 
G1 X-20.152 Y-10.499 Z1.400 F2400 A175.45027; Inset 
G1 X-19.695 Y-10.006 Z1.400 F2400 A175.47376; Inset 
G1 X-19.183 Y-9.570 Z1.400 F2400 A175.49726; Inset 
G1 X-18.625 Y-9.196 Z1.400 F2400 A175.52076; Inset 
G1 X-18.027 Y-8.889 Z1.400 F2400 A175.54426; Inset 
G1 X-17.397 Y-8.654 Z1.400 F2400 A175.56775; Inset 
G1 X-16.745 Y-8.493 Z1.400 F2400 A175.59125; Inset 
G1 X-16.078 Y-8.408 Z1.400 F2400 A175.61475; Inset 
G1 X-15.406 Y-8.401 Z1.400 F2400 A175.63824; Inset 
G1 X-14.737 Y-8.472 Z1.400 F2400 A175.66175; Inset 
G1 X-14.082 Y-8.620 Z1.400 F2400 A175.68524; Inset 
G1 X-13.451 Y-8.841 Z1.400 F2400 A175.70861; Inset 
G1 X-12.416 Y-9.394 Z1.400 F2400 A175.74963; Inset 
G1 X-4.148 Y-9.394 Z1.400 F2400 A176.03870; Inset 
G1 X-4.898 Y-0.948 Z1.400 F2400 A176.33516; Inset 
G1 X-4.880 Y-0.682 Z1.400 F2400 A176.34447; Inset 
G1 X-4.783 Y-0.442 Z1.400 F2400 A176.35351; Inset 
G1 X-4.525 Y-0.185 Z1.400 F2400 A176.36625; Inset 
G1 X-2.770 Y0.514 Z1.400 F2400 A176.43231; Inset 
G1 X-2.261 Y-5.210 Z1.400 F2400 A176.63322; Inset 
G1 X-2.122 Y-5.778 Z1.400 F2400 A176.65364; Inset 
G1 X-1.888 Y-6.315 Z1.400 F2400 A176.67414; Inset 
G1 X-1.567 Y-6.806 Z1.400 F2400 A176.69463; Inset 
G1 X-1.167 Y-7.235 Z1.400 F2400 A176.71512; Inset 
G1 X-0.701 Y-7.590 Z1.400 F2400 A176.73561; Inset 
G1 X-0.181 Y-7.861 Z1.400 F2400 A176.75611; Inset 
G1 X0.377 Y-8.041 Z1.400 F2400 A176.77660; Inset 
G1 X0.957 Y-8.123 Z1.400 F2400 A176.79709; Inset 
G1 X1.543 Y-8.106 Z1.400 F2400 A176.81758; Inset 
G1 X2.118 Y-7.991 Z1.400 F2400 A176.83808; Inset 
G1 X2.665 Y-7.780 Z1.400 F2400 A176.85857; Inset 
G1 X3.168 Y-7.479 Z1.400 F2400 A176.87906; Inset 
G1 X3.613 Y-7.098 Z1.400 F2400 A176.89956; Inset 
G1 X3.988 Y-6.647 Z1.400 F2400 A176.92005; Inset 
G1 X4.280 Y-6.139 Z1.400 F2400 A176.94054; Inset 
G1 X4.483 Y-5.589 Z1.400 F2400 A176.96103; Inset 
G1 X4.590 Y-5.013 Z1.400 F2400 A176.98152; Inset 
G1 X4.597 Y-4.434 Z1.400 F2400 A177.00178; Inset 
G1 X3.993 Y2.366 Z1.400 F2400 A177.24043; Inset 
G1 X5.354 Y2.605 Z1.400 F2400 A177.28874; Inset 
G1 X5.638 Y2.603 Z1.400 F2400 A177.29865; Inset 
G1 X5.748 Y2.574 Z1.400 F2400 A177.30265; Inset 
G1 X5.984 Y2.446 Z1.400 F2400 A177.31204; Inset 
G1 X6.161 Y2.255 Z1.400 F2400 A177.32114; Inset 
G1 X6.266 Y2.016 Z1.400 F2400 A177.33025; Inset 
G1 X6.605 Y-1.643 Z1.400 F2400 A177.45873; Inset 
G1 X8.898 Y-2.739 Z1.400 F2400 A177.54758; Inset 
G1 X9.586 Y-3.195 Z1.400 F2400 A177.57644; Inset 
G1 X10.992 Y-4.396 Z1.400 F2400 A177.64108; Inset 
G1 X11.090 Y-4.543 Z1.400 F2400 A177.64726; Inset 
G1 X11.088 Y-4.729 Z1.400 F2400 A177.65375; Inset 
G1 X11.041 Y-4.815 Z1.400 F2400 A177.65720; Inset 
G1 X10.955 Y-4.893 Z1.400 F2400 A177.66125; Inset 
G1 X7.387 Y-7.206 Z1.400 F2400 A177.80992; Inset 
M73 P22; Update Progress 
G1 X7.143 Y-7.514 Z1.400 F2400 A177.82366; Inset 
G1 X7.017 Y-7.865 Z1.400 F2400 A177.83669; Inset 
G1 X5.768 Y-14.692 Z1.400 F2400 A178.07930; Inset 
G1 X5.677 Y-15.052 Z1.400 F2400 A178.09231; Inset 
G1 X5.469 Y-15.536 Z1.400 F2400 A178.11071; Inset 
G1 X5.271 Y-15.847 Z1.400 F2400 A178.12361; Inset 
G1 X4.908 Y-16.254 Z1.400 F2400 A178.14266; Inset 
G1 X4.620 Y-16.486 Z1.400 F2400 A178.15562; Inset 
G1 X4.141 Y-16.755 Z1.400 F2400 A178.17480; Inset 
G1 X3.828 Y-16.872 Z1.400 F2400 A178.18649; Inset 
G1 X3.348 Y-16.973 Z1.400 F2400 A178.20363; Inset 
G1 X3.006 Y-16.994 Z1.400 F2400 A178.21561; Inset 
G1 X-10.591 Y-16.994 Z1.400 F2400 A178.69095; Inset 
G1 X-11.256 Y-17.940 Z1.400 F2400 A178.73138; Inset 
G1 X-11.716 Y-18.426 Z1.400 F2400 A178.75477; Inset 
G1 X-12.232 Y-18.856 Z1.400 F2400 A178.77826; Inset 
G1 X-12.795 Y-19.224 Z1.400 F2400 A178.80176; Inset 
G1 X-13.396 Y-19.524 Z1.400 F2400 A178.82525; Inset 
G1 X-14.028 Y-19.753 Z1.400 F2400 A178.84876; Inset 
G1 X-14.682 Y-19.907 Z1.400 F2400 A178.87225; Inset 
G1 X-15.350 Y-19.984 Z1.400 F2400 A178.89575; Inset 
G1 X-16.022 Y-19.984 Z1.400 F2400 A178.91925; Inset 
G1 X-16.690 Y-19.906 Z1.400 F2400 A178.94274; Inset 
G1 X-17.344 Y-19.751 Z1.400 F2400 A178.96625; Inset 
G1 X-17.975 Y-19.522 Z1.400 F2400 A178.98973; Inset 
G1 X-18.577 Y-19.221 Z1.400 F2400 A179.01324; Inset 
G1 X-19.139 Y-18.852 Z1.400 F2400 A179.03674; Inset 
G1 X-19.139 Y-18.852 Z1.400 F1500 A177.73674; Retract 
G1 X-19.139 Y-18.852 Z1.400 F3000; Retract 
G1 X-18.363 Y-18.062 Z1.400 F9000; Travel Move 
G1 X-18.363 Y-18.062 Z1.400 F1500 A179.03674; Restart 
G1 X-17.874 Y-17.573 Z1.400 F5400 A179.06090; Infill 
G1 X-18.198 Y-17.337 Z1.400 F5400 A179.07491; Connection 
G1 X-18.680 Y-17.820 Z1.400 F5400 A179.09877; Infill 
G1 X-18.977 Y-17.556 Z1.400 F5400 A179.11264; Connection 
G1 X-18.503 Y-17.082 Z1.400 F5400 A179.13610; Infill 
G1 X-18.764 Y-16.783 Z1.400 F5400 A179.14997; Connection 
G1 X-19.250 Y-17.269 Z1.400 F5400 A179.17398; Infill 
G1 X-19.494 Y-16.953 Z1.400 F5400 A179.18794; Connection 
G1 X-19.007 Y-16.466 Z1.400 F5400 A179.21199; Infill 
G1 X-19.218 Y-16.117 Z1.400 F5400 A179.22626; Connection 
G1 X-19.716 Y-16.615 Z1.400 F5400 A179.25090; Infill 
G1 X-19.916 Y-16.255 Z1.400 F5400 A179.26530; Connection 
G1 X-19.400 Y-15.739 Z1.400 F5400 A179.29084; Infill 
G1 X-19.556 Y-15.335 Z1.400 F5400 A179.30598; Connection 
G1 X-20.086 Y-15.865 Z1.400 F5400 A179.33219; Infill 
G1 X-20.221 Y-15.440 Z1.400 F5400 A179.34779; Connection 
G1 X-19.712 Y-14.931 Z1.400 F5400 A179.37294; Infill 
G1 X-20.321 Y-14.980 Z1.400 F5400 A179.39431; Connection 
G1 X-19.442 Y-14.101 Z1.400 F5400 A179.43778; Infill 
G1 X-19.637 Y-13.736 Z1.400 F5400 A179.45225; Connection 
G1 X-20.378 Y-14.477 Z1.400 F5400 A179.48892; Infill 
G1 X-20.379 Y-13.918 Z1.400 F5400 A179.50848; Connection 
G1 X-19.581 Y-13.120 Z1.400 F5400 A179.54790; Infill 
G1 X-20.298 Y-13.277 Z1.400 F5400 A179.57356; Connection 
G1 X-19.104 Y-12.083 Z1.400 F5400 A179.63261; Infill 
G1 X-20.068 Y-12.487 Z1.400 F5400 A179.66916; Connection 
G1 X-17.393 Y-9.812 Z1.400 F5400 A179.80142; Infill 
G1 X-16.596 Y-9.575 Z1.400 F5400 A179.83050; Connection 
G1 X-17.783 Y-10.762 Z1.400 F5400 A179.88919; Infill 
G1 X-16.757 Y-10.296 Z1.400 F5400 A179.92857; Connection 
G1 X-15.954 Y-9.493 Z1.400 F5400 A179.96826; Infill 
G1 X-15.396 Y-9.495 Z1.400 F5400 A179.98779; Connection 
G1 X-16.142 Y-10.241 Z1.400 F5400 A180.02467; Infill 
G1 X-15.777 Y-10.435 Z1.400 F5400 A180.03914; Connection 
G1 X-14.892 Y-9.551 Z1.400 F5400 A180.08288; Infill 
G1 X-14.435 Y-9.654 Z1.400 F5400 A180.09926; Connection 
G1 X-14.946 Y-10.165 Z1.400 F5400 A180.12455; Infill 
G1 X-14.542 Y-10.321 Z1.400 F5400 A180.13969; Connection 
G1 X-14.015 Y-9.794 Z1.400 F5400 A180.16575; Infill 
G1 X-13.635 Y-9.974 Z1.400 F5400 A180.18045; Connection 
G1 X-14.139 Y-10.478 Z1.400 F5400 A180.20534; Infill 
G1 X-13.760 Y-10.659 Z1.400 F5400 A180.22001; Connection 
G1 X-13.270 Y-10.169 Z1.400 F5400 A180.24423; Infill 
G1 X-12.905 Y-10.364 Z1.400 F5400 A180.25870; Connection 
G1 X-13.411 Y-10.870 Z1.400 F5400 A180.28370; Infill 
G1 X-13.094 Y-11.113 Z1.400 F5400 A180.29766; Connection 
G1 X-12.461 Y-10.480 Z1.400 F5400 A180.32894; Infill 
G1 X-11.901 Y-10.480 Z1.400 F5400 A180.34852; Connection 
G1 X-12.795 Y-11.374 Z1.400 F5400 A180.39271; Infill 
G1 X-12.540 Y-11.679 Z1.400 F5400 A180.40661; Connection 
G1 X-11.341 Y-10.480 Z1.400 F5400 A180.46590; Infill 
G1 X-10.781 Y-10.480 Z1.400 F5400 A180.48548; Connection 
G1 X-12.304 Y-12.003 Z1.400 F5400 A180.56076; Infill 
G1 X-12.096 Y-12.356 Z1.400 F5400 A180.57506; Connection 
G1 X-10.221 Y-10.480 Z1.400 F5400 A180.66777; Infill 
G1 X-9.661 Y-10.480 Z1.400 F5400 A180.68735; Connection 
G1 X-11.928 Y-12.748 Z1.400 F5400 A180.79944; Infill 
G1 X-11.772 Y-13.152 Z1.400 F5400 A180.81458; Connection 
G1 X-9.101 Y-10.480 Z1.400 F5400 A180.94665; Infill 
G1 X-8.541 Y-10.480 Z1.400 F5400 A180.96622; Connection 
G1 X-11.697 Y-13.637 Z1.400 F5400 A181.12227; Infill 
G1 X-11.878 Y-14.377 Z1.400 F5400 A181.14891; Connection 
G1 X-7.981 Y-10.480 Z1.400 F5400 A181.34156; Infill 
G1 X-7.421 Y-10.480 Z1.400 F5400 A181.36114; Connection 
G1 X-11.696 Y-14.755 Z1.400 F5400 A181.57249; Infill 
G1 X-11.870 Y-15.489 Z1.400 F5400 A181.59885; Connection 
G1 X-6.861 Y-10.480 Z1.400 F5400 A181.84649; Infill 
G1 X-6.301 Y-10.480 Z1.400 F5400 A181.86606; Connection 
G1 X-14.590 Y-18.770 Z1.400 F5400 A182.27589; Infill 
G1 X-15.262 Y-18.881 Z1.400 F5400 A182.29968; Connection 
G1 X-14.388 Y-18.008 Z1.400 F5400 A182.34286; Infill 
G1 X-15.122 Y-18.181 Z1.400 F5400 A182.36923; Connection 
G1 X-15.839 Y-18.898 Z1.400 F5400 A182.40467; Infill 
G1 X-16.353 Y-18.852 Z1.400 F5400 A182.42270; Connection 
G1 X-15.500 Y-18.000 Z1.400 F5400 A182.46485; Infill 
G1 X-16.241 Y-18.180 Z1.400 F5400 A182.49149; Connection 
G1 X-16.820 Y-18.759 Z1.400 F5400 A182.52013; Infill 
G1 X-17.250 Y-18.630 Z1.400 F5400 A182.53584; Connection 
G1 X-16.726 Y-18.105 Z1.400 F5400 A182.56178; Infill 
G1 X-17.130 Y-17.949 Z1.400 F5400 A182.57692; Connection 
G1 X-17.650 Y-18.470 Z1.400 F5400 A182.60268; Infill 
G1 X-18.024 Y-18.283 Z1.400 F5400 A182.61727; Connection 
G1 X-17.522 Y-17.781 Z1.400 F5400 A182.64209; Infill 
G1 X-17.522 Y-17.781 Z1.400 F1500 A181.34209; Retract 
G1 X-17.522 Y-17.781 Z1.400 F3000; Retract 
G1 X-13.745 Y-18.485 Z1.400 F9000; Travel Move 
G1 X-13.745 Y-18.485 Z1.400 F1500 A182.64209; Restart 
G1 X-5.741 Y-10.480 Z1.400 F5400 A183.03782; Infill 
G1 X-5.181 Y-10.480 Z1.400 F5400 A183.05740; Connection 
G1 X-10.609 Y-15.908 Z1.400 F5400 A183.32576; Infill 
G1 X-10.049 Y-15.908 Z1.400 F5400 A183.34534; Connection 
G1 X-4.621 Y-10.480 Z1.400 F5400 A183.61370; Infill 
G1 X-4.061 Y-10.480 Z1.400 F5400 A183.63328; Connection 
G1 X-9.489 Y-15.908 Z1.400 F5400 A183.90165; Infill 
G1 X-8.929 Y-15.908 Z1.400 F5400 A183.92123; Connection 
G1 X-3.826 Y-10.806 Z1.400 F5400 A184.17349; Infill 
G1 X-3.781 Y-11.320 Z1.400 F5400 A184.19154; Connection 
G1 X-8.369 Y-15.908 Z1.400 F5400 A184.41838; Infill 
G1 X-7.809 Y-15.908 Z1.400 F5400 A184.43796; Connection 
G1 X-3.735 Y-11.835 Z1.400 F5400 A184.63937; Infill 
G1 X-3.361 Y-12.020 Z1.400 F5400 A184.65398; Connection 
G1 X-1.948 Y-10.608 Z1.400 F5400 A184.72382; Infill 
G1 X-1.043 Y-10.263 Z1.400 F5400 A184.75767; Connection 
G1 X-6.689 Y-15.908 Z1.400 F5400 A185.03679; Infill 
G1 X-7.249 Y-15.908 Z1.400 F5400 A185.05637; Connection 
G1 X-3.689 Y-12.349 Z1.400 F5400 A185.23235; Infill 
G1 X-3.060 Y-11.160 Z1.400 F5400 A185.27938; Connection 
G1 X-2.853 Y-10.953 Z1.400 F5400 A185.28962; Infill 
G1 X4.386 Y-8.194 Z1.400 F5400 A185.56045; Connection 
G1 X-3.328 Y-15.908 Z1.400 F5400 A185.94185; Infill 
G1 X-2.768 Y-15.908 Z1.400 F5400 A185.96143; Connection 
G1 X0.581 Y-12.559 Z1.400 F5400 A186.12703; Infill 
G1 X0.351 Y-13.349 Z1.400 F5400 A186.15581; Connection 
G1 X-2.208 Y-15.908 Z1.400 F5400 A186.28233; Infill 
G1 X-1.648 Y-15.908 Z1.400 F5400 A186.30191; Connection 
G1 X0.354 Y-13.906 Z1.400 F5400 A186.40091; Infill 
G1 X0.410 Y-14.410 Z1.400 F5400 A186.41864; Connection 
G1 X-1.088 Y-15.908 Z1.400 F5400 A186.49272; Infill 
G1 X-0.528 Y-15.908 Z1.400 F5400 A186.51230; Connection 
G1 X0.570 Y-14.810 Z1.400 F5400 A186.56662; Infill 
G1 X0.758 Y-15.182 Z1.400 F5400 A186.58120; Connection 
G1 X0.032 Y-15.908 Z1.400 F5400 A186.61711; Infill 
G1 X0.592 Y-15.908 Z1.400 F5400 A186.63669; Connection 
G1 X0.997 Y-15.504 Z1.400 F5400 A186.65670; Infill 
G1 X1.282 Y-15.778 Z1.400 F5400 A186.67055; Connection 
G1 X1.152 Y-15.908 Z1.400 F5400 A186.67701; Infill 
G1 X1.152 Y-15.908 Z1.400 F1500 A185.37701; Retract 
G1 X1.152 Y-15.908 Z1.400 F3000; Retract 
G1 X1.980 Y-11.159 Z1.400 F9000; Travel Move 
G1 X1.980 Y-11.159 Z1.400 F1500 A186.67701; Restart 
G1 X5.291 Y-7.849 Z1.400 F5400 A186.84068; Infill 
G1 X5.931 Y-7.769 Z1.400 F5400 A186.86322; Connection 
G1 X2.770 Y-10.930 Z1.400 F5400 A187.01949; Infill 
G1 X3.330 Y-10.930 Z1.400 F5400 A187.03907; Connection 
G1 X5.805 Y-8.455 Z1.400 F5400 A187.16145; Infill 
G1 X5.680 Y-9.140 Z1.400 F5400 A187.18581; Connection 
G1 X3.809 Y-11.011 Z1.400 F5400 A187.27829; Infill 
G1 X4.216 Y-11.164 Z1.400 F5400 A187.29349; Connection 
G1 X5.554 Y-9.826 Z1.400 F5400 A187.35964; Infill 
G1 X5.429 Y-10.511 Z1.400 F5400 A187.38400; Connection 
G1 X4.582 Y-11.358 Z1.400 F5400 A187.42587; Infill 
G1 X4.920 Y-11.580 Z1.400 F5400 A187.44001; Connection 
G1 X5.304 Y-11.197 Z1.400 F5400 A187.45897; Infill 
G1 X5.304 Y-11.197 Z1.400 F1500 A186.15897; Retract 
G1 X5.304 Y-11.197 Z1.400 F3000; Retract 
G1 X3.435 Y-8.584 Z1.400 F9000; Travel Move 
G1 X3.435 Y-8.584 Z1.400 F1500 A187.45897; Restart 
G1 X-3.889 Y-15.908 Z1.400 F5400 A187.82106; Infill 
G1 X-4.449 Y-15.908 Z1.400 F5400 A187.84064; Connection 
G1 X2.432 Y-9.028 Z1.400 F5400 A188.18081; Infill 
G1 X1.671 Y-9.228 Z1.400 F5400 A188.20830; Connection 
G1 X-5.009 Y-15.908 Z1.400 F5400 A188.53856; Infill 
G1 X-5.569 Y-15.908 Z1.400 F5400 A188.55814; Connection 
G1 X0.766 Y-9.573 Z1.400 F5400 A188.87134; Infill 
G1 X-0.138 Y-9.918 Z1.400 F5400 A188.90520; Connection 
G1 X-6.129 Y-15.908 Z1.400 F5400 A189.20136; Infill 
M73 P23; Update Progress 
G1 X-6.129 Y-15.908 Z1.400 F1500 A187.90136; Retract 
G1 X-6.129 Y-15.908 Z1.400 F3000; Retract 
G1 X-18.879 Y-10.738 Z1.400 F9000; Travel Move 
G1 X-18.879 Y-10.738 Z1.400 F1500 A189.20136; Restart 
G1 X-19.064 Y-10.923 Z1.400 F5400 A189.21050; Infill 
G1 X-19.064 Y-10.923 Z1.400 F1500 A187.91050; Retract 
G1 X-19.064 Y-10.923 Z1.400 F3000; Retract 
G1 X-3.557 Y-10.537 Z1.400 F9000; Travel Move 
G1 X-3.557 Y-10.537 Z1.400 F1500 A189.21050; Restart 
G1 X-1.424 Y-8.403 Z1.400 F5400 A189.31599; Infill 
G1 X-1.739 Y-8.158 Z1.400 F5400 A189.32994; Connection 
G1 X-3.051 Y-9.470 Z1.400 F5400 A189.39481; Infill 
G1 X-3.096 Y-8.956 Z1.400 F5400 A189.41286; Connection 
G1 X-2.036 Y-7.895 Z1.400 F5400 A189.46529; Infill 
G1 X-2.306 Y-7.605 Z1.400 F5400 A189.47914; Connection 
G1 X-3.142 Y-8.442 Z1.400 F5400 A189.52048; Infill 
G1 X-3.188 Y-7.927 Z1.400 F5400 A189.53853; Connection 
G1 X-2.545 Y-7.285 Z1.400 F5400 A189.57029; Infill 
G1 X-2.770 Y-6.949 Z1.400 F5400 A189.58441; Connection 
G1 X-3.233 Y-7.413 Z1.400 F5400 A189.60732; Infill 
G1 X-3.279 Y-6.899 Z1.400 F5400 A189.62537; Connection 
G1 X-2.953 Y-6.572 Z1.400 F5400 A189.64152; Infill 
G1 X-3.325 Y-6.384 Z1.400 F5400 A189.65609; Connection 
G1 X-3.122 Y-6.182 Z1.400 F5400 A189.66611; Infill 
G1 X-3.371 Y-5.870 Z1.400 F5400 A189.68004; Connection 
G1 X-3.245 Y-5.745 Z1.400 F5400 A189.68624; Infill 
G1 X-3.416 Y-5.356 Z1.400 F5400 A189.70110; Connection 
G1 X-3.344 Y-5.284 Z1.400 F5400 A189.70465; Infill 
G1 X-3.462 Y-4.841 Z1.400 F5400 A189.72066; Connection 
G1 X-3.390 Y-4.769 Z1.400 F5400 A189.72421; Infill 
G1 X-3.508 Y-4.327 Z1.400 F5400 A189.74021; Connection 
G1 X-3.436 Y-4.255 Z1.400 F5400 A189.74377; Infill 
G1 X-3.553 Y-3.813 Z1.400 F5400 A189.75977; Connection 
G1 X-3.482 Y-3.741 Z1.400 F5400 A189.76333; Infill 
G1 X-3.599 Y-3.298 Z1.400 F5400 A189.77933; Connection 
G1 X-3.527 Y-3.227 Z1.400 F5400 A189.78289; Infill 
G1 X-3.645 Y-2.784 Z1.400 F5400 A189.79889; Connection 
G1 X-3.573 Y-2.712 Z1.400 F5400 A189.80245; Infill 
G1 X-3.691 Y-2.270 Z1.400 F5400 A189.81845; Connection 
G1 X-3.619 Y-2.198 Z1.400 F5400 A189.82201; Infill 
G1 X-3.736 Y-1.756 Z1.400 F5400 A189.83801; Connection 
G1 X-3.664 Y-1.684 Z1.400 F5400 A189.84157; Infill 
G1 X-3.782 Y-1.241 Z1.400 F5400 A189.85757; Connection 
G1 X-3.710 Y-1.169 Z1.400 F5400 A189.86113; Infill 
G1 X-2.348 Y-10.448 Z1.400 F5400 A190.18898; Connection 
G1 X-0.710 Y-8.810 Z1.400 F5400 A190.26998; Infill 
G1 X-1.075 Y-8.614 Z1.400 F5400 A190.28444; Connection 
G1 X-3.511 Y-11.051 Z1.400 F5400 A190.40491; Infill 
G1 X-1.443 Y-10.103 Z1.400 F5400 A190.48445; Connection 
G1 X-0.300 Y-8.960 Z1.400 F5400 A190.54098; Infill 
G1 X0.125 Y-9.095 Z1.400 F5400 A190.55657; Connection 
G1 X-0.538 Y-9.758 Z1.400 F5400 A190.58938; Infill 
G1 X0.366 Y-9.413 Z1.400 F5400 A190.62323; Connection 
G1 X0.611 Y-9.169 Z1.400 F5400 A190.63532; Infill 
G1 X0.611 Y-9.169 Z1.400 F1500 A189.33532; Retract 
G1 X0.611 Y-9.169 Z1.400 F3000; Retract 
G1 X4.891 Y-7.689 Z1.400 F9000; Travel Move 
G1 X4.891 Y-7.689 Z1.400 F1500 A190.63532; Restart 
G1 X6.509 Y-6.071 Z1.400 F5400 A190.71534; Infill 
G1 X6.464 Y-5.556 Z1.400 F5400 A190.73339; Connection 
G1 X5.054 Y-6.966 Z1.400 F5400 A190.80307; Infill 
G1 X5.796 Y-7.344 Z1.400 F5400 A190.83217; Connection 
G1 X6.258 Y-6.882 Z1.400 F5400 A190.85502; Infill 
G1 X5.506 Y-5.954 Z1.400 F5400 A190.89678; Connection 
G1 X6.418 Y-5.042 Z1.400 F5400 A190.94186; Infill 
G1 X6.372 Y-4.528 Z1.400 F5400 A190.95991; Connection 
G1 X5.650 Y-5.250 Z1.400 F5400 A190.99563; Infill 
G1 X5.676 Y-4.664 Z1.400 F5400 A191.01616; Connection 
G1 X6.326 Y-4.013 Z1.400 F5400 A191.04830; Infill 
G1 X6.281 Y-3.499 Z1.400 F5400 A191.06635; Connection 
G1 X5.660 Y-4.120 Z1.400 F5400 A191.09704; Infill 
G1 X5.614 Y-3.606 Z1.400 F5400 A191.11509; Connection 
G1 X6.235 Y-2.985 Z1.400 F5400 A191.14579; Infill 
G1 X6.069 Y-2.591 Z1.400 F5400 A191.16074; Connection 
G1 X5.568 Y-3.091 Z1.400 F5400 A191.18549; Infill 
G1 X5.523 Y-2.577 Z1.400 F5400 A191.20354; Connection 
G1 X5.786 Y-2.314 Z1.400 F5400 A191.21653; Infill 
G1 X5.477 Y-2.063 Z1.400 F5400 A191.23045; Connection 
G1 X5.559 Y-1.980 Z1.400 F5400 A191.23452; Infill 
G1 X5.431 Y-1.548 Z1.400 F5400 A191.25027; Connection 
G1 X5.499 Y-1.480 Z1.400 F5400 A191.25363; Infill 
G1 X5.386 Y-1.034 Z1.400 F5400 A191.26973; Connection 
G1 X5.452 Y-0.968 Z1.400 F5400 A191.27301; Infill 
G1 X5.340 Y-0.520 Z1.400 F5400 A191.28915; Connection 
G1 X5.404 Y-0.455 Z1.400 F5400 A191.29234; Infill 
G1 X5.294 Y-0.005 Z1.400 F5400 A191.30853; Connection 
G1 X5.357 Y0.057 Z1.400 F5400 A191.31163; Infill 
G1 X5.248 Y0.509 Z1.400 F5400 A191.32787; Connection 
G1 X5.309 Y0.570 Z1.400 F5400 A191.33088; Infill 
G1 X5.203 Y1.023 Z1.400 F5400 A191.34716; Connection 
G1 X5.262 Y1.082 Z1.400 F5400 A191.35009; Infill 
G1 X5.262 Y1.082 Z1.400 F1500 A190.05009; Retract 
G1 X5.262 Y1.082 Z1.400 F3000; Retract 
G1 X6.827 Y-2.953 Z1.400 F9000; Travel Move 
G1 X6.827 Y-2.953 Z1.400 F1500 A191.35009; Restart 
G1 X6.550 Y-3.230 Z1.400 F5400 A191.36379; Infill 
G1 X6.596 Y-3.744 Z1.400 F5400 A191.38184; Connection 
G1 X7.206 Y-3.134 Z1.400 F5400 A191.41202; Infill 
G1 X7.585 Y-3.315 Z1.400 F5400 A191.42670; Connection 
G1 X6.641 Y-4.258 Z1.400 F5400 A191.47335; Infill 
G1 X6.687 Y-4.773 Z1.400 F5400 A191.49140; Connection 
G1 X7.964 Y-3.496 Z1.400 F5400 A191.55453; Infill 
G1 X8.343 Y-3.677 Z1.400 F5400 A191.56921; Connection 
G1 X6.733 Y-5.287 Z1.400 F5400 A191.64882; Infill 
G1 X6.778 Y-5.801 Z1.400 F5400 A191.66687; Connection 
G1 X8.682 Y-3.898 Z1.400 F5400 A191.76096; Infill 
G1 X9.010 Y-4.130 Z1.400 F5400 A191.77501; Connection 
G1 X6.934 Y-6.206 Z1.400 F5400 A191.87760; Infill 
G1 X8.526 Y-5.174 Z1.400 F5400 A191.94392; Connection 
G1 X9.312 Y-4.388 Z1.400 F5400 A191.98275; Infill 
; Chunk 13 
; Lower Position  1.2 
; Upper Position  1.4 
; Thickness       0.2 
; Width           0.4 
G1 X9.312 Y-4.388 Z1.400 F1500 A190.68275; Retract 
G1 X9.312 Y-4.388 Z1.400 F3000; Retract 
G1 X6.384 Y-14.698 Z1.400 F9000; Travel Move 
G1 X6.384 Y-14.698 Z1.400 F1500 A191.98275; Restart 
G1 X6.384 Y-15.354 Z1.400 F5400 A192.00570; Support 
G1 X6.384 Y-15.354 Z1.400 F1500 A190.70570; Retract 
G1 X6.384 Y-15.354 Z1.400 F3000; Retract 
G1 X4.404 Y-17.296 Z1.400 F9000; Travel Move 
G1 X4.404 Y-17.296 Z1.400 F1500 A192.00570; Restart 
G1 X4.404 Y-17.363 Z1.400 F5400 A192.00805; Support 
G1 X4.404 Y-17.363 Z1.400 F1500 A190.70805; Retract 
G1 X4.404 Y-17.363 Z1.400 F3000; Retract 
G1 X2.424 Y-14.528 Z1.400 F9000; Travel Move 
G1 X2.424 Y-14.528 Z1.400 F1500 A192.00805; Restart 
G1 X2.424 Y-12.859 Z1.400 F5400 A192.06638; Support 
; Chunk 14 
; Lower Position  1.4 
; Upper Position  1.6 
; Thickness       0.2 
; Width           0.4 
G1 X2.424 Y-12.859 Z1.400 F1500 A190.76638; Retract 
G1 X2.424 Y-12.859 Z1.400 F3000; Retract 
G1 X2.424 Y-12.859 Z1.600 F1380; Travel Move 
G1 X2.424 Y-12.859 Z1.600 F9000; Travel Move 
G1 X2.424 Y-12.859 Z1.600 F1500 A192.06638; Restart 
G1 X2.424 Y-14.528 Z1.600 F5400 A192.12473; Support 
G1 X2.424 Y-14.528 Z1.600 F1500 A190.82473; Retract 
G1 X2.424 Y-14.528 Z1.600 F3000; Retract 
G1 X4.404 Y-17.294 Z1.600 F9000; Travel Move 
G1 X4.404 Y-17.294 Z1.600 F1500 A192.12473; Restart 
G1 X4.404 Y-17.363 Z1.600 F5400 A192.12715; Support 
G1 X4.404 Y-17.363 Z1.600 F1500 A190.82715; Retract 
G1 X4.404 Y-17.363 Z1.600 F3000; Retract 
G1 X6.384 Y-15.354 Z1.600 F9000; Travel Move 
G1 X6.384 Y-15.354 Z1.600 F1500 A192.12715; Restart 
G1 X6.384 Y-14.698 Z1.600 F5400 A192.15011; Support 
; Chunk 15 
; Lower Position  1.4 
; Upper Position  1.6 
; Thickness       0.2 
; Width           0.4 
G1 X6.384 Y-14.698 Z1.600 F1500 A190.85011; Retract 
G1 X6.384 Y-14.698 Z1.600 F3000; Retract 
G1 X-17.909 Y-17.212 Z1.600 F9000; Travel Move 
G1 X-17.909 Y-17.212 Z1.600 F1500 A192.15011; Restart 
G1 X-17.316 Y-17.570 Z1.600 F5400 A192.17432; Inset 
G1 X-16.383 Y-17.931 Z1.600 F5400 A192.20930; Inset 
G1 X-15.683 Y-17.594 Z1.600 F5400 A192.23645; Inset 
G1 X-14.983 Y-17.931 Z1.600 F5400 A192.26360; Inset 
G1 X-14.050 Y-17.570 Z1.600 F5400 A192.29858; Inset 
G1 X-13.522 Y-17.259 Z1.600 F5400 A192.32000; Inset 
G1 X-13.060 Y-16.874 Z1.600 F5400 A192.34103; Inset 
G1 X-12.665 Y-16.421 Z1.600 F5400 A192.36205; Inset 
G1 X-12.307 Y-15.828 Z1.600 F5400 A192.38626; Inset 
G1 X-11.946 Y-14.894 Z1.600 F5400 A192.42125; Inset 
G1 X-12.283 Y-14.194 Z1.600 F5400 A192.44840; Inset 
G1 X-11.946 Y-13.495 Z1.600 F5400 A192.47554; Inset 
G1 X-12.307 Y-12.561 Z1.600 F5400 A192.51053; Inset 
G1 X-12.665 Y-11.968 Z1.600 F5400 A192.53474; Inset 
G1 X-13.060 Y-11.514 Z1.600 F5400 A192.55577; Inset 
G1 X-13.522 Y-11.129 Z1.600 F5400 A192.57679; Inset 
G1 X-14.050 Y-10.819 Z1.600 F5400 A192.59821; Inset 
G1 X-15.007 Y-10.449 Z1.600 F5400 A192.63407; Inset 
G1 X-15.683 Y-10.810 Z1.600 F5400 A192.66087; Inset 
G1 X-16.359 Y-10.449 Z1.600 F5400 A192.68768; Inset 
G1 X-17.316 Y-10.819 Z1.600 F5400 A192.72354; Inset 
G1 X-17.844 Y-11.129 Z1.600 F5400 A192.74496; Inset 
G1 X-18.306 Y-11.514 Z1.600 F5400 A192.76598; Inset 
G1 X-18.701 Y-11.968 Z1.600 F5400 A192.78701; Inset 
G1 X-19.058 Y-12.561 Z1.600 F5400 A192.81122; Inset 
G1 X-19.428 Y-13.518 Z1.600 F5400 A192.84709; Inset 
G1 X-19.067 Y-14.194 Z1.600 F5400 A192.87389; Inset 
G1 X-19.428 Y-14.871 Z1.600 F5400 A192.90069; Inset 
G1 X-19.058 Y-15.828 Z1.600 F5400 A192.93656; Inset 
G1 X-18.748 Y-16.355 Z1.600 F5400 A192.95798; Inset 
G1 X-18.363 Y-16.818 Z1.600 F5400 A192.97900; Inset 
G1 X-17.909 Y-17.212 Z1.600 F5400 A193.00002; Inset 
G1 X-17.909 Y-17.212 Z1.600 F1500 A191.70002; Retract 
G1 X-17.909 Y-17.212 Z1.600 F3000; Retract 
G1 X-17.662 Y-16.897 Z1.600 F9000; Travel Move 
G1 X-17.662 Y-16.897 Z1.600 F1500 A193.00002; Restart 
G1 X-17.155 Y-17.203 Z1.600 F5400 A193.02072; Inset 
G1 X-16.400 Y-17.495 Z1.600 F5400 A193.04903; Inset 
G1 X-15.932 Y-17.270 Z1.600 F5400 A193.06720; Inset 
G1 X-15.809 Y-16.880 Z1.600 F5400 A193.08151; Inset 
G1 X-15.741 Y-16.815 Z1.600 F5400 A193.08478; Inset 
G1 X-15.683 Y-16.800 Z1.600 F5400 A193.08687; Inset 
G1 X-15.625 Y-16.815 Z1.600 F5400 A193.08896; Inset 
G1 X-15.557 Y-16.880 Z1.600 F5400 A193.09223; Inset 
G1 X-15.434 Y-17.270 Z1.600 F5400 A193.10655; Inset 
G1 X-14.966 Y-17.495 Z1.600 F5400 A193.12471; Inset 
G1 X-14.210 Y-17.203 Z1.600 F5400 A193.15302; Inset 
G1 X-13.743 Y-16.925 Z1.600 F5400 A193.17204; Inset 
G1 X-13.331 Y-16.580 Z1.600 F5400 A193.19082; Inset 
G1 X-12.980 Y-16.174 Z1.600 F5400 A193.20960; Inset 
G1 X-12.674 Y-15.667 Z1.600 F5400 A193.23030; Inset 
G1 X-12.382 Y-14.911 Z1.600 F5400 A193.25861; Inset 
G1 X-12.607 Y-14.443 Z1.600 F5400 A193.27677; Inset 
G1 X-13.009 Y-14.316 Z1.600 F5400 A193.29152; Inset 
G1 X-13.050 Y-14.273 Z1.600 F5400 A193.29361; Inset 
G1 X-13.074 Y-14.182 Z1.600 F5400 A193.29688; Inset 
G1 X-13.059 Y-14.125 Z1.600 F5400 A193.29897; Inset 
G1 X-13.009 Y-14.072 Z1.600 F5400 A193.30149; Inset 
G1 X-12.607 Y-13.945 Z1.600 F5400 A193.31623; Inset 
G1 X-12.382 Y-13.477 Z1.600 F5400 A193.33439; Inset 
G1 X-12.674 Y-12.722 Z1.600 F5400 A193.36271; Inset 
G1 X-12.952 Y-12.254 Z1.600 F5400 A193.38173; Inset 
G1 X-13.297 Y-11.843 Z1.600 F5400 A193.40051; Inset 
G1 X-13.704 Y-11.491 Z1.600 F5400 A193.41929; Inset 
G1 X-14.210 Y-11.185 Z1.600 F5400 A193.43998; Inset 
G1 X-14.980 Y-10.888 Z1.600 F5400 A193.46883; Inset 
G1 X-15.465 Y-11.147 Z1.600 F5400 A193.48805; Inset 
G1 X-15.570 Y-11.529 Z1.600 F5400 A193.50191; Inset 
G1 X-15.647 Y-11.581 Z1.600 F5400 A193.50518; Inset 
G1 X-15.707 Y-11.586 Z1.600 F5400 A193.50727; Inset 
G1 X-15.796 Y-11.529 Z1.600 F5400 A193.51097; Inset 
G1 X-15.901 Y-11.147 Z1.600 F5400 A193.52482; Inset 
G1 X-16.386 Y-10.888 Z1.600 F5400 A193.54405; Inset 
G1 X-17.155 Y-11.185 Z1.600 F5400 A193.57289; Inset 
G1 X-17.623 Y-11.463 Z1.600 F5400 A193.59191; Inset 
G1 X-18.035 Y-11.809 Z1.600 F5400 A193.61069; Inset 
G1 X-18.386 Y-12.215 Z1.600 F5400 A193.62947; Inset 
G1 X-18.692 Y-12.722 Z1.600 F5400 A193.65017; Inset 
G1 X-18.989 Y-13.491 Z1.600 F5400 A193.67901; Inset 
G1 X-18.730 Y-13.976 Z1.600 F5400 A193.69823; Inset 
G1 X-18.413 Y-14.048 Z1.600 F5400 A193.70959; Inset 
G1 X-18.307 Y-14.125 Z1.600 F5400 A193.71418; Inset 
G1 X-18.292 Y-14.182 Z1.600 F5400 A193.71627; Inset 
G1 X-18.315 Y-14.273 Z1.600 F5400 A193.71954; Inset 
G1 X-18.413 Y-14.341 Z1.600 F5400 A193.72371; Inset 
G1 X-18.730 Y-14.412 Z1.600 F5400 A193.73507; Inset 
G1 X-18.989 Y-14.897 Z1.600 F5400 A193.75429; Inset 
G1 X-18.692 Y-15.667 Z1.600 F5400 A193.78314; Inset 
G1 X-18.414 Y-16.135 Z1.600 F5400 A193.80216; Inset 
G1 X-18.069 Y-16.546 Z1.600 F5400 A193.82094; Inset 
G1 X-17.662 Y-16.897 Z1.600 F5400 A193.83972; Inset 
G1 X-17.662 Y-16.897 Z1.600 F1500 A192.53972; Retract 
G1 X-17.662 Y-16.897 Z1.600 F3000; Retract 
G1 X-17.409 Y-16.587 Z1.600 F9000; Travel Move 
G1 X-17.409 Y-16.587 Z1.600 F1500 A193.83972; Restart 
G1 X-17.003 Y-16.833 Z1.600 F2400 A193.85631; Inset 
G1 X-16.299 Y-17.105 Z1.600 F2400 A193.88269; Inset 
G1 X-16.170 Y-16.695 Z1.600 F2400 A193.89775; Inset 
G1 X-16.059 Y-16.547 Z1.600 F2400 A193.90418; Inset 
G1 X-15.907 Y-16.445 Z1.600 F2400 A193.91060; Inset 
G1 X-15.720 Y-16.397 Z1.600 F2400 A193.91733; Inset 
G1 X-15.459 Y-16.445 Z1.600 F2400 A193.92663; Inset 
G1 X-15.306 Y-16.547 Z1.600 F2400 A193.93305; Inset 
G1 X-15.196 Y-16.695 Z1.600 F2400 A193.93947; Inset 
G1 X-15.066 Y-17.105 Z1.600 F2400 A193.95454; Inset 
G1 X-14.363 Y-16.833 Z1.600 F2400 A193.98092; Inset 
G1 X-13.957 Y-16.587 Z1.600 F2400 A193.99751; Inset 
G1 X-13.596 Y-16.281 Z1.600 F2400 A194.01405; Inset 
G1 X-13.290 Y-15.920 Z1.600 F2400 A194.03059; Inset 
G1 X-13.044 Y-15.514 Z1.600 F2400 A194.04719; Inset 
G1 X-12.772 Y-14.811 Z1.600 F2400 A194.07356; Inset 
G1 X-13.191 Y-14.679 Z1.600 F2400 A194.08893; Inset 
G1 X-13.387 Y-14.499 Z1.600 F2400 A194.09823; Inset 
G1 X-13.463 Y-14.331 Z1.600 F2400 A194.10466; Inset 
G1 X-13.478 Y-14.148 Z1.600 F2400 A194.11108; Inset 
G1 X-13.393 Y-13.896 Z1.600 F2400 A194.12038; Inset 
G1 X-13.191 Y-13.710 Z1.600 F2400 A194.12999; Inset 
G1 X-12.772 Y-13.578 Z1.600 F2400 A194.14535; Inset 
G1 X-13.044 Y-12.874 Z1.600 F2400 A194.17173; Inset 
G1 X-13.290 Y-12.468 Z1.600 F2400 A194.18832; Inset 
G1 X-13.596 Y-12.108 Z1.600 F2400 A194.20487; Inset 
G1 X-13.957 Y-11.801 Z1.600 F2400 A194.22141; Inset 
G1 X-14.363 Y-11.555 Z1.600 F2400 A194.23800; Inset 
G1 X-15.084 Y-11.276 Z1.600 F2400 A194.26504; Inset 
G1 X-15.157 Y-11.601 Z1.600 F2400 A194.27668; Inset 
G1 X-15.245 Y-11.772 Z1.600 F2400 A194.28340; Inset 
G1 X-15.378 Y-11.899 Z1.600 F2400 A194.28983; Inset 
G1 X-15.546 Y-11.974 Z1.600 F2400 A194.29625; Inset 
G1 X-15.737 Y-11.990 Z1.600 F2400 A194.30298; Inset 
G1 X-15.987 Y-11.899 Z1.600 F2400 A194.31228; Inset 
G1 X-16.121 Y-11.772 Z1.600 F2400 A194.31870; Inset 
G1 X-16.209 Y-11.601 Z1.600 F2400 A194.32543; Inset 
G1 X-16.282 Y-11.276 Z1.600 F2400 A194.33707; Inset 
G1 X-17.003 Y-11.555 Z1.600 F2400 A194.36410; Inset 
G1 X-17.409 Y-11.801 Z1.600 F2400 A194.38070; Inset 
G1 X-17.769 Y-12.108 Z1.600 F2400 A194.39724; Inset 
G1 X-18.076 Y-12.468 Z1.600 F2400 A194.41378; Inset 
G1 X-18.322 Y-12.874 Z1.600 F2400 A194.43038; Inset 
G1 X-18.601 Y-13.596 Z1.600 F2400 A194.45741; Inset 
G1 X-18.276 Y-13.669 Z1.600 F2400 A194.46905; Inset 
G1 X-18.105 Y-13.756 Z1.600 F2400 A194.47578; Inset 
G1 X-17.972 Y-13.896 Z1.600 F2400 A194.48250; Inset 
G1 X-17.888 Y-14.148 Z1.600 F2400 A194.49181; Inset 
G1 X-17.903 Y-14.331 Z1.600 F2400 A194.49823; Inset 
G1 X-17.978 Y-14.499 Z1.600 F2400 A194.50465; Inset 
G1 X-18.105 Y-14.632 Z1.600 F2400 A194.51108; Inset 
G1 X-18.276 Y-14.720 Z1.600 F2400 A194.51780; Inset 
G1 X-18.601 Y-14.793 Z1.600 F2400 A194.52944; Inset 
G1 X-18.322 Y-15.514 Z1.600 F2400 A194.55648; Inset 
G1 X-18.076 Y-15.920 Z1.600 F2400 A194.57307; Inset 
G1 X-17.769 Y-16.281 Z1.600 F2400 A194.58961; Inset 
G1 X-17.409 Y-16.587 Z1.600 F2400 A194.60616; Inset 
G1 X-17.409 Y-16.587 Z1.600 F1500 A193.30616; Retract 
G1 X-17.409 Y-16.587 Z1.600 F3000; Retract 
G1 X-18.661 Y-18.208 Z1.600 F9000; Travel Move 
G1 X-18.661 Y-18.208 Z1.600 F1500 A194.60616; Restart 
G1 X-19.105 Y-17.837 Z1.600 F5400 A194.62641; Inset 
G1 X-19.504 Y-17.416 Z1.600 F5400 A194.64666; Inset 
G1 X-19.851 Y-16.953 Z1.600 F5400 A194.66691; Inset 
G1 X-20.142 Y-16.452 Z1.600 F5400 A194.68716; Inset 
G1 X-20.373 Y-15.921 Z1.600 F5400 A194.70741; Inset 
G1 X-20.542 Y-15.367 Z1.600 F5400 A194.72766; Inset 
G1 X-20.645 Y-14.797 Z1.600 F5400 A194.74791; Inset 
G1 X-20.681 Y-14.218 Z1.600 F5400 A194.76817; Inset 
G1 X-20.650 Y-13.640 Z1.600 F5400 A194.78841; Inset 
G1 X-20.553 Y-13.069 Z1.600 F5400 A194.80866; Inset 
G1 X-20.390 Y-12.513 Z1.600 F5400 A194.82891; Inset 
G1 X-20.164 Y-11.980 Z1.600 F5400 A194.84917; Inset 
G1 X-19.877 Y-11.476 Z1.600 F5400 A194.86941; Inset 
G1 X-19.535 Y-11.009 Z1.600 F5400 A194.88967; Inset 
G1 X-19.140 Y-10.585 Z1.600 F5400 A194.90992; Inset 
G1 X-18.700 Y-10.209 Z1.600 F5400 A194.93017; Inset 
G1 X-18.218 Y-9.887 Z1.600 F5400 A194.95042; Inset 
G1 X-17.703 Y-9.622 Z1.600 F5400 A194.97067; Inset 
G1 X-17.160 Y-9.419 Z1.600 F5400 A194.99092; Inset 
G1 X-16.598 Y-9.281 Z1.600 F5400 A195.01117; Inset 
G1 X-16.023 Y-9.208 Z1.600 F5400 A195.03142; Inset 
G1 X-15.444 Y-9.202 Z1.600 F5400 A195.05168; Inset 
G1 X-14.868 Y-9.263 Z1.600 F5400 A195.07193; Inset 
G1 X-14.303 Y-9.390 Z1.600 F5400 A195.09217; Inset 
G1 X-13.774 Y-9.576 Z1.600 F5400 A195.11178; Inset 
G1 X-12.729 Y-10.134 Z1.600 F5400 A195.15321; Inset 
G1 X-12.489 Y-10.194 Z1.600 F5400 A195.16183; Inset 
G1 X-3.926 Y-10.194 Z1.600 F5400 A195.46122; Inset 
G1 X-3.331 Y-9.545 Z1.600 F5400 A195.49201; Inset 
G1 X-4.096 Y-0.940 Z1.600 F5400 A195.79402; Inset 
G1 X-4.091 Y-0.873 Z1.600 F5400 A195.79635; Inset 
G1 X-3.471 Y-0.626 Z1.600 F5400 A195.81968; Inset 
G1 X-3.056 Y-5.304 Z1.600 F5400 A195.98384; Inset 
G1 X-2.893 Y-5.993 Z1.600 F5400 A196.00860; Inset 
G1 X-2.571 Y-6.732 Z1.600 F5400 A196.03679; Inset 
G1 X-2.169 Y-7.332 Z1.600 F5400 A196.06203; Inset 
G1 X-1.672 Y-7.856 Z1.600 F5400 A196.08726; Inset 
G1 X-1.165 Y-8.242 Z1.600 F5400 A196.10954; Inset 
G1 X-0.529 Y-8.582 Z1.600 F5400 A196.13477; Inset 
G1 X0.156 Y-8.810 Z1.600 F5400 A196.16001; Inset 
G1 X0.870 Y-8.919 Z1.600 F5400 A196.18524; Inset 
G1 X1.591 Y-8.905 Z1.600 F5400 A196.21048; Inset 
G1 X2.382 Y-8.746 Z1.600 F5400 A196.23867; Inset 
G1 X3.053 Y-8.480 Z1.600 F5400 A196.26391; Inset 
G1 X3.600 Y-8.153 Z1.600 F5400 A196.28618; Inset 
G1 X4.153 Y-7.689 Z1.600 F5400 A196.31142; Inset 
G1 X4.619 Y-7.138 Z1.600 F5400 A196.33665; Inset 
G1 X5.022 Y-6.440 Z1.600 F5400 A196.36485; Inset 
G1 X5.242 Y-5.842 Z1.600 F5400 A196.38712; Inset 
G1 X5.381 Y-5.134 Z1.600 F5400 A196.41236; Inset 
G1 X5.396 Y-4.378 Z1.600 F5400 A196.43878; Inset 
G1 X4.855 Y1.705 Z1.600 F5400 A196.65228; Inset 
G1 X5.482 Y1.804 Z1.600 F5400 A196.67448; Inset 
G1 X5.822 Y-1.867 Z1.600 F5400 A196.80336; Inset 
G1 X6.124 Y-2.300 Z1.600 F5400 A196.82182; Inset 
G1 X8.503 Y-3.437 Z1.600 F5400 A196.91398; Inset 
G1 X9.104 Y-3.835 Z1.600 F5400 A196.93919; Inset 
G1 X9.973 Y-4.577 Z1.600 F5400 A196.97913; Inset 
G1 X6.911 Y-6.562 Z1.600 F5400 A197.10671; Inset 
G1 X6.485 Y-7.056 Z1.600 F5400 A197.12951; Inset 
G1 X6.406 Y-7.199 Z1.600 F5400 A197.13524; Inset 
G1 X6.235 Y-7.697 Z1.600 F5400 A197.15365; Inset 
G1 X5.337 Y-12.604 Z1.600 F5400 A197.32802; Inset 
G1 X5.188 Y-12.311 Z1.600 F5400 A197.33950; Inset 
G1 X4.741 Y-11.803 Z1.600 F5400 A197.36317; Inset 
G1 X4.608 Y-11.696 Z1.600 F5400 A197.36912; Inset 
G1 X3.917 Y-11.328 Z1.600 F5400 A197.39648; Inset 
G1 X3.421 Y-11.216 Z1.600 F5400 A197.41427; Inset 
G1 X2.765 Y-11.216 Z1.600 F5400 A197.43719; Inset 
G1 X2.598 Y-11.245 Z1.600 F5400 A197.44315; Inset 
G1 X1.959 Y-11.470 Z1.600 F5400 A197.46682; Inset 
G1 X1.810 Y-11.553 Z1.600 F5400 A197.47277; Inset 
G1 X1.300 Y-11.965 Z1.600 F5400 A197.49570; Inset 
G1 X0.985 Y-12.365 Z1.600 F5400 A197.51349; Inset 
G1 X0.686 Y-13.065 Z1.600 F5400 A197.54010; Inset 
G1 X0.605 Y-13.567 Z1.600 F5400 A197.55788; Inset 
G1 X0.689 Y-14.345 Z1.600 F5400 A197.58524; Inset 
G1 X0.738 Y-14.508 Z1.600 F5400 A197.59119; Inset 
G1 X1.043 Y-15.113 Z1.600 F5400 A197.61487; Inset 
G1 X1.145 Y-15.249 Z1.600 F5400 A197.62082; Inset 
G1 X1.634 Y-15.718 Z1.600 F5400 A197.64450; Inset 
G1 X1.775 Y-15.813 Z1.600 F5400 A197.65045; Inset 
G1 X2.392 Y-16.092 Z1.600 F5400 A197.67412; Inset 
G1 X2.556 Y-16.135 Z1.600 F5400 A197.68007; Inset 
G1 X3.142 Y-16.185 Z1.600 F5400 A197.70062; Inset 
G1 X2.983 Y-16.194 Z1.600 F5400 A197.70619; Inset 
G1 X-10.731 Y-16.194 Z1.600 F5400 A198.18563; Inset 
G1 X-11.164 Y-16.420 Z1.600 F5400 A198.20271; Inset 
G1 X-11.876 Y-17.432 Z1.600 F5400 A198.24599; Inset 
G1 X-12.264 Y-17.841 Z1.600 F5400 A198.26569; Inset 
G1 X-12.709 Y-18.212 Z1.600 F5400 A198.28594; Inset 
G1 X-13.194 Y-18.529 Z1.600 F5400 A198.30619; Inset 
G1 X-13.712 Y-18.788 Z1.600 F5400 A198.32644; Inset 
G1 X-14.257 Y-18.985 Z1.600 F5400 A198.34669; Inset 
G1 X-14.821 Y-19.118 Z1.600 F5400 A198.36695; Inset 
G1 X-15.396 Y-19.184 Z1.600 F5400 A198.38719; Inset 
G1 X-15.975 Y-19.184 Z1.600 F5400 A198.40745; Inset 
G1 X-16.551 Y-19.117 Z1.600 F5400 A198.42769; Inset 
G1 X-17.114 Y-18.983 Z1.600 F5400 A198.44795; Inset 
G1 X-17.659 Y-18.786 Z1.600 F5400 A198.46820; Inset 
G1 X-18.177 Y-18.526 Z1.600 F5400 A198.48845; Inset 
G1 X-18.661 Y-18.208 Z1.600 F5400 A198.50870; Inset 
G1 X-18.661 Y-18.208 Z1.600 F1500 A197.20870; Retract 
G1 X-18.661 Y-18.208 Z1.600 F3000; Retract 
G1 X1.970 Y-15.463 Z1.600 F9000; Travel Move 
G1 X1.970 Y-15.463 Z1.600 F1500 A198.50870; Restart 
G1 X2.624 Y-15.739 Z1.600 F5400 A198.53352; Inset 
G1 X3.295 Y-15.787 Z1.600 F5400 A198.55703; Inset 
G1 X3.694 Y-15.708 Z1.600 F5400 A198.57125; Inset 
G1 X4.291 Y-15.428 Z1.600 F5400 A198.59431; Inset 
G1 X4.602 Y-15.165 Z1.600 F5400 A198.60854; Inset 
G1 X5.002 Y-14.594 Z1.600 F5400 A198.63291; Inset 
G1 X5.193 Y-13.910 Z1.600 F5400 A198.65773; Inset 
G1 X5.146 Y-13.202 Z1.600 F5400 A198.68255; Inset 
G1 X4.865 Y-12.550 Z1.600 F5400 A198.70738; Inset 
G1 X4.463 Y-12.093 Z1.600 F5400 A198.72867; Inset 
M73 P24; Update Progress 
G1 X3.863 Y-11.738 Z1.600 F5400 A198.75305; Inset 
G1 X3.472 Y-11.626 Z1.600 F5400 A198.76727; Inset 
G1 X2.799 Y-11.616 Z1.600 F5400 A198.79078; Inset 
G1 X2.124 Y-11.836 Z1.600 F5400 A198.81560; Inset 
G1 X1.571 Y-12.261 Z1.600 F5400 A198.83997; Inset 
G1 X1.322 Y-12.582 Z1.600 F5400 A198.85420; Inset 
G1 X1.067 Y-13.190 Z1.600 F5400 A198.87726; Inset 
G1 X1.005 Y-13.669 Z1.600 F5400 A198.89413; Inset 
G1 X1.111 Y-14.358 Z1.600 F5400 A198.91851; Inset 
G1 X1.446 Y-14.984 Z1.600 F5400 A198.94333; Inset 
G1 X1.970 Y-15.463 Z1.600 F5400 A198.96815; Inset 
G1 X1.970 Y-15.463 Z1.600 F1500 A197.66815; Retract 
G1 X1.970 Y-15.463 Z1.600 F3000; Retract 
G1 X2.150 Y-15.105 Z1.600 F9000; Travel Move 
G1 X2.150 Y-15.105 Z1.600 F1500 A198.96815; Restart 
G1 X2.675 Y-15.342 Z1.600 F2400 A198.98827; Inset 
G1 X3.240 Y-15.390 Z1.600 F2400 A199.00809; Inset 
G1 X3.541 Y-15.339 Z1.600 F2400 A199.01878; Inset 
G1 X4.050 Y-15.109 Z1.600 F2400 A199.03829; Inset 
G1 X4.287 Y-14.917 Z1.600 F2400 A199.04898; Inset 
G1 X4.625 Y-14.461 Z1.600 F2400 A199.06880; Inset 
G1 X4.793 Y-13.911 Z1.600 F2400 A199.08892; Inset 
G1 X4.769 Y-13.336 Z1.600 F2400 A199.10904; Inset 
G1 X4.554 Y-12.801 Z1.600 F2400 A199.12917; Inset 
G1 X4.174 Y-12.369 Z1.600 F2400 A199.14929; Inset 
G1 X3.679 Y-12.093 Z1.600 F2400 A199.16911; Inset 
G1 X3.383 Y-12.016 Z1.600 F2400 A199.17979; Inset 
G1 X2.816 Y-12.016 Z1.600 F2400 A199.19961; Inset 
G1 X2.273 Y-12.208 Z1.600 F2400 A199.21973; Inset 
G1 X1.832 Y-12.564 Z1.600 F2400 A199.23955; Inset 
G1 X1.651 Y-12.810 Z1.600 F2400 A199.25024; Inset 
G1 X1.443 Y-13.328 Z1.600 F2400 A199.26975; Inset 
G1 X1.404 Y-13.631 Z1.600 F2400 A199.28044; Inset 
G1 X1.476 Y-14.193 Z1.600 F2400 A199.30026; Inset 
G1 X1.735 Y-14.707 Z1.600 F2400 A199.32038; Inset 
G1 X2.150 Y-15.105 Z1.600 F2400 A199.34050; Inset 
G1 X2.150 Y-15.105 Z1.600 F1500 A198.04050; Retract 
G1 X2.150 Y-15.105 Z1.600 F3000; Retract 
G1 X-18.900 Y-18.530 Z1.600 F9000; Travel Move 
G1 X-18.900 Y-18.530 Z1.600 F1500 A199.34050; Restart 
G1 X-19.380 Y-18.129 Z1.600 F5400 A199.36238; Inset 
G1 X-19.810 Y-17.675 Z1.600 F5400 A199.38426; Inset 
G1 X-20.185 Y-17.174 Z1.600 F5400 A199.40613; Inset 
G1 X-20.500 Y-16.633 Z1.600 F5400 A199.42800; Inset 
G1 X-20.749 Y-16.059 Z1.600 F5400 A199.44988; Inset 
G1 X-20.931 Y-15.461 Z1.600 F5400 A199.47175; Inset 
G1 X-21.042 Y-14.845 Z1.600 F5400 A199.49363; Inset 
G1 X-21.082 Y-14.220 Z1.600 F5400 A199.51550; Inset 
G1 X-21.048 Y-13.596 Z1.600 F5400 A199.53737; Inset 
G1 X-20.943 Y-12.979 Z1.600 F5400 A199.55925; Inset 
G1 X-20.767 Y-12.378 Z1.600 F5400 A199.58112; Inset 
G1 X-20.523 Y-11.802 Z1.600 F5400 A199.60299; Inset 
G1 X-20.214 Y-11.258 Z1.600 F5400 A199.62487; Inset 
G1 X-19.844 Y-10.754 Z1.600 F5400 A199.64674; Inset 
G1 X-19.418 Y-10.296 Z1.600 F5400 A199.66862; Inset 
G1 X-18.941 Y-9.890 Z1.600 F5400 A199.69049; Inset 
G1 X-18.422 Y-9.542 Z1.600 F5400 A199.71236; Inset 
G1 X-17.865 Y-9.256 Z1.600 F5400 A199.73424; Inset 
G1 X-17.279 Y-9.037 Z1.600 F5400 A199.75611; Inset 
G1 X-16.671 Y-8.887 Z1.600 F5400 A199.77799; Inset 
G1 X-16.051 Y-8.808 Z1.600 F5400 A199.79986; Inset 
G1 X-15.425 Y-8.802 Z1.600 F5400 A199.82174; Inset 
G1 X-14.803 Y-8.868 Z1.600 F5400 A199.84361; Inset 
G1 X-14.192 Y-9.005 Z1.600 F5400 A199.86549; Inset 
G1 X-13.613 Y-9.209 Z1.600 F5400 A199.88697; Inset 
G1 X-12.584 Y-9.758 Z1.600 F5400 A199.92775; Inset 
G1 X-12.440 Y-9.794 Z1.600 F5400 A199.93292; Inset 
G1 X-4.102 Y-9.794 Z1.600 F5400 A200.22443; Inset 
G1 X-3.745 Y-9.404 Z1.600 F5400 A200.24291; Inset 
G1 X-4.497 Y-0.944 Z1.600 F5400 A200.53985; Inset 
G1 X-4.485 Y-0.773 Z1.600 F5400 A200.54584; Inset 
G1 X-4.430 Y-0.636 Z1.600 F5400 A200.55099; Inset 
G1 X-4.314 Y-0.532 Z1.600 F5400 A200.55645; Inset 
G1 X-3.120 Y-0.056 Z1.600 F5400 A200.60138; Inset 
G1 X-2.658 Y-5.253 Z1.600 F5400 A200.78378; Inset 
G1 X-2.508 Y-5.881 Z1.600 F5400 A200.80636; Inset 
G1 X-2.251 Y-6.483 Z1.600 F5400 A200.82922; Inset 
G1 X-1.897 Y-7.032 Z1.600 F5400 A200.85208; Inset 
G1 X-1.454 Y-7.513 Z1.600 F5400 A200.87494; Inset 
G1 X-0.893 Y-7.940 Z1.600 F5400 A200.89958; Inset 
G1 X-0.312 Y-8.239 Z1.600 F5400 A200.92244; Inset 
G1 X0.312 Y-8.435 Z1.600 F5400 A200.94530; Inset 
G1 X0.909 Y-8.520 Z1.600 F5400 A200.96639; Inset 
G1 X1.563 Y-8.506 Z1.600 F5400 A200.98925; Inset 
G1 X2.205 Y-8.381 Z1.600 F5400 A201.01211; Inset 
G1 X2.817 Y-8.150 Z1.600 F5400 A201.03497; Inset 
G1 X3.380 Y-7.818 Z1.600 F5400 A201.05783; Inset 
G1 X3.880 Y-7.396 Z1.600 F5400 A201.08069; Inset 
G1 X4.301 Y-6.896 Z1.600 F5400 A201.10356; Inset 
G1 X4.631 Y-6.332 Z1.600 F5400 A201.12642; Inset 
G1 X4.861 Y-5.720 Z1.600 F5400 A201.14928; Inset 
G1 X4.985 Y-5.077 Z1.600 F5400 A201.17214; Inset 
G1 X4.996 Y-4.403 Z1.600 F5400 A201.19571; Inset 
G1 X4.424 Y2.036 Z1.600 F5400 A201.42170; Inset 
G1 X5.387 Y2.205 Z1.600 F5400 A201.45590; Inset 
G1 X5.585 Y2.203 Z1.600 F5400 A201.46282; Inset 
G1 X5.735 Y2.126 Z1.600 F5400 A201.46870; Inset 
G1 X5.821 Y2.032 Z1.600 F5400 A201.47317; Inset 
G1 X5.874 Y1.914 Z1.600 F5400 A201.47768; Inset 
G1 X6.211 Y-1.725 Z1.600 F5400 A201.60544; Inset 
G1 X6.392 Y-1.985 Z1.600 F5400 A201.61652; Inset 
G1 X8.701 Y-3.088 Z1.600 F5400 A201.70597; Inset 
G1 X9.345 Y-3.515 Z1.600 F5400 A201.73300; Inset 
G1 X10.640 Y-4.621 Z1.600 F5400 A201.79254; Inset 
G1 X7.156 Y-6.880 Z1.600 F5400 A201.93772; Inset 
G1 X6.819 Y-7.279 Z1.600 F5400 A201.95598; Inset 
G1 X6.625 Y-7.785 Z1.600 F5400 A201.97494; Inset 
G1 X5.377 Y-14.607 Z1.600 F5400 A202.21739; Inset 
G1 X5.300 Y-14.912 Z1.600 F5400 A202.22838; Inset 
G1 X5.116 Y-15.344 Z1.600 F5400 A202.24479; Inset 
G1 X4.847 Y-15.735 Z1.600 F5400 A202.26138; Inset 
G1 X4.376 Y-16.164 Z1.600 F5400 A202.28366; Inset 
G1 X3.951 Y-16.401 Z1.600 F5400 A202.30068; Inset 
G1 X3.712 Y-16.489 Z1.600 F5400 A202.30959; Inset 
G1 X2.995 Y-16.594 Z1.600 F5400 A202.33491; Inset 
G1 X-10.633 Y-16.594 Z1.600 F5400 A202.81135; Inset 
G1 X-10.893 Y-16.729 Z1.600 F5400 A202.82160; Inset 
G1 X-11.566 Y-17.686 Z1.600 F5400 A202.86249; Inset 
G1 X-11.990 Y-18.133 Z1.600 F5400 A202.88403; Inset 
G1 X-12.471 Y-18.534 Z1.600 F5400 A202.90591; Inset 
G1 X-12.994 Y-18.876 Z1.600 F5400 A202.92778; Inset 
G1 X-13.554 Y-19.156 Z1.600 F5400 A202.94965; Inset 
G1 X-14.143 Y-19.369 Z1.600 F5400 A202.97153; Inset 
G1 X-14.752 Y-19.512 Z1.600 F5400 A202.99340; Inset 
G1 X-15.373 Y-19.584 Z1.600 F5400 A203.01527; Inset 
G1 X-15.999 Y-19.584 Z1.600 F5400 A203.03715; Inset 
G1 X-16.620 Y-19.511 Z1.600 F5400 A203.05902; Inset 
G1 X-17.229 Y-19.367 Z1.600 F5400 A203.08090; Inset 
G1 X-17.817 Y-19.154 Z1.600 F5400 A203.10277; Inset 
G1 X-18.377 Y-18.873 Z1.600 F5400 A203.12465; Inset 
G1 X-18.900 Y-18.530 Z1.600 F5400 A203.14652; Inset 
G1 X-18.900 Y-18.530 Z1.600 F1500 A201.84652; Retract 
G1 X-18.900 Y-18.530 Z1.600 F3000; Retract 
G1 X-19.139 Y-18.852 Z1.600 F9000; Travel Move 
G1 X-19.139 Y-18.852 Z1.600 F1500 A203.14652; Restart 
G1 X-19.654 Y-18.421 Z1.600 F2400 A203.17002; Inset 
G1 X-20.117 Y-17.933 Z1.600 F2400 A203.19351; Inset 
G1 X-20.519 Y-17.395 Z1.600 F2400 A203.21701; Inset 
G1 X-20.857 Y-16.814 Z1.600 F2400 A203.24051; Inset 
G1 X-21.126 Y-16.198 Z1.600 F2400 A203.26401; Inset 
G1 X-21.321 Y-15.555 Z1.600 F2400 A203.28750; Inset 
G1 X-21.440 Y-14.893 Z1.600 F2400 A203.31100; Inset 
G1 X-21.482 Y-14.222 Z1.600 F2400 A203.33450; Inset 
G1 X-21.447 Y-13.551 Z1.600 F2400 A203.35800; Inset 
G1 X-21.334 Y-12.889 Z1.600 F2400 A203.38149; Inset 
G1 X-21.145 Y-12.244 Z1.600 F2400 A203.40499; Inset 
G1 X-20.882 Y-11.625 Z1.600 F2400 A203.42849; Inset 
G1 X-20.550 Y-11.040 Z1.600 F2400 A203.45199; Inset 
G1 X-20.152 Y-10.499 Z1.600 F2400 A203.47548; Inset 
G1 X-19.695 Y-10.006 Z1.600 F2400 A203.49898; Inset 
G1 X-19.183 Y-9.570 Z1.600 F2400 A203.52248; Inset 
G1 X-18.625 Y-9.196 Z1.600 F2400 A203.54598; Inset 
G1 X-18.027 Y-8.889 Z1.600 F2400 A203.56947; Inset 
G1 X-17.397 Y-8.654 Z1.600 F2400 A203.59297; Inset 
G1 X-16.745 Y-8.493 Z1.600 F2400 A203.61647; Inset 
G1 X-16.078 Y-8.408 Z1.600 F2400 A203.63997; Inset 
G1 X-15.406 Y-8.401 Z1.600 F2400 A203.66346; Inset 
G1 X-14.737 Y-8.472 Z1.600 F2400 A203.68696; Inset 
G1 X-14.082 Y-8.620 Z1.600 F2400 A203.71046; Inset 
G1 X-13.451 Y-8.841 Z1.600 F2400 A203.73383; Inset 
G1 X-12.416 Y-9.394 Z1.600 F2400 A203.77485; Inset 
G1 X-4.148 Y-9.394 Z1.600 F2400 A204.06392; Inset 
G1 X-4.898 Y-0.948 Z1.600 F2400 A204.36038; Inset 
G1 X-4.880 Y-0.682 Z1.600 F2400 A204.36969; Inset 
G1 X-4.783 Y-0.442 Z1.600 F2400 A204.37873; Inset 
G1 X-4.525 Y-0.185 Z1.600 F2400 A204.39147; Inset 
G1 X-2.769 Y0.514 Z1.600 F2400 A204.45753; Inset 
G1 X-2.261 Y-5.210 Z1.600 F2400 A204.65843; Inset 
G1 X-2.122 Y-5.778 Z1.600 F2400 A204.67886; Inset 
G1 X-1.888 Y-6.315 Z1.600 F2400 A204.69935; Inset 
G1 X-1.567 Y-6.806 Z1.600 F2400 A204.71984; Inset 
G1 X-1.167 Y-7.235 Z1.600 F2400 A204.74034; Inset 
G1 X-0.701 Y-7.590 Z1.600 F2400 A204.76083; Inset 
G1 X-0.181 Y-7.861 Z1.600 F2400 A204.78132; Inset 
G1 X0.377 Y-8.041 Z1.600 F2400 A204.80182; Inset 
G1 X0.957 Y-8.123 Z1.600 F2400 A204.82231; Inset 
G1 X1.543 Y-8.106 Z1.600 F2400 A204.84280; Inset 
G1 X2.118 Y-7.991 Z1.600 F2400 A204.86329; Inset 
G1 X2.665 Y-7.780 Z1.600 F2400 A204.88379; Inset 
G1 X3.168 Y-7.479 Z1.600 F2400 A204.90428; Inset 
G1 X3.613 Y-7.098 Z1.600 F2400 A204.92477; Inset 
G1 X3.988 Y-6.647 Z1.600 F2400 A204.94526; Inset 
G1 X4.280 Y-6.139 Z1.600 F2400 A204.96576; Inset 
G1 X4.483 Y-5.589 Z1.600 F2400 A204.98625; Inset 
G1 X4.590 Y-5.013 Z1.600 F2400 A205.00674; Inset 
G1 X4.597 Y-4.434 Z1.600 F2400 A205.02700; Inset 
G1 X3.993 Y2.366 Z1.600 F2400 A205.26565; Inset 
G1 X5.354 Y2.605 Z1.600 F2400 A205.31395; Inset 
G1 X5.638 Y2.603 Z1.600 F2400 A205.32387; Inset 
G1 X5.748 Y2.574 Z1.600 F2400 A205.32787; Inset 
G1 X5.984 Y2.446 Z1.600 F2400 A205.33726; Inset 
G1 X6.161 Y2.255 Z1.600 F2400 A205.34636; Inset 
G1 X6.266 Y2.016 Z1.600 F2400 A205.35547; Inset 
G1 X6.605 Y-1.643 Z1.600 F2400 A205.48395; Inset 
G1 X8.898 Y-2.739 Z1.600 F2400 A205.57280; Inset 
G1 X9.586 Y-3.195 Z1.600 F2400 A205.60166; Inset 
G1 X10.992 Y-4.396 Z1.600 F2400 A205.66629; Inset 
G1 X11.090 Y-4.543 Z1.600 F2400 A205.67247; Inset 
G1 X11.088 Y-4.729 Z1.600 F2400 A205.67897; Inset 
G1 X11.041 Y-4.815 Z1.600 F2400 A205.68242; Inset 
G1 X10.955 Y-4.893 Z1.600 F2400 A205.68646; Inset 
G1 X7.387 Y-7.207 Z1.600 F2400 A205.83514; Inset 
G1 X7.143 Y-7.515 Z1.600 F2400 A205.84889; Inset 
G1 X7.017 Y-7.865 Z1.600 F2400 A205.86191; Inset 
G1 X5.768 Y-14.692 Z1.600 F2400 A206.10453; Inset 
G1 X5.681 Y-15.040 Z1.600 F2400 A206.11708; Inset 
G1 X5.468 Y-15.537 Z1.600 F2400 A206.13599; Inset 
G1 X5.151 Y-16.000 Z1.600 F2400 A206.15558; Inset 
G1 X4.611 Y-16.491 Z1.600 F2400 A206.18111; Inset 
G1 X4.118 Y-16.765 Z1.600 F2400 A206.20084; Inset 
G1 X3.821 Y-16.874 Z1.600 F2400 A206.21188; Inset 
G1 X3.330 Y-16.975 Z1.600 F2400 A206.22942; Inset 
G1 X3.007 Y-16.994 Z1.600 F2400 A206.24074; Inset 
G1 X-10.591 Y-16.994 Z1.600 F2400 A206.71610; Inset 
M73 P25; Update Progress 
G1 X-11.256 Y-17.941 Z1.600 F2400 A206.75653; Inset 
G1 X-11.716 Y-18.426 Z1.600 F2400 A206.77992; Inset 
G1 X-12.232 Y-18.856 Z1.600 F2400 A206.80341; Inset 
G1 X-12.795 Y-19.224 Z1.600 F2400 A206.82691; Inset 
G1 X-13.396 Y-19.524 Z1.600 F2400 A206.85040; Inset 
G1 X-14.028 Y-19.753 Z1.600 F2400 A206.87391; Inset 
G1 X-14.682 Y-19.907 Z1.600 F2400 A206.89740; Inset 
G1 X-15.350 Y-19.984 Z1.600 F2400 A206.92090; Inset 
G1 X-16.022 Y-19.984 Z1.600 F2400 A206.94440; Inset 
G1 X-16.690 Y-19.906 Z1.600 F2400 A206.96789; Inset 
G1 X-17.344 Y-19.751 Z1.600 F2400 A206.99140; Inset 
G1 X-17.975 Y-19.522 Z1.600 F2400 A207.01489; Inset 
G1 X-18.577 Y-19.221 Z1.600 F2400 A207.03839; Inset 
G1 X-19.139 Y-18.852 Z1.600 F2400 A207.06188; Inset 
G1 X-19.139 Y-18.852 Z1.600 F1500 A205.76188; Retract 
G1 X-19.139 Y-18.852 Z1.600 F3000; Retract 
G1 X-17.708 Y-18.441 Z1.600 F9000; Travel Move 
G1 X-17.708 Y-18.441 Z1.600 F1500 A207.06188; Restart 
G1 X-19.933 Y-16.216 Z1.600 F5400 A207.17191; Infill 
G1 X-20.252 Y-15.337 Z1.600 F5400 A207.20458; Connection 
G1 X-16.833 Y-18.756 Z1.600 F5400 A207.37362; Infill 
G1 X-16.154 Y-18.875 Z1.600 F5400 A207.39773; Connection 
G1 X-17.049 Y-17.980 Z1.600 F5400 A207.44199; Infill 
G1 X-16.273 Y-18.196 Z1.600 F5400 A207.47014; Connection 
G1 X-15.570 Y-18.898 Z1.600 F5400 A207.50489; Infill 
G1 X-15.052 Y-18.857 Z1.600 F5400 A207.52307; Connection 
G1 X-15.895 Y-18.014 Z1.600 F5400 A207.56474; Infill 
G1 X-15.209 Y-18.139 Z1.600 F5400 A207.58911; Connection 
G1 X-14.581 Y-18.768 Z1.600 F5400 A207.62016; Infill 
G1 X-14.148 Y-18.641 Z1.600 F5400 A207.63596; Connection 
G1 X-14.672 Y-18.117 Z1.600 F5400 A207.66187; Infill 
G1 X-14.268 Y-17.961 Z1.600 F5400 A207.67700; Connection 
G1 X-13.744 Y-18.484 Z1.600 F5400 A207.70287; Infill 
G1 X-13.371 Y-18.298 Z1.600 F5400 A207.71747; Connection 
G1 X-13.872 Y-17.797 Z1.600 F5400 A207.74222; Infill 
G1 X-13.519 Y-17.590 Z1.600 F5400 A207.75652; Connection 
G1 X-13.029 Y-18.079 Z1.600 F5400 A207.78074; Infill 
G1 X-12.709 Y-17.839 Z1.600 F5400 A207.79472; Connection 
G1 X-13.192 Y-17.357 Z1.600 F5400 A207.81859; Infill 
G1 X-12.886 Y-17.102 Z1.600 F5400 A207.83249; Connection 
G1 X-12.410 Y-17.579 Z1.600 F5400 A207.85605; Infill 
G1 X-12.137 Y-17.292 Z1.600 F5400 A207.86990; Connection 
G1 X-12.622 Y-16.807 Z1.600 F5400 A207.89386; Infill 
G1 X-12.375 Y-16.494 Z1.600 F5400 A207.90780; Connection 
G1 X-11.900 Y-16.969 Z1.600 F5400 A207.93129; Infill 
G1 X-11.669 Y-16.640 Z1.600 F5400 A207.94534; Connection 
G1 X-12.164 Y-16.144 Z1.600 F5400 A207.96984; Infill 
G1 X-11.978 Y-15.770 Z1.600 F5400 A207.98444; Connection 
G1 X-11.438 Y-16.311 Z1.600 F5400 A208.01118; Infill 
G1 X-11.116 Y-16.072 Z1.600 F5400 A208.02517; Connection 
G1 X-11.822 Y-15.366 Z1.600 F5400 A208.06007; Infill 
G1 X-11.666 Y-14.962 Z1.600 F5400 A208.07521; Connection 
G1 X-10.720 Y-15.908 Z1.600 F5400 A208.12198; Infill 
G1 X-10.160 Y-15.908 Z1.600 F5400 A208.14156; Connection 
G1 X-11.936 Y-14.133 Z1.600 F5400 A208.22935; Infill 
G1 X-11.754 Y-13.754 Z1.600 F5400 A208.24402; Connection 
G1 X-9.600 Y-15.908 Z1.600 F5400 A208.35051; Infill 
G1 X-9.040 Y-15.908 Z1.600 F5400 A208.37009; Connection 
G1 X-11.757 Y-13.192 Z1.600 F5400 A208.50441; Infill 
G1 X-12.195 Y-12.193 Z1.600 F5400 A208.54253; Connection 
G1 X-8.480 Y-15.908 Z1.600 F5400 A208.72620; Infill 
G1 X-7.920 Y-15.908 Z1.600 F5400 A208.74578; Connection 
G1 X-14.044 Y-9.784 Z1.600 F5400 A209.04856; Infill 
G1 X-14.822 Y-9.567 Z1.600 F5400 A209.07680; Connection 
G1 X-13.689 Y-10.699 Z1.600 F5400 A209.13278; Infill 
G1 X-14.680 Y-10.268 Z1.600 F5400 A209.17054; Connection 
G1 X-15.460 Y-9.488 Z1.600 F5400 A209.20912; Infill 
G1 X-16.014 Y-9.495 Z1.600 F5400 A209.22847; Connection 
G1 X-15.253 Y-10.256 Z1.600 F5400 A209.26609; Infill 
G1 X-15.618 Y-10.451 Z1.600 F5400 A209.28056; Connection 
G1 X-16.511 Y-9.558 Z1.600 F5400 A209.32471; Infill 
G1 X-16.963 Y-9.665 Z1.600 F5400 A209.34097; Connection 
G1 X-16.451 Y-10.178 Z1.600 F5400 A209.36630; Infill 
G1 X-16.855 Y-10.334 Z1.600 F5400 A209.38143; Connection 
G1 X-17.381 Y-9.807 Z1.600 F5400 A209.40746; Infill 
G1 X-17.770 Y-9.978 Z1.600 F5400 A209.42231; Connection 
G1 X-17.259 Y-10.490 Z1.600 F5400 A209.44760; Infill 
G1 X-17.634 Y-10.674 Z1.600 F5400 A209.46223; Connection 
G1 X-18.134 Y-10.175 Z1.600 F5400 A209.48694; Infill 
G1 X-18.469 Y-10.399 Z1.600 F5400 A209.50105; Connection 
G1 X-17.987 Y-10.882 Z1.600 F5400 A209.52491; Infill 
G1 X-18.295 Y-11.133 Z1.600 F5400 A209.53882; Connection 
G1 X-18.777 Y-10.651 Z1.600 F5400 A209.56265; Infill 
G1 X-19.065 Y-10.924 Z1.600 F5400 A209.57650; Connection 
G1 X-18.587 Y-11.402 Z1.600 F5400 A209.60012; Infill 
G1 X-18.848 Y-11.701 Z1.600 F5400 A209.61400; Connection 
G1 X-19.332 Y-11.216 Z1.600 F5400 A209.63796; Infill 
G1 X-19.569 Y-11.540 Z1.600 F5400 A209.65197; Connection 
G1 X-19.075 Y-12.034 Z1.600 F5400 A209.67642; Infill 
G1 X-19.285 Y-12.383 Z1.600 F5400 A209.69068; Connection 
G1 X-19.782 Y-11.887 Z1.600 F5400 A209.71524; Infill 
G1 X-19.971 Y-12.258 Z1.600 F5400 A209.72979; Connection 
G1 X-19.449 Y-12.779 Z1.600 F5400 A209.75558; Infill 
G1 X-19.606 Y-13.183 Z1.600 F5400 A209.77071; Connection 
G1 X-20.134 Y-12.655 Z1.600 F5400 A209.79682; Infill 
G1 X-20.260 Y-13.088 Z1.600 F5400 A209.81259; Connection 
G1 X-19.663 Y-13.685 Z1.600 F5400 A209.84211; Infill 
G1 X-20.347 Y-13.562 Z1.600 F5400 A209.86640; Connection 
G1 X-19.504 Y-14.405 Z1.600 F5400 A209.90807; Infill 
G1 X-19.699 Y-14.770 Z1.600 F5400 A209.92254; Connection 
G1 X-20.387 Y-14.081 Z1.600 F5400 A209.95658; Infill 
G1 X-20.367 Y-14.662 Z1.600 F5400 A209.97689; Connection 
G1 X-19.468 Y-15.560 Z1.600 F5400 A210.02130; Infill 
G1 X-19.468 Y-15.560 Z1.600 F1500 A208.72130; Retract 
G1 X-19.468 Y-15.560 Z1.600 F3000; Retract 
G1 X-12.902 Y-10.366 Z1.600 F9000; Travel Move 
G1 X-12.902 Y-10.366 Z1.600 F1500 A210.02130; Restart 
G1 X-7.360 Y-15.908 Z1.600 F5400 A210.29532; Infill 
G1 X-6.800 Y-15.908 Z1.600 F5400 A210.31490; Connection 
G1 X-12.228 Y-10.480 Z1.600 F5400 A210.58326; Infill 
G1 X-11.668 Y-10.480 Z1.600 F5400 A210.60284; Connection 
G1 X-6.240 Y-15.908 Z1.600 F5400 A210.87120; Infill 
G1 X-5.680 Y-15.908 Z1.600 F5400 A210.89078; Connection 
G1 X-11.108 Y-10.480 Z1.600 F5400 A211.15915; Infill 
G1 X-10.548 Y-10.480 Z1.600 F5400 A211.17873; Connection 
G1 X-5.120 Y-15.908 Z1.600 F5400 A211.44709; Infill 
G1 X-4.560 Y-15.908 Z1.600 F5400 A211.46667; Connection 
G1 X-9.988 Y-10.480 Z1.600 F5400 A211.73503; Infill 
G1 X-9.428 Y-10.480 Z1.600 F5400 A211.75461; Connection 
G1 X-4.000 Y-15.908 Z1.600 F5400 A212.02297; Infill 
G1 X-3.440 Y-15.908 Z1.600 F5400 A212.04255; Connection 
G1 X-8.868 Y-10.480 Z1.600 F5400 A212.31092; Infill 
G1 X-8.308 Y-10.480 Z1.600 F5400 A212.33049; Connection 
G1 X-2.880 Y-15.908 Z1.600 F5400 A212.59886; Infill 
G1 X-2.320 Y-15.908 Z1.600 F5400 A212.61844; Connection 
G1 X-7.748 Y-10.480 Z1.600 F5400 A212.88680; Infill 
G1 X-7.188 Y-10.480 Z1.600 F5400 A212.90638; Connection 
G1 X-1.760 Y-15.908 Z1.600 F5400 A213.17474; Infill 
G1 X-1.200 Y-15.908 Z1.600 F5400 A213.19432; Connection 
G1 X-6.628 Y-10.480 Z1.600 F5400 A213.46268; Infill 
G1 X-6.068 Y-10.480 Z1.600 F5400 A213.48226; Connection 
G1 X-0.640 Y-15.908 Z1.600 F5400 A213.75063; Infill 
G1 X-0.080 Y-15.908 Z1.600 F5400 A213.77021; Connection 
G1 X-5.507 Y-10.480 Z1.600 F5400 A214.03857; Infill 
G1 X-4.947 Y-10.480 Z1.600 F5400 A214.05815; Connection 
G1 X-3.749 Y-11.679 Z1.600 F5400 A214.11741; Infill 
G1 X-3.228 Y-11.640 Z1.600 F5400 A214.13567; Connection 
G1 X1.041 Y-15.908 Z1.600 F5400 A214.34671; Infill 
G1 X0.481 Y-15.908 Z1.600 F5400 A214.36629; Connection 
G1 X-3.373 Y-12.055 Z1.600 F5400 A214.55680; Infill 
G1 X-3.803 Y-11.064 Z1.600 F5400 A214.59456; Connection 
G1 X-4.387 Y-10.480 Z1.600 F5400 A214.62344; Infill 
G1 X-3.083 Y-11.225 Z1.600 F5400 A214.67595; Connection 
G1 X0.640 Y-14.948 Z1.600 F5400 A214.86001; Infill 
G1 X0.377 Y-14.125 Z1.600 F5400 A214.89020; Connection 
G1 X-2.811 Y-10.937 Z1.600 F5400 A215.04785; Infill 
G1 X-2.406 Y-10.782 Z1.600 F5400 A215.06302; Connection 
G1 X0.324 Y-13.512 Z1.600 F5400 A215.19799; Infill 
G1 X0.402 Y-13.030 Z1.600 F5400 A215.21508; Connection 
G1 X-2.000 Y-10.628 Z1.600 F5400 A215.33384; Infill 
G1 X-1.595 Y-10.473 Z1.600 F5400 A215.34901; Connection 
G1 X0.561 Y-12.629 Z1.600 F5400 A215.45559; Infill 
G1 X0.729 Y-12.236 Z1.600 F5400 A215.47051; Connection 
G1 X-1.189 Y-10.319 Z1.600 F5400 A215.56532; Infill 
G1 X-0.784 Y-10.164 Z1.600 F5400 A215.58049; Connection 
G1 X0.972 Y-11.920 Z1.600 F5400 A215.66728; Infill 
G1 X1.250 Y-11.638 Z1.600 F5400 A215.68113; Connection 
G1 X-0.378 Y-10.009 Z1.600 F5400 A215.76164; Infill 
G1 X0.027 Y-9.855 Z1.600 F5400 A215.77681; Connection 
G1 X1.560 Y-11.388 Z1.600 F5400 A215.85259; Infill 
G1 X1.915 Y-11.183 Z1.600 F5400 A215.86692; Connection 
G1 X0.433 Y-9.700 Z1.600 F5400 A215.94020; Infill 
G1 X0.838 Y-9.546 Z1.600 F5400 A215.95537; Connection 
G1 X2.329 Y-11.036 Z1.600 F5400 A216.02906; Infill 
G1 X2.782 Y-10.930 Z1.600 F5400 A216.04535; Connection 
G1 X1.244 Y-9.391 Z1.600 F5400 A216.12142; Infill 
G1 X1.649 Y-9.237 Z1.600 F5400 A216.13659; Connection 
G1 X3.342 Y-10.930 Z1.600 F5400 A216.22030; Infill 
G1 X4.045 Y-11.072 Z1.600 F5400 A216.24535; Connection 
G1 X2.073 Y-9.100 Z1.600 F5400 A216.34284; Infill 
G1 X2.529 Y-8.996 Z1.600 F5400 A216.35919; Connection 
G1 X5.215 Y-11.682 Z1.600 F5400 A216.49199; Infill 
G1 X5.301 Y-11.209 Z1.600 F5400 A216.50882; Connection 
G1 X2.929 Y-8.837 Z1.600 F5400 A216.62609; Infill 
G1 X3.311 Y-8.659 Z1.600 F5400 A216.64082; Connection 
G1 X5.388 Y-10.735 Z1.600 F5400 A216.74350; Infill 
G1 X5.475 Y-10.262 Z1.600 F5400 A216.76032; Connection 
G1 X3.677 Y-8.464 Z1.600 F5400 A216.84920; Infill 
G1 X4.082 Y-8.310 Z1.600 F5400 A216.86437; Connection 
G1 X5.561 Y-9.788 Z1.600 F5400 A216.93749; Infill 
G1 X5.648 Y-9.315 Z1.600 F5400 A216.95431; Connection 
G1 X4.488 Y-8.155 Z1.600 F5400 A217.01166; Infill 
G1 X4.893 Y-8.001 Z1.600 F5400 A217.02683; Connection 
G1 X5.734 Y-8.842 Z1.600 F5400 A217.06842; Infill 
G1 X5.821 Y-8.368 Z1.600 F5400 A217.08524; Connection 
G1 X5.299 Y-7.846 Z1.600 F5400 A217.11106; Infill 
G1 X5.704 Y-7.692 Z1.600 F5400 A217.12623; Connection 
G1 X5.908 Y-7.895 Z1.600 F5400 A217.13628; Infill 
G1 X5.908 Y-7.895 Z1.600 F1500 A215.83628; Retract 
G1 X5.908 Y-7.895 Z1.600 F3000; Retract 
G1 X5.884 Y-7.311 Z1.600 F9000; Travel Move 
G1 X5.884 Y-7.311 Z1.600 F1500 A217.13628; Restart 
G1 X5.228 Y-6.655 Z1.600 F5400 A217.16869; Infill 
G1 X5.023 Y-7.010 Z1.600 F5400 A217.18303; Connection 
G1 X5.478 Y-7.465 Z1.600 F5400 A217.20551; Infill 
G1 X5.073 Y-7.620 Z1.600 F5400 A217.22069; Connection 
G1 X4.809 Y-7.357 Z1.600 F5400 A217.23370; Infill 
G1 X4.553 Y-7.660 Z1.600 F5400 A217.24759; Connection 
G1 X4.667 Y-7.774 Z1.600 F5400 A217.25325; Infill 
G1 X6.169 Y-7.036 Z1.600 F5400 A217.31176; Connection 
G1 X5.393 Y-6.260 Z1.600 F5400 A217.35012; Infill 
G1 X5.534 Y-5.841 Z1.600 F5400 A217.36558; Connection 
G1 X6.404 Y-6.711 Z1.600 F5400 A217.40861; Infill 
G1 X6.527 Y-6.274 Z1.600 F5400 A217.42449; Connection 
G1 X5.626 Y-5.373 Z1.600 F5400 A217.46907; Infill 
G1 X5.672 Y-4.859 Z1.600 F5400 A217.48708; Connection 
G1 X6.473 Y-5.660 Z1.600 F5400 A217.52665; Infill 
G1 X6.418 Y-5.045 Z1.600 F5400 A217.54823; Connection 
G1 X5.676 Y-4.303 Z1.600 F5400 A217.58491; Infill 
G1 X5.622 Y-3.688 Z1.600 F5400 A217.60648; Connection 
G1 X6.363 Y-4.430 Z1.600 F5400 A217.64316; Infill 
G1 X6.309 Y-3.816 Z1.600 F5400 A217.66473; Connection 
G1 X5.567 Y-3.074 Z1.600 F5400 A217.70142; Infill 
G1 X5.512 Y-2.459 Z1.600 F5400 A217.72299; Connection 
G1 X6.254 Y-3.201 Z1.600 F5400 A217.75967; Infill 
G1 X5.541 Y-1.928 Z1.600 F5400 A217.81070; Connection 
G1 X5.458 Y-1.844 Z1.600 F5400 A217.81481; Infill 
G1 X5.484 Y-1.310 Z1.600 F5400 A217.83350; Connection 
G1 X5.403 Y-1.230 Z1.600 F5400 A217.83749; Infill 
G1 X5.426 Y-0.693 Z1.600 F5400 A217.85627; Connection 
G1 X5.348 Y-0.615 Z1.600 F5400 A217.86012; Infill 
G1 X5.369 Y-0.076 Z1.600 F5400 A217.87899; Connection 
G1 X5.294 Y-0.000 Z1.600 F5400 A217.88272; Infill 
G1 X5.312 Y0.541 Z1.600 F5400 A217.90167; Connection 
G1 X5.239 Y0.614 Z1.600 F5400 A217.90528; Infill 
G1 X5.255 Y1.158 Z1.600 F5400 A217.92431; Connection 
G1 X5.184 Y1.229 Z1.600 F5400 A217.92779; Infill 
G1 X5.184 Y1.229 Z1.600 F1500 A216.62779; Retract 
G1 X5.184 Y1.229 Z1.600 F3000; Retract 
G1 X6.521 Y-2.908 Z1.600 F9000; Travel Move 
G1 X6.521 Y-2.908 Z1.600 F1500 A217.92779; Restart 
G1 X8.684 Y-5.071 Z1.600 F5400 A218.03474; Infill 
G1 X9.024 Y-4.851 Z1.600 F5400 A218.04889; Connection 
G1 X7.399 Y-3.226 Z1.600 F5400 A218.12922; Infill 
G1 X8.532 Y-3.799 Z1.600 F5400 A218.17361; Connection 
G1 X9.364 Y-4.631 Z1.600 F5400 A218.21472; Infill 
G1 X8.005 Y-5.512 Z1.600 F5400 A218.27134; Connection 
G1 X6.631 Y-4.137 Z1.600 F5400 A218.33929; Infill 
G1 X6.576 Y-3.523 Z1.600 F5400 A218.36086; Connection 
G1 X8.345 Y-5.291 Z1.600 F5400 A218.44831; Infill 
G1 X8.345 Y-5.291 Z1.600 F1500 A217.14831; Retract 
G1 X8.345 Y-5.291 Z1.600 F3000; Retract 
G1 X7.665 Y-5.732 Z1.600 F9000; Travel Move 
G1 X7.665 Y-5.732 Z1.600 F1500 A218.44831; Restart 
G1 X6.685 Y-4.752 Z1.600 F5400 A218.49675; Infill 
G1 X6.740 Y-5.367 Z1.600 F5400 A218.51832; Connection 
G1 X7.325 Y-5.952 Z1.600 F5400 A218.54726; Infill 
G1 X6.985 Y-6.172 Z1.600 F5400 A218.56142; Connection 
G1 X6.794 Y-5.981 Z1.600 F5400 A218.57086; Infill 
G1 X6.794 Y-5.981 Z1.600 F1500 A217.27086; Retract 
G1 X6.794 Y-5.981 Z1.600 F3000; Retract 
G1 X0.612 Y-9.320 Z1.600 F9000; Travel Move 
M73 P26; Update Progress 
G1 X0.612 Y-9.320 Z1.600 F1500 A218.57086; Restart 
G1 X0.434 Y-9.142 Z1.600 F5400 A218.57966; Infill 
G1 X0.207 Y-9.474 Z1.600 F5400 A218.59375; Connection 
G1 X-0.312 Y-8.956 Z1.600 F5400 A218.61938; Infill 
G1 X-0.199 Y-9.629 Z1.600 F5400 A218.64324; Connection 
G1 X-1.422 Y-8.406 Z1.600 F5400 A218.70370; Infill 
G1 X-1.010 Y-9.938 Z1.600 F5400 A218.75915; Connection 
G1 X-3.204 Y-7.744 Z1.600 F5400 A218.86763; Infill 
G1 X-3.149 Y-8.358 Z1.600 F5400 A218.88921; Connection 
G1 X-1.415 Y-10.092 Z1.600 F5400 A218.97494; Infill 
G1 X-1.821 Y-10.247 Z1.600 F5400 A218.99011; Connection 
G1 X-3.095 Y-8.973 Z1.600 F5400 A219.05310; Infill 
G1 X-3.043 Y-9.585 Z1.600 F5400 A219.07457; Connection 
G1 X-2.226 Y-10.401 Z1.600 F5400 A219.11494; Infill 
G1 X-2.632 Y-10.556 Z1.600 F5400 A219.13011; Connection 
G1 X-3.278 Y-9.910 Z1.600 F5400 A219.16205; Infill 
G1 X-3.545 Y-10.202 Z1.600 F5400 A219.17591; Connection 
G1 X-3.037 Y-10.710 Z1.600 F5400 A219.20103; Infill 
G1 X-3.312 Y-10.996 Z1.600 F5400 A219.21487; Connection 
G1 X-3.536 Y-10.772 Z1.600 F5400 A219.22596; Infill 
G1 X-3.482 Y-11.386 Z1.600 F5400 A219.24753; Connection 
G1 X-3.457 Y-11.411 Z1.600 F5400 A219.24874; Infill 
G1 X-2.551 Y-7.277 Z1.600 F5400 A219.39669; Connection 
G1 X-3.313 Y-6.514 Z1.600 F5400 A219.43440; Infill 
G1 X-3.150 Y-6.117 Z1.600 F5400 A219.44941; Connection 
G1 X-3.368 Y-5.900 Z1.600 F5400 A219.46016; Infill 
G1 X-3.333 Y-5.375 Z1.600 F5400 A219.47854; Connection 
G1 X-3.423 Y-5.285 Z1.600 F5400 A219.48300; Infill 
G1 X-3.391 Y-4.756 Z1.600 F5400 A219.50151; Connection 
G1 X-3.477 Y-4.670 Z1.600 F5400 A219.50576; Infill 
G1 X-3.446 Y-4.141 Z1.600 F5400 A219.52428; Connection 
G1 X-3.532 Y-4.056 Z1.600 F5400 A219.52853; Infill 
G1 X-3.501 Y-3.527 Z1.600 F5400 A219.54704; Connection 
G1 X-3.587 Y-3.441 Z1.600 F5400 A219.55129; Infill 
G1 X-3.555 Y-2.912 Z1.600 F5400 A219.56981; Connection 
G1 X-3.641 Y-2.826 Z1.600 F5400 A219.57406; Infill 
G1 X-3.610 Y-2.297 Z1.600 F5400 A219.59257; Connection 
G1 X-3.696 Y-2.212 Z1.600 F5400 A219.59683; Infill 
G1 X-3.664 Y-1.683 Z1.600 F5400 A219.61534; Connection 
G1 X-3.750 Y-1.597 Z1.600 F5400 A219.61959; Infill 
G1 X-3.719 Y-1.068 Z1.600 F5400 A219.63811; Connection 
G1 X-3.744 Y-1.043 Z1.600 F5400 A219.63935; Infill 
G1 X-3.259 Y-7.129 Z1.600 F5400 A219.85279; Connection 
G1 X-0.604 Y-9.783 Z1.600 F5400 A219.98402; Infill 
; Chunk 16 
; Lower Position  1.6 
; Upper Position  1.8 
; Thickness       0.2 
; Width           0.4 
G1 X-0.604 Y-9.783 Z1.600 F1500 A218.68402; Retract 
G1 X-0.604 Y-9.783 Z1.600 F3000; Retract 
G1 X-0.604 Y-9.783 Z1.800 F1380; Travel Move 
G1 X-17.844 Y-17.259 Z1.800 F9000; Travel Move 
G1 X-17.844 Y-17.259 Z1.800 F1500 A219.98402; Restart 
G1 X-17.316 Y-17.570 Z1.800 F5400 A220.00544; Inset 
G1 X-16.383 Y-17.931 Z1.800 F5400 A220.04042; Inset 
G1 X-15.683 Y-17.594 Z1.800 F5400 A220.06757; Inset 
G1 X-14.983 Y-17.931 Z1.800 F5400 A220.09472; Inset 
G1 X-14.050 Y-17.570 Z1.800 F5400 A220.12970; Inset 
G1 X-13.522 Y-17.259 Z1.800 F5400 A220.15112; Inset 
G1 X-13.060 Y-16.874 Z1.800 F5400 A220.17215; Inset 
G1 X-12.665 Y-16.421 Z1.800 F5400 A220.19317; Inset 
G1 X-12.307 Y-15.828 Z1.800 F5400 A220.21739; Inset 
G1 X-11.946 Y-14.894 Z1.800 F5400 A220.25237; Inset 
G1 X-12.283 Y-14.194 Z1.800 F5400 A220.27952; Inset 
G1 X-11.946 Y-13.495 Z1.800 F5400 A220.30666; Inset 
G1 X-12.307 Y-12.561 Z1.800 F5400 A220.34165; Inset 
G1 X-12.618 Y-12.033 Z1.800 F5400 A220.36307; Inset 
G1 X-13.003 Y-11.571 Z1.800 F5400 A220.38409; Inset 
G1 X-13.457 Y-11.176 Z1.800 F5400 A220.40511; Inset 
G1 X-14.050 Y-10.819 Z1.800 F5400 A220.42933; Inset 
G1 X-15.007 Y-10.449 Z1.800 F5400 A220.46519; Inset 
G1 X-15.683 Y-10.810 Z1.800 F5400 A220.49200; Inset 
G1 X-16.359 Y-10.449 Z1.800 F5400 A220.51880; Inset 
G1 X-17.316 Y-10.819 Z1.800 F5400 A220.55466; Inset 
G1 X-17.909 Y-11.176 Z1.800 F5400 A220.57888; Inset 
G1 X-18.363 Y-11.571 Z1.800 F5400 A220.59990; Inset 
G1 X-18.748 Y-12.033 Z1.800 F5400 A220.62093; Inset 
G1 X-19.058 Y-12.561 Z1.800 F5400 A220.64234; Inset 
G1 X-19.428 Y-13.518 Z1.800 F5400 A220.67821; Inset 
G1 X-19.067 Y-14.194 Z1.800 F5400 A220.70501; Inset 
G1 X-19.428 Y-14.871 Z1.800 F5400 A220.73181; Inset 
G1 X-19.058 Y-15.828 Z1.800 F5400 A220.76768; Inset 
G1 X-18.748 Y-16.356 Z1.800 F5400 A220.78910; Inset 
G1 X-18.363 Y-16.818 Z1.800 F5400 A220.81012; Inset 
G1 X-17.844 Y-17.259 Z1.800 F5400 A220.83394; Inset 
G1 X-17.844 Y-17.259 Z1.800 F1500 A219.53394; Retract 
G1 X-17.844 Y-17.259 Z1.800 F3000; Retract 
G1 X-17.623 Y-16.925 Z1.800 F9000; Travel Move 
G1 X-17.623 Y-16.925 Z1.800 F1500 A220.83394; Restart 
G1 X-17.155 Y-17.203 Z1.800 F5400 A220.85296; Inset 
G1 X-16.400 Y-17.495 Z1.800 F5400 A220.88127; Inset 
G1 X-15.932 Y-17.270 Z1.800 F5400 A220.89944; Inset 
G1 X-15.809 Y-16.880 Z1.800 F5400 A220.91375; Inset 
G1 X-15.741 Y-16.815 Z1.800 F5400 A220.91702; Inset 
G1 X-15.683 Y-16.800 Z1.800 F5400 A220.91911; Inset 
G1 X-15.625 Y-16.815 Z1.800 F5400 A220.92120; Inset 
G1 X-15.557 Y-16.880 Z1.800 F5400 A220.92447; Inset 
G1 X-15.434 Y-17.270 Z1.800 F5400 A220.93879; Inset 
G1 X-14.966 Y-17.495 Z1.800 F5400 A220.95695; Inset 
G1 X-14.210 Y-17.203 Z1.800 F5400 A220.98526; Inset 
G1 X-13.743 Y-16.925 Z1.800 F5400 A221.00428; Inset 
G1 X-13.331 Y-16.580 Z1.800 F5400 A221.02306; Inset 
G1 X-12.980 Y-16.174 Z1.800 F5400 A221.04184; Inset 
G1 X-12.674 Y-15.667 Z1.800 F5400 A221.06254; Inset 
G1 X-12.382 Y-14.911 Z1.800 F5400 A221.09085; Inset 
G1 X-12.607 Y-14.443 Z1.800 F5400 A221.10901; Inset 
G1 X-13.009 Y-14.316 Z1.800 F5400 A221.12376; Inset 
G1 X-13.050 Y-14.273 Z1.800 F5400 A221.12585; Inset 
G1 X-13.074 Y-14.182 Z1.800 F5400 A221.12912; Inset 
G1 X-13.059 Y-14.125 Z1.800 F5400 A221.13121; Inset 
G1 X-13.009 Y-14.072 Z1.800 F5400 A221.13373; Inset 
G1 X-12.607 Y-13.945 Z1.800 F5400 A221.14847; Inset 
G1 X-12.382 Y-13.477 Z1.800 F5400 A221.16663; Inset 
G1 X-12.674 Y-12.722 Z1.800 F5400 A221.19495; Inset 
G1 X-12.952 Y-12.254 Z1.800 F5400 A221.21397; Inset 
G1 X-13.297 Y-11.843 Z1.800 F5400 A221.23275; Inset 
G1 X-13.704 Y-11.491 Z1.800 F5400 A221.25153; Inset 
G1 X-14.210 Y-11.185 Z1.800 F5400 A221.27222; Inset 
G1 X-14.980 Y-10.888 Z1.800 F5400 A221.30107; Inset 
G1 X-15.465 Y-11.147 Z1.800 F5400 A221.32029; Inset 
G1 X-15.570 Y-11.529 Z1.800 F5400 A221.33415; Inset 
G1 X-15.659 Y-11.586 Z1.800 F5400 A221.33785; Inset 
G1 X-15.718 Y-11.581 Z1.800 F5400 A221.33994; Inset 
G1 X-15.796 Y-11.529 Z1.800 F5400 A221.34321; Inset 
G1 X-15.901 Y-11.147 Z1.800 F5400 A221.35707; Inset 
G1 X-16.386 Y-10.888 Z1.800 F5400 A221.37629; Inset 
G1 X-17.155 Y-11.185 Z1.800 F5400 A221.40513; Inset 
G1 X-17.662 Y-11.491 Z1.800 F5400 A221.42583; Inset 
G1 X-18.069 Y-11.843 Z1.800 F5400 A221.44461; Inset 
G1 X-18.414 Y-12.254 Z1.800 F5400 A221.46339; Inset 
G1 X-18.692 Y-12.722 Z1.800 F5400 A221.48241; Inset 
G1 X-18.989 Y-13.491 Z1.800 F5400 A221.51125; Inset 
G1 X-18.730 Y-13.976 Z1.800 F5400 A221.53047; Inset 
G1 X-18.413 Y-14.048 Z1.800 F5400 A221.54184; Inset 
G1 X-18.307 Y-14.125 Z1.800 F5400 A221.54642; Inset 
G1 X-18.292 Y-14.182 Z1.800 F5400 A221.54851; Inset 
G1 X-18.315 Y-14.273 Z1.800 F5400 A221.55179; Inset 
G1 X-18.413 Y-14.341 Z1.800 F5400 A221.55595; Inset 
G1 X-18.730 Y-14.412 Z1.800 F5400 A221.56731; Inset 
G1 X-18.989 Y-14.897 Z1.800 F5400 A221.58654; Inset 
G1 X-18.692 Y-15.667 Z1.800 F5400 A221.61538; Inset 
G1 X-18.386 Y-16.174 Z1.800 F5400 A221.63608; Inset 
G1 X-18.035 Y-16.580 Z1.800 F5400 A221.65486; Inset 
G1 X-17.623 Y-16.925 Z1.800 F5400 A221.67364; Inset 
G1 X-17.623 Y-16.925 Z1.800 F1500 A220.37364; Retract 
G1 X-17.623 Y-16.925 Z1.800 F3000; Retract 
G1 X-17.409 Y-16.587 Z1.800 F9000; Travel Move 
G1 X-17.409 Y-16.587 Z1.800 F1500 A221.67364; Restart 
G1 X-17.003 Y-16.833 Z1.800 F2400 A221.69023; Inset 
G1 X-16.299 Y-17.105 Z1.800 F2400 A221.71661; Inset 
G1 X-16.170 Y-16.695 Z1.800 F2400 A221.73167; Inset 
G1 X-16.059 Y-16.547 Z1.800 F2400 A221.73810; Inset 
G1 X-15.907 Y-16.445 Z1.800 F2400 A221.74452; Inset 
G1 X-15.720 Y-16.397 Z1.800 F2400 A221.75125; Inset 
G1 X-15.459 Y-16.445 Z1.800 F2400 A221.76055; Inset 
G1 X-15.306 Y-16.547 Z1.800 F2400 A221.76697; Inset 
G1 X-15.196 Y-16.695 Z1.800 F2400 A221.77339; Inset 
G1 X-15.066 Y-17.105 Z1.800 F2400 A221.78846; Inset 
G1 X-14.363 Y-16.833 Z1.800 F2400 A221.81484; Inset 
G1 X-13.957 Y-16.587 Z1.800 F2400 A221.83143; Inset 
G1 X-13.596 Y-16.281 Z1.800 F2400 A221.84797; Inset 
G1 X-13.290 Y-15.920 Z1.800 F2400 A221.86451; Inset 
G1 X-13.044 Y-15.514 Z1.800 F2400 A221.88111; Inset 
G1 X-12.772 Y-14.811 Z1.800 F2400 A221.90748; Inset 
G1 X-13.191 Y-14.679 Z1.800 F2400 A221.92285; Inset 
G1 X-13.387 Y-14.499 Z1.800 F2400 A221.93216; Inset 
G1 X-13.462 Y-14.331 Z1.800 F2400 A221.93858; Inset 
G1 X-13.478 Y-14.148 Z1.800 F2400 A221.94500; Inset 
G1 X-13.393 Y-13.896 Z1.800 F2400 A221.95430; Inset 
G1 X-13.191 Y-13.710 Z1.800 F2400 A221.96391; Inset 
G1 X-12.772 Y-13.578 Z1.800 F2400 A221.97927; Inset 
G1 X-13.044 Y-12.874 Z1.800 F2400 A222.00565; Inset 
G1 X-13.290 Y-12.468 Z1.800 F2400 A222.02225; Inset 
G1 X-13.596 Y-12.108 Z1.800 F2400 A222.03879; Inset 
G1 X-13.957 Y-11.801 Z1.800 F2400 A222.05533; Inset 
G1 X-14.363 Y-11.555 Z1.800 F2400 A222.07193; Inset 
G1 X-15.084 Y-11.276 Z1.800 F2400 A222.09896; Inset 
G1 X-15.157 Y-11.601 Z1.800 F2400 A222.11060; Inset 
G1 X-15.245 Y-11.772 Z1.800 F2400 A222.11733; Inset 
G1 X-15.378 Y-11.899 Z1.800 F2400 A222.12375; Inset 
G1 X-15.628 Y-11.990 Z1.800 F2400 A222.13305; Inset 
G1 X-15.820 Y-11.974 Z1.800 F2400 A222.13978; Inset 
G1 X-15.987 Y-11.899 Z1.800 F2400 A222.14620; Inset 
G1 X-16.121 Y-11.772 Z1.800 F2400 A222.15263; Inset 
G1 X-16.209 Y-11.601 Z1.800 F2400 A222.15935; Inset 
G1 X-16.282 Y-11.276 Z1.800 F2400 A222.17099; Inset 
G1 X-17.003 Y-11.555 Z1.800 F2400 A222.19803; Inset 
G1 X-17.409 Y-11.801 Z1.800 F2400 A222.21462; Inset 
G1 X-17.769 Y-12.108 Z1.800 F2400 A222.23116; Inset 
G1 X-18.076 Y-12.468 Z1.800 F2400 A222.24771; Inset 
G1 X-18.322 Y-12.874 Z1.800 F2400 A222.26430; Inset 
G1 X-18.601 Y-13.596 Z1.800 F2400 A222.29134; Inset 
G1 X-18.276 Y-13.669 Z1.800 F2400 A222.30298; Inset 
G1 X-18.105 Y-13.756 Z1.800 F2400 A222.30970; Inset 
G1 X-17.972 Y-13.896 Z1.800 F2400 A222.31643; Inset 
G1 X-17.888 Y-14.148 Z1.800 F2400 A222.32573; Inset 
G1 X-17.903 Y-14.331 Z1.800 F2400 A222.33215; Inset 
G1 X-17.978 Y-14.499 Z1.800 F2400 A222.33858; Inset 
G1 X-18.105 Y-14.632 Z1.800 F2400 A222.34500; Inset 
G1 X-18.276 Y-14.720 Z1.800 F2400 A222.35172; Inset 
G1 X-18.601 Y-14.793 Z1.800 F2400 A222.36336; Inset 
G1 X-18.322 Y-15.514 Z1.800 F2400 A222.39040; Inset 
G1 X-18.076 Y-15.920 Z1.800 F2400 A222.40699; Inset 
G1 X-17.769 Y-16.281 Z1.800 F2400 A222.42354; Inset 
G1 X-17.409 Y-16.587 Z1.800 F2400 A222.44008; Inset 
G1 X-17.409 Y-16.587 Z1.800 F1500 A221.14008; Retract 
G1 X-17.409 Y-16.587 Z1.800 F3000; Retract 
G1 X-18.661 Y-18.208 Z1.800 F9000; Travel Move 
G1 X-18.661 Y-18.208 Z1.800 F1500 A222.44008; Restart 
G1 X-19.105 Y-17.837 Z1.800 F5400 A222.46033; Inset 
G1 X-19.504 Y-17.416 Z1.800 F5400 A222.48058; Inset 
G1 X-19.851 Y-16.953 Z1.800 F5400 A222.50083; Inset 
G1 X-20.142 Y-16.452 Z1.800 F5400 A222.52109; Inset 
G1 X-20.373 Y-15.921 Z1.800 F5400 A222.54133; Inset 
G1 X-20.542 Y-15.367 Z1.800 F5400 A222.56158; Inset 
G1 X-20.645 Y-14.797 Z1.800 F5400 A222.58184; Inset 
G1 X-20.681 Y-14.218 Z1.800 F5400 A222.60209; Inset 
G1 X-20.650 Y-13.640 Z1.800 F5400 A222.62234; Inset 
G1 X-20.553 Y-13.069 Z1.800 F5400 A222.64259; Inset 
G1 X-20.390 Y-12.513 Z1.800 F5400 A222.66284; Inset 
G1 X-20.164 Y-11.980 Z1.800 F5400 A222.68309; Inset 
G1 X-19.877 Y-11.476 Z1.800 F5400 A222.70334; Inset 
G1 X-19.535 Y-11.009 Z1.800 F5400 A222.72359; Inset 
G1 X-19.140 Y-10.585 Z1.800 F5400 A222.74384; Inset 
G1 X-18.700 Y-10.209 Z1.800 F5400 A222.76409; Inset 
G1 X-18.218 Y-9.887 Z1.800 F5400 A222.78435; Inset 
G1 X-17.703 Y-9.622 Z1.800 F5400 A222.80459; Inset 
G1 X-17.160 Y-9.419 Z1.800 F5400 A222.82485; Inset 
G1 X-16.598 Y-9.281 Z1.800 F5400 A222.84509; Inset 
G1 X-16.023 Y-9.208 Z1.800 F5400 A222.86534; Inset 
G1 X-15.444 Y-9.202 Z1.800 F5400 A222.88560; Inset 
G1 X-14.868 Y-9.263 Z1.800 F5400 A222.90585; Inset 
G1 X-14.303 Y-9.390 Z1.800 F5400 A222.92610; Inset 
G1 X-13.774 Y-9.576 Z1.800 F5400 A222.94570; Inset 
G1 X-12.729 Y-10.134 Z1.800 F5400 A222.98714; Inset 
G1 X-12.489 Y-10.194 Z1.800 F5400 A222.99576; Inset 
G1 X-3.926 Y-10.194 Z1.800 F5400 A223.29514; Inset 
G1 X-3.331 Y-9.545 Z1.800 F5400 A223.32594; Inset 
G1 X-4.096 Y-0.940 Z1.800 F5400 A223.62794; Inset 
G1 X-4.091 Y-0.873 Z1.800 F5400 A223.63027; Inset 
G1 X-3.471 Y-0.626 Z1.800 F5400 A223.65361; Inset 
G1 X-3.056 Y-5.304 Z1.800 F5400 A223.81777; Inset 
G1 X-2.865 Y-6.073 Z1.800 F5400 A223.84548; Inset 
G1 X-2.571 Y-6.732 Z1.800 F5400 A223.87072; Inset 
G1 X-2.222 Y-7.265 Z1.800 F5400 A223.89299; Inset 
G1 X-1.735 Y-7.798 Z1.800 F5400 A223.91823; Inset 
G1 X-1.165 Y-8.242 Z1.800 F5400 A223.94346; Inset 
G1 X-0.529 Y-8.582 Z1.800 F5400 A223.96870; Inset 
G1 X0.156 Y-8.810 Z1.800 F5400 A223.99393; Inset 
G1 X0.870 Y-8.919 Z1.800 F5400 A224.01917; Inset 
G1 X1.591 Y-8.905 Z1.800 F5400 A224.04440; Inset 
G1 X2.382 Y-8.746 Z1.800 F5400 A224.07260; Inset 
G1 X3.053 Y-8.480 Z1.800 F5400 A224.09783; Inset 
G1 X3.600 Y-8.153 Z1.800 F5400 A224.12011; Inset 
G1 X4.153 Y-7.689 Z1.800 F5400 A224.14534; Inset 
G1 X4.619 Y-7.138 Z1.800 F5400 A224.17058; Inset 
G1 X5.022 Y-6.440 Z1.800 F5400 A224.19877; Inset 
G1 X5.242 Y-5.842 Z1.800 F5400 A224.22104; Inset 
G1 X5.381 Y-5.134 Z1.800 F5400 A224.24628; Inset 
G1 X5.396 Y-4.378 Z1.800 F5400 A224.27270; Inset 
G1 X4.855 Y1.705 Z1.800 F5400 A224.48620; Inset 
G1 X5.482 Y1.804 Z1.800 F5400 A224.50840; Inset 
G1 X5.822 Y-1.867 Z1.800 F5400 A224.63728; Inset 
G1 X6.124 Y-2.300 Z1.800 F5400 A224.65575; Inset 
G1 X8.503 Y-3.437 Z1.800 F5400 A224.74790; Inset 
G1 X9.104 Y-3.835 Z1.800 F5400 A224.77311; Inset 
G1 X9.973 Y-4.577 Z1.800 F5400 A224.81306; Inset 
G1 X6.911 Y-6.562 Z1.800 F5400 A224.94064; Inset 
G1 X6.485 Y-7.057 Z1.800 F5400 A224.96346; Inset 
G1 X6.405 Y-7.200 Z1.800 F5400 A224.96918; Inset 
G1 X6.235 Y-7.698 Z1.800 F5400 A224.98758; Inset 
G1 X5.337 Y-12.604 Z1.800 F5400 A225.16195; Inset 
G1 X5.188 Y-12.311 Z1.800 F5400 A225.17342; Inset 
G1 X4.741 Y-11.803 Z1.800 F5400 A225.19709; Inset 
G1 X4.608 Y-11.696 Z1.800 F5400 A225.20305; Inset 
G1 X3.917 Y-11.328 Z1.800 F5400 A225.23040; Inset 
G1 X3.421 Y-11.216 Z1.800 F5400 A225.24819; Inset 
G1 X2.765 Y-11.216 Z1.800 F5400 A225.27112; Inset 
G1 X2.598 Y-11.245 Z1.800 F5400 A225.27707; Inset 
G1 X1.959 Y-11.470 Z1.800 F5400 A225.30075; Inset 
G1 X1.810 Y-11.553 Z1.800 F5400 A225.30670; Inset 
G1 X1.300 Y-11.965 Z1.800 F5400 A225.32963; Inset 
G1 X0.985 Y-12.365 Z1.800 F5400 A225.34741; Inset 
G1 X0.686 Y-13.065 Z1.800 F5400 A225.37402; Inset 
G1 X0.605 Y-13.567 Z1.800 F5400 A225.39181; Inset 
G1 X0.689 Y-14.345 Z1.800 F5400 A225.41916; Inset 
G1 X0.738 Y-14.508 Z1.800 F5400 A225.42511; Inset 
G1 X1.043 Y-15.113 Z1.800 F5400 A225.44879; Inset 
G1 X1.145 Y-15.249 Z1.800 F5400 A225.45474; Inset 
G1 X1.634 Y-15.718 Z1.800 F5400 A225.47842; Inset 
G1 X1.775 Y-15.813 Z1.800 F5400 A225.48437; Inset 
G1 X2.392 Y-16.092 Z1.800 F5400 A225.50805; Inset 
G1 X2.556 Y-16.135 Z1.800 F5400 A225.51400; Inset 
G1 X3.148 Y-16.185 Z1.800 F5400 A225.53474; Inset 
G1 X-10.731 Y-16.194 Z1.800 F5400 A226.01994; Inset 
G1 X-11.164 Y-16.420 Z1.800 F5400 A226.03701; Inset 
G1 X-11.876 Y-17.432 Z1.800 F5400 A226.08029; Inset 
G1 X-12.264 Y-17.841 Z1.800 F5400 A226.09999; Inset 
G1 X-12.709 Y-18.212 Z1.800 F5400 A226.12024; Inset 
G1 X-13.194 Y-18.529 Z1.800 F5400 A226.14049; Inset 
G1 X-13.712 Y-18.788 Z1.800 F5400 A226.16074; Inset 
G1 X-14.257 Y-18.985 Z1.800 F5400 A226.18100; Inset 
G1 X-14.821 Y-19.118 Z1.800 F5400 A226.20125; Inset 
G1 X-15.396 Y-19.184 Z1.800 F5400 A226.22150; Inset 
G1 X-15.975 Y-19.184 Z1.800 F5400 A226.24175; Inset 
G1 X-16.551 Y-19.117 Z1.800 F5400 A226.26200; Inset 
G1 X-17.114 Y-18.983 Z1.800 F5400 A226.28225; Inset 
G1 X-17.659 Y-18.786 Z1.800 F5400 A226.30250; Inset 
G1 X-18.177 Y-18.526 Z1.800 F5400 A226.32275; Inset 
G1 X-18.661 Y-18.208 Z1.800 F5400 A226.34300; Inset 
G1 X-18.661 Y-18.208 Z1.800 F1500 A225.04300; Retract 
G1 X-18.661 Y-18.208 Z1.800 F3000; Retract 
G1 X1.970 Y-15.463 Z1.800 F9000; Travel Move 
G1 X1.970 Y-15.463 Z1.800 F1500 A226.34300; Restart 
G1 X2.624 Y-15.739 Z1.800 F5400 A226.36782; Inset 
G1 X3.295 Y-15.787 Z1.800 F5400 A226.39133; Inset 
G1 X3.694 Y-15.708 Z1.800 F5400 A226.40555; Inset 
G1 X4.291 Y-15.428 Z1.800 F5400 A226.42861; Inset 
G1 X4.602 Y-15.165 Z1.800 F5400 A226.44284; Inset 
G1 X5.002 Y-14.594 Z1.800 F5400 A226.46721; Inset 
G1 X5.193 Y-13.910 Z1.800 F5400 A226.49203; Inset 
G1 X5.146 Y-13.202 Z1.800 F5400 A226.51685; Inset 
G1 X4.865 Y-12.550 Z1.800 F5400 A226.54168; Inset 
G1 X4.463 Y-12.093 Z1.800 F5400 A226.56297; Inset 
G1 X3.863 Y-11.738 Z1.800 F5400 A226.58735; Inset 
G1 X3.472 Y-11.626 Z1.800 F5400 A226.60157; Inset 
G1 X2.799 Y-11.616 Z1.800 F5400 A226.62508; Inset 
G1 X2.124 Y-11.836 Z1.800 F5400 A226.64990; Inset 
G1 X1.571 Y-12.261 Z1.800 F5400 A226.67427; Inset 
G1 X1.322 Y-12.582 Z1.800 F5400 A226.68850; Inset 
G1 X1.067 Y-13.190 Z1.800 F5400 A226.71156; Inset 
G1 X1.005 Y-13.669 Z1.800 F5400 A226.72843; Inset 
G1 X1.111 Y-14.358 Z1.800 F5400 A226.75281; Inset 
G1 X1.446 Y-14.984 Z1.800 F5400 A226.77763; Inset 
G1 X1.970 Y-15.463 Z1.800 F5400 A226.80245; Inset 
G1 X1.970 Y-15.463 Z1.800 F1500 A225.50245; Retract 
G1 X1.970 Y-15.463 Z1.800 F3000; Retract 
G1 X2.150 Y-15.105 Z1.800 F9000; Travel Move 
G1 X2.150 Y-15.105 Z1.800 F1500 A226.80245; Restart 
G1 X2.675 Y-15.342 Z1.800 F2400 A226.82258; Inset 
G1 X3.240 Y-15.390 Z1.800 F2400 A226.84239; Inset 
G1 X3.541 Y-15.339 Z1.800 F2400 A226.85308; Inset 
G1 X4.050 Y-15.109 Z1.800 F2400 A226.87259; Inset 
G1 X4.287 Y-14.917 Z1.800 F2400 A226.88328; Inset 
G1 X4.625 Y-14.461 Z1.800 F2400 A226.90310; Inset 
G1 X4.793 Y-13.911 Z1.800 F2400 A226.92322; Inset 
G1 X4.769 Y-13.336 Z1.800 F2400 A226.94334; Inset 
G1 X4.554 Y-12.801 Z1.800 F2400 A226.96347; Inset 
G1 X4.174 Y-12.369 Z1.800 F2400 A226.98359; Inset 
G1 X3.679 Y-12.093 Z1.800 F2400 A227.00341; Inset 
G1 X3.383 Y-12.016 Z1.800 F2400 A227.01409; Inset 
G1 X2.816 Y-12.016 Z1.800 F2400 A227.03391; Inset 
G1 X2.273 Y-12.208 Z1.800 F2400 A227.05403; Inset 
G1 X1.832 Y-12.564 Z1.800 F2400 A227.07385; Inset 
G1 X1.651 Y-12.810 Z1.800 F2400 A227.08454; Inset 
G1 X1.443 Y-13.328 Z1.800 F2400 A227.10406; Inset 
G1 X1.404 Y-13.631 Z1.800 F2400 A227.11474; Inset 
G1 X1.476 Y-14.193 Z1.800 F2400 A227.13456; Inset 
G1 X1.735 Y-14.707 Z1.800 F2400 A227.15468; Inset 
G1 X2.150 Y-15.105 Z1.800 F2400 A227.17480; Inset 
G1 X2.150 Y-15.105 Z1.800 F1500 A225.87480; Retract 
G1 X2.150 Y-15.105 Z1.800 F3000; Retract 
G1 X-18.900 Y-18.530 Z1.800 F9000; Travel Move 
G1 X-18.900 Y-18.530 Z1.800 F1500 A227.17480; Restart 
G1 X-19.380 Y-18.129 Z1.800 F5400 A227.19668; Inset 
G1 X-19.810 Y-17.675 Z1.800 F5400 A227.21855; Inset 
G1 X-20.185 Y-17.174 Z1.800 F5400 A227.24042; Inset 
G1 X-20.500 Y-16.633 Z1.800 F5400 A227.26230; Inset 
G1 X-20.749 Y-16.059 Z1.800 F5400 A227.28418; Inset 
G1 X-20.931 Y-15.461 Z1.800 F5400 A227.30605; Inset 
G1 X-21.042 Y-14.845 Z1.800 F5400 A227.32792; Inset 
G1 X-21.082 Y-14.220 Z1.800 F5400 A227.34980; Inset 
G1 X-21.048 Y-13.596 Z1.800 F5400 A227.37167; Inset 
G1 X-20.943 Y-12.979 Z1.800 F5400 A227.39354; Inset 
G1 X-20.767 Y-12.378 Z1.800 F5400 A227.41542; Inset 
G1 X-20.523 Y-11.802 Z1.800 F5400 A227.43729; Inset 
G1 X-20.214 Y-11.258 Z1.800 F5400 A227.45917; Inset 
G1 X-19.844 Y-10.754 Z1.800 F5400 A227.48104; Inset 
G1 X-19.418 Y-10.296 Z1.800 F5400 A227.50291; Inset 
G1 X-18.941 Y-9.890 Z1.800 F5400 A227.52479; Inset 
G1 X-18.422 Y-9.542 Z1.800 F5400 A227.54666; Inset 
G1 X-17.865 Y-9.256 Z1.800 F5400 A227.56854; Inset 
G1 X-17.279 Y-9.037 Z1.800 F5400 A227.59041; Inset 
G1 X-16.671 Y-8.887 Z1.800 F5400 A227.61229; Inset 
G1 X-16.051 Y-8.808 Z1.800 F5400 A227.63416; Inset 
G1 X-15.425 Y-8.802 Z1.800 F5400 A227.65604; Inset 
G1 X-14.803 Y-8.868 Z1.800 F5400 A227.67791; Inset 
G1 X-14.192 Y-9.005 Z1.800 F5400 A227.69978; Inset 
G1 X-13.613 Y-9.209 Z1.800 F5400 A227.72127; Inset 
G1 X-12.584 Y-9.758 Z1.800 F5400 A227.76205; Inset 
G1 X-12.440 Y-9.794 Z1.800 F5400 A227.76722; Inset 
G1 X-4.102 Y-9.794 Z1.800 F5400 A228.05873; Inset 
G1 X-3.745 Y-9.404 Z1.800 F5400 A228.07720; Inset 
G1 X-4.497 Y-0.944 Z1.800 F5400 A228.37415; Inset 
G1 X-4.485 Y-0.773 Z1.800 F5400 A228.38014; Inset 
G1 X-4.430 Y-0.636 Z1.800 F5400 A228.38529; Inset 
G1 X-4.314 Y-0.532 Z1.800 F5400 A228.39075; Inset 
G1 X-3.120 Y-0.056 Z1.800 F5400 A228.43568; Inset 
G1 X-2.658 Y-5.253 Z1.800 F5400 A228.61808; Inset 
G1 X-2.508 Y-5.881 Z1.800 F5400 A228.64065; Inset 
G1 X-2.251 Y-6.483 Z1.800 F5400 A228.66352; Inset 
G1 X-1.897 Y-7.032 Z1.800 F5400 A228.68638; Inset 
G1 X-1.454 Y-7.513 Z1.800 F5400 A228.70924; Inset 
G1 X-0.936 Y-7.913 Z1.800 F5400 A228.73210; Inset 
M73 P27; Update Progress 
G1 X-0.359 Y-8.220 Z1.800 F5400 A228.75496; Inset 
G1 X0.262 Y-8.424 Z1.800 F5400 A228.77782; Inset 
G1 X0.909 Y-8.520 Z1.800 F5400 A228.80069; Inset 
G1 X1.563 Y-8.506 Z1.800 F5400 A228.82355; Inset 
G1 X2.205 Y-8.381 Z1.800 F5400 A228.84641; Inset 
G1 X2.817 Y-8.150 Z1.800 F5400 A228.86927; Inset 
G1 X3.380 Y-7.818 Z1.800 F5400 A228.89213; Inset 
G1 X3.880 Y-7.396 Z1.800 F5400 A228.91499; Inset 
G1 X4.301 Y-6.896 Z1.800 F5400 A228.93786; Inset 
G1 X4.631 Y-6.332 Z1.800 F5400 A228.96072; Inset 
G1 X4.861 Y-5.720 Z1.800 F5400 A228.98358; Inset 
G1 X4.985 Y-5.077 Z1.800 F5400 A229.00644; Inset 
G1 X4.996 Y-4.403 Z1.800 F5400 A229.03001; Inset 
G1 X4.424 Y2.036 Z1.800 F5400 A229.25600; Inset 
G1 X5.387 Y2.205 Z1.800 F5400 A229.29020; Inset 
G1 X5.585 Y2.203 Z1.800 F5400 A229.29712; Inset 
G1 X5.735 Y2.126 Z1.800 F5400 A229.30300; Inset 
G1 X5.821 Y2.032 Z1.800 F5400 A229.30747; Inset 
G1 X5.874 Y1.914 Z1.800 F5400 A229.31198; Inset 
G1 X6.211 Y-1.725 Z1.800 F5400 A229.43974; Inset 
G1 X6.392 Y-1.985 Z1.800 F5400 A229.45082; Inset 
G1 X8.701 Y-3.088 Z1.800 F5400 A229.54026; Inset 
G1 X9.345 Y-3.515 Z1.800 F5400 A229.56730; Inset 
G1 X10.640 Y-4.621 Z1.800 F5400 A229.62684; Inset 
G1 X7.156 Y-6.880 Z1.800 F5400 A229.77202; Inset 
G1 X6.819 Y-7.279 Z1.800 F5400 A229.79029; Inset 
G1 X6.625 Y-7.785 Z1.800 F5400 A229.80924; Inset 
G1 X5.377 Y-14.608 Z1.800 F5400 A230.05171; Inset 
G1 X5.304 Y-14.901 Z1.800 F5400 A230.06226; Inset 
G1 X5.113 Y-15.348 Z1.800 F5400 A230.07927; Inset 
G1 X4.837 Y-15.751 Z1.800 F5400 A230.09633; Inset 
G1 X4.631 Y-15.963 Z1.800 F5400 A230.10665; Inset 
G1 X4.156 Y-16.300 Z1.800 F5400 A230.12705; Inset 
G1 X3.693 Y-16.493 Z1.800 F5400 A230.14458; Inset 
G1 X2.996 Y-16.594 Z1.800 F5400 A230.16919; Inset 
G1 X-10.633 Y-16.594 Z1.800 F5400 A230.64567; Inset 
G1 X-10.893 Y-16.729 Z1.800 F5400 A230.65591; Inset 
G1 X-11.566 Y-17.686 Z1.800 F5400 A230.69681; Inset 
G1 X-11.990 Y-18.133 Z1.800 F5400 A230.71835; Inset 
G1 X-12.471 Y-18.534 Z1.800 F5400 A230.74023; Inset 
G1 X-12.994 Y-18.876 Z1.800 F5400 A230.76210; Inset 
G1 X-13.554 Y-19.156 Z1.800 F5400 A230.78397; Inset 
G1 X-14.143 Y-19.369 Z1.800 F5400 A230.80585; Inset 
G1 X-14.752 Y-19.512 Z1.800 F5400 A230.82772; Inset 
G1 X-15.373 Y-19.584 Z1.800 F5400 A230.84959; Inset 
G1 X-15.999 Y-19.584 Z1.800 F5400 A230.87147; Inset 
G1 X-16.620 Y-19.511 Z1.800 F5400 A230.89334; Inset 
G1 X-17.229 Y-19.367 Z1.800 F5400 A230.91522; Inset 
G1 X-17.817 Y-19.154 Z1.800 F5400 A230.93709; Inset 
G1 X-18.377 Y-18.873 Z1.800 F5400 A230.95897; Inset 
G1 X-18.900 Y-18.530 Z1.800 F5400 A230.98084; Inset 
G1 X-18.900 Y-18.530 Z1.800 F1500 A229.68084; Retract 
G1 X-18.900 Y-18.530 Z1.800 F3000; Retract 
G1 X-19.139 Y-18.852 Z1.800 F9000; Travel Move 
G1 X-19.139 Y-18.852 Z1.800 F1500 A230.98084; Restart 
G1 X-19.654 Y-18.421 Z1.800 F2400 A231.00434; Inset 
G1 X-20.117 Y-17.933 Z1.800 F2400 A231.02784; Inset 
G1 X-20.519 Y-17.395 Z1.800 F2400 A231.05133; Inset 
G1 X-20.857 Y-16.814 Z1.800 F2400 A231.07483; Inset 
G1 X-21.126 Y-16.198 Z1.800 F2400 A231.09833; Inset 
G1 X-21.321 Y-15.555 Z1.800 F2400 A231.12183; Inset 
G1 X-21.440 Y-14.893 Z1.800 F2400 A231.14532; Inset 
G1 X-21.482 Y-14.222 Z1.800 F2400 A231.16882; Inset 
G1 X-21.447 Y-13.551 Z1.800 F2400 A231.19232; Inset 
G1 X-21.334 Y-12.889 Z1.800 F2400 A231.21581; Inset 
G1 X-21.145 Y-12.243 Z1.800 F2400 A231.23932; Inset 
G1 X-20.882 Y-11.625 Z1.800 F2400 A231.26281; Inset 
G1 X-20.550 Y-11.040 Z1.800 F2400 A231.28631; Inset 
G1 X-20.152 Y-10.499 Z1.800 F2400 A231.30981; Inset 
G1 X-19.695 Y-10.006 Z1.800 F2400 A231.33330; Inset 
G1 X-19.183 Y-9.570 Z1.800 F2400 A231.35680; Inset 
G1 X-18.625 Y-9.196 Z1.800 F2400 A231.38030; Inset 
G1 X-18.027 Y-8.889 Z1.800 F2400 A231.40380; Inset 
G1 X-17.397 Y-8.654 Z1.800 F2400 A231.42729; Inset 
G1 X-16.745 Y-8.493 Z1.800 F2400 A231.45079; Inset 
G1 X-16.078 Y-8.408 Z1.800 F2400 A231.47429; Inset 
G1 X-15.406 Y-8.401 Z1.800 F2400 A231.49778; Inset 
G1 X-14.737 Y-8.472 Z1.800 F2400 A231.52129; Inset 
G1 X-14.082 Y-8.620 Z1.800 F2400 A231.54478; Inset 
G1 X-13.451 Y-8.841 Z1.800 F2400 A231.56815; Inset 
G1 X-12.416 Y-9.394 Z1.800 F2400 A231.60917; Inset 
G1 X-4.148 Y-9.394 Z1.800 F2400 A231.89824; Inset 
G1 X-4.898 Y-0.948 Z1.800 F2400 A232.19470; Inset 
G1 X-4.880 Y-0.682 Z1.800 F2400 A232.20401; Inset 
G1 X-4.783 Y-0.442 Z1.800 F2400 A232.21305; Inset 
G1 X-4.525 Y-0.185 Z1.800 F2400 A232.22579; Inset 
G1 X-2.769 Y0.514 Z1.800 F2400 A232.29185; Inset 
G1 X-2.261 Y-5.210 Z1.800 F2400 A232.49276; Inset 
G1 X-2.122 Y-5.778 Z1.800 F2400 A232.51318; Inset 
G1 X-1.888 Y-6.315 Z1.800 F2400 A232.53368; Inset 
G1 X-1.567 Y-6.806 Z1.800 F2400 A232.55417; Inset 
G1 X-1.167 Y-7.235 Z1.800 F2400 A232.57466; Inset 
G1 X-0.701 Y-7.590 Z1.800 F2400 A232.59515; Inset 
G1 X-0.181 Y-7.861 Z1.800 F2400 A232.61565; Inset 
G1 X0.377 Y-8.041 Z1.800 F2400 A232.63614; Inset 
G1 X0.957 Y-8.123 Z1.800 F2400 A232.65663; Inset 
G1 X1.543 Y-8.106 Z1.800 F2400 A232.67712; Inset 
G1 X2.118 Y-7.991 Z1.800 F2400 A232.69762; Inset 
G1 X2.665 Y-7.780 Z1.800 F2400 A232.71811; Inset 
G1 X3.168 Y-7.479 Z1.800 F2400 A232.73860; Inset 
G1 X3.613 Y-7.098 Z1.800 F2400 A232.75910; Inset 
G1 X3.988 Y-6.647 Z1.800 F2400 A232.77959; Inset 
G1 X4.280 Y-6.139 Z1.800 F2400 A232.80008; Inset 
G1 X4.483 Y-5.589 Z1.800 F2400 A232.82057; Inset 
G1 X4.590 Y-5.013 Z1.800 F2400 A232.84106; Inset 
G1 X4.597 Y-4.434 Z1.800 F2400 A232.86132; Inset 
G1 X3.993 Y2.366 Z1.800 F2400 A233.09997; Inset 
G1 X5.354 Y2.605 Z1.800 F2400 A233.14828; Inset 
G1 X5.638 Y2.603 Z1.800 F2400 A233.15819; Inset 
G1 X5.748 Y2.574 Z1.800 F2400 A233.16219; Inset 
G1 X5.984 Y2.446 Z1.800 F2400 A233.17158; Inset 
G1 X6.161 Y2.255 Z1.800 F2400 A233.18068; Inset 
G1 X6.266 Y2.016 Z1.800 F2400 A233.18979; Inset 
G1 X6.605 Y-1.643 Z1.800 F2400 A233.31827; Inset 
G1 X8.898 Y-2.739 Z1.800 F2400 A233.40712; Inset 
G1 X9.586 Y-3.195 Z1.800 F2400 A233.43598; Inset 
G1 X10.992 Y-4.396 Z1.800 F2400 A233.50062; Inset 
G1 X11.090 Y-4.543 Z1.800 F2400 A233.50680; Inset 
G1 X11.088 Y-4.729 Z1.800 F2400 A233.51329; Inset 
G1 X11.041 Y-4.815 Z1.800 F2400 A233.51674; Inset 
G1 X10.955 Y-4.893 Z1.800 F2400 A233.52079; Inset 
G1 X7.387 Y-7.207 Z1.800 F2400 A233.66947; Inset 
G1 X7.142 Y-7.515 Z1.800 F2400 A233.68323; Inset 
G1 X7.017 Y-7.865 Z1.800 F2400 A233.69623; Inset 
G1 X5.768 Y-14.692 Z1.800 F2400 A233.93886; Inset 
G1 X5.685 Y-15.028 Z1.800 F2400 A233.95096; Inset 
G1 X5.466 Y-15.542 Z1.800 F2400 A233.97049; Inset 
G1 X5.148 Y-16.005 Z1.800 F2400 A233.99012; Inset 
G1 X4.893 Y-16.268 Z1.800 F2400 A234.00291; Inset 
G1 X4.351 Y-16.652 Z1.800 F2400 A234.02616; Inset 
G1 X3.810 Y-16.877 Z1.800 F2400 A234.04663; Inset 
G1 X3.312 Y-16.978 Z1.800 F2400 A234.06440; Inset 
G1 X3.007 Y-16.994 Z1.800 F2400 A234.07507; Inset 
G1 X-10.591 Y-16.994 Z1.800 F2400 A234.55044; Inset 
G1 X-11.256 Y-17.941 Z1.800 F2400 A234.59087; Inset 
G1 X-11.716 Y-18.426 Z1.800 F2400 A234.61426; Inset 
G1 X-12.232 Y-18.856 Z1.800 F2400 A234.63775; Inset 
G1 X-12.795 Y-19.224 Z1.800 F2400 A234.66125; Inset 
G1 X-13.396 Y-19.524 Z1.800 F2400 A234.68474; Inset 
G1 X-14.028 Y-19.753 Z1.800 F2400 A234.70825; Inset 
G1 X-14.682 Y-19.907 Z1.800 F2400 A234.73174; Inset 
G1 X-15.350 Y-19.984 Z1.800 F2400 A234.75524; Inset 
G1 X-16.022 Y-19.984 Z1.800 F2400 A234.77874; Inset 
G1 X-16.690 Y-19.906 Z1.800 F2400 A234.80223; Inset 
G1 X-17.344 Y-19.751 Z1.800 F2400 A234.82574; Inset 
G1 X-17.975 Y-19.522 Z1.800 F2400 A234.84923; Inset 
G1 X-18.577 Y-19.221 Z1.800 F2400 A234.87273; Inset 
G1 X-19.139 Y-18.852 Z1.800 F2400 A234.89622; Inset 
G1 X-19.139 Y-18.852 Z1.800 F1500 A233.59622; Retract 
G1 X-19.139 Y-18.852 Z1.800 F3000; Retract 
G1 X-18.363 Y-18.062 Z1.800 F9000; Travel Move 
G1 X-18.363 Y-18.062 Z1.800 F1500 A234.89622; Restart 
G1 X-17.874 Y-17.573 Z1.800 F5400 A234.92039; Infill 
G1 X-18.196 Y-17.335 Z1.800 F5400 A234.93438; Connection 
G1 X-18.680 Y-17.820 Z1.800 F5400 A234.95833; Infill 
G1 X-18.977 Y-17.556 Z1.800 F5400 A234.97220; Connection 
G1 X-18.499 Y-17.078 Z1.800 F5400 A234.99587; Infill 
G1 X-18.764 Y-16.783 Z1.800 F5400 A235.00973; Connection 
G1 X-19.250 Y-17.269 Z1.800 F5400 A235.03376; Infill 
G1 X-19.494 Y-16.953 Z1.800 F5400 A235.04772; Connection 
G1 X-19.012 Y-16.471 Z1.800 F5400 A235.07155; Infill 
G1 X-19.219 Y-16.118 Z1.800 F5400 A235.08585; Connection 
G1 X-19.716 Y-16.615 Z1.800 F5400 A235.11043; Infill 
G1 X-19.916 Y-16.255 Z1.800 F5400 A235.12483; Connection 
G1 X-19.400 Y-15.739 Z1.800 F5400 A235.15037; Infill 
G1 X-19.556 Y-15.335 Z1.800 F5400 A235.16551; Connection 
G1 X-20.086 Y-15.865 Z1.800 F5400 A235.19172; Infill 
G1 X-20.221 Y-15.440 Z1.800 F5400 A235.20732; Connection 
G1 X-19.712 Y-14.931 Z1.800 F5400 A235.23248; Infill 
G1 X-20.321 Y-14.980 Z1.800 F5400 A235.25384; Connection 
G1 X-19.442 Y-14.101 Z1.800 F5400 A235.29731; Infill 
G1 X-19.637 Y-13.736 Z1.800 F5400 A235.31178; Connection 
G1 X-20.378 Y-14.477 Z1.800 F5400 A235.34845; Infill 
G1 X-20.379 Y-13.918 Z1.800 F5400 A235.36801; Connection 
G1 X-19.581 Y-13.120 Z1.800 F5400 A235.40744; Infill 
G1 X-20.298 Y-13.277 Z1.800 F5400 A235.43310; Connection 
G1 X-19.116 Y-12.095 Z1.800 F5400 A235.49156; Infill 
G1 X-20.068 Y-12.487 Z1.800 F5400 A235.52757; Connection 
G1 X-17.393 Y-9.812 Z1.800 F5400 A235.65984; Infill 
G1 X-16.596 Y-9.575 Z1.800 F5400 A235.68892; Connection 
G1 X-17.794 Y-10.773 Z1.800 F5400 A235.74818; Infill 
G1 X-16.757 Y-10.296 Z1.800 F5400 A235.78811; Connection 
G1 X-15.954 Y-9.493 Z1.800 F5400 A235.82780; Infill 
G1 X-15.396 Y-9.495 Z1.800 F5400 A235.84733; Connection 
G1 X-16.142 Y-10.241 Z1.800 F5400 A235.88422; Infill 
G1 X-15.777 Y-10.435 Z1.800 F5400 A235.89868; Connection 
G1 X-14.892 Y-9.551 Z1.800 F5400 A235.94243; Infill 
G1 X-14.435 Y-9.654 Z1.800 F5400 A235.95880; Connection 
G1 X-14.946 Y-10.165 Z1.800 F5400 A235.98410; Infill 
G1 X-14.542 Y-10.321 Z1.800 F5400 A235.99923; Connection 
G1 X-14.015 Y-9.794 Z1.800 F5400 A236.02530; Infill 
G1 X-13.635 Y-9.974 Z1.800 F5400 A236.04000; Connection 
G1 X-14.139 Y-10.478 Z1.800 F5400 A236.06488; Infill 
G1 X-13.760 Y-10.659 Z1.800 F5400 A236.07955; Connection 
G1 X-13.270 Y-10.169 Z1.800 F5400 A236.10378; Infill 
G1 X-12.905 Y-10.364 Z1.800 F5400 A236.11824; Connection 
G1 X-13.411 Y-10.870 Z1.800 F5400 A236.14324; Infill 
G1 X-13.094 Y-11.113 Z1.800 F5400 A236.15721; Connection 
G1 X-12.461 Y-10.480 Z1.800 F5400 A236.18848; Infill 
G1 X-11.901 Y-10.480 Z1.800 F5400 A236.20806; Connection 
G1 X-12.795 Y-11.374 Z1.800 F5400 A236.25225; Infill 
G1 X-12.540 Y-11.679 Z1.800 F5400 A236.26615; Connection 
G1 X-11.341 Y-10.480 Z1.800 F5400 A236.32544; Infill 
G1 X-10.781 Y-10.480 Z1.800 F5400 A236.34502; Connection 
G1 X-12.304 Y-12.003 Z1.800 F5400 A236.42030; Infill 
G1 X-12.096 Y-12.356 Z1.800 F5400 A236.43460; Connection 
G1 X-10.221 Y-10.480 Z1.800 F5400 A236.52731; Infill 
G1 X-9.661 Y-10.480 Z1.800 F5400 A236.54689; Connection 
G1 X-11.928 Y-12.748 Z1.800 F5400 A236.65899; Infill 
G1 X-11.772 Y-13.152 Z1.800 F5400 A236.67412; Connection 
G1 X-9.101 Y-10.480 Z1.800 F5400 A236.80619; Infill 
G1 X-8.541 Y-10.480 Z1.800 F5400 A236.82577; Connection 
G1 X-11.697 Y-13.636 Z1.800 F5400 A236.98181; Infill 
M73 P28; Update Progress 
G1 X-11.878 Y-14.377 Z1.800 F5400 A237.00845; Connection 
G1 X-7.981 Y-10.480 Z1.800 F5400 A237.20110; Infill 
G1 X-7.421 Y-10.480 Z1.800 F5400 A237.22068; Connection 
G1 X-11.696 Y-14.755 Z1.800 F5400 A237.43203; Infill 
G1 X-11.870 Y-15.489 Z1.800 F5400 A237.45839; Connection 
G1 X-6.861 Y-10.480 Z1.800 F5400 A237.70602; Infill 
G1 X-6.301 Y-10.480 Z1.800 F5400 A237.72560; Connection 
G1 X-14.590 Y-18.770 Z1.800 F5400 A238.13543; Infill 
G1 X-15.262 Y-18.881 Z1.800 F5400 A238.15922; Connection 
G1 X-14.388 Y-18.008 Z1.800 F5400 A238.20240; Infill 
G1 X-15.122 Y-18.181 Z1.800 F5400 A238.22876; Connection 
G1 X-15.839 Y-18.898 Z1.800 F5400 A238.26420; Infill 
G1 X-16.353 Y-18.852 Z1.800 F5400 A238.28224; Connection 
G1 X-15.500 Y-18.000 Z1.800 F5400 A238.32439; Infill 
G1 X-16.241 Y-18.180 Z1.800 F5400 A238.35103; Connection 
G1 X-16.820 Y-18.759 Z1.800 F5400 A238.37966; Infill 
G1 X-17.250 Y-18.630 Z1.800 F5400 A238.39538; Connection 
G1 X-16.726 Y-18.105 Z1.800 F5400 A238.42132; Infill 
G1 X-17.129 Y-17.949 Z1.800 F5400 A238.43646; Connection 
G1 X-17.650 Y-18.470 Z1.800 F5400 A238.46222; Infill 
G1 X-18.024 Y-18.283 Z1.800 F5400 A238.47681; Connection 
G1 X-17.522 Y-17.781 Z1.800 F5400 A238.50163; Infill 
G1 X-17.522 Y-17.781 Z1.800 F1500 A237.20163; Retract 
G1 X-17.522 Y-17.781 Z1.800 F3000; Retract 
G1 X-13.745 Y-18.485 Z1.800 F9000; Travel Move 
G1 X-13.745 Y-18.485 Z1.800 F1500 A238.50163; Restart 
G1 X-5.741 Y-10.480 Z1.800 F5400 A238.89736; Infill 
G1 X-5.181 Y-10.480 Z1.800 F5400 A238.91694; Connection 
G1 X-10.609 Y-15.908 Z1.800 F5400 A239.18530; Infill 
G1 X-10.048 Y-15.908 Z1.800 F5400 A239.20489; Connection 
G1 X-4.621 Y-10.480 Z1.800 F5400 A239.47323; Infill 
G1 X-4.061 Y-10.480 Z1.800 F5400 A239.49281; Connection 
G1 X-9.488 Y-15.908 Z1.800 F5400 A239.76113; Infill 
G1 X-8.928 Y-15.907 Z1.800 F5400 A239.78072; Connection 
G1 X-3.826 Y-10.806 Z1.800 F5400 A240.03293; Infill 
G1 X-3.781 Y-11.320 Z1.800 F5400 A240.05099; Connection 
G1 X-8.367 Y-15.907 Z1.800 F5400 A240.27775; Infill 
G1 X-7.807 Y-15.906 Z1.800 F5400 A240.29734; Connection 
G1 X-3.735 Y-11.835 Z1.800 F5400 A240.49866; Infill 
G1 X-3.361 Y-12.020 Z1.800 F5400 A240.51326; Connection 
G1 X-1.948 Y-10.608 Z1.800 F5400 A240.58311; Infill 
G1 X-1.043 Y-10.263 Z1.800 F5400 A240.61696; Connection 
G1 X-6.686 Y-15.906 Z1.800 F5400 A240.89594; Infill 
G1 X-7.246 Y-15.906 Z1.800 F5400 A240.91554; Connection 
G1 X-3.689 Y-12.349 Z1.800 F5400 A241.09141; Infill 
G1 X-3.060 Y-11.160 Z1.800 F5400 A241.13844; Connection 
G1 X-2.853 Y-10.953 Z1.800 F5400 A241.14868; Infill 
G1 X4.386 Y-8.194 Z1.800 F5400 A241.41950; Connection 
G1 X-3.324 Y-15.904 Z1.800 F5400 A241.80068; Infill 
G1 X-3.884 Y-15.904 Z1.800 F5400 A241.82027; Connection 
G1 X3.435 Y-8.584 Z1.800 F5400 A242.18215; Infill 
G1 X2.432 Y-9.028 Z1.800 F5400 A242.22051; Connection 
G1 X-4.445 Y-15.904 Z1.800 F5400 A242.56048; Infill 
G1 X-5.005 Y-15.905 Z1.800 F5400 A242.58007; Connection 
G1 X1.671 Y-9.228 Z1.800 F5400 A242.91014; Infill 
G1 X0.766 Y-9.573 Z1.800 F5400 A242.94400; Connection 
G1 X-5.565 Y-15.905 Z1.800 F5400 A243.25704; Infill 
G1 X-6.126 Y-15.905 Z1.800 F5400 A243.27663; Connection 
G1 X-0.138 Y-9.918 Z1.800 F5400 A243.57265; Infill 
G1 X-0.138 Y-9.918 Z1.800 F1500 A242.27265; Retract 
G1 X-0.138 Y-9.918 Z1.800 F3000; Retract 
G1 X1.980 Y-11.159 Z1.800 F9000; Travel Move 
G1 X1.980 Y-11.159 Z1.800 F1500 A243.57265; Restart 
G1 X5.291 Y-7.849 Z1.800 F5400 A243.73631; Infill 
G1 X5.931 Y-7.769 Z1.800 F5400 A243.75886; Connection 
G1 X2.770 Y-10.930 Z1.800 F5400 A243.91512; Infill 
G1 X3.330 Y-10.930 Z1.800 F5400 A243.93470; Connection 
G1 X5.805 Y-8.455 Z1.800 F5400 A244.05708; Infill 
G1 X5.680 Y-9.140 Z1.800 F5400 A244.08144; Connection 
G1 X3.809 Y-11.011 Z1.800 F5400 A244.17392; Infill 
G1 X4.216 Y-11.164 Z1.800 F5400 A244.18912; Connection 
G1 X5.554 Y-9.826 Z1.800 F5400 A244.25527; Infill 
G1 X5.429 Y-10.511 Z1.800 F5400 A244.27963; Connection 
G1 X4.582 Y-11.358 Z1.800 F5400 A244.32150; Infill 
G1 X4.920 Y-11.580 Z1.800 F5400 A244.33564; Connection 
G1 X5.304 Y-11.197 Z1.800 F5400 A244.35460; Infill 
G1 X5.304 Y-11.197 Z1.800 F1500 A243.05460; Retract 
G1 X5.304 Y-11.197 Z1.800 F3000; Retract 
G1 X0.598 Y-12.542 Z1.800 F9000; Travel Move 
G1 X0.598 Y-12.542 Z1.800 F1500 A244.35460; Restart 
G1 X-2.763 Y-15.903 Z1.800 F5400 A244.52080; Infill 
G1 X-2.203 Y-15.903 Z1.800 F5400 A244.54039; Connection 
G1 X0.351 Y-13.349 Z1.800 F5400 A244.66664; Infill 
G1 X0.354 Y-13.906 Z1.800 F5400 A244.68610; Connection 
G1 X-1.643 Y-15.903 Z1.800 F5400 A244.78481; Infill 
G1 X-1.082 Y-15.902 Z1.800 F5400 A244.80440; Connection 
G1 X0.410 Y-14.410 Z1.800 F5400 A244.87818; Infill 
G1 X0.570 Y-14.810 Z1.800 F5400 A244.89323; Connection 
G1 X-0.522 Y-15.902 Z1.800 F5400 A244.94723; Infill 
G1 X0.039 Y-15.901 Z1.800 F5400 A244.96682; Connection 
G1 X0.758 Y-15.182 Z1.800 F5400 A245.00240; Infill 
G1 X0.997 Y-15.504 Z1.800 F5400 A245.01639; Connection 
G1 X0.599 Y-15.901 Z1.800 F5400 A245.03605; Infill 
G1 X1.159 Y-15.901 Z1.800 F5400 A245.05564; Connection 
G1 X1.282 Y-15.778 Z1.800 F5400 A245.06172; Infill 
G1 X1.282 Y-15.778 Z1.800 F1500 A243.76172; Retract 
G1 X1.282 Y-15.778 Z1.800 F3000; Retract 
G1 X-18.880 Y-10.738 Z1.800 F9000; Travel Move 
G1 X-18.880 Y-10.738 Z1.800 F1500 A245.06172; Restart 
G1 X-19.065 Y-10.923 Z1.800 F5400 A245.07087; Infill 
G1 X-19.065 Y-10.923 Z1.800 F1500 A243.77087; Retract 
G1 X-19.065 Y-10.923 Z1.800 F3000; Retract 
G1 X-3.557 Y-10.537 Z1.800 F9000; Travel Move 
G1 X-3.557 Y-10.537 Z1.800 F1500 A245.07087; Restart 
G1 X-1.424 Y-8.403 Z1.800 F5400 A245.17635; Infill 
G1 X-1.739 Y-8.158 Z1.800 F5400 A245.19030; Connection 
G1 X-3.051 Y-9.470 Z1.800 F5400 A245.25517; Infill 
G1 X-3.096 Y-8.956 Z1.800 F5400 A245.27322; Connection 
G1 X-2.035 Y-7.894 Z1.800 F5400 A245.32570; Infill 
G1 X-2.302 Y-7.602 Z1.800 F5400 A245.33956; Connection 
G1 X-3.142 Y-8.442 Z1.800 F5400 A245.38109; Infill 
G1 X-3.188 Y-7.927 Z1.800 F5400 A245.39914; Connection 
G1 X-2.549 Y-7.288 Z1.800 F5400 A245.43073; Infill 
G1 X-2.770 Y-6.950 Z1.800 F5400 A245.44487; Connection 
G1 X-3.233 Y-7.413 Z1.800 F5400 A245.46776; Infill 
G1 X-3.279 Y-6.899 Z1.800 F5400 A245.48581; Connection 
G1 X-2.955 Y-6.574 Z1.800 F5400 A245.50184; Infill 
G1 X-3.325 Y-6.384 Z1.800 F5400 A245.51638; Connection 
G1 X-3.128 Y-6.187 Z1.800 F5400 A245.52613; Infill 
G1 X-3.371 Y-5.870 Z1.800 F5400 A245.54009; Connection 
G1 X-3.242 Y-5.741 Z1.800 F5400 A245.54645; Infill 
G1 X-3.416 Y-5.356 Z1.800 F5400 A245.56125; Connection 
G1 X-3.344 Y-5.284 Z1.800 F5400 A245.56481; Infill 
G1 X-3.462 Y-4.841 Z1.800 F5400 A245.58081; Connection 
G1 X-3.390 Y-4.769 Z1.800 F5400 A245.58436; Infill 
G1 X-3.508 Y-4.327 Z1.800 F5400 A245.60037; Connection 
G1 X-3.436 Y-4.255 Z1.800 F5400 A245.60392; Infill 
G1 X-3.553 Y-3.813 Z1.800 F5400 A245.61993; Connection 
G1 X-3.482 Y-3.741 Z1.800 F5400 A245.62348; Infill 
G1 X-3.599 Y-3.298 Z1.800 F5400 A245.63949; Connection 
G1 X-3.527 Y-3.226 Z1.800 F5400 A245.64304; Infill 
G1 X-3.645 Y-2.784 Z1.800 F5400 A245.65905; Connection 
G1 X-3.573 Y-2.712 Z1.800 F5400 A245.66260; Infill 
G1 X-3.691 Y-2.270 Z1.800 F5400 A245.67861; Connection 
G1 X-3.619 Y-2.198 Z1.800 F5400 A245.68216; Infill 
G1 X-3.736 Y-1.755 Z1.800 F5400 A245.69817; Connection 
G1 X-3.664 Y-1.684 Z1.800 F5400 A245.70172; Infill 
G1 X-3.782 Y-1.241 Z1.800 F5400 A245.71772; Connection 
G1 X-3.710 Y-1.169 Z1.800 F5400 A245.72128; Infill 
G1 X-2.348 Y-10.448 Z1.800 F5400 A246.04913; Connection 
G1 X-0.710 Y-8.810 Z1.800 F5400 A246.13013; Infill 
G1 X-1.075 Y-8.614 Z1.800 F5400 A246.14460; Connection 
G1 X-3.511 Y-11.051 Z1.800 F5400 A246.26507; Infill 
G1 X-1.443 Y-10.103 Z1.800 F5400 A246.34460; Connection 
G1 X-0.300 Y-8.960 Z1.800 F5400 A246.40113; Infill 
G1 X0.125 Y-9.095 Z1.800 F5400 A246.41672; Connection 
G1 X-0.538 Y-9.758 Z1.800 F5400 A246.44953; Infill 
G1 X0.366 Y-9.413 Z1.800 F5400 A246.48338; Connection 
G1 X0.611 Y-9.169 Z1.800 F5400 A246.49548; Infill 
G1 X0.611 Y-9.169 Z1.800 F1500 A245.19548; Retract 
G1 X0.611 Y-9.169 Z1.800 F3000; Retract 
G1 X4.891 Y-7.689 Z1.800 F9000; Travel Move 
G1 X4.891 Y-7.689 Z1.800 F1500 A246.49548; Restart 
G1 X6.509 Y-6.071 Z1.800 F5400 A246.57550; Infill 
G1 X6.464 Y-5.556 Z1.800 F5400 A246.59355; Connection 
G1 X5.042 Y-6.978 Z1.800 F5400 A246.66382; Infill 
G1 X5.796 Y-7.344 Z1.800 F5400 A246.69311; Connection 
G1 X6.258 Y-6.882 Z1.800 F5400 A246.71597; Infill 
G1 X5.506 Y-5.954 Z1.800 F5400 A246.75773; Connection 
G1 X6.418 Y-5.042 Z1.800 F5400 A246.80281; Infill 
G1 X6.372 Y-4.528 Z1.800 F5400 A246.82086; Connection 
G1 X5.650 Y-5.250 Z1.800 F5400 A246.85658; Infill 
G1 X5.676 Y-4.664 Z1.800 F5400 A246.87710; Connection 
G1 X6.326 Y-4.013 Z1.800 F5400 A246.90925; Infill 
G1 X6.281 Y-3.499 Z1.800 F5400 A246.92730; Connection 
G1 X5.660 Y-4.120 Z1.800 F5400 A246.95799; Infill 
G1 X5.614 Y-3.606 Z1.800 F5400 A246.97604; Connection 
G1 X6.235 Y-2.985 Z1.800 F5400 A247.00673; Infill 
G1 X6.069 Y-2.591 Z1.800 F5400 A247.02168; Connection 
G1 X5.568 Y-3.091 Z1.800 F5400 A247.04644; Infill 
G1 X5.523 Y-2.577 Z1.800 F5400 A247.06449; Connection 
G1 X5.786 Y-2.314 Z1.800 F5400 A247.07748; Infill 
G1 X5.477 Y-2.063 Z1.800 F5400 A247.09139; Connection 
G1 X5.559 Y-1.980 Z1.800 F5400 A247.09546; Infill 
G1 X5.431 Y-1.548 Z1.800 F5400 A247.11122; Connection 
G1 X5.499 Y-1.480 Z1.800 F5400 A247.11458; Infill 
G1 X5.386 Y-1.034 Z1.800 F5400 A247.13068; Connection 
G1 X5.452 Y-0.968 Z1.800 F5400 A247.13395; Infill 
G1 X5.340 Y-0.520 Z1.800 F5400 A247.15010; Connection 
G1 X5.404 Y-0.455 Z1.800 F5400 A247.15329; Infill 
G1 X5.294 Y-0.005 Z1.800 F5400 A247.16948; Connection 
G1 X5.357 Y0.057 Z1.800 F5400 A247.17258; Infill 
G1 X5.248 Y0.509 Z1.800 F5400 A247.18881; Connection 
G1 X5.309 Y0.570 Z1.800 F5400 A247.19183; Infill 
G1 X5.203 Y1.023 Z1.800 F5400 A247.20811; Connection 
G1 X5.262 Y1.082 Z1.800 F5400 A247.21103; Infill 
G1 X5.262 Y1.082 Z1.800 F1500 A245.91103; Retract 
G1 X5.262 Y1.082 Z1.800 F3000; Retract 
G1 X6.827 Y-2.953 Z1.800 F9000; Travel Move 
G1 X6.827 Y-2.953 Z1.800 F1500 A247.21103; Restart 
G1 X6.550 Y-3.230 Z1.800 F5400 A247.22473; Infill 
G1 X6.596 Y-3.744 Z1.800 F5400 A247.24279; Connection 
G1 X7.206 Y-3.134 Z1.800 F5400 A247.27296; Infill 
G1 X7.585 Y-3.315 Z1.800 F5400 A247.28764; Connection 
G1 X6.641 Y-4.258 Z1.800 F5400 A247.33430; Infill 
G1 X6.687 Y-4.773 Z1.800 F5400 A247.35235; Connection 
G1 X7.964 Y-3.496 Z1.800 F5400 A247.41548; Infill 
G1 X8.343 Y-3.677 Z1.800 F5400 A247.43016; Connection 
G1 X6.733 Y-5.287 Z1.800 F5400 A247.50976; Infill 
G1 X6.778 Y-5.801 Z1.800 F5400 A247.52781; Connection 
G1 X8.682 Y-3.898 Z1.800 F5400 A247.62191; Infill 
G1 X9.010 Y-4.130 Z1.800 F5400 A247.63595; Connection 
G1 X6.934 Y-6.206 Z1.800 F5400 A247.73856; Infill 
G1 X8.526 Y-5.174 Z1.800 F5400 A247.80487; Connection 
G1 X9.312 Y-4.388 Z1.800 F5400 A247.84371; Infill 
; Chunk 17 
; Lower Position  1.6 
; Upper Position  1.8 
; Thickness       0.2 
; Width           0.4 
G1 X9.312 Y-4.388 Z1.800 F1500 A246.54371; Retract 
G1 X9.312 Y-4.388 Z1.800 F3000; Retract 
G1 X6.384 Y-14.697 Z1.800 F9000; Travel Move 
G1 X6.384 Y-14.697 Z1.800 F1500 A247.84371; Restart 
G1 X6.384 Y-15.354 Z1.800 F5400 A247.86669; Support 
G1 X6.384 Y-15.354 Z1.800 F1500 A246.56669; Retract 
G1 X6.384 Y-15.354 Z1.800 F3000; Retract 
G1 X4.404 Y-17.286 Z1.800 F9000; Travel Move 
G1 X4.404 Y-17.286 Z1.800 F1500 A247.86669; Restart 
G1 X4.404 Y-17.363 Z1.800 F5400 A247.86938; Support 
G1 X4.404 Y-17.363 Z1.800 F1500 A246.56938; Retract 
G1 X4.404 Y-17.363 Z1.800 F3000; Retract 
G1 X2.424 Y-14.528 Z1.800 F9000; Travel Move 
G1 X2.424 Y-14.528 Z1.800 F1500 A247.86938; Restart 
G1 X2.424 Y-12.857 Z1.800 F5400 A247.92777; Support 
; Chunk 18 
; Lower Position  1.8 
; Upper Position  2 
; Thickness       0.2 
; Width           0.4 
G1 X2.424 Y-12.857 Z1.800 F1500 A246.62777; Retract 
G1 X2.424 Y-12.857 Z1.800 F3000; Retract 
G1 X2.424 Y-12.857 Z2.000 F1380; Travel Move 
G1 X2.424 Y-12.855 Z2.000 F9000; Travel Move 
G1 X2.424 Y-12.855 Z2.000 F1500 A247.92777; Restart 
G1 X2.424 Y-14.528 Z2.000 F5400 A247.98625; Support 
G1 X2.424 Y-14.528 Z2.000 F1500 A246.68625; Retract 
G1 X2.424 Y-14.528 Z2.000 F3000; Retract 
G1 X2.424 Y-17.571 Z2.000 F9000; Travel Move 
G1 X2.424 Y-17.571 Z2.000 F1500 A247.98625; Restart 
G1 X2.424 Y-17.572 Z2.000 F5400 A247.98630; Support 
G1 X2.424 Y-17.572 Z2.000 F1500 A246.68630; Retract 
G1 X2.424 Y-17.572 Z2.000 F3000; Retract 
G1 X4.404 Y-17.363 Z2.000 F9000; Travel Move 
G1 X4.404 Y-17.363 Z2.000 F1500 A247.98630; Restart 
G1 X4.404 Y-17.252 Z2.000 F5400 A247.99019; Support 
G1 X4.404 Y-17.252 Z2.000 F1500 A246.69019; Retract 
G1 X4.404 Y-17.252 Z2.000 F3000; Retract 
G1 X6.384 Y-15.354 Z2.000 F9000; Travel Move 
G1 X6.384 Y-15.354 Z2.000 F1500 A247.99019; Restart 
G1 X6.384 Y-14.698 Z2.000 F5400 A248.01312; Support 
; Chunk 19 
; Lower Position  1.8 
; Upper Position  2 
; Thickness       0.2 
; Width           0.4 
G1 X6.384 Y-14.698 Z2.000 F1500 A246.71312; Retract 
G1 X6.384 Y-14.698 Z2.000 F3000; Retract 
G1 X-17.938 Y-17.253 Z2.000 F9000; Travel Move 
M73 P29; Update Progress 
G1 X-17.938 Y-17.253 Z2.000 F1500 A248.01312; Restart 
G1 X-17.331 Y-17.618 Z2.000 F5400 A248.03790; Inset 
G1 X-16.305 Y-18.002 Z2.000 F5400 A248.07620; Inset 
G1 X-15.695 Y-17.671 Z2.000 F5400 A248.10047; Inset 
G1 X-15.036 Y-17.993 Z2.000 F5400 A248.12610; Inset 
G1 X-14.035 Y-17.618 Z2.000 F5400 A248.16349; Inset 
G1 X-13.492 Y-17.300 Z2.000 F5400 A248.18548; Inset 
G1 X-13.024 Y-16.910 Z2.000 F5400 A248.20678; Inset 
G1 X-12.577 Y-16.385 Z2.000 F5400 A248.23088; Inset 
G1 X-12.259 Y-15.842 Z2.000 F5400 A248.25287; Inset 
G1 X-11.884 Y-14.841 Z2.000 F5400 A248.29026; Inset 
G1 X-12.206 Y-14.182 Z2.000 F5400 A248.31590; Inset 
G1 X-11.875 Y-13.572 Z2.000 F5400 A248.34017; Inset 
G1 X-12.259 Y-12.546 Z2.000 F5400 A248.37844; Inset 
G1 X-12.577 Y-12.004 Z2.000 F5400 A248.40043; Inset 
G1 X-13.024 Y-11.479 Z2.000 F5400 A248.42453; Inset 
G1 X-13.492 Y-11.089 Z2.000 F5400 A248.44584; Inset 
G1 X-14.035 Y-10.771 Z2.000 F5400 A248.46782; Inset 
G1 X-15.036 Y-10.396 Z2.000 F5400 A248.50521; Inset 
G1 X-15.695 Y-10.718 Z2.000 F5400 A248.53084; Inset 
G1 X-16.305 Y-10.387 Z2.000 F5400 A248.55511; Inset 
G1 X-17.331 Y-10.771 Z2.000 F5400 A248.59341; Inset 
G1 X-17.938 Y-11.136 Z2.000 F5400 A248.61819; Inset 
G1 X-18.398 Y-11.536 Z2.000 F5400 A248.63949; Inset 
G1 X-18.788 Y-12.004 Z2.000 F5400 A248.66080; Inset 
G1 X-19.107 Y-12.546 Z2.000 F5400 A248.68277; Inset 
G1 X-19.491 Y-13.572 Z2.000 F5400 A248.72107; Inset 
G1 X-19.153 Y-14.194 Z2.000 F5400 A248.74581; Inset 
G1 X-19.491 Y-14.816 Z2.000 F5400 A248.77058; Inset 
G1 X-19.106 Y-15.843 Z2.000 F5400 A248.80892; Inset 
G1 X-18.788 Y-16.385 Z2.000 F5400 A248.83088; Inset 
G1 X-18.398 Y-16.853 Z2.000 F5400 A248.85219; Inset 
G1 X-17.938 Y-17.253 Z2.000 F5400 A248.87349; Inset 
G1 X-17.938 Y-17.253 Z2.000 F1500 A247.57349; Retract 
G1 X-17.938 Y-17.253 Z2.000 F3000; Retract 
G1 X-17.691 Y-16.938 Z2.000 F9000; Travel Move 
G1 X-17.691 Y-16.938 Z2.000 F1500 A248.87349; Restart 
G1 X-17.173 Y-17.250 Z2.000 F5400 A248.89463; Inset 
G1 X-16.336 Y-17.564 Z2.000 F5400 A248.92590; Inset 
G1 X-15.855 Y-17.302 Z2.000 F5400 A248.94504; Inset 
G1 X-15.767 Y-16.904 Z2.000 F5400 A248.95931; Inset 
G1 X-15.706 Y-16.855 Z2.000 F5400 A248.96203; Inset 
G1 X-15.621 Y-16.879 Z2.000 F5400 A248.96514; Inset 
G1 X-15.479 Y-17.331 Z2.000 F5400 A248.98171; Inset 
G1 X-15.015 Y-17.558 Z2.000 F5400 A248.99976; Inset 
G1 X-14.192 Y-17.250 Z2.000 F5400 A249.03048; Inset 
G1 X-13.674 Y-16.938 Z2.000 F5400 A249.05163; Inset 
G1 X-13.262 Y-16.582 Z2.000 F5400 A249.07069; Inset 
G1 X-12.911 Y-16.164 Z2.000 F5400 A249.08975; Inset 
G1 X-12.627 Y-15.685 Z2.000 F5400 A249.10922; Inset 
G1 X-12.319 Y-14.862 Z2.000 F5400 A249.13994; Inset 
G1 X-12.546 Y-14.398 Z2.000 F5400 A249.15800; Inset 
G1 X-12.998 Y-14.256 Z2.000 F5400 A249.17457; Inset 
G1 X-13.019 Y-14.225 Z2.000 F5400 A249.17588; Inset 
G1 X-13.017 Y-14.156 Z2.000 F5400 A249.17828; Inset 
G1 X-12.964 Y-14.108 Z2.000 F5400 A249.18078; Inset 
G1 X-12.575 Y-14.022 Z2.000 F5400 A249.19473; Inset 
G1 X-12.314 Y-13.541 Z2.000 F5400 A249.21385; Inset 
G1 X-12.627 Y-12.704 Z2.000 F5400 A249.24511; Inset 
G1 X-12.939 Y-12.186 Z2.000 F5400 A249.26625; Inset 
G1 X-13.296 Y-11.773 Z2.000 F5400 A249.28531; Inset 
G1 X-13.713 Y-11.423 Z2.000 F5400 A249.30438; Inset 
G1 X-14.192 Y-11.139 Z2.000 F5400 A249.32385; Inset 
G1 X-15.015 Y-10.831 Z2.000 F5400 A249.35456; Inset 
G1 X-15.479 Y-11.058 Z2.000 F5400 A249.37262; Inset 
G1 X-15.621 Y-11.510 Z2.000 F5400 A249.38919; Inset 
G1 X-15.659 Y-11.534 Z2.000 F5400 A249.39078; Inset 
G1 X-15.735 Y-11.521 Z2.000 F5400 A249.39346; Inset 
G1 X-15.767 Y-11.485 Z2.000 F5400 A249.39515; Inset 
G1 X-15.855 Y-11.086 Z2.000 F5400 A249.40942; Inset 
G1 X-16.336 Y-10.825 Z2.000 F5400 A249.42855; Inset 
G1 X-17.173 Y-11.139 Z2.000 F5400 A249.45982; Inset 
G1 X-17.691 Y-11.451 Z2.000 F5400 A249.48097; Inset 
G1 X-18.104 Y-11.807 Z2.000 F5400 A249.50003; Inset 
G1 X-18.454 Y-12.225 Z2.000 F5400 A249.51909; Inset 
G1 X-18.738 Y-12.704 Z2.000 F5400 A249.53855; Inset 
G1 X-19.052 Y-13.541 Z2.000 F5400 A249.56982; Inset 
G1 X-18.791 Y-14.022 Z2.000 F5400 A249.58896; Inset 
G1 X-18.401 Y-14.109 Z2.000 F5400 A249.60292; Inset 
G1 X-18.343 Y-14.171 Z2.000 F5400 A249.60589; Inset 
G1 X-18.343 Y-14.218 Z2.000 F5400 A249.60753; Inset 
G1 X-18.400 Y-14.280 Z2.000 F5400 A249.61049; Inset 
G1 X-18.791 Y-14.365 Z2.000 F5400 A249.62446; Inset 
G1 X-19.053 Y-14.847 Z2.000 F5400 A249.64362; Inset 
G1 X-18.738 Y-15.685 Z2.000 F5400 A249.67492; Inset 
G1 X-18.454 Y-16.164 Z2.000 F5400 A249.69438; Inset 
G1 X-18.104 Y-16.582 Z2.000 F5400 A249.71344; Inset 
G1 X-17.691 Y-16.938 Z2.000 F5400 A249.73250; Inset 
G1 X-17.691 Y-16.938 Z2.000 F1500 A248.43250; Retract 
G1 X-17.691 Y-16.938 Z2.000 F3000; Retract 
G1 X-17.438 Y-16.628 Z2.000 F9000; Travel Move 
G1 X-17.438 Y-16.628 Z2.000 F1500 A249.73250; Restart 
G1 X-17.024 Y-16.879 Z2.000 F2400 A249.74941; Inset 
G1 X-16.236 Y-17.174 Z2.000 F2400 A249.77884; Inset 
G1 X-16.143 Y-16.752 Z2.000 F2400 A249.79394; Inset 
G1 X-15.995 Y-16.558 Z2.000 F2400 A249.80246; Inset 
G1 X-15.776 Y-16.455 Z2.000 F2400 A249.81096; Inset 
G1 X-15.590 Y-16.455 Z2.000 F2400 A249.81745; Inset 
G1 X-15.370 Y-16.558 Z2.000 F2400 A249.82594; Inset 
G1 X-15.264 Y-16.679 Z2.000 F2400 A249.83155; Inset 
G1 X-15.112 Y-17.167 Z2.000 F2400 A249.84944; Inset 
G1 X-14.341 Y-16.879 Z2.000 F2400 A249.87819; Inset 
G1 X-13.927 Y-16.628 Z2.000 F2400 A249.89510; Inset 
G1 X-13.561 Y-16.316 Z2.000 F2400 A249.91192; Inset 
G1 X-13.249 Y-15.950 Z2.000 F2400 A249.92875; Inset 
G1 X-12.998 Y-15.536 Z2.000 F2400 A249.94566; Inset 
G1 X-12.710 Y-14.766 Z2.000 F2400 A249.97442; Inset 
G1 X-13.199 Y-14.613 Z2.000 F2400 A249.99231; Inset 
G1 X-13.319 Y-14.507 Z2.000 F2400 A249.99791; Inset 
G1 X-13.401 Y-14.360 Z2.000 F2400 A250.00379; Inset 
G1 X-13.430 Y-14.194 Z2.000 F2400 A250.00968; Inset 
G1 X-13.400 Y-14.020 Z2.000 F2400 A250.01586; Inset 
G1 X-13.261 Y-13.821 Z2.000 F2400 A250.02436; Inset 
G1 X-13.116 Y-13.732 Z2.000 F2400 A250.03028; Inset 
G1 X-12.704 Y-13.641 Z2.000 F2400 A250.04506; Inset 
G1 X-12.998 Y-12.853 Z2.000 F2400 A250.07447; Inset 
G1 X-13.249 Y-12.439 Z2.000 F2400 A250.09138; Inset 
G1 X-13.561 Y-12.073 Z2.000 F2400 A250.10820; Inset 
G1 X-13.927 Y-11.761 Z2.000 F2400 A250.12503; Inset 
G1 X-14.341 Y-11.510 Z2.000 F2400 A250.14194; Inset 
G1 X-15.112 Y-11.222 Z2.000 F2400 A250.17069; Inset 
G1 X-15.264 Y-11.710 Z2.000 F2400 A250.18858; Inset 
G1 X-15.370 Y-11.831 Z2.000 F2400 A250.19419; Inset 
G1 X-15.525 Y-11.917 Z2.000 F2400 A250.20037; Inset 
G1 X-15.767 Y-11.934 Z2.000 F2400 A250.20887; Inset 
G1 X-15.990 Y-11.837 Z2.000 F2400 A250.21737; Inset 
G1 X-16.143 Y-11.636 Z2.000 F2400 A250.22619; Inset 
G1 X-16.236 Y-11.215 Z2.000 F2400 A250.24129; Inset 
G1 X-17.024 Y-11.510 Z2.000 F2400 A250.27072; Inset 
G1 X-17.438 Y-11.761 Z2.000 F2400 A250.28763; Inset 
G1 X-17.805 Y-12.073 Z2.000 F2400 A250.30445; Inset 
G1 X-18.117 Y-12.439 Z2.000 F2400 A250.32128; Inset 
G1 X-18.367 Y-12.853 Z2.000 F2400 A250.33819; Inset 
G1 X-18.662 Y-13.641 Z2.000 F2400 A250.36762; Inset 
G1 X-18.249 Y-13.732 Z2.000 F2400 A250.38241; Inset 
G1 X-18.051 Y-13.874 Z2.000 F2400 A250.39093; Inset 
G1 X-17.943 Y-14.102 Z2.000 F2400 A250.39973; Inset 
G1 X-17.960 Y-14.353 Z2.000 F2400 A250.40853; Inset 
G1 X-18.051 Y-14.515 Z2.000 F2400 A250.41502; Inset 
G1 X-18.249 Y-14.656 Z2.000 F2400 A250.42354; Inset 
G1 X-18.663 Y-14.747 Z2.000 F2400 A250.43836; Inset 
G1 X-18.367 Y-15.536 Z2.000 F2400 A250.46782; Inset 
G1 X-18.117 Y-15.950 Z2.000 F2400 A250.48473; Inset 
G1 X-17.805 Y-16.316 Z2.000 F2400 A250.50155; Inset 
G1 X-17.438 Y-16.628 Z2.000 F2400 A250.51838; Inset 
G1 X-17.438 Y-16.628 Z2.000 F1500 A249.21838; Retract 
G1 X-17.438 Y-16.628 Z2.000 F3000; Retract 
G1 X-18.631 Y-18.168 Z2.000 F9000; Travel Move 
G1 X-18.631 Y-18.168 Z2.000 F1500 A250.51838; Restart 
G1 X-19.071 Y-17.800 Z2.000 F5400 A250.53842; Inset 
G1 X-19.466 Y-17.384 Z2.000 F5400 A250.55847; Inset 
G1 X-19.809 Y-16.925 Z2.000 F5400 A250.57852; Inset 
G1 X-20.097 Y-16.429 Z2.000 F5400 A250.59857; Inset 
G1 X-20.326 Y-15.904 Z2.000 F5400 A250.61861; Inset 
G1 X-20.493 Y-15.355 Z2.000 F5400 A250.63866; Inset 
G1 X-20.595 Y-14.790 Z2.000 F5400 A250.65871; Inset 
G1 X-20.631 Y-14.218 Z2.000 F5400 A250.67876; Inset 
G1 X-20.600 Y-13.646 Z2.000 F5400 A250.69880; Inset 
G1 X-20.504 Y-13.080 Z2.000 F5400 A250.71885; Inset 
G1 X-20.343 Y-12.530 Z2.000 F5400 A250.73890; Inset 
G1 X-20.119 Y-12.002 Z2.000 F5400 A250.75894; Inset 
G1 X-19.835 Y-11.504 Z2.000 F5400 A250.77899; Inset 
G1 X-19.496 Y-11.041 Z2.000 F5400 A250.79904; Inset 
G1 X-19.106 Y-10.621 Z2.000 F5400 A250.81909; Inset 
G1 X-18.669 Y-10.249 Z2.000 F5400 A250.83914; Inset 
G1 X-18.193 Y-9.930 Z2.000 F5400 A250.85919; Inset 
G1 X-17.683 Y-9.668 Z2.000 F5400 A250.87923; Inset 
G1 X-17.145 Y-9.467 Z2.000 F5400 A250.89928; Inset 
G1 X-16.589 Y-9.330 Z2.000 F5400 A250.91933; Inset 
G1 X-16.020 Y-9.258 Z2.000 F5400 A250.93937; Inset 
G1 X-15.446 Y-9.252 Z2.000 F5400 A250.95942; Inset 
G1 X-14.876 Y-9.312 Z2.000 F5400 A250.97947; Inset 
G1 X-14.317 Y-9.438 Z2.000 F5400 A250.99952; Inset 
G1 X-13.794 Y-9.622 Z2.000 F5400 A251.01890; Inset 
G1 X-12.744 Y-10.184 Z2.000 F5400 A251.06051; Inset 
G1 X-12.505 Y-10.244 Z2.000 F5400 A251.06915; Inset 
G1 X-3.921 Y-10.245 Z2.000 F5400 A251.36923; Inset 
G1 X-3.327 Y-9.595 Z2.000 F5400 A251.40002; Inset 
G1 X-4.096 Y-0.940 Z2.000 F5400 A251.70379; Inset 
G1 X-4.091 Y-0.873 Z2.000 F5400 A251.70612; Inset 
G1 X-3.471 Y-0.626 Z2.000 F5400 A251.72945; Inset 
G1 X-3.056 Y-5.304 Z2.000 F5400 A251.89361; Inset 
G1 X-2.893 Y-5.993 Z2.000 F5400 A251.91837; Inset 
G1 X-2.611 Y-6.658 Z2.000 F5400 A251.94361; Inset 
G1 X-2.222 Y-7.265 Z2.000 F5400 A251.96884; Inset 
G1 X-1.735 Y-7.798 Z2.000 F5400 A251.99408; Inset 
G1 X-1.165 Y-8.242 Z2.000 F5400 A252.01931; Inset 
G1 X-0.529 Y-8.582 Z2.000 F5400 A252.04455; Inset 
G1 X0.156 Y-8.810 Z2.000 F5400 A252.06978; Inset 
G1 X0.870 Y-8.919 Z2.000 F5400 A252.09502; Inset 
G1 X1.591 Y-8.905 Z2.000 F5400 A252.12025; Inset 
G1 X2.382 Y-8.746 Z2.000 F5400 A252.14845; Inset 
G1 X3.053 Y-8.480 Z2.000 F5400 A252.17368; Inset 
G1 X3.600 Y-8.153 Z2.000 F5400 A252.19596; Inset 
G1 X4.153 Y-7.689 Z2.000 F5400 A252.22119; Inset 
G1 X4.619 Y-7.138 Z2.000 F5400 A252.24643; Inset 
G1 X5.022 Y-6.440 Z2.000 F5400 A252.27462; Inset 
G1 X5.265 Y-5.760 Z2.000 F5400 A252.29986; Inset 
G1 X5.389 Y-5.049 Z2.000 F5400 A252.32509; Inset 
G1 X5.396 Y-4.378 Z2.000 F5400 A252.34855; Inset 
G1 X4.855 Y1.705 Z2.000 F5400 A252.56205; Inset 
G1 X5.482 Y1.804 Z2.000 F5400 A252.58425; Inset 
G1 X5.828 Y-1.926 Z2.000 F5400 A252.71522; Inset 
G1 X6.130 Y-2.360 Z2.000 F5400 A252.73369; Inset 
G1 X8.478 Y-3.481 Z2.000 F5400 A252.82465; Inset 
G1 X9.073 Y-3.876 Z2.000 F5400 A252.84964; Inset 
G1 X9.886 Y-4.570 Z2.000 F5400 A252.88700; Inset 
G1 X7.050 Y-6.395 Z2.000 F5400 A253.00491; Inset 
G1 X6.651 Y-6.748 Z2.000 F5400 A253.02352; Inset 
G1 X6.376 Y-7.141 Z2.000 F5400 A253.04031; Inset 
G1 X6.303 Y-7.325 Z2.000 F5400 A253.04723; Inset 
G1 X5.337 Y-12.604 Z2.000 F5400 A253.23484; Inset 
G1 X5.188 Y-12.311 Z2.000 F5400 A253.24631; Inset 
G1 X4.741 Y-11.803 Z2.000 F5400 A253.26999; Inset 
G1 X4.608 Y-11.696 Z2.000 F5400 A253.27594; Inset 
G1 X3.917 Y-11.328 Z2.000 F5400 A253.30329; Inset 
G1 X3.421 Y-11.216 Z2.000 F5400 A253.32108; Inset 
G1 X2.765 Y-11.216 Z2.000 F5400 A253.34401; Inset 
G1 X2.598 Y-11.245 Z2.000 F5400 A253.34996; Inset 
G1 X1.959 Y-11.470 Z2.000 F5400 A253.37364; Inset 
G1 X1.810 Y-11.553 Z2.000 F5400 A253.37959; Inset 
G1 X1.212 Y-12.057 Z2.000 F5400 A253.40694; Inset 
G1 X0.923 Y-12.476 Z2.000 F5400 A253.42473; Inset 
G1 X0.686 Y-13.065 Z2.000 F5400 A253.44691; Inset 
G1 X0.605 Y-13.567 Z2.000 F5400 A253.46470; Inset 
G1 X0.689 Y-14.345 Z2.000 F5400 A253.49206; Inset 
G1 X0.739 Y-14.508 Z2.000 F5400 A253.49801; Inset 
G1 X1.043 Y-15.113 Z2.000 F5400 A253.52168; Inset 
G1 X1.145 Y-15.249 Z2.000 F5400 A253.52763; Inset 
G1 X1.634 Y-15.718 Z2.000 F5400 A253.55131; Inset 
G1 X1.775 Y-15.813 Z2.000 F5400 A253.55726; Inset 
G1 X2.392 Y-16.092 Z2.000 F5400 A253.58094; Inset 
G1 X2.800 Y-16.156 Z2.000 F5400 A253.59540; Inset 
G1 X-10.760 Y-16.144 Z2.000 F5400 A254.06946; Inset 
G1 X-11.195 Y-16.370 Z2.000 F5400 A254.08660; Inset 
G1 X-11.915 Y-17.401 Z2.000 F5400 A254.13056; Inset 
G1 X-12.299 Y-17.804 Z2.000 F5400 A254.15002; Inset 
G1 X-12.739 Y-18.171 Z2.000 F5400 A254.17006; Inset 
G1 X-13.219 Y-18.485 Z2.000 F5400 A254.19011; Inset 
G1 X-13.732 Y-18.742 Z2.000 F5400 A254.21016; Inset 
G1 X-14.271 Y-18.937 Z2.000 F5400 A254.23020; Inset 
G1 X-14.829 Y-19.068 Z2.000 F5400 A254.25026; Inset 
G1 X-15.399 Y-19.134 Z2.000 F5400 A254.27030; Inset 
G1 X-15.972 Y-19.134 Z2.000 F5400 A254.29035; Inset 
G1 X-16.542 Y-19.067 Z2.000 F5400 A254.31040; Inset 
G1 X-17.100 Y-18.935 Z2.000 F5400 A254.33045; Inset 
G1 X-17.639 Y-18.739 Z2.000 F5400 A254.35049; Inset 
G1 X-18.152 Y-18.483 Z2.000 F5400 A254.37054; Inset 
G1 X-18.631 Y-18.168 Z2.000 F5400 A254.39059; Inset 
G1 X-18.631 Y-18.168 Z2.000 F1500 A253.09059; Retract 
G1 X-18.631 Y-18.168 Z2.000 F3000; Retract 
G1 X1.886 Y-15.406 Z2.000 F9000; Travel Move 
G1 X1.886 Y-15.406 Z2.000 F1500 A254.39059; Restart 
G1 X2.525 Y-15.714 Z2.000 F5400 A254.41541; Inset 
G1 X2.624 Y-15.739 Z2.000 F5400 A254.41898; Inset 
G1 X3.295 Y-15.787 Z2.000 F5400 A254.44248; Inset 
G1 X3.694 Y-15.708 Z2.000 F5400 A254.45671; Inset 
G1 X4.291 Y-15.428 Z2.000 F5400 A254.47977; Inset 
G1 X4.602 Y-15.165 Z2.000 F5400 A254.49399; Inset 
G1 X5.002 Y-14.594 Z2.000 F5400 A254.51837; Inset 
G1 X5.193 Y-13.910 Z2.000 F5400 A254.54319; Inset 
G1 X5.146 Y-13.202 Z2.000 F5400 A254.56801; Inset 
G1 X4.865 Y-12.550 Z2.000 F5400 A254.59284; Inset 
G1 X4.384 Y-12.028 Z2.000 F5400 A254.61766; Inset 
G1 X3.792 Y-11.709 Z2.000 F5400 A254.64116; Inset 
G1 X3.396 Y-11.616 Z2.000 F5400 A254.65539; Inset 
G1 X2.699 Y-11.633 Z2.000 F5400 A254.67976; Inset 
G1 X2.124 Y-11.836 Z2.000 F5400 A254.70106; Inset 
G1 X1.571 Y-12.261 Z2.000 F5400 A254.72543; Inset 
G1 X1.284 Y-12.649 Z2.000 F5400 A254.74231; Inset 
G1 X1.047 Y-13.264 Z2.000 F5400 A254.76536; Inset 
G1 X1.005 Y-13.669 Z2.000 F5400 A254.77959; Inset 
G1 X1.111 Y-14.358 Z2.000 F5400 A254.80397; Inset 
G1 X1.385 Y-14.902 Z2.000 F5400 A254.82526; Inset 
G1 X1.886 Y-15.406 Z2.000 F5400 A254.85008; Inset 
G1 X1.886 Y-15.406 Z2.000 F1500 A253.55008; Retract 
G1 X1.886 Y-15.406 Z2.000 F3000; Retract 
G1 X2.150 Y-15.105 Z2.000 F9000; Travel Move 
G1 X2.150 Y-15.105 Z2.000 F1500 A254.85008; Restart 
G1 X2.675 Y-15.342 Z2.000 F2400 A254.87021; Inset 
G1 X3.240 Y-15.390 Z2.000 F2400 A254.89003; Inset 
G1 X3.541 Y-15.339 Z2.000 F2400 A254.90071; Inset 
G1 X4.050 Y-15.109 Z2.000 F2400 A254.92023; Inset 
G1 X4.287 Y-14.917 Z2.000 F2400 A254.93091; Inset 
G1 X4.625 Y-14.461 Z2.000 F2400 A254.95073; Inset 
G1 X4.793 Y-13.911 Z2.000 F2400 A254.97085; Inset 
G1 X4.769 Y-13.336 Z2.000 F2400 A254.99098; Inset 
G1 X4.554 Y-12.801 Z2.000 F2400 A255.01110; Inset 
G1 X4.174 Y-12.369 Z2.000 F2400 A255.03122; Inset 
G1 X3.679 Y-12.093 Z2.000 F2400 A255.05104; Inset 
G1 X3.383 Y-12.016 Z2.000 F2400 A255.06172; Inset 
G1 X2.816 Y-12.016 Z2.000 F2400 A255.08154; Inset 
G1 X2.273 Y-12.208 Z2.000 F2400 A255.10167; Inset 
G1 X1.832 Y-12.564 Z2.000 F2400 A255.12148; Inset 
G1 X1.651 Y-12.810 Z2.000 F2400 A255.13217; Inset 
G1 X1.443 Y-13.328 Z2.000 F2400 A255.15169; Inset 
G1 X1.404 Y-13.631 Z2.000 F2400 A255.16237; Inset 
G1 X1.476 Y-14.193 Z2.000 F2400 A255.18219; Inset 
G1 X1.735 Y-14.707 Z2.000 F2400 A255.20231; Inset 
G1 X2.150 Y-15.105 Z2.000 F2400 A255.22243; Inset 
G1 X2.150 Y-15.105 Z2.000 F1500 A253.92243; Retract 
G1 X2.150 Y-15.105 Z2.000 F3000; Retract 
G1 X-18.870 Y-18.490 Z2.000 F9000; Travel Move 
G1 X-18.870 Y-18.490 Z2.000 F1500 A255.22243; Restart 
G1 X-19.346 Y-18.092 Z2.000 F5400 A255.24411; Inset 
G1 X-19.772 Y-17.642 Z2.000 F5400 A255.26578; Inset 
G1 X-20.143 Y-17.146 Z2.000 F5400 A255.28745; Inset 
G1 X-20.455 Y-16.610 Z2.000 F5400 A255.30912; Inset 
G1 X-20.702 Y-16.042 Z2.000 F5400 A255.33079; Inset 
G1 X-20.882 Y-15.449 Z2.000 F5400 A255.35246; Inset 
G1 X-20.993 Y-14.839 Z2.000 F5400 A255.37413; Inset 
G1 X-21.032 Y-14.220 Z2.000 F5400 A255.39580; Inset 
G1 X-20.999 Y-13.601 Z2.000 F5400 A255.41747; Inset 
G1 X-20.894 Y-12.990 Z2.000 F5400 A255.43915; Inset 
G1 X-20.720 Y-12.395 Z2.000 F5400 A255.46081; Inset 
G1 X-20.478 Y-11.825 Z2.000 F5400 A255.48249; Inset 
G1 X-20.172 Y-11.286 Z2.000 F5400 A255.50416; Inset 
G1 X-19.805 Y-10.786 Z2.000 F5400 A255.52583; Inset 
G1 X-19.383 Y-10.332 Z2.000 F5400 A255.54750; Inset 
G1 X-18.911 Y-9.930 Z2.000 F5400 A255.56917; Inset 
G1 X-18.396 Y-9.585 Z2.000 F5400 A255.59084; Inset 
G1 X-17.845 Y-9.302 Z2.000 F5400 A255.61251; Inset 
G1 X-17.264 Y-9.085 Z2.000 F5400 A255.63418; Inset 
G1 X-16.662 Y-8.936 Z2.000 F5400 A255.65586; Inset 
G1 X-16.047 Y-8.858 Z2.000 F5400 A255.67752; Inset 
G1 X-15.427 Y-8.852 Z2.000 F5400 A255.69920; Inset 
G1 X-14.811 Y-8.917 Z2.000 F5400 A255.72087; Inset 
G1 X-14.206 Y-9.053 Z2.000 F5400 A255.74254; Inset 
G1 X-13.632 Y-9.255 Z2.000 F5400 A255.76381; Inset 
G1 X-12.599 Y-9.808 Z2.000 F5400 A255.80478; Inset 
G1 X-12.455 Y-9.844 Z2.000 F5400 A255.80996; Inset 
G1 X-4.097 Y-9.845 Z2.000 F5400 A256.10215; Inset 
G1 X-3.741 Y-9.455 Z2.000 F5400 A256.12063; Inset 
G1 X-4.497 Y-0.944 Z2.000 F5400 A256.41934; Inset 
G1 X-4.485 Y-0.773 Z2.000 F5400 A256.42533; Inset 
G1 X-4.430 Y-0.636 Z2.000 F5400 A256.43048; Inset 
G1 X-4.314 Y-0.532 Z2.000 F5400 A256.43593; Inset 
G1 X-3.120 Y-0.056 Z2.000 F5400 A256.48086; Inset 
G1 X-2.658 Y-5.253 Z2.000 F5400 A256.66326; Inset 
G1 X-2.508 Y-5.881 Z2.000 F5400 A256.68584; Inset 
G1 X-2.251 Y-6.483 Z2.000 F5400 A256.70870; Inset 
G1 X-1.897 Y-7.032 Z2.000 F5400 A256.73156; Inset 
G1 X-1.454 Y-7.513 Z2.000 F5400 A256.75442; Inset 
G1 X-0.936 Y-7.913 Z2.000 F5400 A256.77728; Inset 
G1 X-0.359 Y-8.220 Z2.000 F5400 A256.80015; Inset 
G1 X0.262 Y-8.424 Z2.000 F5400 A256.82301; Inset 
G1 X0.909 Y-8.520 Z2.000 F5400 A256.84587; Inset 
G1 X1.563 Y-8.506 Z2.000 F5400 A256.86873; Inset 
G1 X2.205 Y-8.381 Z2.000 F5400 A256.89159; Inset 
G1 X2.817 Y-8.150 Z2.000 F5400 A256.91445; Inset 
G1 X3.380 Y-7.818 Z2.000 F5400 A256.93732; Inset 
G1 X3.880 Y-7.396 Z2.000 F5400 A256.96018; Inset 
G1 X4.301 Y-6.896 Z2.000 F5400 A256.98304; Inset 
G1 X4.631 Y-6.332 Z2.000 F5400 A257.00590; Inset 
G1 X4.875 Y-5.670 Z2.000 F5400 A257.03054; Inset 
G1 X4.990 Y-5.027 Z2.000 F5400 A257.05340; Inset 
G1 X4.996 Y-4.403 Z2.000 F5400 A257.07520; Inset 
G1 X4.424 Y2.036 Z2.000 F5400 A257.30119; Inset 
G1 X5.387 Y2.205 Z2.000 F5400 A257.33538; Inset 
G1 X5.585 Y2.203 Z2.000 F5400 A257.34231; Inset 
G1 X5.735 Y2.126 Z2.000 F5400 A257.34818; Inset 
G1 X5.821 Y2.032 Z2.000 F5400 A257.35265; Inset 
G1 X5.874 Y1.914 Z2.000 F5400 A257.35716; Inset 
G1 X6.216 Y-1.784 Z2.000 F5400 A257.48701; Inset 
G1 X6.397 Y-2.044 Z2.000 F5400 A257.49809; Inset 
G1 X8.675 Y-3.132 Z2.000 F5400 A257.58633; Inset 
G1 X9.315 Y-3.556 Z2.000 F5400 A257.61316; Inset 
G1 X10.555 Y-4.615 Z2.000 F5400 A257.67018; Inset 
G1 X7.280 Y-6.723 Z2.000 F5400 A257.80632; Inset 
G1 X6.939 Y-7.027 Z2.000 F5400 A257.82230; Inset 
G1 X6.733 Y-7.326 Z2.000 F5400 A257.83500; Inset 
G1 X6.689 Y-7.436 Z2.000 F5400 A257.83915; Inset 
G1 X5.380 Y-14.593 Z2.000 F5400 A258.09349; Inset 
G1 X5.218 Y-15.125 Z2.000 F5400 A258.11294; Inset 
G1 X4.945 Y-15.591 Z2.000 F5400 A258.13182; Inset 
G1 X4.607 Y-15.955 Z2.000 F5400 A258.14920; Inset 
G1 X4.151 Y-16.269 Z2.000 F5400 A258.16856; Inset 
G1 X3.683 Y-16.459 Z2.000 F5400 A258.18621; Inset 
G1 X2.997 Y-16.556 Z2.000 F5400 A258.21043; Inset 
G1 X-10.662 Y-16.544 Z2.000 F5400 A258.68795; Inset 
M73 P30; Update Progress 
G1 X-10.923 Y-16.680 Z2.000 F5400 A258.69823; Inset 
G1 X-11.605 Y-17.654 Z2.000 F5400 A258.73981; Inset 
G1 X-12.025 Y-18.097 Z2.000 F5400 A258.76113; Inset 
G1 X-12.501 Y-18.494 Z2.000 F5400 A258.78280; Inset 
G1 X-13.019 Y-18.833 Z2.000 F5400 A258.80447; Inset 
G1 X-13.574 Y-19.110 Z2.000 F5400 A258.82614; Inset 
G1 X-14.157 Y-19.321 Z2.000 F5400 A258.84781; Inset 
G1 X-14.760 Y-19.463 Z2.000 F5400 A258.86948; Inset 
G1 X-15.376 Y-19.534 Z2.000 F5400 A258.89115; Inset 
G1 X-15.996 Y-19.534 Z2.000 F5400 A258.91283; Inset 
G1 X-16.611 Y-19.462 Z2.000 F5400 A258.93449; Inset 
G1 X-17.215 Y-19.319 Z2.000 F5400 A258.95617; Inset 
G1 X-17.797 Y-19.107 Z2.000 F5400 A258.97784; Inset 
G1 X-18.352 Y-18.830 Z2.000 F5400 A258.99951; Inset 
G1 X-18.870 Y-18.490 Z2.000 F5400 A259.02118; Inset 
G1 X-18.870 Y-18.490 Z2.000 F1500 A257.72118; Retract 
G1 X-18.870 Y-18.490 Z2.000 F3000; Retract 
G1 X-19.109 Y-18.812 Z2.000 F9000; Travel Move 
G1 X-19.109 Y-18.812 Z2.000 F1500 A259.02118; Restart 
G1 X-19.620 Y-18.384 Z2.000 F2400 A259.04447; Inset 
G1 X-20.078 Y-17.901 Z2.000 F2400 A259.06776; Inset 
G1 X-20.477 Y-17.367 Z2.000 F2400 A259.09106; Inset 
G1 X-20.812 Y-16.791 Z2.000 F2400 A259.11435; Inset 
G1 X-21.078 Y-16.180 Z2.000 F2400 A259.13765; Inset 
G1 X-21.272 Y-15.543 Z2.000 F2400 A259.16094; Inset 
G1 X-21.390 Y-14.887 Z2.000 F2400 A259.18423; Inset 
G1 X-21.432 Y-14.222 Z2.000 F2400 A259.20753; Inset 
G1 X-21.397 Y-13.557 Z2.000 F2400 A259.23083; Inset 
G1 X-21.285 Y-12.900 Z2.000 F2400 A259.25412; Inset 
G1 X-21.097 Y-12.260 Z2.000 F2400 A259.27742; Inset 
G1 X-20.837 Y-11.647 Z2.000 F2400 A259.30070; Inset 
G1 X-20.508 Y-11.068 Z2.000 F2400 A259.32400; Inset 
G1 X-20.114 Y-10.531 Z2.000 F2400 A259.34730; Inset 
G1 X-19.660 Y-10.043 Z2.000 F2400 A259.37059; Inset 
G1 X-19.153 Y-9.610 Z2.000 F2400 A259.39388; Inset 
G1 X-18.599 Y-9.240 Z2.000 F2400 A259.41718; Inset 
G1 X-18.006 Y-8.935 Z2.000 F2400 A259.44047; Inset 
G1 X-17.383 Y-8.702 Z2.000 F2400 A259.46376; Inset 
G1 X-16.736 Y-8.542 Z2.000 F2400 A259.48706; Inset 
G1 X-16.075 Y-8.458 Z2.000 F2400 A259.51036; Inset 
G1 X-15.408 Y-8.451 Z2.000 F2400 A259.53365; Inset 
G1 X-14.746 Y-8.522 Z2.000 F2400 A259.55695; Inset 
G1 X-14.096 Y-8.668 Z2.000 F2400 A259.58024; Inset 
G1 X-13.471 Y-8.888 Z2.000 F2400 A259.60340; Inset 
G1 X-12.431 Y-9.444 Z2.000 F2400 A259.64461; Inset 
G1 X-4.143 Y-9.445 Z2.000 F2400 A259.93437; Inset 
G1 X-4.898 Y-0.948 Z2.000 F2400 A260.23259; Inset 
G1 X-4.880 Y-0.682 Z2.000 F2400 A260.24190; Inset 
G1 X-4.783 Y-0.442 Z2.000 F2400 A260.25094; Inset 
G1 X-4.525 Y-0.185 Z2.000 F2400 A260.26368; Inset 
G1 X-2.769 Y0.514 Z2.000 F2400 A260.32974; Inset 
G1 X-2.261 Y-5.210 Z2.000 F2400 A260.53064; Inset 
G1 X-2.122 Y-5.778 Z2.000 F2400 A260.55107; Inset 
G1 X-1.888 Y-6.315 Z2.000 F2400 A260.57156; Inset 
G1 X-1.567 Y-6.806 Z2.000 F2400 A260.59205; Inset 
G1 X-1.167 Y-7.235 Z2.000 F2400 A260.61255; Inset 
G1 X-0.701 Y-7.590 Z2.000 F2400 A260.63304; Inset 
G1 X-0.181 Y-7.861 Z2.000 F2400 A260.65353; Inset 
G1 X0.377 Y-8.041 Z2.000 F2400 A260.67403; Inset 
G1 X0.957 Y-8.123 Z2.000 F2400 A260.69452; Inset 
G1 X1.543 Y-8.106 Z2.000 F2400 A260.71501; Inset 
G1 X2.118 Y-7.991 Z2.000 F2400 A260.73550; Inset 
G1 X2.665 Y-7.780 Z2.000 F2400 A260.75600; Inset 
G1 X3.168 Y-7.479 Z2.000 F2400 A260.77649; Inset 
G1 X3.613 Y-7.098 Z2.000 F2400 A260.79698; Inset 
G1 X3.988 Y-6.647 Z2.000 F2400 A260.81747; Inset 
G1 X4.280 Y-6.139 Z2.000 F2400 A260.83797; Inset 
G1 X4.483 Y-5.589 Z2.000 F2400 A260.85846; Inset 
G1 X4.590 Y-5.013 Z2.000 F2400 A260.87895; Inset 
G1 X4.597 Y-4.434 Z2.000 F2400 A260.89921; Inset 
G1 X3.993 Y2.366 Z2.000 F2400 A261.13786; Inset 
G1 X5.354 Y2.605 Z2.000 F2400 A261.18616; Inset 
G1 X5.638 Y2.603 Z2.000 F2400 A261.19608; Inset 
G1 X5.748 Y2.574 Z2.000 F2400 A261.20008; Inset 
G1 X5.984 Y2.446 Z2.000 F2400 A261.20947; Inset 
G1 X6.161 Y2.255 Z2.000 F2400 A261.21857; Inset 
G1 X6.266 Y2.016 Z2.000 F2400 A261.22768; Inset 
G1 X6.610 Y-1.703 Z2.000 F2400 A261.35825; Inset 
G1 X8.873 Y-2.783 Z2.000 F2400 A261.44590; Inset 
G1 X9.556 Y-3.236 Z2.000 F2400 A261.47455; Inset 
G1 X10.965 Y-4.439 Z2.000 F2400 A261.53931; Inset 
G1 X11.047 Y-4.583 Z2.000 F2400 A261.54512; Inset 
G1 X11.036 Y-4.720 Z2.000 F2400 A261.54993; Inset 
G1 X10.928 Y-4.850 Z2.000 F2400 A261.55585; Inset 
G1 X7.504 Y-7.055 Z2.000 F2400 A261.69822; Inset 
G1 X7.217 Y-7.314 Z2.000 F2400 A261.71174; Inset 
G1 X7.079 Y-7.527 Z2.000 F2400 A261.72062; Inset 
G1 X5.769 Y-14.687 Z2.000 F2400 A261.97508; Inset 
G1 X5.587 Y-15.286 Z2.000 F2400 A261.99696; Inset 
G1 X5.268 Y-15.831 Z2.000 F2400 A262.01903; Inset 
G1 X4.870 Y-16.259 Z2.000 F2400 A262.03948; Inset 
G1 X4.342 Y-16.624 Z2.000 F2400 A262.06191; Inset 
G1 X3.797 Y-16.845 Z2.000 F2400 A262.08245; Inset 
G1 X3.301 Y-16.941 Z2.000 F2400 A262.10011; Inset 
G1 X3.007 Y-16.956 Z2.000 F2400 A262.11042; Inset 
G1 X-10.620 Y-16.944 Z2.000 F2400 A262.58681; Inset 
G1 X-11.294 Y-17.908 Z2.000 F2400 A262.62794; Inset 
G1 X-11.751 Y-18.389 Z2.000 F2400 A262.65112; Inset 
G1 X-12.262 Y-18.816 Z2.000 F2400 A262.67441; Inset 
G1 X-12.820 Y-19.180 Z2.000 F2400 A262.69770; Inset 
G1 X-13.416 Y-19.478 Z2.000 F2400 A262.72100; Inset 
G1 X-14.042 Y-19.705 Z2.000 F2400 A262.74429; Inset 
G1 X-14.691 Y-19.858 Z2.000 F2400 A262.76758; Inset 
G1 X-15.353 Y-19.934 Z2.000 F2400 A262.79089; Inset 
G1 X-16.019 Y-19.934 Z2.000 F2400 A262.81417; Inset 
G1 X-16.681 Y-19.857 Z2.000 F2400 A262.83747; Inset 
G1 X-17.330 Y-19.703 Z2.000 F2400 A262.86077; Inset 
G1 X-17.956 Y-19.476 Z2.000 F2400 A262.88405; Inset 
G1 X-18.551 Y-19.177 Z2.000 F2400 A262.90735; Inset 
G1 X-19.109 Y-18.812 Z2.000 F2400 A262.93065; Inset 
G1 X-19.109 Y-18.812 Z2.000 F1500 A261.63065; Retract 
G1 X-19.109 Y-18.812 Z2.000 F3000; Retract 
G1 X-17.820 Y-18.329 Z2.000 F9000; Travel Move 
G1 X-17.820 Y-18.329 Z2.000 F1500 A262.93065; Restart 
G1 X-19.832 Y-16.317 Z2.000 F5400 A263.03011; Infill 
G1 X-18.943 Y-16.646 Z2.000 F5400 A263.06323; Connection 
G1 X-20.177 Y-15.412 Z2.000 F5400 A263.12420; Infill 
G1 X-19.547 Y-15.481 Z2.000 F5400 A263.14633; Connection 
G1 X-20.313 Y-14.716 Z2.000 F5400 A263.18419; Infill 
G1 X-19.759 Y-14.710 Z2.000 F5400 A263.20356; Connection 
G1 X-20.340 Y-14.129 Z2.000 F5400 A263.23227; Infill 
G1 X-20.303 Y-13.605 Z2.000 F5400 A263.25062; Connection 
G1 X-19.562 Y-14.347 Z2.000 F5400 A263.28729; Infill 
G1 X-19.777 Y-13.571 Z2.000 F5400 A263.31544; Connection 
G1 X-20.220 Y-13.129 Z2.000 F5400 A263.33732; Infill 
G1 X-20.093 Y-12.696 Z2.000 F5400 A263.35310; Connection 
G1 X-19.638 Y-13.151 Z2.000 F5400 A263.37559; Infill 
G1 X-19.486 Y-12.743 Z2.000 F5400 A263.39080; Connection 
G1 X-19.933 Y-12.296 Z2.000 F5400 A263.41291; Infill 
G1 X-19.745 Y-11.924 Z2.000 F5400 A263.42749; Connection 
G1 X-19.321 Y-12.347 Z2.000 F5400 A263.44843; Infill 
G1 X-19.114 Y-11.994 Z2.000 F5400 A263.46274; Connection 
G1 X-19.533 Y-11.575 Z2.000 F5400 A263.48346; Infill 
G1 X-19.296 Y-11.252 Z2.000 F5400 A263.49746; Connection 
G1 X-18.881 Y-11.668 Z2.000 F5400 A263.51801; Infill 
G1 X-18.626 Y-11.362 Z2.000 F5400 A263.53191; Connection 
G1 X-19.029 Y-10.959 Z2.000 F5400 A263.55185; Infill 
G1 X-18.742 Y-10.687 Z2.000 F5400 A263.56570; Connection 
G1 X-18.331 Y-11.098 Z2.000 F5400 A263.58603; Infill 
G1 X-18.018 Y-10.850 Z2.000 F5400 A263.59997; Connection 
G1 X-18.433 Y-10.435 Z2.000 F5400 A263.62048; Infill 
G1 X-18.098 Y-10.211 Z2.000 F5400 A263.63459; Connection 
G1 X-17.669 Y-10.640 Z2.000 F5400 A263.65581; Infill 
G1 X-17.296 Y-10.452 Z2.000 F5400 A263.67039; Connection 
G1 X-17.733 Y-10.016 Z2.000 F5400 A263.69198; Infill 
G1 X-17.342 Y-9.846 Z2.000 F5400 A263.70686; Connection 
G1 X-16.889 Y-10.300 Z2.000 F5400 A263.72928; Infill 
G1 X-16.481 Y-10.147 Z2.000 F5400 A263.74449; Connection 
G1 X-16.922 Y-9.707 Z2.000 F5400 A263.76626; Infill 
G1 X-16.466 Y-9.603 Z2.000 F5400 A263.78261; Connection 
G1 X-15.677 Y-10.391 Z2.000 F5400 A263.82159; Infill 
G1 X-15.301 Y-10.207 Z2.000 F5400 A263.83622; Connection 
G1 X-15.965 Y-9.543 Z2.000 F5400 A263.86904; Infill 
G1 X-15.404 Y-9.544 Z2.000 F5400 A263.88865; Connection 
G1 X-14.751 Y-10.197 Z2.000 F5400 A263.92094; Infill 
G1 X-14.756 Y-9.633 Z2.000 F5400 A263.94067; Connection 
G1 X-13.828 Y-10.560 Z2.000 F5400 A263.98652; Infill 
G1 X-13.962 Y-9.866 Z2.000 F5400 A264.01123; Connection 
G1 X-7.968 Y-15.860 Z2.000 F5400 A264.30759; Infill 
G1 X-7.407 Y-15.861 Z2.000 F5400 A264.32718; Connection 
G1 X-12.804 Y-10.464 Z2.000 F5400 A264.59402; Infill 
G1 X-12.178 Y-10.530 Z2.000 F5400 A264.61604; Connection 
G1 X-6.847 Y-15.861 Z2.000 F5400 A264.87962; Infill 
G1 X-6.286 Y-15.862 Z2.000 F5400 A264.89922; Connection 
G1 X-11.618 Y-10.530 Z2.000 F5400 A265.16282; Infill 
G1 X-11.058 Y-10.530 Z2.000 F5400 A265.18240; Connection 
G1 X-5.726 Y-15.862 Z2.000 F5400 A265.44603; Infill 
G1 X-5.165 Y-15.863 Z2.000 F5400 A265.46562; Connection 
G1 X-10.498 Y-10.530 Z2.000 F5400 A265.72927; Infill 
G1 X-9.938 Y-10.530 Z2.000 F5400 A265.74885; Connection 
G1 X-4.605 Y-15.863 Z2.000 F5400 A266.01253; Infill 
G1 X-4.044 Y-15.864 Z2.000 F5400 A266.03212; Connection 
G1 X-9.378 Y-10.530 Z2.000 F5400 A266.29582; Infill 
G1 X-8.818 Y-10.530 Z2.000 F5400 A266.31540; Connection 
G1 X-3.484 Y-15.864 Z2.000 F5400 A266.57912; Infill 
M73 P31; Update Progress 
G1 X-2.923 Y-15.865 Z2.000 F5400 A266.59871; Connection 
G1 X-8.258 Y-10.530 Z2.000 F5400 A266.86245; Infill 
G1 X-7.698 Y-10.530 Z2.000 F5400 A266.88203; Connection 
G1 X-2.363 Y-15.865 Z2.000 F5400 A267.14580; Infill 
G1 X-1.802 Y-15.866 Z2.000 F5400 A267.16540; Connection 
G1 X-7.138 Y-10.530 Z2.000 F5400 A267.42918; Infill 
G1 X-6.577 Y-10.530 Z2.000 F5400 A267.44876; Connection 
G1 X-1.242 Y-15.866 Z2.000 F5400 A267.71258; Infill 
G1 X-0.681 Y-15.867 Z2.000 F5400 A267.73217; Connection 
G1 X-6.017 Y-10.530 Z2.000 F5400 A267.99601; Infill 
G1 X-5.457 Y-10.530 Z2.000 F5400 A268.01559; Connection 
G1 X-0.121 Y-15.867 Z2.000 F5400 A268.27944; Infill 
G1 X0.440 Y-15.868 Z2.000 F5400 A268.29904; Connection 
G1 X-3.373 Y-12.055 Z2.000 F5400 A268.48755; Infill 
G1 X-3.228 Y-11.640 Z2.000 F5400 A268.50292; Connection 
G1 X1.001 Y-15.868 Z2.000 F5400 A268.71197; Infill 
G1 X0.640 Y-14.948 Z2.000 F5400 A268.74653; Connection 
G1 X-3.083 Y-11.225 Z2.000 F5400 A268.93060; Infill 
G1 X-2.811 Y-10.937 Z2.000 F5400 A268.94445; Connection 
G1 X0.377 Y-14.125 Z2.000 F5400 A269.10210; Infill 
G1 X0.324 Y-13.512 Z2.000 F5400 A269.12361; Connection 
G1 X-2.406 Y-10.782 Z2.000 F5400 A269.25858; Infill 
G1 X-2.000 Y-10.628 Z2.000 F5400 A269.27375; Connection 
G1 X0.402 Y-13.030 Z2.000 F5400 A269.39251; Infill 
G1 X0.555 Y-12.623 Z2.000 F5400 A269.40771; Connection 
G1 X-1.595 Y-10.473 Z2.000 F5400 A269.51400; Infill 
G1 X-1.189 Y-10.319 Z2.000 F5400 A269.52917; Connection 
G1 X0.736 Y-12.243 Z2.000 F5400 A269.62433; Infill 
G1 X0.965 Y-11.912 Z2.000 F5400 A269.63841; Connection 
G1 X-0.784 Y-10.164 Z2.000 F5400 A269.72484; Infill 
G1 X-0.378 Y-10.009 Z2.000 F5400 A269.74001; Connection 
G1 X1.258 Y-11.645 Z2.000 F5400 A269.82088; Infill 
G1 X1.562 Y-11.389 Z2.000 F5400 A269.83477; Connection 
G1 X0.027 Y-9.855 Z2.000 F5400 A269.91062; Infill 
G1 X0.433 Y-9.700 Z2.000 F5400 A269.92579; Connection 
G1 X1.915 Y-11.183 Z2.000 F5400 A269.99907; Infill 
G1 X2.329 Y-11.036 Z2.000 F5400 A270.01441; Connection 
G1 X0.838 Y-9.546 Z2.000 F5400 A270.08810; Infill 
G1 X1.244 Y-9.391 Z2.000 F5400 A270.10327; Connection 
G1 X2.782 Y-10.930 Z2.000 F5400 A270.17934; Infill 
G1 X3.342 Y-10.930 Z2.000 F5400 A270.19891; Connection 
G1 X1.649 Y-9.237 Z2.000 F5400 A270.28262; Infill 
G1 X2.073 Y-9.100 Z2.000 F5400 A270.29818; Connection 
G1 X4.045 Y-11.072 Z2.000 F5400 A270.39567; Infill 
G1 X5.215 Y-11.682 Z2.000 F5400 A270.44179; Connection 
G1 X2.529 Y-8.996 Z2.000 F5400 A270.57460; Infill 
G1 X2.929 Y-8.837 Z2.000 F5400 A270.58968; Connection 
G1 X5.301 Y-11.209 Z2.000 F5400 A270.70695; Infill 
G1 X5.388 Y-10.735 Z2.000 F5400 A270.72378; Connection 
G1 X3.311 Y-8.659 Z2.000 F5400 A270.82645; Infill 
G1 X3.677 Y-8.464 Z2.000 F5400 A270.84093; Connection 
G1 X5.475 Y-10.262 Z2.000 F5400 A270.92981; Infill 
G1 X5.561 Y-9.788 Z2.000 F5400 A270.94663; Connection 
G1 X4.082 Y-8.310 Z2.000 F5400 A271.01975; Infill 
G1 X4.488 Y-8.155 Z2.000 F5400 A271.03492; Connection 
G1 X5.648 Y-9.315 Z2.000 F5400 A271.09227; Infill 
G1 X5.734 Y-8.842 Z2.000 F5400 A271.10909; Connection 
G1 X4.893 Y-8.001 Z2.000 F5400 A271.15068; Infill 
G1 X5.299 Y-7.846 Z2.000 F5400 A271.16585; Connection 
G1 X5.821 Y-8.368 Z2.000 F5400 A271.19167; Infill 
G1 X5.908 Y-7.895 Z2.000 F5400 A271.20849; Connection 
G1 X5.704 Y-7.692 Z2.000 F5400 A271.21855; Infill 
G1 X5.704 Y-7.692 Z2.000 F1500 A269.91855; Retract 
G1 X5.704 Y-7.692 Z2.000 F3000; Retract 
G1 X-3.803 Y-11.064 Z2.000 F9000; Travel Move 
G1 X-3.803 Y-11.064 Z2.000 F1500 A271.21855; Restart 
G1 X-4.337 Y-10.531 Z2.000 F5400 A271.24494; Infill 
G1 X-4.897 Y-10.531 Z2.000 F5400 A271.26452; Connection 
G1 X-3.749 Y-11.679 Z2.000 F5400 A271.32131; Infill 
G1 X-3.749 Y-11.679 Z2.000 F1500 A270.02131; Retract 
G1 X-3.749 Y-11.679 Z2.000 F3000; Retract 
G1 X-8.528 Y-15.860 Z2.000 F9000; Travel Move 
G1 X-8.528 Y-15.860 Z2.000 F1500 A271.32131; Restart 
G1 X-12.049 Y-12.340 Z2.000 F5400 A271.49535; Infill 
G1 X-11.685 Y-13.263 Z2.000 F5400 A271.53003; Connection 
G1 X-9.089 Y-15.859 Z2.000 F5400 A271.65841; Infill 
G1 X-9.649 Y-15.859 Z2.000 F5400 A271.67801; Connection 
G1 X-11.686 Y-13.822 Z2.000 F5400 A271.77869; Infill 
G1 X-11.883 Y-14.185 Z2.000 F5400 A271.79313; Connection 
G1 X-10.210 Y-15.858 Z2.000 F5400 A271.87585; Infill 
G1 X-10.770 Y-15.858 Z2.000 F5400 A271.89545; Connection 
G1 X-11.636 Y-14.993 Z2.000 F5400 A271.93823; Infill 
G1 X-11.788 Y-15.400 Z2.000 F5400 A271.95344; Connection 
G1 X-11.159 Y-16.029 Z2.000 F5400 A271.98454; Infill 
G1 X-11.476 Y-16.273 Z2.000 F5400 A271.99850; Connection 
G1 X-11.941 Y-15.808 Z2.000 F5400 A272.02149; Infill 
G1 X-12.127 Y-16.182 Z2.000 F5400 A272.03610; Connection 
G1 X-11.706 Y-16.602 Z2.000 F5400 A272.05689; Infill 
G1 X-11.937 Y-16.932 Z2.000 F5400 A272.07095; Connection 
G1 X-12.334 Y-16.535 Z2.000 F5400 A272.09058; Infill 
G1 X-12.589 Y-16.840 Z2.000 F5400 A272.10448; Connection 
G1 X-12.172 Y-17.256 Z2.000 F5400 A272.12507; Infill 
G1 X-12.445 Y-17.543 Z2.000 F5400 A272.13892; Connection 
G1 X-12.851 Y-17.138 Z2.000 F5400 A272.15898; Infill 
G1 X-13.156 Y-17.392 Z2.000 F5400 A272.17288; Connection 
G1 X-12.745 Y-17.804 Z2.000 F5400 A272.19323; Infill 
G1 X-13.065 Y-18.043 Z2.000 F5400 A272.20722; Connection 
G1 X-13.483 Y-17.626 Z2.000 F5400 A272.22786; Infill 
G1 X-13.836 Y-17.833 Z2.000 F5400 A272.24216; Connection 
G1 X-13.408 Y-18.260 Z2.000 F5400 A272.26329; Infill 
G1 X-13.782 Y-18.447 Z2.000 F5400 A272.27789; Connection 
G1 X-14.232 Y-17.997 Z2.000 F5400 A272.30012; Infill 
G1 X-14.639 Y-18.150 Z2.000 F5400 A272.31533; Connection 
G1 X-14.187 Y-18.602 Z2.000 F5400 A272.33770; Infill 
G1 X-14.623 Y-18.726 Z2.000 F5400 A272.35356; Connection 
G1 X-15.071 Y-18.278 Z2.000 F5400 A272.37572; Infill 
G1 X-15.097 Y-18.811 Z2.000 F5400 A272.39441; Connection 
G1 X-15.836 Y-18.073 Z2.000 F5400 A272.43093; Infill 
G1 X-16.199 Y-18.270 Z2.000 F5400 A272.44536; Connection 
G1 X-15.621 Y-18.848 Z2.000 F5400 A272.47395; Infill 
G1 X-16.211 Y-18.818 Z2.000 F5400 A272.49461; Connection 
G1 X-16.970 Y-18.059 Z2.000 F5400 A272.53216; Infill 
G1 X-16.900 Y-18.689 Z2.000 F5400 A272.55432; Connection 
G1 X-18.100 Y-17.489 Z2.000 F5400 A272.61362; Infill 
G1 X-18.100 Y-17.489 Z2.000 F1500 A271.31362; Retract 
G1 X-18.100 Y-17.489 Z2.000 F3000; Retract 
G1 X-3.482 Y-11.386 Z2.000 F9000; Travel Move 
G1 X-3.482 Y-11.386 Z2.000 F1500 A272.61362; Restart 
G1 X-3.457 Y-11.411 Z2.000 F5400 A272.61483; Infill 
G1 X-3.312 Y-10.996 Z2.000 F5400 A272.63020; Connection 
G1 X-3.536 Y-10.772 Z2.000 F5400 A272.64128; Infill 
G1 X-3.037 Y-10.710 Z2.000 F5400 A272.65885; Connection 
G1 X-3.519 Y-10.229 Z2.000 F5400 A272.68267; Infill 
G1 X-3.251 Y-9.936 Z2.000 F5400 A272.69653; Connection 
G1 X-2.632 Y-10.556 Z2.000 F5400 A272.72717; Infill 
G1 X-2.226 Y-10.401 Z2.000 F5400 A272.74234; Connection 
G1 X-3.040 Y-9.588 Z2.000 F5400 A272.78257; Infill 
G1 X-3.095 Y-8.973 Z2.000 F5400 A272.80415; Connection 
G1 X-1.821 Y-10.247 Z2.000 F5400 A272.86713; Infill 
G1 X-1.415 Y-10.092 Z2.000 F5400 A272.88230; Connection 
G1 X-3.149 Y-8.358 Z2.000 F5400 A272.96804; Infill 
G1 X-3.204 Y-7.744 Z2.000 F5400 A272.98961; Connection 
G1 X-1.010 Y-9.938 Z2.000 F5400 A273.09810; Infill 
G1 X-0.604 Y-9.783 Z2.000 F5400 A273.11327; Connection 
G1 X-3.259 Y-7.129 Z2.000 F5400 A273.24450; Infill 
G1 X-3.313 Y-6.514 Z2.000 F5400 A273.26607; Connection 
G1 X-2.560 Y-7.267 Z2.000 F5400 A273.30330; Infill 
G1 X-3.151 Y-6.117 Z2.000 F5400 A273.34849; Connection 
G1 X-3.368 Y-5.900 Z2.000 F5400 A273.35924; Infill 
G1 X-3.333 Y-5.375 Z2.000 F5400 A273.37762; Connection 
G1 X-3.423 Y-5.285 Z2.000 F5400 A273.38207; Infill 
G1 X-3.391 Y-4.756 Z2.000 F5400 A273.40059; Connection 
G1 X-3.477 Y-4.670 Z2.000 F5400 A273.40484; Infill 
G1 X-3.446 Y-4.142 Z2.000 F5400 A273.42335; Connection 
G1 X-3.532 Y-4.056 Z2.000 F5400 A273.42760; Infill 
G1 X-3.501 Y-3.527 Z2.000 F5400 A273.44612; Connection 
G1 X-3.587 Y-3.441 Z2.000 F5400 A273.45037; Infill 
G1 X-3.555 Y-2.912 Z2.000 F5400 A273.46889; Connection 
G1 X-3.641 Y-2.826 Z2.000 F5400 A273.47314; Infill 
G1 X-3.610 Y-2.298 Z2.000 F5400 A273.49165; Connection 
G1 X-3.696 Y-2.212 Z2.000 F5400 A273.49590; Infill 
G1 X-3.664 Y-1.683 Z2.000 F5400 A273.51442; Connection 
G1 X-3.750 Y-1.597 Z2.000 F5400 A273.51867; Infill 
G1 X-3.719 Y-1.068 Z2.000 F5400 A273.53718; Connection 
G1 X-3.744 Y-1.043 Z2.000 F5400 A273.53843; Infill 
G1 X-3.744 Y-1.043 Z2.000 F1500 A272.23843; Retract 
G1 X-3.744 Y-1.043 Z2.000 F3000; Retract 
G1 X-1.427 Y-8.400 Z2.000 F9000; Travel Move 
G1 X-1.427 Y-8.400 Z2.000 F1500 A273.53843; Restart 
G1 X-0.199 Y-9.629 Z2.000 F5400 A273.59917; Infill 
G1 X0.207 Y-9.474 Z2.000 F5400 A273.61434; Connection 
G1 X-0.312 Y-8.956 Z2.000 F5400 A273.63998; Infill 
G1 X0.434 Y-9.142 Z2.000 F5400 A273.66686; Connection 
G1 X0.612 Y-9.320 Z2.000 F5400 A273.67566; Infill 
G1 X0.612 Y-9.320 Z2.000 F1500 A272.37566; Retract 
G1 X0.612 Y-9.320 Z2.000 F3000; Retract 
G1 X4.553 Y-7.660 Z2.000 F9000; Travel Move 
G1 X4.553 Y-7.660 Z2.000 F1500 A273.67566; Restart 
G1 X4.667 Y-7.774 Z2.000 F5400 A273.68132; Infill 
G1 X5.073 Y-7.620 Z2.000 F5400 A273.69649; Connection 
G1 X4.809 Y-7.357 Z2.000 F5400 A273.70950; Infill 
G1 X5.023 Y-7.010 Z2.000 F5400 A273.72373; Connection 
G1 X5.478 Y-7.465 Z2.000 F5400 A273.74622; Infill 
G1 X5.884 Y-7.311 Z2.000 F5400 A273.76139; Connection 
G1 X5.228 Y-6.655 Z2.000 F5400 A273.79380; Infill 
G1 X5.391 Y-6.258 Z2.000 F5400 A273.80881; Connection 
G1 X6.129 Y-6.996 Z2.000 F5400 A273.84531; Infill 
G1 X6.359 Y-6.666 Z2.000 F5400 A273.85937; Connection 
G1 X5.538 Y-5.845 Z2.000 F5400 A273.89995; Infill 
G1 X5.623 Y-5.371 Z2.000 F5400 A273.91682; Connection 
G1 X6.527 Y-6.274 Z2.000 F5400 A273.96151; Infill 
G1 X6.473 Y-5.660 Z2.000 F5400 A273.98308; Connection 
G1 X5.677 Y-4.864 Z2.000 F5400 A274.02241; Infill 
G1 X5.676 Y-4.303 Z2.000 F5400 A274.04203; Connection 
G1 X6.418 Y-5.045 Z2.000 F5400 A274.07871; Infill 
G1 X6.363 Y-4.430 Z2.000 F5400 A274.10028; Connection 
G1 X5.622 Y-3.688 Z2.000 F5400 A274.13696; Infill 
G1 X5.567 Y-3.074 Z2.000 F5400 A274.15854; Connection 
G1 X6.309 Y-3.816 Z2.000 F5400 A274.19522; Infill 
G1 X6.254 Y-3.201 Z2.000 F5400 A274.21679; Connection 
G1 X5.512 Y-2.459 Z2.000 F5400 A274.25347; Infill 
G1 X5.540 Y-1.927 Z2.000 F5400 A274.27209; Connection 
G1 X5.458 Y-1.844 Z2.000 F5400 A274.27618; Infill 
G1 X5.483 Y-1.310 Z2.000 F5400 A274.29489; Connection 
G1 X5.403 Y-1.230 Z2.000 F5400 A274.29886; Infill 
G1 X5.426 Y-0.693 Z2.000 F5400 A274.31764; Connection 
G1 X5.348 Y-0.615 Z2.000 F5400 A274.32149; Infill 
G1 X5.369 Y-0.076 Z2.000 F5400 A274.34036; Connection 
G1 X5.294 Y-0.000 Z2.000 F5400 A274.34409; Infill 
G1 X5.312 Y0.541 Z2.000 F5400 A274.36304; Connection 
G1 X5.239 Y0.614 Z2.000 F5400 A274.36664; Infill 
G1 X5.255 Y1.159 Z2.000 F5400 A274.38568; Connection 
G1 X5.184 Y1.229 Z2.000 F5400 A274.38916; Infill 
G1 X5.184 Y1.229 Z2.000 F1500 A273.08916; Retract 
G1 X5.184 Y1.229 Z2.000 F3000; Retract 
G1 X6.521 Y-2.908 Z2.000 F9000; Travel Move 
G1 X6.521 Y-2.908 Z2.000 F1500 A274.38916; Restart 
G1 X8.643 Y-5.030 Z2.000 F5400 A274.49405; Infill 
G1 X8.984 Y-4.810 Z2.000 F5400 A274.50822; Connection 
G1 X7.508 Y-3.335 Z2.000 F5400 A274.58119; Infill 
G1 X8.713 Y-3.980 Z2.000 F5400 A274.62899; Connection 
G1 X9.324 Y-4.591 Z2.000 F5400 A274.65921; Infill 
G1 X9.324 Y-4.591 Z2.000 F1500 A273.35921; Retract 
G1 X9.324 Y-4.591 Z2.000 F3000; Retract 
G1 X8.302 Y-5.249 Z2.000 F9000; Travel Move 
G1 X8.302 Y-5.249 Z2.000 F1500 A274.65921; Restart 
G1 X6.576 Y-3.523 Z2.000 F5400 A274.74456; Infill 
G1 X6.631 Y-4.137 Z2.000 F5400 A274.76613; Connection 
G1 X7.961 Y-5.468 Z2.000 F5400 A274.83193; Infill 
G1 X7.621 Y-5.688 Z2.000 F5400 A274.84610; Connection 
G1 X6.685 Y-4.752 Z2.000 F5400 A274.89235; Infill 
G1 X6.740 Y-5.367 Z2.000 F5400 A274.91393; Connection 
G1 X7.280 Y-5.907 Z2.000 F5400 A274.94063; Infill 
G1 X6.939 Y-6.126 Z2.000 F5400 A274.95480; Connection 
G1 X6.794 Y-5.981 Z2.000 F5400 A274.96196; Infill 
; Chunk 20 
; Lower Position  2 
; Upper Position  2.2 
; Thickness       0.2 
; Width           0.4 
G1 X6.794 Y-5.981 Z2.000 F1500 A273.66196; Retract 
G1 X6.794 Y-5.981 Z2.000 F3000; Retract 
G1 X6.794 Y-5.981 Z2.200 F1380; Travel Move 
G1 X4.232 Y-7.605 Z2.200 F9000; Travel Move 
G1 X4.232 Y-7.605 Z2.200 F1500 A274.96196; Restart 
G1 X4.668 Y-7.069 Z2.200 F3912 A274.98613; Inset 
G1 X5.022 Y-6.440 Z2.200 F3912 A275.01136; Inset 
G1 X5.242 Y-5.842 Z2.200 F3912 A275.03364; Inset 
G1 X5.381 Y-5.134 Z2.200 F3912 A275.05887; Inset 
G1 X5.396 Y-4.378 Z2.200 F3912 A275.08529; Inset 
G1 X4.856 Y1.690 Z2.200 F3912 A275.29828; Inset 
G1 X5.486 Y1.790 Z2.200 F3912 A275.32056; Inset 
G1 X5.499 Y1.761 Z2.200 F3912 A275.32169; Inset 
G1 X6.263 Y-6.831 Z2.200 F3912 A275.62324; Inset 
G1 X4.232 Y-7.605 Z2.200 F3912 A275.69922; Inset 
G1 X4.232 Y-7.605 Z2.200 F1500 A274.39922; Retract 
G1 X4.232 Y-7.605 Z2.200 F3000; Retract 
G1 X-3.250 Y-10.456 Z2.200 F9000; Travel Move 
G1 X-3.250 Y-10.456 Z2.200 F1500 A275.69922; Restart 
G1 X-4.096 Y-0.937 Z2.200 F3912 A276.03332; Inset 
G1 X-4.091 Y-0.865 Z2.200 F3912 A276.03585; Inset 
G1 X-3.472 Y-0.619 Z2.200 F3912 A276.05914; Inset 
G1 X-3.056 Y-5.304 Z2.200 F3912 A276.22357; Inset 
G1 X-2.893 Y-5.993 Z2.200 F3912 A276.24833; Inset 
G1 X-2.611 Y-6.658 Z2.200 F3912 A276.27356; Inset 
G1 X-2.222 Y-7.265 Z2.200 F3912 A276.29880; Inset 
G1 X-1.735 Y-7.798 Z2.200 F3912 A276.32403; Inset 
G1 X-1.165 Y-8.242 Z2.200 F3912 A276.34927; Inset 
G1 X-0.529 Y-8.582 Z2.200 F3912 A276.37450; Inset 
G1 X0.156 Y-8.810 Z2.200 F3912 A276.39974; Inset 
G1 X0.808 Y-8.910 Z2.200 F3912 A276.42280; Inset 
G1 X-3.250 Y-10.456 Z2.200 F3912 A276.57462; Inset 
G1 X-3.250 Y-10.456 Z2.200 F1500 A275.27462; Retract 
G1 X-3.250 Y-10.456 Z2.200 F3000; Retract 
G1 X-3.526 Y-11.871 Z2.200 F9000; Travel Move 
G1 X-3.526 Y-11.871 Z2.200 F1500 A276.57462; Restart 
G1 X-4.497 Y-0.941 Z2.200 F3912 A276.95826; Inset 
G1 X-4.485 Y-0.768 Z2.200 F3912 A276.96431; Inset 
G1 X-4.438 Y-0.653 Z2.200 F3912 A276.96867; Inset 
G1 X-4.357 Y-0.558 Z2.200 F3912 A276.97302; Inset 
G1 X-4.214 Y-0.472 Z2.200 F3912 A276.97885; Inset 
G1 X-3.120 Y-0.058 Z2.200 F3912 A277.01974; Inset 
G1 X-2.658 Y-5.253 Z2.200 F3912 A277.20208; Inset 
G1 X-2.508 Y-5.881 Z2.200 F3912 A277.22466; Inset 
M73 P32; Update Progress 
G1 X-2.251 Y-6.483 Z2.200 F3912 A277.24752; Inset 
G1 X-1.897 Y-7.032 Z2.200 F3912 A277.27038; Inset 
G1 X-1.454 Y-7.513 Z2.200 F3912 A277.29324; Inset 
G1 X-0.936 Y-7.913 Z2.200 F3912 A277.31610; Inset 
G1 X-0.359 Y-8.220 Z2.200 F3912 A277.33897; Inset 
G1 X0.262 Y-8.424 Z2.200 F3912 A277.36183; Inset 
G1 X0.909 Y-8.520 Z2.200 F3912 A277.38469; Inset 
G1 X1.563 Y-8.506 Z2.200 F3912 A277.40755; Inset 
G1 X2.205 Y-8.381 Z2.200 F3912 A277.43041; Inset 
G1 X2.817 Y-8.150 Z2.200 F3912 A277.45327; Inset 
G1 X3.422 Y-7.789 Z2.200 F3912 A277.47791; Inset 
G1 X3.916 Y-7.360 Z2.200 F3912 A277.50077; Inset 
G1 X4.301 Y-6.896 Z2.200 F3912 A277.52186; Inset 
G1 X4.631 Y-6.332 Z2.200 F3912 A277.54472; Inset 
G1 X4.861 Y-5.720 Z2.200 F3912 A277.56758; Inset 
G1 X4.985 Y-5.077 Z2.200 F3912 A277.59044; Inset 
G1 X4.996 Y-4.403 Z2.200 F3912 A277.61402; Inset 
G1 X4.425 Y2.021 Z2.200 F3912 A277.83949; Inset 
G1 X5.392 Y2.190 Z2.200 F3912 A277.87382; Inset 
G1 X5.555 Y2.190 Z2.200 F3912 A277.87950; Inset 
G1 X5.680 Y2.148 Z2.200 F3912 A277.88410; Inset 
G1 X5.812 Y2.042 Z2.200 F3912 A277.89002; Inset 
G1 X5.896 Y1.813 Z2.200 F3912 A277.89854; Inset 
G1 X6.688 Y-7.097 Z2.200 F3912 A278.21127; Inset 
G1 X-3.034 Y-10.802 Z2.200 F3912 A278.57499; Inset 
G1 X-3.219 Y-10.992 Z2.200 F3912 A278.58427; Inset 
G1 X-3.526 Y-11.871 Z2.200 F3912 A278.61681; Inset 
G1 X-3.526 Y-11.871 Z2.200 F1500 A277.31681; Retract 
G1 X-3.526 Y-11.871 Z2.200 F3000; Retract 
G1 X-3.767 Y-13.433 Z2.200 F9000; Travel Move 
G1 X-3.767 Y-13.433 Z2.200 F1500 A278.61681; Restart 
G1 X-3.812 Y-13.169 Z2.200 F1739 A278.62618; Inset 
G1 X-4.899 Y-0.944 Z2.200 F1739 A279.05522; Inset 
G1 X-4.880 Y-0.676 Z2.200 F1739 A279.06464; Inset 
G1 X-4.783 Y-0.441 Z2.200 F1739 A279.07350; Inset 
G1 X-4.619 Y-0.249 Z2.200 F1739 A279.08235; Inset 
G1 X-4.390 Y-0.111 Z2.200 F1739 A279.09170; Inset 
G1 X-2.769 Y0.503 Z2.200 F1739 A279.15230; Inset 
G1 X-2.261 Y-5.210 Z2.200 F1739 A279.35282; Inset 
G1 X-2.122 Y-5.778 Z2.200 F1739 A279.37325; Inset 
G1 X-1.888 Y-6.315 Z2.200 F1739 A279.39374; Inset 
G1 X-1.567 Y-6.806 Z2.200 F1739 A279.41423; Inset 
G1 X-1.167 Y-7.235 Z2.200 F1739 A279.43473; Inset 
G1 X-0.701 Y-7.590 Z2.200 F1739 A279.45522; Inset 
G1 X-0.181 Y-7.861 Z2.200 F1739 A279.47571; Inset 
G1 X0.377 Y-8.041 Z2.200 F1739 A279.49620; Inset 
G1 X0.957 Y-8.123 Z2.200 F1739 A279.51670; Inset 
G1 X1.543 Y-8.106 Z2.200 F1739 A279.53719; Inset 
G1 X2.118 Y-7.991 Z2.200 F1739 A279.55768; Inset 
G1 X2.665 Y-7.780 Z2.200 F1739 A279.57818; Inset 
G1 X3.168 Y-7.479 Z2.200 F1739 A279.59867; Inset 
G1 X3.613 Y-7.098 Z2.200 F1739 A279.61916; Inset 
G1 X3.988 Y-6.647 Z2.200 F1739 A279.63965; Inset 
G1 X4.280 Y-6.139 Z2.200 F1739 A279.66015; Inset 
G1 X4.483 Y-5.589 Z2.200 F1739 A279.68064; Inset 
G1 X4.590 Y-5.013 Z2.200 F1739 A279.70113; Inset 
G1 X4.598 Y-4.434 Z2.200 F1739 A279.72139; Inset 
G1 X3.994 Y2.352 Z2.200 F1739 A279.95954; Inset 
G1 X5.358 Y2.590 Z2.200 F1739 A280.00794; Inset 
G1 X5.621 Y2.590 Z2.200 F1739 A280.01712; Inset 
G1 X5.870 Y2.506 Z2.200 F1739 A280.02633; Inset 
G1 X6.085 Y2.341 Z2.200 F1739 A280.03580; Inset 
G1 X6.157 Y2.250 Z2.200 F1739 A280.03983; Inset 
G1 X6.270 Y1.995 Z2.200 F1739 A280.04959; Inset 
G1 X6.293 Y1.865 Z2.200 F1739 A280.05421; Inset 
G1 X7.101 Y-7.226 Z2.200 F1739 A280.37328; Inset 
G1 X7.093 Y-7.371 Z2.200 F1739 A280.37836; Inset 
G1 X-2.854 Y-11.162 Z2.200 F1739 A280.75050; Inset 
G1 X-3.651 Y-13.442 Z2.200 F1739 A280.83495; Inset 
G1 X-3.767 Y-13.433 Z2.200 F1739 A280.83901; Inset 
G1 X-3.767 Y-13.433 Z2.200 F1500 A279.53901; Retract 
G1 X-3.767 Y-13.433 Z2.200 F3000; Retract 
G1 X-3.005 Y-9.984 Z2.200 F9000; Travel Move 
G1 X-3.005 Y-9.984 Z2.200 F1500 A280.83901; Restart 
G1 X-1.424 Y-8.403 Z2.200 F3912 A280.91720; Infill 
G1 X-1.739 Y-8.158 Z2.200 F3912 A280.93115; Connection 
G1 X-3.051 Y-9.470 Z2.200 F3912 A280.99602; Infill 
G1 X-3.096 Y-8.956 Z2.200 F3912 A281.01407; Connection 
G1 X-2.035 Y-7.894 Z2.200 F3912 A281.06655; Infill 
G1 X-2.302 Y-7.602 Z2.200 F3912 A281.08040; Connection 
G1 X-3.142 Y-8.442 Z2.200 F3912 A281.12193; Infill 
G1 X-3.188 Y-7.927 Z2.200 F3912 A281.13998; Connection 
G1 X-2.548 Y-7.287 Z2.200 F3912 A281.17163; Infill 
G1 X-2.766 Y-6.946 Z2.200 F3912 A281.18580; Connection 
G1 X-3.233 Y-7.413 Z2.200 F3912 A281.20889; Infill 
G1 X-3.279 Y-6.899 Z2.200 F3912 A281.22694; Connection 
G1 X-2.957 Y-6.576 Z2.200 F3912 A281.24290; Infill 
G1 X-3.325 Y-6.384 Z2.200 F3912 A281.25741; Connection 
G1 X-3.123 Y-6.182 Z2.200 F3912 A281.26740; Infill 
G1 X-3.371 Y-5.870 Z2.200 F3912 A281.28133; Connection 
G1 X-3.245 Y-5.745 Z2.200 F3912 A281.28754; Infill 
G1 X-3.416 Y-5.356 Z2.200 F3912 A281.30239; Connection 
G1 X-3.344 Y-5.284 Z2.200 F3912 A281.30595; Infill 
G1 X-3.462 Y-4.841 Z2.200 F3912 A281.32195; Connection 
G1 X-3.390 Y-4.769 Z2.200 F3912 A281.32550; Infill 
G1 X-3.508 Y-4.327 Z2.200 F3912 A281.34151; Connection 
G1 X-3.436 Y-4.255 Z2.200 F3912 A281.34506; Infill 
G1 X-3.553 Y-3.813 Z2.200 F3912 A281.36107; Connection 
G1 X-3.482 Y-3.741 Z2.200 F3912 A281.36462; Infill 
G1 X-3.599 Y-3.298 Z2.200 F3912 A281.38063; Connection 
G1 X-3.527 Y-3.227 Z2.200 F3912 A281.38418; Infill 
G1 X-3.645 Y-2.784 Z2.200 F3912 A281.40019; Connection 
G1 X-3.573 Y-2.712 Z2.200 F3912 A281.40374; Infill 
G1 X-3.691 Y-2.270 Z2.200 F3912 A281.41974; Connection 
G1 X-3.619 Y-2.198 Z2.200 F3912 A281.42330; Infill 
G1 X-3.736 Y-1.755 Z2.200 F3912 A281.43930; Connection 
G1 X-3.664 Y-1.684 Z2.200 F3912 A281.44286; Infill 
G1 X-3.782 Y-1.241 Z2.200 F3912 A281.45886; Connection 
G1 X-3.710 Y-1.169 Z2.200 F3912 A281.46242; Infill 
G1 X-3.710 Y-1.169 Z2.200 F1500 A280.16242; Retract 
G1 X-3.710 Y-1.169 Z2.200 F3000; Retract 
G1 X-1.075 Y-8.614 Z2.200 F9000; Travel Move 
G1 X-1.075 Y-8.614 Z2.200 F1500 A281.46242; Restart 
G1 X-2.217 Y-9.757 Z2.200 F3912 A281.51890; Infill 
G1 X-1.312 Y-9.412 Z2.200 F3912 A281.55276; Connection 
G1 X-0.710 Y-8.810 Z2.200 F3912 A281.58254; Infill 
G1 X-0.408 Y-9.067 Z2.200 F3912 A281.59643; Connection 
G1 X-0.300 Y-8.960 Z2.200 F3912 A281.60175; Infill 
G1 X-0.300 Y-8.960 Z2.200 F1500 A280.30175; Retract 
G1 X-0.300 Y-8.960 Z2.200 F3000; Retract 
G1 X5.054 Y-6.966 Z2.200 F9000; Travel Move 
G1 X5.054 Y-6.966 Z2.200 F1500 A281.60175; Restart 
G1 X5.911 Y-6.109 Z2.200 F3912 A281.64412; Infill 
G1 X5.506 Y-5.954 Z2.200 F3912 A281.65928; Connection 
G1 X5.866 Y-5.594 Z2.200 F3912 A281.67705; Infill 
G1 X5.650 Y-5.250 Z2.200 F3912 A281.69126; Connection 
G1 X5.820 Y-5.080 Z2.200 F3912 A281.69967; Infill 
G1 X5.676 Y-4.664 Z2.200 F3912 A281.71507; Connection 
G1 X5.774 Y-4.566 Z2.200 F3912 A281.71991; Infill 
G1 X5.660 Y-4.120 Z2.200 F3912 A281.73599; Connection 
G1 X5.728 Y-4.051 Z2.200 F3912 A281.73938; Infill 
G1 X5.614 Y-3.606 Z2.200 F3912 A281.75547; Connection 
G1 X5.683 Y-3.537 Z2.200 F3912 A281.75886; Infill 
G1 X5.568 Y-3.091 Z2.200 F3912 A281.77495; Connection 
G1 X5.637 Y-3.023 Z2.200 F3912 A281.77833; Infill 
G1 X5.523 Y-2.577 Z2.200 F3912 A281.79442; Connection 
G1 X5.591 Y-2.508 Z2.200 F3912 A281.79781; Infill 
G1 X5.477 Y-2.063 Z2.200 F3912 A281.81390; Connection 
G1 X5.546 Y-1.994 Z2.200 F3912 A281.81728; Infill 
G1 X5.431 Y-1.548 Z2.200 F3912 A281.83337; Connection 
G1 X5.500 Y-1.480 Z2.200 F3912 A281.83676; Infill 
G1 X5.386 Y-1.034 Z2.200 F3912 A281.85285; Connection 
G1 X5.454 Y-0.965 Z2.200 F3912 A281.85624; Infill 
G1 X5.340 Y-0.520 Z2.200 F3912 A281.87232; Connection 
G1 X5.408 Y-0.451 Z2.200 F3912 A281.87571; Infill 
G1 X5.294 Y-0.005 Z2.200 F3912 A281.89180; Connection 
G1 X5.363 Y0.063 Z2.200 F3912 A281.89519; Infill 
G1 X5.248 Y0.509 Z2.200 F3912 A281.91128; Connection 
G1 X5.317 Y0.577 Z2.200 F3912 A281.91466; Infill 
G1 X5.203 Y1.023 Z2.200 F3912 A281.93075; Connection 
G1 X5.271 Y1.092 Z2.200 F3912 A281.93414; Infill 
G1 X5.957 Y-6.623 Z2.200 F3912 A282.20491; Connection 
G1 X5.926 Y-6.653 Z2.200 F3912 A282.20641; Infill 
; Chunk 21 
; Lower Position  2 
; Upper Position  2.2 
; Thickness       0.2 
; Width           0.4 
G1 X5.926 Y-6.653 Z2.200 F1500 A280.90641; Retract 
G1 X5.926 Y-6.653 Z2.200 F3000; Retract 
G1 X6.384 Y-8.550 Z2.200 F9000; Travel Move 
G1 X6.384 Y-8.550 Z2.200 F1500 A282.20641; Restart 
G1 X6.384 Y-15.354 Z2.200 F3912 A282.44430; Support 
G1 X4.404 Y-17.363 Z2.200 F6519; Leaky Travel Move 
G1 X4.404 Y-9.456 Z2.200 F3912 A282.72072; Support 
G1 X2.424 Y-10.384 Z2.200 F6519; Leaky Travel Move 
G1 X2.424 Y-17.578 Z2.200 F3912 A282.97224; Support 
G1 X0.444 Y-16.926 Z2.200 F6519; Leaky Travel Move 
G1 X0.444 Y-11.312 Z2.200 F3912 A283.16850; Support 
G1 X-1.536 Y-12.240 Z2.200 F6519; Leaky Travel Move 
G1 X-1.536 Y-16.219 Z2.200 F3912 A283.30762; Support 
G1 X-3.516 Y-15.331 Z2.200 F6519; Leaky Travel Move 
G1 X-3.516 Y-14.596 Z2.200 F3912 A283.33330; Support 
M73 P33; Update Progress 
; Chunk 22 
; Lower Position  2.2 
; Upper Position  2.4 
; Thickness       0.2 
; Width           0.4 
G1 X-3.516 Y-14.596 Z2.200 F1500 A282.03330; Retract 
G1 X-3.516 Y-14.596 Z2.200 F3000; Retract 
G1 X-3.516 Y-14.596 Z2.400 F1380; Travel Move 
G1 X-3.516 Y-14.596 Z2.400 F1500 A283.33330; Restart 
G1 X-3.516 Y-15.331 Z2.400 F3819 A283.35898; Support 
G1 X-1.536 Y-16.219 Z2.400 F6365; Leaky Travel Move 
G1 X-1.536 Y-12.240 Z2.400 F3819 A283.49810; Support 
G1 X0.444 Y-11.312 Z2.400 F6365; Leaky Travel Move 
G1 X0.444 Y-16.926 Z2.400 F3819 A283.69437; Support 
G1 X2.424 Y-17.578 Z2.400 F6365; Leaky Travel Move 
G1 X2.424 Y-10.384 Z2.400 F3819 A283.94588; Support 
G1 X4.404 Y-9.456 Z2.400 F6365; Leaky Travel Move 
G1 X4.404 Y-17.363 Z2.400 F3819 A284.22230; Support 
G1 X6.384 Y-15.354 Z2.400 F6365; Leaky Travel Move 
G1 X6.384 Y-8.550 Z2.400 F3819 A284.46019; Support 
; Chunk 23 
; Lower Position  2.2 
; Upper Position  2.4 
; Thickness       0.2 
; Width           0.4 
G1 X6.384 Y-8.550 Z2.400 F1500 A283.16019; Retract 
G1 X6.384 Y-8.550 Z2.400 F3000; Retract 
G1 X4.232 Y-7.605 Z2.400 F9000; Travel Move 
G1 X4.232 Y-7.605 Z2.400 F1500 A284.46019; Restart 
G1 X4.668 Y-7.069 Z2.400 F3819 A284.48436; Inset 
G1 X5.022 Y-6.440 Z2.400 F3819 A284.50960; Inset 
G1 X5.242 Y-5.842 Z2.400 F3819 A284.53187; Inset 
G1 X5.381 Y-5.134 Z2.400 F3819 A284.55710; Inset 
G1 X5.396 Y-4.378 Z2.400 F3819 A284.58352; Inset 
G1 X4.856 Y1.690 Z2.400 F3819 A284.79651; Inset 
G1 X5.486 Y1.790 Z2.400 F3819 A284.81879; Inset 
G1 X5.499 Y1.761 Z2.400 F3819 A284.81992; Inset 
G1 X6.263 Y-6.831 Z2.400 F3819 A285.12148; Inset 
G1 X4.232 Y-7.605 Z2.400 F3819 A285.19745; Inset 
G1 X4.232 Y-7.605 Z2.400 F1500 A283.89745; Retract 
G1 X4.232 Y-7.605 Z2.400 F3000; Retract 
G1 X-3.250 Y-10.456 Z2.400 F9000; Travel Move 
G1 X-3.250 Y-10.456 Z2.400 F1500 A285.19745; Restart 
G1 X-4.096 Y-0.937 Z2.400 F3819 A285.53155; Inset 
G1 X-4.091 Y-0.865 Z2.400 F3819 A285.53408; Inset 
G1 X-3.472 Y-0.619 Z2.400 F3819 A285.55737; Inset 
G1 X-3.056 Y-5.304 Z2.400 F3819 A285.72180; Inset 
G1 X-2.893 Y-5.993 Z2.400 F3819 A285.74656; Inset 
G1 X-2.571 Y-6.732 Z2.400 F3819 A285.77475; Inset 
G1 X-2.169 Y-7.332 Z2.400 F3819 A285.79999; Inset 
G1 X-1.735 Y-7.798 Z2.400 F3819 A285.82226; Inset 
G1 X-1.165 Y-8.242 Z2.400 F3819 A285.84750; Inset 
G1 X-0.529 Y-8.582 Z2.400 F3819 A285.87273; Inset 
G1 X0.156 Y-8.810 Z2.400 F3819 A285.89797; Inset 
G1 X0.808 Y-8.910 Z2.400 F3819 A285.92103; Inset 
G1 X-3.250 Y-10.456 Z2.400 F3819 A286.07285; Inset 
G1 X-3.250 Y-10.456 Z2.400 F1500 A284.77285; Retract 
G1 X-3.250 Y-10.456 Z2.400 F3000; Retract 
G1 X-3.526 Y-11.871 Z2.400 F9000; Travel Move 
G1 X-3.526 Y-11.871 Z2.400 F1500 A286.07285; Restart 
G1 X-4.497 Y-0.941 Z2.400 F3819 A286.45649; Inset 
G1 X-4.485 Y-0.768 Z2.400 F3819 A286.46254; Inset 
G1 X-4.438 Y-0.653 Z2.400 F3819 A286.46690; Inset 
G1 X-4.357 Y-0.558 Z2.400 F3819 A286.47125; Inset 
G1 X-4.214 Y-0.472 Z2.400 F3819 A286.47708; Inset 
G1 X-3.120 Y-0.058 Z2.400 F3819 A286.51797; Inset 
G1 X-2.658 Y-5.253 Z2.400 F3819 A286.70031; Inset 
G1 X-2.508 Y-5.881 Z2.400 F3819 A286.72289; Inset 
G1 X-2.251 Y-6.483 Z2.400 F3819 A286.74575; Inset 
G1 X-1.897 Y-7.032 Z2.400 F3819 A286.76861; Inset 
G1 X-1.454 Y-7.513 Z2.400 F3819 A286.79147; Inset 
G1 X-0.936 Y-7.913 Z2.400 F3819 A286.81433; Inset 
G1 X-0.359 Y-8.220 Z2.400 F3819 A286.83719; Inset 
G1 X0.262 Y-8.424 Z2.400 F3819 A286.86006; Inset 
G1 X0.909 Y-8.520 Z2.400 F3819 A286.88292; Inset 
G1 X1.563 Y-8.506 Z2.400 F3819 A286.90578; Inset 
G1 X2.205 Y-8.381 Z2.400 F3819 A286.92864; Inset 
G1 X2.817 Y-8.150 Z2.400 F3819 A286.95150; Inset 
G1 X3.422 Y-7.789 Z2.400 F3819 A286.97614; Inset 
G1 X3.916 Y-7.360 Z2.400 F3819 A286.99900; Inset 
G1 X4.301 Y-6.896 Z2.400 F3819 A287.02009; Inset 
G1 X4.631 Y-6.332 Z2.400 F3819 A287.04295; Inset 
G1 X4.861 Y-5.720 Z2.400 F3819 A287.06581; Inset 
G1 X4.985 Y-5.077 Z2.400 F3819 A287.08867; Inset 
G1 X4.996 Y-4.403 Z2.400 F3819 A287.11224; Inset 
G1 X4.425 Y2.021 Z2.400 F3819 A287.33772; Inset 
G1 X5.392 Y2.190 Z2.400 F3819 A287.37205; Inset 
G1 X5.555 Y2.190 Z2.400 F3819 A287.37773; Inset 
G1 X5.680 Y2.148 Z2.400 F3819 A287.38233; Inset 
G1 X5.812 Y2.042 Z2.400 F3819 A287.38825; Inset 
G1 X5.896 Y1.813 Z2.400 F3819 A287.39677; Inset 
G1 X6.688 Y-7.097 Z2.400 F3819 A287.70950; Inset 
G1 X-3.034 Y-10.802 Z2.400 F3819 A288.07322; Inset 
G1 X-3.219 Y-10.992 Z2.400 F3819 A288.08250; Inset 
G1 X-3.526 Y-11.871 Z2.400 F3819 A288.11504; Inset 
G1 X-3.526 Y-11.871 Z2.400 F1500 A286.81504; Retract 
G1 X-3.526 Y-11.871 Z2.400 F3000; Retract 
G1 X-3.767 Y-13.433 Z2.400 F9000; Travel Move 
G1 X-3.767 Y-13.433 Z2.400 F1500 A288.11504; Restart 
G1 X-3.812 Y-13.169 Z2.400 F1697 A288.12441; Inset 
G1 X-4.899 Y-0.944 Z2.400 F1697 A288.55345; Inset 
G1 X-4.880 Y-0.676 Z2.400 F1697 A288.56287; Inset 
G1 X-4.783 Y-0.441 Z2.400 F1697 A288.57173; Inset 
G1 X-4.619 Y-0.249 Z2.400 F1697 A288.58058; Inset 
G1 X-4.390 Y-0.111 Z2.400 F1697 A288.58993; Inset 
G1 X-2.769 Y0.503 Z2.400 F1697 A288.65053; Inset 
G1 X-2.261 Y-5.210 Z2.400 F1697 A288.85105; Inset 
G1 X-2.122 Y-5.778 Z2.400 F1697 A288.87148; Inset 
G1 X-1.888 Y-6.315 Z2.400 F1697 A288.89197; Inset 
G1 X-1.567 Y-6.806 Z2.400 F1697 A288.91246; Inset 
G1 X-1.167 Y-7.235 Z2.400 F1697 A288.93296; Inset 
G1 X-0.701 Y-7.590 Z2.400 F1697 A288.95345; Inset 
G1 X-0.181 Y-7.861 Z2.400 F1697 A288.97394; Inset 
G1 X0.377 Y-8.041 Z2.400 F1697 A288.99443; Inset 
G1 X0.957 Y-8.123 Z2.400 F1697 A289.01493; Inset 
G1 X1.543 Y-8.106 Z2.400 F1697 A289.03542; Inset 
G1 X2.118 Y-7.991 Z2.400 F1697 A289.05591; Inset 
G1 X2.665 Y-7.780 Z2.400 F1697 A289.07641; Inset 
G1 X3.168 Y-7.479 Z2.400 F1697 A289.09689; Inset 
G1 X3.613 Y-7.098 Z2.400 F1697 A289.11739; Inset 
G1 X3.988 Y-6.647 Z2.400 F1697 A289.13788; Inset 
G1 X4.280 Y-6.139 Z2.400 F1697 A289.15838; Inset 
G1 X4.483 Y-5.589 Z2.400 F1697 A289.17887; Inset 
G1 X4.590 Y-5.013 Z2.400 F1697 A289.19936; Inset 
G1 X4.598 Y-4.434 Z2.400 F1697 A289.21962; Inset 
G1 X3.994 Y2.352 Z2.400 F1697 A289.45776; Inset 
G1 X5.358 Y2.590 Z2.400 F1697 A289.50617; Inset 
G1 X5.621 Y2.590 Z2.400 F1697 A289.51535; Inset 
G1 X5.870 Y2.506 Z2.400 F1697 A289.52456; Inset 
G1 X6.085 Y2.341 Z2.400 F1697 A289.53403; Inset 
G1 X6.157 Y2.250 Z2.400 F1697 A289.53806; Inset 
G1 X6.270 Y1.995 Z2.400 F1697 A289.54782; Inset 
G1 X6.293 Y1.865 Z2.400 F1697 A289.55244; Inset 
G1 X7.101 Y-7.226 Z2.400 F1697 A289.87151; Inset 
G1 X7.093 Y-7.371 Z2.400 F1697 A289.87659; Inset 
G1 X-2.854 Y-11.162 Z2.400 F1697 A290.24873; Inset 
M73 P34; Update Progress 
G1 X-3.651 Y-13.442 Z2.400 F1697 A290.33318; Inset 
G1 X-3.767 Y-13.433 Z2.400 F1697 A290.33724; Inset 
G1 X-3.767 Y-13.433 Z2.400 F1500 A289.03724; Retract 
G1 X-3.767 Y-13.433 Z2.400 F3000; Retract 
G1 X-2.690 Y-9.937 Z2.400 F9000; Travel Move 
G1 X-2.690 Y-9.937 Z2.400 F1500 A290.33724; Restart 
G1 X-3.040 Y-9.588 Z2.400 F3819 A290.35453; Infill 
G1 X-3.095 Y-8.973 Z2.400 F3819 A290.37610; Connection 
G1 X-2.285 Y-9.783 Z2.400 F3819 A290.41614; Infill 
G1 X-1.880 Y-9.628 Z2.400 F3819 A290.43131; Connection 
G1 X-3.149 Y-8.358 Z2.400 F3819 A290.49410; Infill 
G1 X-3.204 Y-7.744 Z2.400 F3819 A290.51567; Connection 
G1 X-1.474 Y-9.474 Z2.400 F3819 A290.60121; Infill 
G1 X-1.069 Y-9.319 Z2.400 F3819 A290.61638; Connection 
G1 X-3.259 Y-7.129 Z2.400 F3819 A290.72467; Infill 
G1 X-3.313 Y-6.514 Z2.400 F3819 A290.74624; Connection 
G1 X-2.551 Y-7.277 Z2.400 F3819 A290.78395; Infill 
G1 X-3.150 Y-6.117 Z2.400 F3819 A290.82959; Connection 
G1 X-3.368 Y-5.900 Z2.400 F3819 A290.84035; Infill 
G1 X-3.333 Y-5.375 Z2.400 F3819 A290.85873; Connection 
G1 X-3.423 Y-5.285 Z2.400 F3819 A290.86318; Infill 
G1 X-3.391 Y-4.756 Z2.400 F3819 A290.88170; Connection 
G1 X-3.477 Y-4.670 Z2.400 F3819 A290.88595; Infill 
G1 X-3.446 Y-4.141 Z2.400 F3819 A290.90447; Connection 
G1 X-3.532 Y-4.056 Z2.400 F3819 A290.90872; Infill 
G1 X-3.501 Y-3.527 Z2.400 F3819 A290.92723; Connection 
G1 X-3.587 Y-3.441 Z2.400 F3819 A290.93148; Infill 
G1 X-3.555 Y-2.912 Z2.400 F3819 A290.95000; Connection 
G1 X-3.641 Y-2.826 Z2.400 F3819 A290.95425; Infill 
G1 X-3.610 Y-2.297 Z2.400 F3819 A290.97276; Connection 
G1 X-3.696 Y-2.212 Z2.400 F3819 A290.97701; Infill 
G1 X-3.664 Y-1.683 Z2.400 F3819 A290.99553; Connection 
G1 X-3.750 Y-1.597 Z2.400 F3819 A290.99978; Infill 
G1 X-3.719 Y-1.068 Z2.400 F3819 A291.01830; Connection 
G1 X-3.750 Y-1.037 Z2.400 F3819 A291.01982; Infill 
G1 X-3.750 Y-1.037 Z2.400 F1500 A289.71982; Retract 
G1 X-3.750 Y-1.037 Z2.400 F3000; Retract 
G1 X-1.428 Y-8.400 Z2.400 F9000; Travel Move 
G1 X-1.428 Y-8.400 Z2.400 F1500 A291.01982; Restart 
G1 X-0.663 Y-9.165 Z2.400 F3819 A291.05762; Infill 
G1 X-0.312 Y-8.956 Z2.400 F3819 A291.07190; Connection 
G1 X-0.258 Y-9.010 Z2.400 F3819 A291.07459; Infill 
G1 X-0.258 Y-9.010 Z2.400 F1500 A289.77459; Retract 
G1 X-0.258 Y-9.010 Z2.400 F3000; Retract 
G1 X5.229 Y-6.656 Z2.400 F9000; Travel Move 
G1 X5.229 Y-6.656 Z2.400 F1500 A291.07459; Restart 
G1 X5.419 Y-6.847 Z2.400 F3819 A291.08402; Infill 
G1 X5.825 Y-6.692 Z2.400 F3819 A291.09919; Connection 
G1 X5.393 Y-6.260 Z2.400 F3819 A291.12054; Infill 
G1 X5.534 Y-5.841 Z2.400 F3819 A291.13600; Connection 
G1 X5.922 Y-6.229 Z2.400 F3819 A291.15518; Infill 
G1 X5.867 Y-5.614 Z2.400 F3819 A291.17675; Connection 
G1 X5.626 Y-5.373 Z2.400 F3819 A291.18870; Infill 
G1 X5.813 Y-5.000 Z2.400 F3819 A291.20329; Connection 
G1 X5.672 Y-4.859 Z2.400 F3819 A291.21023; Infill 
G1 X5.758 Y-4.385 Z2.400 F3819 A291.22708; Connection 
G1 X5.676 Y-4.303 Z2.400 F3819 A291.23113; Infill 
G1 X5.703 Y-3.770 Z2.400 F3819 A291.24978; Connection 
G1 X5.622 Y-3.689 Z2.400 F3819 A291.25383; Infill 
G1 X5.649 Y-3.156 Z2.400 F3819 A291.27248; Connection 
G1 X5.567 Y-3.074 Z2.400 F3819 A291.27652; Infill 
G1 X5.594 Y-2.541 Z2.400 F3819 A291.29518; Connection 
G1 X5.512 Y-2.459 Z2.400 F3819 A291.29922; Infill 
G1 X5.540 Y-1.926 Z2.400 F3819 A291.31787; Connection 
G1 X5.458 Y-1.845 Z2.400 F3819 A291.32192; Infill 
G1 X5.485 Y-1.312 Z2.400 F3819 A291.34057; Connection 
G1 X5.403 Y-1.230 Z2.400 F3819 A291.34462; Infill 
G1 X5.430 Y-0.697 Z2.400 F3819 A291.36327; Connection 
G1 X5.348 Y-0.615 Z2.400 F3819 A291.36732; Infill 
G1 X5.376 Y-0.082 Z2.400 F3819 A291.38597; Connection 
G1 X5.294 Y-0.000 Z2.400 F3819 A291.39002; Infill 
G1 X5.321 Y0.532 Z2.400 F3819 A291.40867; Connection 
G1 X5.239 Y0.614 Z2.400 F3819 A291.41272; Infill 
G1 X5.266 Y1.147 Z2.400 F3819 A291.43137; Connection 
G1 X5.184 Y1.229 Z2.400 F3819 A291.43542; Infill 
; Chunk 24 
; Lower Position  2.4 
; Upper Position  2.6 
; Thickness       0.2 
; Width           0.4 
G1 X5.184 Y1.229 Z2.400 F1500 A290.13542; Retract 
G1 X5.184 Y1.229 Z2.400 F3000; Retract 
G1 X5.184 Y1.229 Z2.600 F1380; Travel Move 
G1 X4.232 Y-7.605 Z2.600 F9000; Travel Move 
G1 X4.232 Y-7.605 Z2.600 F1500 A291.43542; Restart 
G1 X4.668 Y-7.069 Z2.600 F3912 A291.45958; Inset 
G1 X5.022 Y-6.440 Z2.600 F3912 A291.48482; Inset 
G1 X5.242 Y-5.842 Z2.600 F3912 A291.50709; Inset 
G1 X5.381 Y-5.134 Z2.600 F3912 A291.53233; Inset 
G1 X5.396 Y-4.378 Z2.600 F3912 A291.55875; Inset 
G1 X4.856 Y1.690 Z2.600 F3912 A291.77173; Inset 
G1 X5.486 Y1.790 Z2.600 F3912 A291.79401; Inset 
G1 X5.499 Y1.761 Z2.600 F3912 A291.79514; Inset 
G1 X6.263 Y-6.831 Z2.600 F3912 A292.09670; Inset 
G1 X4.232 Y-7.605 Z2.600 F3912 A292.17267; Inset 
G1 X4.232 Y-7.605 Z2.600 F1500 A290.87267; Retract 
G1 X4.232 Y-7.605 Z2.600 F3000; Retract 
G1 X-3.250 Y-10.456 Z2.600 F9000; Travel Move 
G1 X-3.250 Y-10.456 Z2.600 F1500 A292.17267; Restart 
G1 X-4.096 Y-0.937 Z2.600 F3912 A292.50678; Inset 
G1 X-4.091 Y-0.865 Z2.600 F3912 A292.50930; Inset 
G1 X-3.472 Y-0.619 Z2.600 F3912 A292.53260; Inset 
G1 X-3.056 Y-5.304 Z2.600 F3912 A292.69702; Inset 
G1 X-2.893 Y-5.993 Z2.600 F3912 A292.72178; Inset 
G1 X-2.571 Y-6.732 Z2.600 F3912 A292.74998; Inset 
G1 X-2.169 Y-7.332 Z2.600 F3912 A292.77521; Inset 
G1 X-1.672 Y-7.856 Z2.600 F3912 A292.80045; Inset 
G1 X-1.165 Y-8.242 Z2.600 F3912 A292.82272; Inset 
G1 X-0.529 Y-8.582 Z2.600 F3912 A292.84796; Inset 
G1 X0.156 Y-8.810 Z2.600 F3912 A292.87319; Inset 
G1 X0.808 Y-8.910 Z2.600 F3912 A292.89625; Inset 
G1 X-3.250 Y-10.456 Z2.600 F3912 A293.04808; Inset 
G1 X-3.250 Y-10.456 Z2.600 F1500 A291.74808; Retract 
G1 X-3.250 Y-10.456 Z2.600 F3000; Retract 
G1 X-3.526 Y-11.871 Z2.600 F9000; Travel Move 
G1 X-3.526 Y-11.871 Z2.600 F1500 A293.04808; Restart 
G1 X-4.497 Y-0.941 Z2.600 F3912 A293.43171; Inset 
G1 X-4.485 Y-0.768 Z2.600 F3912 A293.43777; Inset 
G1 X-4.438 Y-0.653 Z2.600 F3912 A293.44212; Inset 
G1 X-4.357 Y-0.558 Z2.600 F3912 A293.44648; Inset 
G1 X-4.214 Y-0.472 Z2.600 F3912 A293.45230; Inset 
G1 X-3.120 Y-0.058 Z2.600 F3912 A293.49319; Inset 
G1 X-2.658 Y-5.253 Z2.600 F3912 A293.67554; Inset 
G1 X-2.508 Y-5.881 Z2.600 F3912 A293.69811; Inset 
G1 X-2.251 Y-6.483 Z2.600 F3912 A293.72097; Inset 
G1 X-1.897 Y-7.032 Z2.600 F3912 A293.74383; Inset 
G1 X-1.454 Y-7.513 Z2.600 F3912 A293.76670; Inset 
G1 X-0.893 Y-7.940 Z2.600 F3912 A293.79133; Inset 
G1 X-0.312 Y-8.239 Z2.600 F3912 A293.81419; Inset 
G1 X0.312 Y-8.435 Z2.600 F3912 A293.83706; Inset 
G1 X0.909 Y-8.520 Z2.600 F3912 A293.85814; Inset 
G1 X1.563 Y-8.506 Z2.600 F3912 A293.88100; Inset 
G1 X2.205 Y-8.381 Z2.600 F3912 A293.90386; Inset 
G1 X2.817 Y-8.150 Z2.600 F3912 A293.92673; Inset 
G1 X3.380 Y-7.818 Z2.600 F3912 A293.94959; Inset 
G1 X3.880 Y-7.396 Z2.600 F3912 A293.97245; Inset 
G1 X4.301 Y-6.896 Z2.600 F3912 A293.99531; Inset 
G1 X4.631 Y-6.332 Z2.600 F3912 A294.01817; Inset 
G1 X4.861 Y-5.720 Z2.600 F3912 A294.04103; Inset 
G1 X4.985 Y-5.077 Z2.600 F3912 A294.06390; Inset 
G1 X4.996 Y-4.403 Z2.600 F3912 A294.08747; Inset 
G1 X4.425 Y2.021 Z2.600 F3912 A294.31295; Inset 
G1 X5.392 Y2.190 Z2.600 F3912 A294.34727; Inset 
G1 X5.555 Y2.190 Z2.600 F3912 A294.35295; Inset 
G1 X5.680 Y2.148 Z2.600 F3912 A294.35755; Inset 
G1 X5.812 Y2.042 Z2.600 F3912 A294.36347; Inset 
G1 X5.896 Y1.813 Z2.600 F3912 A294.37199; Inset 
G1 X6.688 Y-7.097 Z2.600 F3912 A294.68473; Inset 
G1 X-3.034 Y-10.802 Z2.600 F3912 A295.04844; Inset 
G1 X-3.219 Y-10.992 Z2.600 F3912 A295.05772; Inset 
G1 X-3.526 Y-11.871 Z2.600 F3912 A295.09027; Inset 
G1 X-3.526 Y-11.871 Z2.600 F1500 A293.79027; Retract 
G1 X-3.526 Y-11.871 Z2.600 F3000; Retract 
G1 X-3.767 Y-13.433 Z2.600 F9000; Travel Move 
G1 X-3.767 Y-13.433 Z2.600 F1500 A295.09027; Restart 
G1 X-3.812 Y-13.169 Z2.600 F1739 A295.09963; Inset 
G1 X-4.899 Y-0.944 Z2.600 F1739 A295.52868; Inset 
G1 X-4.880 Y-0.676 Z2.600 F1739 A295.53809; Inset 
G1 X-4.783 Y-0.441 Z2.600 F1739 A295.54695; Inset 
G1 X-4.619 Y-0.249 Z2.600 F1739 A295.55581; Inset 
G1 X-4.390 Y-0.111 Z2.600 F1739 A295.56515; Inset 
G1 X-2.769 Y0.503 Z2.600 F1739 A295.62575; Inset 
G1 X-2.261 Y-5.210 Z2.600 F1739 A295.82628; Inset 
G1 X-2.122 Y-5.778 Z2.600 F1739 A295.84670; Inset 
G1 X-1.888 Y-6.315 Z2.600 F1739 A295.86720; Inset 
G1 X-1.567 Y-6.806 Z2.600 F1739 A295.88769; Inset 
G1 X-1.167 Y-7.235 Z2.600 F1739 A295.90818; Inset 
G1 X-0.701 Y-7.590 Z2.600 F1739 A295.92867; Inset 
G1 X-0.181 Y-7.861 Z2.600 F1739 A295.94917; Inset 
G1 X0.377 Y-8.041 Z2.600 F1739 A295.96966; Inset 
G1 X0.957 Y-8.123 Z2.600 F1739 A295.99015; Inset 
G1 X1.543 Y-8.106 Z2.600 F1739 A296.01064; Inset 
G1 X2.118 Y-7.991 Z2.600 F1739 A296.03114; Inset 
G1 X2.665 Y-7.780 Z2.600 F1739 A296.05163; Inset 
G1 X3.168 Y-7.479 Z2.600 F1739 A296.07212; Inset 
G1 X3.613 Y-7.098 Z2.600 F1739 A296.09262; Inset 
G1 X3.988 Y-6.647 Z2.600 F1739 A296.11311; Inset 
G1 X4.280 Y-6.139 Z2.600 F1739 A296.13360; Inset 
G1 X4.483 Y-5.589 Z2.600 F1739 A296.15409; Inset 
G1 X4.590 Y-5.013 Z2.600 F1739 A296.17458; Inset 
G1 X4.598 Y-4.434 Z2.600 F1739 A296.19484; Inset 
G1 X3.994 Y2.352 Z2.600 F1739 A296.43299; Inset 
M73 P35; Update Progress 
G1 X5.358 Y2.590 Z2.600 F1739 A296.48139; Inset 
G1 X5.621 Y2.590 Z2.600 F1739 A296.49058; Inset 
G1 X5.870 Y2.506 Z2.600 F1739 A296.49978; Inset 
G1 X6.085 Y2.341 Z2.600 F1739 A296.50925; Inset 
G1 X6.157 Y2.250 Z2.600 F1739 A296.51328; Inset 
G1 X6.270 Y1.995 Z2.600 F1739 A296.52305; Inset 
G1 X6.293 Y1.865 Z2.600 F1739 A296.52766; Inset 
G1 X7.101 Y-7.226 Z2.600 F1739 A296.84673; Inset 
G1 X7.093 Y-7.371 Z2.600 F1739 A296.85181; Inset 
G1 X-2.854 Y-11.162 Z2.600 F1739 A297.22396; Inset 
G1 X-3.651 Y-13.442 Z2.600 F1739 A297.30841; Inset 
G1 X-3.767 Y-13.433 Z2.600 F1739 A297.31247; Inset 
G1 X-3.767 Y-13.433 Z2.600 F1500 A296.01247; Retract 
G1 X-3.767 Y-13.433 Z2.600 F3000; Retract 
G1 X-3.005 Y-9.984 Z2.600 F9000; Travel Move 
G1 X-3.005 Y-9.984 Z2.600 F1500 A297.31247; Restart 
G1 X-1.424 Y-8.404 Z2.600 F3912 A297.39061; Infill 
G1 X-1.742 Y-8.162 Z2.600 F3912 A297.40458; Connection 
G1 X-3.051 Y-9.470 Z2.600 F3912 A297.46927; Infill 
G1 X-3.096 Y-8.956 Z2.600 F3912 A297.48732; Connection 
G1 X-2.032 Y-7.892 Z2.600 F3912 A297.53993; Infill 
G1 X-2.305 Y-7.605 Z2.600 F3912 A297.55378; Connection 
G1 X-3.142 Y-8.442 Z2.600 F3912 A297.59516; Infill 
G1 X-3.188 Y-7.927 Z2.600 F3912 A297.61321; Connection 
G1 X-2.545 Y-7.285 Z2.600 F3912 A297.64497; Infill 
G1 X-2.770 Y-6.949 Z2.600 F3912 A297.65908; Connection 
G1 X-3.233 Y-7.413 Z2.600 F3912 A297.68200; Infill 
G1 X-3.279 Y-6.899 Z2.600 F3912 A297.70005; Connection 
G1 X-2.953 Y-6.572 Z2.600 F3912 A297.71619; Infill 
G1 X-3.325 Y-6.384 Z2.600 F3912 A297.73077; Connection 
G1 X-3.122 Y-6.182 Z2.600 F3912 A297.74079; Infill 
G1 X-3.371 Y-5.870 Z2.600 F3912 A297.75472; Connection 
G1 X-3.245 Y-5.745 Z2.600 F3912 A297.76092; Infill 
G1 X-3.416 Y-5.356 Z2.600 F3912 A297.77577; Connection 
G1 X-3.344 Y-5.284 Z2.600 F3912 A297.77933; Infill 
G1 X-3.462 Y-4.841 Z2.600 F3912 A297.79533; Connection 
G1 X-3.390 Y-4.769 Z2.600 F3912 A297.79889; Infill 
G1 X-3.508 Y-4.327 Z2.600 F3912 A297.81489; Connection 
G1 X-3.436 Y-4.255 Z2.600 F3912 A297.81845; Infill 
G1 X-3.553 Y-3.813 Z2.600 F3912 A297.83445; Connection 
G1 X-3.482 Y-3.741 Z2.600 F3912 A297.83801; Infill 
G1 X-3.599 Y-3.298 Z2.600 F3912 A297.85401; Connection 
G1 X-3.527 Y-3.227 Z2.600 F3912 A297.85757; Infill 
G1 X-3.645 Y-2.784 Z2.600 F3912 A297.87357; Connection 
G1 X-3.573 Y-2.712 Z2.600 F3912 A297.87713; Infill 
G1 X-3.691 Y-2.270 Z2.600 F3912 A297.89313; Connection 
G1 X-3.619 Y-2.198 Z2.600 F3912 A297.89668; Infill 
G1 X-3.736 Y-1.755 Z2.600 F3912 A297.91269; Connection 
G1 X-3.664 Y-1.684 Z2.600 F3912 A297.91624; Infill 
G1 X-3.782 Y-1.241 Z2.600 F3912 A297.93225; Connection 
G1 X-3.710 Y-1.169 Z2.600 F3912 A297.93580; Infill 
G1 X-3.710 Y-1.169 Z2.600 F1500 A296.63580; Retract 
G1 X-3.710 Y-1.169 Z2.600 F3000; Retract 
G1 X-1.075 Y-8.614 Z2.600 F9000; Travel Move 
G1 X-1.075 Y-8.614 Z2.600 F1500 A297.93580; Restart 
G1 X-2.217 Y-9.757 Z2.600 F3912 A297.99229; Infill 
G1 X-1.312 Y-9.412 Z2.600 F3912 A298.02614; Connection 
G1 X-0.710 Y-8.810 Z2.600 F3912 A298.05593; Infill 
G1 X-0.408 Y-9.067 Z2.600 F3912 A298.06982; Connection 
G1 X-0.300 Y-8.960 Z2.600 F3912 A298.07514; Infill 
G1 X-0.300 Y-8.960 Z2.600 F1500 A296.77514; Retract 
G1 X-0.300 Y-8.960 Z2.600 F3000; Retract 
G1 X5.054 Y-6.966 Z2.600 F9000; Travel Move 
G1 X5.054 Y-6.966 Z2.600 F1500 A298.07514; Restart 
G1 X5.911 Y-6.109 Z2.600 F3912 A298.11750; Infill 
G1 X5.506 Y-5.954 Z2.600 F3912 A298.13267; Connection 
G1 X5.866 Y-5.594 Z2.600 F3912 A298.15044; Infill 
G1 X5.650 Y-5.250 Z2.600 F3912 A298.16464; Connection 
G1 X5.820 Y-5.080 Z2.600 F3912 A298.17306; Infill 
G1 X5.676 Y-4.664 Z2.600 F3912 A298.18845; Connection 
G1 X5.774 Y-4.566 Z2.600 F3912 A298.19329; Infill 
G1 X5.660 Y-4.120 Z2.600 F3912 A298.20938; Connection 
G1 X5.728 Y-4.051 Z2.600 F3912 A298.21277; Infill 
G1 X5.614 Y-3.606 Z2.600 F3912 A298.22886; Connection 
G1 X5.683 Y-3.537 Z2.600 F3912 A298.23225; Infill 
G1 X5.568 Y-3.091 Z2.600 F3912 A298.24834; Connection 
G1 X5.637 Y-3.023 Z2.600 F3912 A298.25172; Infill 
G1 X5.523 Y-2.577 Z2.600 F3912 A298.26781; Connection 
G1 X5.591 Y-2.508 Z2.600 F3912 A298.27120; Infill 
G1 X5.477 Y-2.063 Z2.600 F3912 A298.28729; Connection 
G1 X5.546 Y-1.994 Z2.600 F3912 A298.29068; Infill 
G1 X5.431 Y-1.548 Z2.600 F3912 A298.30676; Connection 
G1 X5.500 Y-1.480 Z2.600 F3912 A298.31015; Infill 
G1 X5.386 Y-1.034 Z2.600 F3912 A298.32624; Connection 
G1 X5.454 Y-0.965 Z2.600 F3912 A298.32963; Infill 
G1 X5.340 Y-0.520 Z2.600 F3912 A298.34572; Connection 
G1 X5.408 Y-0.451 Z2.600 F3912 A298.34910; Infill 
G1 X5.294 Y-0.005 Z2.600 F3912 A298.36519; Connection 
G1 X5.363 Y0.063 Z2.600 F3912 A298.36858; Infill 
G1 X5.248 Y0.509 Z2.600 F3912 A298.38467; Connection 
G1 X5.317 Y0.577 Z2.600 F3912 A298.38806; Infill 
G1 X5.203 Y1.023 Z2.600 F3912 A298.40414; Connection 
G1 X5.271 Y1.092 Z2.600 F3912 A298.40753; Infill 
G1 X5.957 Y-6.623 Z2.600 F3912 A298.67830; Connection 
G1 X5.926 Y-6.653 Z2.600 F3912 A298.67981; Infill 
; Chunk 25 
; Lower Position  2.4 
; Upper Position  2.6 
; Thickness       0.2 
; Width           0.4 
G1 X5.926 Y-6.653 Z2.600 F1500 A297.37981; Retract 
G1 X5.926 Y-6.653 Z2.600 F3000; Retract 
G1 X6.384 Y-8.550 Z2.600 F9000; Travel Move 
G1 X6.384 Y-8.550 Z2.600 F1500 A298.67981; Restart 
G1 X6.384 Y-15.354 Z2.600 F3912 A298.91770; Support 
G1 X4.404 Y-17.363 Z2.600 F6519; Leaky Travel Move 
G1 X4.404 Y-9.456 Z2.600 F3912 A299.19412; Support 
G1 X2.424 Y-10.384 Z2.600 F6519; Leaky Travel Move 
G1 X2.424 Y-17.578 Z2.600 F3912 A299.44563; Support 
G1 X0.444 Y-16.926 Z2.600 F6519; Leaky Travel Move 
G1 X0.444 Y-11.312 Z2.600 F3912 A299.64190; Support 
G1 X-1.536 Y-12.240 Z2.600 F6519; Leaky Travel Move 
G1 X-1.536 Y-16.219 Z2.600 F3912 A299.78102; Support 
G1 X-3.516 Y-15.331 Z2.600 F6519; Leaky Travel Move 
G1 X-3.516 Y-14.596 Z2.600 F3912 A299.80670; Support 
; Chunk 26 
; Lower Position  2.6 
; Upper Position  2.8 
; Thickness       0.2 
; Width           0.4 
G1 X-3.516 Y-14.596 Z2.600 F1500 A298.50670; Retract 
G1 X-3.516 Y-14.596 Z2.600 F3000; Retract 
G1 X-3.516 Y-14.596 Z2.800 F1380; Travel Move 
G1 X-3.516 Y-14.596 Z2.800 F9000; Travel Move 
G1 X-3.516 Y-14.596 Z2.800 F1500 A299.80670; Restart 
G1 X-3.516 Y-15.331 Z2.800 F3819 A299.83238; Support 
G1 X-1.536 Y-16.219 Z2.800 F6364; Leaky Travel Move 
G1 X-1.536 Y-12.240 Z2.800 F3819 A299.97150; Support 
G1 X0.444 Y-11.312 Z2.800 F6364; Leaky Travel Move 
G1 X0.444 Y-16.926 Z2.800 F3819 A300.16776; Support 
G1 X2.424 Y-17.578 Z2.800 F6364; Leaky Travel Move 
G1 X2.424 Y-10.384 Z2.800 F3819 A300.41928; Support 
G1 X4.404 Y-9.456 Z2.800 F6364; Leaky Travel Move 
G1 X4.404 Y-17.363 Z2.800 F3819 A300.69570; Support 
G1 X6.384 Y-15.354 Z2.800 F6364; Leaky Travel Move 
G1 X6.384 Y-8.550 Z2.800 F3819 A300.93359; Support 
; Chunk 27 
; Lower Position  2.6 
; Upper Position  2.8 
; Thickness       0.2 
; Width           0.4 
G1 X6.384 Y-8.550 Z2.800 F1500 A299.63359; Retract 
G1 X6.384 Y-8.550 Z2.800 F3000; Retract 
G1 X4.232 Y-7.605 Z2.800 F9000; Travel Move 
G1 X4.232 Y-7.605 Z2.800 F1500 A300.93359; Restart 
G1 X4.668 Y-7.069 Z2.800 F3819 A300.95775; Inset 
G1 X5.022 Y-6.440 Z2.800 F3819 A300.98299; Inset 
G1 X5.242 Y-5.842 Z2.800 F3819 A301.00526; Inset 
G1 X5.381 Y-5.134 Z2.800 F3819 A301.03050; Inset 
G1 X5.396 Y-4.378 Z2.800 F3819 A301.05692; Inset 
G1 X4.856 Y1.690 Z2.800 F3819 A301.26991; Inset 
G1 X5.486 Y1.790 Z2.800 F3819 A301.29218; Inset 
G1 X5.499 Y1.761 Z2.800 F3819 A301.29332; Inset 
G1 X6.263 Y-6.831 Z2.800 F3819 A301.59487; Inset 
G1 X4.232 Y-7.605 Z2.800 F3819 A301.67084; Inset 
G1 X4.232 Y-7.605 Z2.800 F1500 A300.37084; Retract 
G1 X4.232 Y-7.605 Z2.800 F3000; Retract 
G1 X-3.250 Y-10.456 Z2.800 F9000; Travel Move 
G1 X-3.250 Y-10.456 Z2.800 F1500 A301.67084; Restart 
G1 X-4.096 Y-0.937 Z2.800 F3819 A302.00495; Inset 
G1 X-4.091 Y-0.865 Z2.800 F3819 A302.00747; Inset 
G1 X-3.472 Y-0.619 Z2.800 F3819 A302.03077; Inset 
G1 X-3.055 Y-5.304 Z2.800 F3819 A302.19520; Inset 
G1 X-2.865 Y-6.073 Z2.800 F3819 A302.22291; Inset 
G1 X-2.571 Y-6.732 Z2.800 F3819 A302.24815; Inset 
G1 X-2.222 Y-7.265 Z2.800 F3819 A302.27042; Inset 
G1 X-1.735 Y-7.798 Z2.800 F3819 A302.29566; Inset 
G1 X-1.165 Y-8.242 Z2.800 F3819 A302.32089; Inset 
G1 X-0.529 Y-8.582 Z2.800 F3819 A302.34613; Inset 
G1 X0.156 Y-8.810 Z2.800 F3819 A302.37136; Inset 
G1 X0.808 Y-8.910 Z2.800 F3819 A302.39442; Inset 
G1 X-3.250 Y-10.456 Z2.800 F3819 A302.54625; Inset 
G1 X-3.250 Y-10.456 Z2.800 F1500 A301.24625; Retract 
G1 X-3.250 Y-10.456 Z2.800 F3000; Retract 
G1 X-3.526 Y-11.871 Z2.800 F9000; Travel Move 
G1 X-3.526 Y-11.871 Z2.800 F1500 A302.54625; Restart 
G1 X-4.497 Y-0.941 Z2.800 F3819 A302.92988; Inset 
G1 X-4.485 Y-0.768 Z2.800 F3819 A302.93594; Inset 
G1 X-4.438 Y-0.653 Z2.800 F3819 A302.94029; Inset 
G1 X-4.357 Y-0.558 Z2.800 F3819 A302.94465; Inset 
G1 X-4.214 Y-0.472 Z2.800 F3819 A302.95047; Inset 
G1 X-3.120 Y-0.058 Z2.800 F3819 A302.99136; Inset 
G1 X-2.658 Y-5.253 Z2.800 F3819 A303.17371; Inset 
G1 X-2.508 Y-5.881 Z2.800 F3819 A303.19628; Inset 
G1 X-2.251 Y-6.483 Z2.800 F3819 A303.21914; Inset 
G1 X-1.897 Y-7.032 Z2.800 F3819 A303.24200; Inset 
G1 X-1.454 Y-7.513 Z2.800 F3819 A303.26487; Inset 
G1 X-0.936 Y-7.913 Z2.800 F3819 A303.28773; Inset 
G1 X-0.359 Y-8.220 Z2.800 F3819 A303.31059; Inset 
G1 X0.262 Y-8.424 Z2.800 F3819 A303.33345; Inset 
G1 X0.909 Y-8.520 Z2.800 F3819 A303.35631; Inset 
G1 X1.563 Y-8.506 Z2.800 F3819 A303.37917; Inset 
G1 X2.205 Y-8.381 Z2.800 F3819 A303.40203; Inset 
G1 X2.817 Y-8.150 Z2.800 F3819 A303.42490; Inset 
G1 X3.380 Y-7.818 Z2.800 F3819 A303.44776; Inset 
G1 X3.880 Y-7.396 Z2.800 F3819 A303.47062; Inset 
G1 X4.301 Y-6.896 Z2.800 F3819 A303.49348; Inset 
G1 X4.631 Y-6.332 Z2.800 F3819 A303.51634; Inset 
G1 X4.861 Y-5.720 Z2.800 F3819 A303.53920; Inset 
G1 X4.985 Y-5.077 Z2.800 F3819 A303.56207; Inset 
G1 X4.996 Y-4.403 Z2.800 F3819 A303.58564; Inset 
G1 X4.425 Y2.021 Z2.800 F3819 A303.81112; Inset 
M73 P36; Update Progress 
G1 X5.392 Y2.190 Z2.800 F3819 A303.84544; Inset 
G1 X5.555 Y2.190 Z2.800 F3819 A303.85112; Inset 
G1 X5.680 Y2.148 Z2.800 F3819 A303.85572; Inset 
G1 X5.812 Y2.042 Z2.800 F3819 A303.86164; Inset 
G1 X5.896 Y1.813 Z2.800 F3819 A303.87016; Inset 
G1 X6.688 Y-7.097 Z2.800 F3819 A304.18290; Inset 
G1 X-3.034 Y-10.802 Z2.800 F3819 A304.54661; Inset 
G1 X-3.219 Y-10.992 Z2.800 F3819 A304.55589; Inset 
G1 X-3.526 Y-11.871 Z2.800 F3819 A304.58843; Inset 
G1 X-3.526 Y-11.871 Z2.800 F1500 A303.28843; Retract 
G1 X-3.526 Y-11.871 Z2.800 F3000; Retract 
G1 X-3.767 Y-13.433 Z2.800 F9000; Travel Move 
G1 X-3.767 Y-13.433 Z2.800 F1500 A304.58843; Restart 
G1 X-3.812 Y-13.169 Z2.800 F1697 A304.59780; Inset 
G1 X-4.899 Y-0.944 Z2.800 F1697 A305.02684; Inset 
G1 X-4.880 Y-0.676 Z2.800 F1697 A305.03626; Inset 
G1 X-4.783 Y-0.441 Z2.800 F1697 A305.04512; Inset 
G1 X-4.619 Y-0.249 Z2.800 F1697 A305.05397; Inset 
G1 X-4.390 Y-0.111 Z2.800 F1697 A305.06332; Inset 
G1 X-2.769 Y0.503 Z2.800 F1697 A305.12392; Inset 
G1 X-2.261 Y-5.210 Z2.800 F1697 A305.32444; Inset 
G1 X-2.122 Y-5.778 Z2.800 F1697 A305.34487; Inset 
G1 X-1.888 Y-6.315 Z2.800 F1697 A305.36537; Inset 
G1 X-1.567 Y-6.806 Z2.800 F1697 A305.38585; Inset 
G1 X-1.167 Y-7.235 Z2.800 F1697 A305.40635; Inset 
G1 X-0.701 Y-7.590 Z2.800 F1697 A305.42684; Inset 
G1 X-0.181 Y-7.861 Z2.800 F1697 A305.44733; Inset 
G1 X0.377 Y-8.041 Z2.800 F1697 A305.46783; Inset 
G1 X0.957 Y-8.123 Z2.800 F1697 A305.48832; Inset 
G1 X1.543 Y-8.106 Z2.800 F1697 A305.50881; Inset 
G1 X2.118 Y-7.991 Z2.800 F1697 A305.52930; Inset 
G1 X2.665 Y-7.780 Z2.800 F1697 A305.54980; Inset 
G1 X3.168 Y-7.479 Z2.800 F1697 A305.57029; Inset 
G1 X3.613 Y-7.098 Z2.800 F1697 A305.59078; Inset 
G1 X3.988 Y-6.647 Z2.800 F1697 A305.61127; Inset 
G1 X4.280 Y-6.139 Z2.800 F1697 A305.63177; Inset 
G1 X4.483 Y-5.589 Z2.800 F1697 A305.65226; Inset 
G1 X4.590 Y-5.013 Z2.800 F1697 A305.67275; Inset 
G1 X4.598 Y-4.434 Z2.800 F1697 A305.69301; Inset 
G1 X3.994 Y2.352 Z2.800 F1697 A305.93116; Inset 
G1 X5.358 Y2.590 Z2.800 F1697 A305.97956; Inset 
G1 X5.621 Y2.590 Z2.800 F1697 A305.98874; Inset 
G1 X5.870 Y2.506 Z2.800 F1697 A305.99795; Inset 
G1 X6.085 Y2.341 Z2.800 F1697 A306.00742; Inset 
G1 X6.157 Y2.250 Z2.800 F1697 A306.01145; Inset 
G1 X6.270 Y1.995 Z2.800 F1697 A306.02122; Inset 
G1 X6.293 Y1.865 Z2.800 F1697 A306.02582; Inset 
G1 X7.101 Y-7.226 Z2.800 F1697 A306.34490; Inset 
G1 X7.093 Y-7.371 Z2.800 F1697 A306.34998; Inset 
G1 X-2.854 Y-11.162 Z2.800 F1697 A306.72213; Inset 
G1 X-3.651 Y-13.442 Z2.800 F1697 A306.80657; Inset 
G1 X-3.767 Y-13.433 Z2.800 F1697 A306.81063; Inset 
G1 X-3.767 Y-13.433 Z2.800 F1500 A305.51063; Retract 
G1 X-3.767 Y-13.433 Z2.800 F3000; Retract 
G1 X-2.690 Y-9.937 Z2.800 F9000; Travel Move 
G1 X-2.690 Y-9.937 Z2.800 F1500 A306.81063; Restart 
G1 X-3.040 Y-9.588 Z2.800 F3819 A306.82792; Infill 
G1 X-3.095 Y-8.973 Z2.800 F3819 A306.84949; Connection 
G1 X-2.285 Y-9.783 Z2.800 F3819 A306.88953; Infill 
G1 X-1.879 Y-9.628 Z2.800 F3819 A306.90470; Connection 
G1 X-3.149 Y-8.358 Z2.800 F3819 A306.96749; Infill 
G1 X-3.204 Y-7.744 Z2.800 F3819 A306.98906; Connection 
G1 X-1.474 Y-9.474 Z2.800 F3819 A307.07460; Infill 
G1 X-1.068 Y-9.319 Z2.800 F3819 A307.08977; Connection 
G1 X-3.259 Y-7.129 Z2.800 F3819 A307.19805; Infill 
G1 X-3.313 Y-6.514 Z2.800 F3819 A307.21962; Connection 
G1 X-2.567 Y-7.261 Z2.800 F3819 A307.25653; Infill 
G1 X-3.149 Y-6.119 Z2.800 F3819 A307.30135; Connection 
G1 X-3.368 Y-5.900 Z2.800 F3819 A307.31218; Infill 
G1 X-3.332 Y-5.375 Z2.800 F3819 A307.33056; Connection 
G1 X-3.423 Y-5.285 Z2.800 F3819 A307.33502; Infill 
G1 X-3.391 Y-4.756 Z2.800 F3819 A307.35353; Connection 
G1 X-3.477 Y-4.670 Z2.800 F3819 A307.35778; Infill 
G1 X-3.446 Y-4.142 Z2.800 F3819 A307.37630; Connection 
G1 X-3.532 Y-4.056 Z2.800 F3819 A307.38055; Infill 
G1 X-3.501 Y-3.527 Z2.800 F3819 A307.39906; Connection 
G1 X-3.587 Y-3.441 Z2.800 F3819 A307.40331; Infill 
G1 X-3.555 Y-2.912 Z2.800 F3819 A307.42183; Connection 
G1 X-3.641 Y-2.826 Z2.800 F3819 A307.42608; Infill 
G1 X-3.610 Y-2.298 Z2.800 F3819 A307.44460; Connection 
G1 X-3.696 Y-2.212 Z2.800 F3819 A307.44885; Infill 
G1 X-3.664 Y-1.683 Z2.800 F3819 A307.46736; Connection 
G1 X-3.750 Y-1.597 Z2.800 F3819 A307.47161; Infill 
G1 X-3.719 Y-1.068 Z2.800 F3819 A307.49013; Connection 
G1 X-3.750 Y-1.037 Z2.800 F3819 A307.49166; Infill 
G1 X-3.750 Y-1.037 Z2.800 F1500 A306.19166; Retract 
G1 X-3.750 Y-1.037 Z2.800 F3000; Retract 
G1 X-1.428 Y-8.400 Z2.800 F9000; Travel Move 
G1 X-1.428 Y-8.400 Z2.800 F1500 A307.49166; Restart 
G1 X-0.663 Y-9.165 Z2.800 F3819 A307.52945; Infill 
G1 X-0.312 Y-8.956 Z2.800 F3819 A307.54374; Connection 
G1 X-0.258 Y-9.010 Z2.800 F3819 A307.54643; Infill 
G1 X-0.258 Y-9.010 Z2.800 F1500 A306.24643; Retract 
G1 X-0.258 Y-9.010 Z2.800 F3000; Retract 
G1 X5.229 Y-6.656 Z2.800 F9000; Travel Move 
G1 X5.229 Y-6.656 Z2.800 F1500 A307.54643; Restart 
G1 X5.419 Y-6.847 Z2.800 F3819 A307.55586; Infill 
G1 X5.825 Y-6.692 Z2.800 F3819 A307.57103; Connection 
G1 X5.393 Y-6.260 Z2.800 F3819 A307.59238; Infill 
G1 X5.534 Y-5.841 Z2.800 F3819 A307.60784; Connection 
G1 X5.922 Y-6.229 Z2.800 F3819 A307.62702; Infill 
G1 X5.867 Y-5.614 Z2.800 F3819 A307.64859; Connection 
G1 X5.626 Y-5.373 Z2.800 F3819 A307.66054; Infill 
G1 X5.813 Y-5.000 Z2.800 F3819 A307.67512; Connection 
G1 X5.672 Y-4.859 Z2.800 F3819 A307.68206; Infill 
G1 X5.758 Y-4.385 Z2.800 F3819 A307.69891; Connection 
G1 X5.676 Y-4.303 Z2.800 F3819 A307.70296; Infill 
G1 X5.703 Y-3.770 Z2.800 F3819 A307.72161; Connection 
G1 X5.622 Y-3.689 Z2.800 F3819 A307.72566; Infill 
G1 X5.649 Y-3.156 Z2.800 F3819 A307.74431; Connection 
G1 X5.567 Y-3.074 Z2.800 F3819 A307.74836; Infill 
G1 X5.594 Y-2.541 Z2.800 F3819 A307.76701; Connection 
G1 X5.512 Y-2.459 Z2.800 F3819 A307.77106; Infill 
G1 X5.540 Y-1.926 Z2.800 F3819 A307.78971; Connection 
G1 X5.458 Y-1.845 Z2.800 F3819 A307.79376; Infill 
G1 X5.485 Y-1.312 Z2.800 F3819 A307.81241; Connection 
G1 X5.403 Y-1.230 Z2.800 F3819 A307.81646; Infill 
G1 X5.430 Y-0.697 Z2.800 F3819 A307.83511; Connection 
G1 X5.348 Y-0.615 Z2.800 F3819 A307.83916; Infill 
G1 X5.376 Y-0.082 Z2.800 F3819 A307.85781; Connection 
G1 X5.294 Y-0.001 Z2.800 F3819 A307.86185; Infill 
G1 X5.321 Y0.532 Z2.800 F3819 A307.88050; Connection 
G1 X5.239 Y0.614 Z2.800 F3819 A307.88455; Infill 
G1 X5.266 Y1.147 Z2.800 F3819 A307.90320; Connection 
G1 X5.184 Y1.229 Z2.800 F3819 A307.90725; Infill 
; Chunk 28 
; Lower Position  2.8 
; Upper Position  3 
; Thickness       0.2 
; Width           0.4 
G1 X5.184 Y1.229 Z2.800 F1500 A306.60725; Retract 
G1 X5.184 Y1.229 Z2.800 F3000; Retract 
G1 X5.184 Y1.229 Z3.000 F1380; Travel Move 
G1 X4.232 Y-7.605 Z3.000 F9000; Travel Move 
G1 X4.232 Y-7.605 Z3.000 F1500 A307.90725; Restart 
G1 X4.668 Y-7.069 Z3.000 F3912 A307.93142; Inset 
G1 X5.022 Y-6.440 Z3.000 F3912 A307.95665; Inset 
G1 X5.265 Y-5.760 Z3.000 F3912 A307.98189; Inset 
G1 X5.389 Y-5.049 Z3.000 F3912 A308.00713; Inset 
G1 X5.396 Y-4.378 Z3.000 F3912 A308.03058; Inset 
G1 X4.856 Y1.690 Z3.000 F3912 A308.24357; Inset 
G1 X5.486 Y1.790 Z3.000 F3912 A308.26585; Inset 
G1 X5.499 Y1.761 Z3.000 F3912 A308.26698; Inset 
G1 X6.263 Y-6.831 Z3.000 F3912 A308.56854; Inset 
G1 X4.232 Y-7.605 Z3.000 F3912 A308.64451; Inset 
G1 X4.232 Y-7.605 Z3.000 F1500 A307.34451; Retract 
G1 X4.232 Y-7.605 Z3.000 F3000; Retract 
G1 X-3.250 Y-10.456 Z3.000 F9000; Travel Move 
G1 X-3.250 Y-10.456 Z3.000 F1500 A308.64451; Restart 
G1 X-4.096 Y-0.937 Z3.000 F3912 A308.97861; Inset 
G1 X-4.091 Y-0.865 Z3.000 F3912 A308.98114; Inset 
G1 X-3.472 Y-0.619 Z3.000 F3912 A309.00443; Inset 
G1 X-3.055 Y-5.304 Z3.000 F3912 A309.16886; Inset 
G1 X-2.893 Y-5.993 Z3.000 F3912 A309.19362; Inset 
G1 X-2.611 Y-6.658 Z3.000 F3912 A309.21885; Inset 
G1 X-2.222 Y-7.265 Z3.000 F3912 A309.24409; Inset 
G1 X-1.735 Y-7.798 Z3.000 F3912 A309.26933; Inset 
G1 X-1.165 Y-8.242 Z3.000 F3912 A309.29456; Inset 
G1 X-0.529 Y-8.582 Z3.000 F3912 A309.31980; Inset 
G1 X0.156 Y-8.810 Z3.000 F3912 A309.34503; Inset 
G1 X0.808 Y-8.910 Z3.000 F3912 A309.36809; Inset 
G1 X-3.250 Y-10.456 Z3.000 F3912 A309.51992; Inset 
G1 X-3.250 Y-10.456 Z3.000 F1500 A308.21992; Retract 
G1 X-3.250 Y-10.456 Z3.000 F3000; Retract 
G1 X-3.526 Y-11.871 Z3.000 F9000; Travel Move 
G1 X-3.526 Y-11.871 Z3.000 F1500 A309.51992; Restart 
G1 X-4.497 Y-0.941 Z3.000 F3912 A309.90355; Inset 
M73 P37; Update Progress 
G1 X-4.485 Y-0.768 Z3.000 F3912 A309.90960; Inset 
G1 X-4.438 Y-0.653 Z3.000 F3912 A309.91396; Inset 
G1 X-4.357 Y-0.558 Z3.000 F3912 A309.91832; Inset 
G1 X-4.214 Y-0.472 Z3.000 F3912 A309.92414; Inset 
G1 X-3.120 Y-0.058 Z3.000 F3912 A309.96503; Inset 
G1 X-2.658 Y-5.253 Z3.000 F3912 A310.14737; Inset 
G1 X-2.508 Y-5.881 Z3.000 F3912 A310.16995; Inset 
G1 X-2.251 Y-6.483 Z3.000 F3912 A310.19281; Inset 
G1 X-1.897 Y-7.032 Z3.000 F3912 A310.21567; Inset 
G1 X-1.454 Y-7.513 Z3.000 F3912 A310.23853; Inset 
G1 X-0.936 Y-7.913 Z3.000 F3912 A310.26140; Inset 
G1 X-0.359 Y-8.220 Z3.000 F3912 A310.28426; Inset 
G1 X0.262 Y-8.424 Z3.000 F3912 A310.30712; Inset 
G1 X0.909 Y-8.520 Z3.000 F3912 A310.32998; Inset 
G1 X1.563 Y-8.506 Z3.000 F3912 A310.35284; Inset 
G1 X2.205 Y-8.381 Z3.000 F3912 A310.37570; Inset 
G1 X2.817 Y-8.150 Z3.000 F3912 A310.39856; Inset 
G1 X3.380 Y-7.818 Z3.000 F3912 A310.42143; Inset 
G1 X3.880 Y-7.396 Z3.000 F3912 A310.44429; Inset 
G1 X4.301 Y-6.896 Z3.000 F3912 A310.46715; Inset 
G1 X4.631 Y-6.332 Z3.000 F3912 A310.49001; Inset 
G1 X4.875 Y-5.670 Z3.000 F3912 A310.51465; Inset 
G1 X4.990 Y-5.027 Z3.000 F3912 A310.53751; Inset 
G1 X4.996 Y-4.403 Z3.000 F3912 A310.55931; Inset 
G1 X4.425 Y2.021 Z3.000 F3912 A310.78479; Inset 
G1 X5.392 Y2.190 Z3.000 F3912 A310.81911; Inset 
G1 X5.555 Y2.190 Z3.000 F3912 A310.82479; Inset 
G1 X5.680 Y2.148 Z3.000 F3912 A310.82939; Inset 
G1 X5.812 Y2.042 Z3.000 F3912 A310.83531; Inset 
G1 X5.896 Y1.813 Z3.000 F3912 A310.84383; Inset 
G1 X6.688 Y-7.097 Z3.000 F3912 A311.15657; Inset 
G1 X-3.034 Y-10.802 Z3.000 F3912 A311.52028; Inset 
G1 X-3.219 Y-10.992 Z3.000 F3912 A311.52956; Inset 
G1 X-3.526 Y-11.871 Z3.000 F3912 A311.56210; Inset 
G1 X-3.526 Y-11.871 Z3.000 F1500 A310.26210; Retract 
G1 X-3.526 Y-11.871 Z3.000 F3000; Retract 
G1 X-3.767 Y-13.433 Z3.000 F9000; Travel Move 
G1 X-3.767 Y-13.433 Z3.000 F1500 A311.56210; Restart 
G1 X-3.812 Y-13.169 Z3.000 F1739 A311.57147; Inset 
G1 X-4.899 Y-0.944 Z3.000 F1739 A312.00051; Inset 
G1 X-4.880 Y-0.676 Z3.000 F1739 A312.00993; Inset 
G1 X-4.783 Y-0.441 Z3.000 F1739 A312.01878; Inset 
G1 X-4.618 Y-0.249 Z3.000 F1739 A312.02764; Inset 
G1 X-4.390 Y-0.111 Z3.000 F1739 A312.03699; Inset 
G1 X-2.768 Y0.503 Z3.000 F1739 A312.09759; Inset 
G1 X-2.261 Y-5.210 Z3.000 F1739 A312.29811; Inset 
G1 X-2.122 Y-5.778 Z3.000 F1739 A312.31854; Inset 
G1 X-1.888 Y-6.315 Z3.000 F1739 A312.33903; Inset 
G1 X-1.567 Y-6.806 Z3.000 F1739 A312.35952; Inset 
G1 X-1.167 Y-7.235 Z3.000 F1739 A312.38002; Inset 
G1 X-0.701 Y-7.590 Z3.000 F1739 A312.40051; Inset 
G1 X-0.181 Y-7.861 Z3.000 F1739 A312.42100; Inset 
G1 X0.377 Y-8.041 Z3.000 F1739 A312.44149; Inset 
G1 X0.957 Y-8.123 Z3.000 F1739 A312.46199; Inset 
G1 X1.543 Y-8.106 Z3.000 F1739 A312.48248; Inset 
G1 X2.118 Y-7.991 Z3.000 F1739 A312.50297; Inset 
G1 X2.665 Y-7.780 Z3.000 F1739 A312.52347; Inset 
G1 X3.168 Y-7.479 Z3.000 F1739 A312.54396; Inset 
G1 X3.613 Y-7.098 Z3.000 F1739 A312.56445; Inset 
G1 X3.988 Y-6.647 Z3.000 F1739 A312.58494; Inset 
G1 X4.280 Y-6.139 Z3.000 F1739 A312.60543; Inset 
G1 X4.483 Y-5.589 Z3.000 F1739 A312.62593; Inset 
G1 X4.590 Y-5.013 Z3.000 F1739 A312.64642; Inset 
G1 X4.598 Y-4.434 Z3.000 F1739 A312.66668; Inset 
G1 X3.994 Y2.352 Z3.000 F1739 A312.90482; Inset 
G1 X5.358 Y2.590 Z3.000 F1739 A312.95323; Inset 
G1 X5.621 Y2.590 Z3.000 F1739 A312.96241; Inset 
G1 X5.870 Y2.506 Z3.000 F1739 A312.97162; Inset 
G1 X6.085 Y2.341 Z3.000 F1739 A312.98109; Inset 
G1 X6.157 Y2.250 Z3.000 F1739 A312.98512; Inset 
G1 X6.270 Y1.995 Z3.000 F1739 A312.99488; Inset 
G1 X6.293 Y1.865 Z3.000 F1739 A312.99950; Inset 
G1 X7.101 Y-7.226 Z3.000 F1739 A313.31857; Inset 
G1 X7.093 Y-7.371 Z3.000 F1739 A313.32365; Inset 
G1 X-2.854 Y-11.162 Z3.000 F1739 A313.69579; Inset 
G1 X-3.651 Y-13.442 Z3.000 F1739 A313.78024; Inset 
G1 X-3.767 Y-13.433 Z3.000 F1739 A313.78430; Inset 
G1 X-3.767 Y-13.433 Z3.000 F1500 A312.48430; Retract 
G1 X-3.767 Y-13.433 Z3.000 F3000; Retract 
G1 X-3.005 Y-9.984 Z3.000 F9000; Travel Move 
G1 X-3.005 Y-9.984 Z3.000 F1500 A313.78430; Restart 
G1 X-1.424 Y-8.403 Z3.000 F3912 A313.86248; Infill 
G1 X-1.739 Y-8.158 Z3.000 F3912 A313.87644; Connection 
G1 X-3.051 Y-9.470 Z3.000 F3912 A313.94130; Infill 
G1 X-3.096 Y-8.956 Z3.000 F3912 A313.95935; Connection 
G1 X-2.035 Y-7.894 Z3.000 F3912 A314.01183; Infill 
G1 X-2.302 Y-7.602 Z3.000 F3912 A314.02569; Connection 
G1 X-3.142 Y-8.442 Z3.000 F3912 A314.06722; Infill 
G1 X-3.188 Y-7.927 Z3.000 F3912 A314.08527; Connection 
G1 X-2.548 Y-7.287 Z3.000 F3912 A314.11691; Infill 
G1 X-2.766 Y-6.946 Z3.000 F3912 A314.13109; Connection 
G1 X-3.233 Y-7.413 Z3.000 F3912 A314.15418; Infill 
G1 X-3.279 Y-6.899 Z3.000 F3912 A314.17223; Connection 
G1 X-2.957 Y-6.576 Z3.000 F3912 A314.18818; Infill 
G1 X-3.325 Y-6.384 Z3.000 F3912 A314.20270; Connection 
G1 X-3.123 Y-6.182 Z3.000 F3912 A314.21268; Infill 
G1 X-3.371 Y-5.870 Z3.000 F3912 A314.22662; Connection 
G1 X-3.245 Y-5.745 Z3.000 F3912 A314.23282; Infill 
G1 X-3.416 Y-5.356 Z3.000 F3912 A314.24767; Connection 
G1 X-3.344 Y-5.284 Z3.000 F3912 A314.25123; Infill 
G1 X-3.462 Y-4.841 Z3.000 F3912 A314.26723; Connection 
G1 X-3.390 Y-4.769 Z3.000 F3912 A314.27079; Infill 
G1 X-3.508 Y-4.327 Z3.000 F3912 A314.28679; Connection 
G1 X-3.436 Y-4.255 Z3.000 F3912 A314.29035; Infill 
G1 X-3.553 Y-3.813 Z3.000 F3912 A314.30635; Connection 
G1 X-3.482 Y-3.741 Z3.000 F3912 A314.30991; Infill 
G1 X-3.599 Y-3.298 Z3.000 F3912 A314.32591; Connection 
G1 X-3.527 Y-3.226 Z3.000 F3912 A314.32947; Infill 
G1 X-3.645 Y-2.784 Z3.000 F3912 A314.34547; Connection 
G1 X-3.573 Y-2.712 Z3.000 F3912 A314.34903; Infill 
G1 X-3.691 Y-2.270 Z3.000 F3912 A314.36503; Connection 
G1 X-3.619 Y-2.198 Z3.000 F3912 A314.36859; Infill 
G1 X-3.736 Y-1.755 Z3.000 F3912 A314.38459; Connection 
G1 X-3.664 Y-1.684 Z3.000 F3912 A314.38814; Infill 
G1 X-3.782 Y-1.241 Z3.000 F3912 A314.40415; Connection 
G1 X-3.710 Y-1.169 Z3.000 F3912 A314.40770; Infill 
G1 X-3.710 Y-1.169 Z3.000 F1500 A313.10770; Retract 
G1 X-3.710 Y-1.169 Z3.000 F3000; Retract 
G1 X-1.075 Y-8.614 Z3.000 F9000; Travel Move 
G1 X-1.075 Y-8.614 Z3.000 F1500 A314.40770; Restart 
G1 X-2.217 Y-9.757 Z3.000 F3912 A314.46419; Infill 
G1 X-1.312 Y-9.412 Z3.000 F3912 A314.49804; Connection 
G1 X-0.710 Y-8.810 Z3.000 F3912 A314.52783; Infill 
G1 X-0.408 Y-9.067 Z3.000 F3912 A314.54172; Connection 
G1 X-0.300 Y-8.960 Z3.000 F3912 A314.54704; Infill 
G1 X-0.300 Y-8.960 Z3.000 F1500 A313.24704; Retract 
G1 X-0.300 Y-8.960 Z3.000 F3000; Retract 
G1 X5.054 Y-6.966 Z3.000 F9000; Travel Move 
G1 X5.054 Y-6.966 Z3.000 F1500 A314.54704; Restart 
G1 X5.911 Y-6.109 Z3.000 F3912 A314.58940; Infill 
G1 X5.496 Y-5.964 Z3.000 F3912 A314.60478; Connection 
G1 X5.866 Y-5.594 Z3.000 F3912 A314.62306; Infill 
G1 X5.643 Y-5.256 Z3.000 F3912 A314.63720; Connection 
G1 X5.820 Y-5.080 Z3.000 F3912 A314.64592; Infill 
G1 X5.679 Y-4.661 Z3.000 F3912 A314.66138; Connection 
G1 X5.774 Y-4.566 Z3.000 F3912 A314.66608; Infill 
G1 X5.660 Y-4.120 Z3.000 F3912 A314.68217; Connection 
G1 X5.728 Y-4.051 Z3.000 F3912 A314.68556; Infill 
G1 X5.614 Y-3.606 Z3.000 F3912 A314.70164; Connection 
G1 X5.683 Y-3.537 Z3.000 F3912 A314.70503; Infill 
G1 X5.568 Y-3.091 Z3.000 F3912 A314.72112; Connection 
G1 X5.637 Y-3.023 Z3.000 F3912 A314.72451; Infill 
G1 X5.523 Y-2.577 Z3.000 F3912 A314.74060; Connection 
G1 X5.591 Y-2.508 Z3.000 F3912 A314.74398; Infill 
G1 X5.477 Y-2.063 Z3.000 F3912 A314.76007; Connection 
G1 X5.546 Y-1.994 Z3.000 F3912 A314.76346; Infill 
G1 X5.431 Y-1.548 Z3.000 F3912 A314.77955; Connection 
G1 X5.500 Y-1.480 Z3.000 F3912 A314.78294; Infill 
G1 X5.386 Y-1.034 Z3.000 F3912 A314.79902; Connection 
G1 X5.454 Y-0.965 Z3.000 F3912 A314.80241; Infill 
G1 X5.340 Y-0.520 Z3.000 F3912 A314.81850; Connection 
G1 X5.408 Y-0.451 Z3.000 F3912 A314.82189; Infill 
G1 X5.294 Y-0.005 Z3.000 F3912 A314.83798; Connection 
G1 X5.363 Y0.063 Z3.000 F3912 A314.84136; Infill 
G1 X5.248 Y0.509 Z3.000 F3912 A314.85745; Connection 
G1 X5.317 Y0.577 Z3.000 F3912 A314.86084; Infill 
G1 X5.203 Y1.023 Z3.000 F3912 A314.87693; Connection 
G1 X5.271 Y1.092 Z3.000 F3912 A314.88032; Infill 
G1 X5.957 Y-6.623 Z3.000 F3912 A315.15108; Connection 
G1 X5.926 Y-6.653 Z3.000 F3912 A315.15259; Infill 
; Chunk 29 
; Lower Position  2.8 
; Upper Position  3 
; Thickness       0.2 
; Width           0.4 
G1 X5.926 Y-6.653 Z3.000 F1500 A313.85259; Retract 
G1 X5.926 Y-6.653 Z3.000 F3000; Retract 
G1 X6.384 Y-8.550 Z3.000 F9000; Travel Move 
G1 X6.384 Y-8.550 Z3.000 F1500 A315.15259; Restart 
G1 X6.384 Y-15.354 Z3.000 F3912 A315.39048; Support 
G1 X4.404 Y-17.363 Z3.000 F6520; Leaky Travel Move 
G1 X4.404 Y-9.456 Z3.000 F3912 A315.66690; Support 
G1 X2.424 Y-10.384 Z3.000 F6520; Leaky Travel Move 
G1 X2.424 Y-17.578 Z3.000 F3912 A315.91842; Support 
M73 P38; Update Progress 
G1 X0.444 Y-16.926 Z3.000 F6520; Leaky Travel Move 
G1 X0.444 Y-11.312 Z3.000 F3912 A316.11468; Support 
G1 X-1.536 Y-12.240 Z3.000 F6520; Leaky Travel Move 
G1 X-1.536 Y-16.219 Z3.000 F3912 A316.25380; Support 
G1 X-3.516 Y-15.331 Z3.000 F6520; Leaky Travel Move 
G1 X-3.516 Y-14.596 Z3.000 F3912 A316.27948; Support 
; Chunk 30 
; Lower Position  3 
; Upper Position  3.2 
; Thickness       0.2 
; Width           0.4 
G1 X-3.516 Y-14.596 Z3.000 F1500 A314.97948; Retract 
G1 X-3.516 Y-14.596 Z3.000 F3000; Retract 
G1 X-3.516 Y-14.596 Z3.200 F1380; Travel Move 
G1 X-3.516 Y-14.596 Z3.200 F1500 A316.27948; Restart 
G1 X-3.516 Y-15.331 Z3.200 F3819 A316.30516; Support 
G1 X-1.536 Y-16.219 Z3.200 F6365; Leaky Travel Move 
G1 X-1.536 Y-12.240 Z3.200 F3819 A316.44428; Support 
G1 X0.444 Y-11.312 Z3.200 F6365; Leaky Travel Move 
G1 X0.444 Y-16.926 Z3.200 F3819 A316.64055; Support 
G1 X2.424 Y-17.578 Z3.200 F6365; Leaky Travel Move 
G1 X2.424 Y-10.384 Z3.200 F3819 A316.89206; Support 
G1 X4.404 Y-9.456 Z3.200 F6365; Leaky Travel Move 
G1 X4.404 Y-17.363 Z3.200 F3819 A317.16848; Support 
G1 X6.384 Y-15.354 Z3.200 F6365; Leaky Travel Move 
G1 X6.384 Y-8.550 Z3.200 F3819 A317.40637; Support 
; Chunk 31 
; Lower Position  3 
; Upper Position  3.2 
; Thickness       0.2 
; Width           0.4 
G1 X6.384 Y-8.550 Z3.200 F1500 A316.10637; Retract 
G1 X6.384 Y-8.550 Z3.200 F3000; Retract 
G1 X4.232 Y-7.605 Z3.200 F9000; Travel Move 
G1 X4.232 Y-7.605 Z3.200 F1500 A317.40637; Restart 
G1 X4.668 Y-7.069 Z3.200 F3819 A317.43054; Inset 
G1 X5.022 Y-6.440 Z3.200 F3819 A317.45577; Inset 
G1 X5.265 Y-5.760 Z3.200 F3819 A317.48101; Inset 
G1 X5.389 Y-5.049 Z3.200 F3819 A317.50625; Inset 
G1 X5.396 Y-4.378 Z3.200 F3819 A317.52970; Inset 
G1 X4.856 Y1.690 Z3.200 F3819 A317.74269; Inset 
G1 X5.486 Y1.790 Z3.200 F3819 A317.76497; Inset 
G1 X5.499 Y1.761 Z3.200 F3819 A317.76610; Inset 
G1 X6.263 Y-6.831 Z3.200 F3819 A318.06766; Inset 
G1 X4.232 Y-7.605 Z3.200 F3819 A318.14363; Inset 
G1 X4.232 Y-7.605 Z3.200 F1500 A316.84363; Retract 
G1 X4.232 Y-7.605 Z3.200 F3000; Retract 
G1 X-3.250 Y-10.456 Z3.200 F9000; Travel Move 
G1 X-3.250 Y-10.456 Z3.200 F1500 A318.14363; Restart 
G1 X-4.096 Y-0.937 Z3.200 F3819 A318.47773; Inset 
G1 X-4.091 Y-0.865 Z3.200 F3819 A318.48026; Inset 
G1 X-3.472 Y-0.619 Z3.200 F3819 A318.50355; Inset 
G1 X-3.055 Y-5.304 Z3.200 F3819 A318.66798; Inset 
G1 X-2.893 Y-5.993 Z3.200 F3819 A318.69274; Inset 
G1 X-2.611 Y-6.658 Z3.200 F3819 A318.71797; Inset 
G1 X-2.222 Y-7.265 Z3.200 F3819 A318.74321; Inset 
G1 X-1.735 Y-7.798 Z3.200 F3819 A318.76844; Inset 
G1 X-1.165 Y-8.242 Z3.200 F3819 A318.79368; Inset 
G1 X-0.529 Y-8.582 Z3.200 F3819 A318.81891; Inset 
G1 X0.156 Y-8.810 Z3.200 F3819 A318.84415; Inset 
G1 X0.808 Y-8.910 Z3.200 F3819 A318.86721; Inset 
G1 X-3.250 Y-10.456 Z3.200 F3819 A319.01903; Inset 
G1 X-3.250 Y-10.456 Z3.200 F1500 A317.71903; Retract 
G1 X-3.250 Y-10.456 Z3.200 F3000; Retract 
G1 X-3.526 Y-11.871 Z3.200 F9000; Travel Move 
G1 X-3.526 Y-11.871 Z3.200 F1500 A319.01903; Restart 
G1 X-4.497 Y-0.941 Z3.200 F3819 A319.40267; Inset 
G1 X-4.485 Y-0.768 Z3.200 F3819 A319.40872; Inset 
G1 X-4.438 Y-0.653 Z3.200 F3819 A319.41308; Inset 
G1 X-4.357 Y-0.558 Z3.200 F3819 A319.41743; Inset 
G1 X-4.214 Y-0.472 Z3.200 F3819 A319.42326; Inset 
G1 X-3.120 Y-0.058 Z3.200 F3819 A319.46415; Inset 
G1 X-2.658 Y-5.253 Z3.200 F3819 A319.64649; Inset 
G1 X-2.508 Y-5.881 Z3.200 F3819 A319.66907; Inset 
G1 X-2.251 Y-6.483 Z3.200 F3819 A319.69193; Inset 
G1 X-1.897 Y-7.032 Z3.200 F3819 A319.71479; Inset 
G1 X-1.454 Y-7.513 Z3.200 F3819 A319.73765; Inset 
G1 X-0.936 Y-7.913 Z3.200 F3819 A319.76051; Inset 
G1 X-0.359 Y-8.220 Z3.200 F3819 A319.78338; Inset 
G1 X0.262 Y-8.424 Z3.200 F3819 A319.80624; Inset 
G1 X0.909 Y-8.520 Z3.200 F3819 A319.82910; Inset 
G1 X1.563 Y-8.506 Z3.200 F3819 A319.85196; Inset 
G1 X2.205 Y-8.381 Z3.200 F3819 A319.87482; Inset 
G1 X2.817 Y-8.150 Z3.200 F3819 A319.89768; Inset 
G1 X3.422 Y-7.789 Z3.200 F3819 A319.92232; Inset 
G1 X3.916 Y-7.360 Z3.200 F3819 A319.94518; Inset 
G1 X4.301 Y-6.896 Z3.200 F3819 A319.96627; Inset 
G1 X4.631 Y-6.332 Z3.200 F3819 A319.98913; Inset 
G1 X4.861 Y-5.720 Z3.200 F3819 A320.01199; Inset 
G1 X4.985 Y-5.077 Z3.200 F3819 A320.03485; Inset 
G1 X4.996 Y-4.403 Z3.200 F3819 A320.05843; Inset 
G1 X4.425 Y2.021 Z3.200 F3819 A320.28391; Inset 
G1 X5.392 Y2.190 Z3.200 F3819 A320.31823; Inset 
G1 X5.555 Y2.190 Z3.200 F3819 A320.32391; Inset 
G1 X5.680 Y2.148 Z3.200 F3819 A320.32851; Inset 
G1 X5.812 Y2.042 Z3.200 F3819 A320.33443; Inset 
G1 X5.896 Y1.813 Z3.200 F3819 A320.34295; Inset 
G1 X6.688 Y-7.097 Z3.200 F3819 A320.65568; Inset 
G1 X-3.034 Y-10.802 Z3.200 F3819 A321.01940; Inset 
G1 X-3.219 Y-10.992 Z3.200 F3819 A321.02868; Inset 
G1 X-3.526 Y-11.871 Z3.200 F3819 A321.06122; Inset 
G1 X-3.526 Y-11.871 Z3.200 F1500 A319.76122; Retract 
G1 X-3.526 Y-11.871 Z3.200 F3000; Retract 
G1 X-3.767 Y-13.433 Z3.200 F9000; Travel Move 
G1 X-3.767 Y-13.433 Z3.200 F1500 A321.06122; Restart 
G1 X-3.812 Y-13.169 Z3.200 F1697 A321.07059; Inset 
G1 X-4.899 Y-0.944 Z3.200 F1697 A321.49963; Inset 
G1 X-4.880 Y-0.676 Z3.200 F1697 A321.50905; Inset 
G1 X-4.783 Y-0.441 Z3.200 F1697 A321.51790; Inset 
G1 X-4.618 Y-0.249 Z3.200 F1697 A321.52676; Inset 
G1 X-4.390 Y-0.111 Z3.200 F1697 A321.53611; Inset 
G1 X-2.768 Y0.503 Z3.200 F1697 A321.59671; Inset 
G1 X-2.261 Y-5.210 Z3.200 F1697 A321.79723; Inset 
G1 X-2.122 Y-5.778 Z3.200 F1697 A321.81766; Inset 
G1 X-1.888 Y-6.315 Z3.200 F1697 A321.83815; Inset 
G1 X-1.567 Y-6.806 Z3.200 F1697 A321.85864; Inset 
G1 X-1.167 Y-7.235 Z3.200 F1697 A321.87914; Inset 
G1 X-0.701 Y-7.590 Z3.200 F1697 A321.89963; Inset 
G1 X-0.181 Y-7.861 Z3.200 F1697 A321.92012; Inset 
G1 X0.377 Y-8.041 Z3.200 F1697 A321.94061; Inset 
G1 X0.957 Y-8.123 Z3.200 F1697 A321.96111; Inset 
G1 X1.543 Y-8.106 Z3.200 F1697 A321.98160; Inset 
G1 X2.118 Y-7.991 Z3.200 F1697 A322.00209; Inset 
G1 X2.665 Y-7.780 Z3.200 F1697 A322.02259; Inset 
G1 X3.168 Y-7.479 Z3.200 F1697 A322.04307; Inset 
G1 X3.613 Y-7.098 Z3.200 F1697 A322.06357; Inset 
G1 X3.988 Y-6.647 Z3.200 F1697 A322.08406; Inset 
G1 X4.280 Y-6.139 Z3.200 F1697 A322.10455; Inset 
G1 X4.483 Y-5.589 Z3.200 F1697 A322.12505; Inset 
G1 X4.590 Y-5.013 Z3.200 F1697 A322.14554; Inset 
G1 X4.598 Y-4.434 Z3.200 F1697 A322.16580; Inset 
G1 X3.994 Y2.352 Z3.200 F1697 A322.40394; Inset 
G1 X5.358 Y2.590 Z3.200 F1697 A322.45235; Inset 
G1 X5.621 Y2.590 Z3.200 F1697 A322.46153; Inset 
G1 X5.870 Y2.506 Z3.200 F1697 A322.47074; Inset 
G1 X6.085 Y2.341 Z3.200 F1697 A322.48021; Inset 
G1 X6.157 Y2.250 Z3.200 F1697 A322.48424; Inset 
G1 X6.270 Y1.995 Z3.200 F1697 A322.49400; Inset 
G1 X6.293 Y1.865 Z3.200 F1697 A322.49862; Inset 
G1 X7.101 Y-7.226 Z3.200 F1697 A322.81769; Inset 
M73 P39; Update Progress 
G1 X7.093 Y-7.371 Z3.200 F1697 A322.82277; Inset 
G1 X-2.854 Y-11.162 Z3.200 F1697 A323.19491; Inset 
G1 X-3.651 Y-13.442 Z3.200 F1697 A323.27936; Inset 
G1 X-3.767 Y-13.433 Z3.200 F1697 A323.28342; Inset 
G1 X-3.767 Y-13.433 Z3.200 F1500 A321.98342; Retract 
G1 X-3.767 Y-13.433 Z3.200 F3000; Retract 
G1 X-2.690 Y-9.937 Z3.200 F9000; Travel Move 
G1 X-2.690 Y-9.937 Z3.200 F1500 A323.28342; Restart 
G1 X-3.040 Y-9.588 Z3.200 F3819 A323.30071; Infill 
G1 X-3.095 Y-8.973 Z3.200 F3819 A323.32228; Connection 
G1 X-2.285 Y-9.783 Z3.200 F3819 A323.36232; Infill 
G1 X-1.879 Y-9.628 Z3.200 F3819 A323.37749; Connection 
G1 X-3.149 Y-8.358 Z3.200 F3819 A323.44027; Infill 
G1 X-3.204 Y-7.744 Z3.200 F3819 A323.46185; Connection 
G1 X-1.474 Y-9.474 Z3.200 F3819 A323.54738; Infill 
G1 X-1.068 Y-9.319 Z3.200 F3819 A323.56255; Connection 
G1 X-3.259 Y-7.129 Z3.200 F3819 A323.67084; Infill 
G1 X-3.313 Y-6.514 Z3.200 F3819 A323.69241; Connection 
G1 X-2.560 Y-7.267 Z3.200 F3819 A323.72964; Infill 
G1 X-3.151 Y-6.117 Z3.200 F3819 A323.77483; Connection 
G1 X-3.368 Y-5.900 Z3.200 F3819 A323.78558; Infill 
G1 X-3.333 Y-5.375 Z3.200 F3819 A323.80396; Connection 
G1 X-3.423 Y-5.285 Z3.200 F3819 A323.80841; Infill 
G1 X-3.391 Y-4.756 Z3.200 F3819 A323.82693; Connection 
G1 X-3.477 Y-4.670 Z3.200 F3819 A323.83118; Infill 
G1 X-3.446 Y-4.142 Z3.200 F3819 A323.84969; Connection 
G1 X-3.532 Y-4.056 Z3.200 F3819 A323.85394; Infill 
G1 X-3.501 Y-3.527 Z3.200 F3819 A323.87246; Connection 
G1 X-3.587 Y-3.441 Z3.200 F3819 A323.87671; Infill 
G1 X-3.555 Y-2.912 Z3.200 F3819 A323.89523; Connection 
G1 X-3.641 Y-2.826 Z3.200 F3819 A323.89948; Infill 
G1 X-3.610 Y-2.298 Z3.200 F3819 A323.91799; Connection 
G1 X-3.696 Y-2.212 Z3.200 F3819 A323.92224; Infill 
G1 X-3.664 Y-1.683 Z3.200 F3819 A323.94076; Connection 
G1 X-3.750 Y-1.597 Z3.200 F3819 A323.94501; Infill 
G1 X-3.719 Y-1.068 Z3.200 F3819 A323.96352; Connection 
G1 X-3.750 Y-1.037 Z3.200 F3819 A323.96505; Infill 
G1 X-3.750 Y-1.037 Z3.200 F1500 A322.66505; Retract 
G1 X-3.750 Y-1.037 Z3.200 F3000; Retract 
G1 X-1.428 Y-8.400 Z3.200 F9000; Travel Move 
G1 X-1.428 Y-8.400 Z3.200 F1500 A323.96505; Restart 
G1 X-0.663 Y-9.165 Z3.200 F3819 A324.00285; Infill 
G1 X-0.312 Y-8.956 Z3.200 F3819 A324.01713; Connection 
G1 X-0.258 Y-9.010 Z3.200 F3819 A324.01982; Infill 
G1 X-0.258 Y-9.010 Z3.200 F1500 A322.71982; Retract 
G1 X-0.258 Y-9.010 Z3.200 F3000; Retract 
G1 X5.229 Y-6.656 Z3.200 F9000; Travel Move 
G1 X5.229 Y-6.656 Z3.200 F1500 A324.01982; Restart 
G1 X5.419 Y-6.847 Z3.200 F3819 A324.02925; Infill 
G1 X5.825 Y-6.692 Z3.200 F3819 A324.04442; Connection 
G1 X5.391 Y-6.258 Z3.200 F3819 A324.06589; Infill 
G1 X5.538 Y-5.845 Z3.200 F3819 A324.08121; Connection 
G1 X5.922 Y-6.229 Z3.200 F3819 A324.10018; Infill 
G1 X5.867 Y-5.614 Z3.200 F3819 A324.12175; Connection 
G1 X5.623 Y-5.371 Z3.200 F3819 A324.13381; Infill 
G1 X5.813 Y-5.000 Z3.200 F3819 A324.14836; Connection 
G1 X5.677 Y-4.864 Z3.200 F3819 A324.15507; Infill 
G1 X5.758 Y-4.385 Z3.200 F3819 A324.17205; Connection 
G1 X5.676 Y-4.303 Z3.200 F3819 A324.17610; Infill 
G1 X5.703 Y-3.770 Z3.200 F3819 A324.19475; Connection 
G1 X5.622 Y-3.688 Z3.200 F3819 A324.19880; Infill 
G1 X5.649 Y-3.156 Z3.200 F3819 A324.21745; Connection 
G1 X5.567 Y-3.074 Z3.200 F3819 A324.22150; Infill 
G1 X5.594 Y-2.541 Z3.200 F3819 A324.24015; Connection 
G1 X5.512 Y-2.459 Z3.200 F3819 A324.24420; Infill 
G1 X5.540 Y-1.926 Z3.200 F3819 A324.26285; Connection 
G1 X5.458 Y-1.844 Z3.200 F3819 A324.26690; Infill 
G1 X5.485 Y-1.312 Z3.200 F3819 A324.28555; Connection 
G1 X5.403 Y-1.230 Z3.200 F3819 A324.28960; Infill 
G1 X5.430 Y-0.697 Z3.200 F3819 A324.30825; Connection 
G1 X5.348 Y-0.615 Z3.200 F3819 A324.31230; Infill 
G1 X5.376 Y-0.082 Z3.200 F3819 A324.33095; Connection 
G1 X5.294 Y-0.000 Z3.200 F3819 A324.33500; Infill 
G1 X5.321 Y0.532 Z3.200 F3819 A324.35365; Connection 
G1 X5.239 Y0.614 Z3.200 F3819 A324.35769; Infill 
G1 X5.266 Y1.147 Z3.200 F3819 A324.37634; Connection 
G1 X5.184 Y1.229 Z3.200 F3819 A324.38039; Infill 
; Chunk 32 
; Lower Position  3.2 
; Upper Position  3.4 
; Thickness       0.2 
; Width           0.4 
G1 X5.184 Y1.229 Z3.200 F1500 A323.08039; Retract 
G1 X5.184 Y1.229 Z3.200 F3000; Retract 
G1 X5.184 Y1.229 Z3.400 F1380; Travel Move 
G1 X4.232 Y-7.605 Z3.400 F9000; Travel Move 
G1 X4.232 Y-7.605 Z3.400 F1500 A324.38039; Restart 
G1 X4.668 Y-7.069 Z3.400 F3912 A324.40456; Inset 
G1 X5.022 Y-6.440 Z3.400 F3912 A324.42980; Inset 
G1 X5.243 Y-5.842 Z3.400 F3912 A324.45207; Inset 
G1 X5.381 Y-5.134 Z3.400 F3912 A324.47731; Inset 
G1 X5.396 Y-4.378 Z3.400 F3912 A324.50373; Inset 
G1 X4.856 Y1.690 Z3.400 F3912 A324.71671; Inset 
G1 X5.486 Y1.790 Z3.400 F3912 A324.73899; Inset 
G1 X5.499 Y1.761 Z3.400 F3912 A324.74012; Inset 
G1 X6.263 Y-6.831 Z3.400 F3912 A325.04168; Inset 
G1 X4.232 Y-7.605 Z3.400 F3912 A325.11765; Inset 
G1 X4.232 Y-7.605 Z3.400 F1500 A323.81765; Retract 
G1 X4.232 Y-7.605 Z3.400 F3000; Retract 
G1 X-3.250 Y-10.456 Z3.400 F9000; Travel Move 
G1 X-3.250 Y-10.456 Z3.400 F1500 A325.11765; Restart 
G1 X-4.096 Y-0.937 Z3.400 F3912 A325.45175; Inset 
G1 X-4.091 Y-0.865 Z3.400 F3912 A325.45428; Inset 
G1 X-3.472 Y-0.619 Z3.400 F3912 A325.47758; Inset 
G1 X-3.055 Y-5.304 Z3.400 F3912 A325.64200; Inset 
G1 X-2.893 Y-5.993 Z3.400 F3912 A325.66676; Inset 
G1 X-2.571 Y-6.732 Z3.400 F3912 A325.69496; Inset 
G1 X-2.169 Y-7.332 Z3.400 F3912 A325.72019; Inset 
G1 X-1.735 Y-7.798 Z3.400 F3912 A325.74246; Inset 
G1 X-1.165 Y-8.242 Z3.400 F3912 A325.76770; Inset 
G1 X-0.529 Y-8.582 Z3.400 F3912 A325.79293; Inset 
G1 X0.156 Y-8.810 Z3.400 F3912 A325.81817; Inset 
G1 X0.808 Y-8.910 Z3.400 F3912 A325.84123; Inset 
G1 X-3.250 Y-10.456 Z3.400 F3912 A325.99305; Inset 
G1 X-3.250 Y-10.456 Z3.400 F1500 A324.69305; Retract 
G1 X-3.250 Y-10.456 Z3.400 F3000; Retract 
G1 X-3.526 Y-11.871 Z3.400 F9000; Travel Move 
G1 X-3.526 Y-11.871 Z3.400 F1500 A325.99305; Restart 
G1 X-4.497 Y-0.941 Z3.400 F3912 A326.37669; Inset 
G1 X-4.485 Y-0.768 Z3.400 F3912 A326.38274; Inset 
G1 X-4.438 Y-0.653 Z3.400 F3912 A326.38710; Inset 
G1 X-4.357 Y-0.558 Z3.400 F3912 A326.39145; Inset 
G1 X-4.214 Y-0.472 Z3.400 F3912 A326.39728; Inset 
G1 X-3.120 Y-0.058 Z3.400 F3912 A326.43817; Inset 
G1 X-2.658 Y-5.253 Z3.400 F3912 A326.62051; Inset 
G1 X-2.508 Y-5.881 Z3.400 F3912 A326.64309; Inset 
G1 X-2.251 Y-6.483 Z3.400 F3912 A326.66595; Inset 
G1 X-1.897 Y-7.032 Z3.400 F3912 A326.68881; Inset 
G1 X-1.454 Y-7.513 Z3.400 F3912 A326.71167; Inset 
G1 X-0.936 Y-7.913 Z3.400 F3912 A326.73453; Inset 
G1 X-0.359 Y-8.220 Z3.400 F3912 A326.75740; Inset 
G1 X0.262 Y-8.424 Z3.400 F3912 A326.78026; Inset 
G1 X0.909 Y-8.520 Z3.400 F3912 A326.80312; Inset 
G1 X1.563 Y-8.506 Z3.400 F3912 A326.82598; Inset 
G1 X2.205 Y-8.381 Z3.400 F3912 A326.84884; Inset 
G1 X2.817 Y-8.150 Z3.400 F3912 A326.87170; Inset 
G1 X3.422 Y-7.789 Z3.400 F3912 A326.89634; Inset 
G1 X3.916 Y-7.360 Z3.400 F3912 A326.91920; Inset 
G1 X4.301 Y-6.896 Z3.400 F3912 A326.94029; Inset 
G1 X4.631 Y-6.332 Z3.400 F3912 A326.96315; Inset 
G1 X4.861 Y-5.720 Z3.400 F3912 A326.98601; Inset 
G1 X4.985 Y-5.077 Z3.400 F3912 A327.00887; Inset 
G1 X4.996 Y-4.403 Z3.400 F3912 A327.03245; Inset 
G1 X4.425 Y2.021 Z3.400 F3912 A327.25793; Inset 
G1 X5.392 Y2.190 Z3.400 F3912 A327.29225; Inset 
G1 X5.555 Y2.190 Z3.400 F3912 A327.29793; Inset 
G1 X5.680 Y2.148 Z3.400 F3912 A327.30253; Inset 
G1 X5.812 Y2.042 Z3.400 F3912 A327.30845; Inset 
G1 X5.896 Y1.813 Z3.400 F3912 A327.31697; Inset 
G1 X6.688 Y-7.097 Z3.400 F3912 A327.62970; Inset 
G1 X-3.034 Y-10.802 Z3.400 F3912 A327.99342; Inset 
G1 X-3.219 Y-10.992 Z3.400 F3912 A328.00270; Inset 
G1 X-3.526 Y-11.871 Z3.400 F3912 A328.03524; Inset 
G1 X-3.526 Y-11.871 Z3.400 F1500 A326.73524; Retract 
G1 X-3.526 Y-11.871 Z3.400 F3000; Retract 
G1 X-3.767 Y-13.433 Z3.400 F9000; Travel Move 
G1 X-3.767 Y-13.433 Z3.400 F1500 A328.03524; Restart 
G1 X-3.812 Y-13.169 Z3.400 F1739 A328.04461; Inset 
G1 X-4.899 Y-0.944 Z3.400 F1739 A328.47365; Inset 
G1 X-4.880 Y-0.676 Z3.400 F1739 A328.48307; Inset 
G1 X-4.783 Y-0.441 Z3.400 F1739 A328.49193; Inset 
G1 X-4.618 Y-0.249 Z3.400 F1739 A328.50078; Inset 
G1 X-4.390 Y-0.111 Z3.400 F1739 A328.51013; Inset 
G1 X-2.768 Y0.503 Z3.400 F1739 A328.57073; Inset 
G1 X-2.261 Y-5.210 Z3.400 F1739 A328.77125; Inset 
G1 X-2.122 Y-5.778 Z3.400 F1739 A328.79168; Inset 
G1 X-1.888 Y-6.315 Z3.400 F1739 A328.81217; Inset 
G1 X-1.567 Y-6.806 Z3.400 F1739 A328.83266; Inset 
G1 X-1.167 Y-7.235 Z3.400 F1739 A328.85316; Inset 
G1 X-0.701 Y-7.590 Z3.400 F1739 A328.87365; Inset 
G1 X-0.181 Y-7.861 Z3.400 F1739 A328.89414; Inset 
G1 X0.377 Y-8.041 Z3.400 F1739 A328.91464; Inset 
G1 X0.957 Y-8.123 Z3.400 F1739 A328.93513; Inset 
G1 X1.543 Y-8.106 Z3.400 F1739 A328.95562; Inset 
G1 X2.118 Y-7.991 Z3.400 F1739 A328.97611; Inset 
G1 X2.665 Y-7.780 Z3.400 F1739 A328.99661; Inset 
G1 X3.168 Y-7.479 Z3.400 F1739 A329.01710; Inset 
G1 X3.613 Y-7.098 Z3.400 F1739 A329.03759; Inset 
G1 X3.988 Y-6.647 Z3.400 F1739 A329.05808; Inset 
G1 X4.280 Y-6.139 Z3.400 F1739 A329.07858; Inset 
G1 X4.483 Y-5.589 Z3.400 F1739 A329.09907; Inset 
G1 X4.590 Y-5.013 Z3.400 F1739 A329.11956; Inset 
G1 X4.598 Y-4.434 Z3.400 F1739 A329.13982; Inset 
M73 P40; Update Progress 
G1 X3.994 Y2.352 Z3.400 F1739 A329.37797; Inset 
G1 X5.358 Y2.590 Z3.400 F1739 A329.42637; Inset 
G1 X5.621 Y2.590 Z3.400 F1739 A329.43555; Inset 
G1 X5.870 Y2.506 Z3.400 F1739 A329.44476; Inset 
G1 X6.085 Y2.341 Z3.400 F1739 A329.45423; Inset 
G1 X6.157 Y2.250 Z3.400 F1739 A329.45826; Inset 
G1 X6.270 Y1.995 Z3.400 F1739 A329.46802; Inset 
G1 X6.293 Y1.865 Z3.400 F1739 A329.47264; Inset 
G1 X7.101 Y-7.226 Z3.400 F1739 A329.79171; Inset 
G1 X7.093 Y-7.371 Z3.400 F1739 A329.79679; Inset 
G1 X-2.854 Y-11.162 Z3.400 F1739 A330.16894; Inset 
G1 X-3.651 Y-13.442 Z3.400 F1739 A330.25338; Inset 
G1 X-3.767 Y-13.433 Z3.400 F1739 A330.25744; Inset 
G1 X-3.767 Y-13.433 Z3.400 F1500 A328.95744; Retract 
G1 X-3.767 Y-13.433 Z3.400 F3000; Retract 
G1 X-3.005 Y-9.984 Z3.400 F9000; Travel Move 
G1 X-3.005 Y-9.984 Z3.400 F1500 A330.25744; Restart 
G1 X-1.424 Y-8.403 Z3.400 F3912 A330.33563; Infill 
G1 X-1.739 Y-8.158 Z3.400 F3912 A330.34958; Connection 
G1 X-3.051 Y-9.470 Z3.400 F3912 A330.41445; Infill 
G1 X-3.096 Y-8.956 Z3.400 F3912 A330.43250; Connection 
G1 X-2.036 Y-7.895 Z3.400 F3912 A330.48493; Infill 
G1 X-2.306 Y-7.605 Z3.400 F3912 A330.49878; Connection 
G1 X-3.142 Y-8.442 Z3.400 F3912 A330.54012; Infill 
G1 X-3.188 Y-7.927 Z3.400 F3912 A330.55817; Connection 
G1 X-2.545 Y-7.285 Z3.400 F3912 A330.58993; Infill 
G1 X-2.770 Y-6.949 Z3.400 F3912 A330.60405; Connection 
G1 X-3.233 Y-7.413 Z3.400 F3912 A330.62696; Infill 
G1 X-3.279 Y-6.899 Z3.400 F3912 A330.64501; Connection 
G1 X-2.953 Y-6.572 Z3.400 F3912 A330.66116; Infill 
G1 X-3.325 Y-6.384 Z3.400 F3912 A330.67573; Connection 
G1 X-3.122 Y-6.182 Z3.400 F3912 A330.68575; Infill 
G1 X-3.371 Y-5.870 Z3.400 F3912 A330.69968; Connection 
G1 X-3.245 Y-5.745 Z3.400 F3912 A330.70588; Infill 
G1 X-3.416 Y-5.356 Z3.400 F3912 A330.72074; Connection 
G1 X-3.344 Y-5.284 Z3.400 F3912 A330.72429; Infill 
G1 X-3.462 Y-4.841 Z3.400 F3912 A330.74030; Connection 
G1 X-3.390 Y-4.769 Z3.400 F3912 A330.74385; Infill 
G1 X-3.508 Y-4.327 Z3.400 F3912 A330.75985; Connection 
G1 X-3.436 Y-4.255 Z3.400 F3912 A330.76341; Infill 
G1 X-3.553 Y-3.813 Z3.400 F3912 A330.77941; Connection 
G1 X-3.482 Y-3.741 Z3.400 F3912 A330.78297; Infill 
G1 X-3.599 Y-3.298 Z3.400 F3912 A330.79897; Connection 
G1 X-3.527 Y-3.226 Z3.400 F3912 A330.80253; Infill 
G1 X-3.645 Y-2.784 Z3.400 F3912 A330.81853; Connection 
G1 X-3.573 Y-2.712 Z3.400 F3912 A330.82209; Infill 
G1 X-3.691 Y-2.270 Z3.400 F3912 A330.83809; Connection 
G1 X-3.619 Y-2.198 Z3.400 F3912 A330.84165; Infill 
G1 X-3.736 Y-1.755 Z3.400 F3912 A330.85765; Connection 
G1 X-3.664 Y-1.684 Z3.400 F3912 A330.86121; Infill 
G1 X-3.782 Y-1.241 Z3.400 F3912 A330.87721; Connection 
G1 X-3.710 Y-1.169 Z3.400 F3912 A330.88077; Infill 
G1 X-3.710 Y-1.169 Z3.400 F1500 A329.58077; Retract 
G1 X-3.710 Y-1.169 Z3.400 F3000; Retract 
G1 X-1.075 Y-8.614 Z3.400 F9000; Travel Move 
G1 X-1.075 Y-8.614 Z3.400 F1500 A330.88077; Restart 
G1 X-2.217 Y-9.757 Z3.400 F3912 A330.93725; Infill 
G1 X-1.312 Y-9.412 Z3.400 F3912 A330.97110; Connection 
G1 X-0.710 Y-8.810 Z3.400 F3912 A331.00089; Infill 
G1 X-0.408 Y-9.067 Z3.400 F3912 A331.01478; Connection 
G1 X-0.300 Y-8.960 Z3.400 F3912 A331.02010; Infill 
G1 X-0.300 Y-8.960 Z3.400 F1500 A329.72010; Retract 
G1 X-0.300 Y-8.960 Z3.400 F3000; Retract 
G1 X5.054 Y-6.965 Z3.400 F9000; Travel Move 
G1 X5.054 Y-6.965 Z3.400 F1500 A331.02010; Restart 
G1 X5.911 Y-6.109 Z3.400 F3912 A331.06247; Infill 
G1 X5.506 Y-5.954 Z3.400 F3912 A331.07763; Connection 
G1 X5.866 Y-5.594 Z3.400 F3912 A331.09540; Infill 
G1 X5.650 Y-5.250 Z3.400 F3912 A331.10960; Connection 
G1 X5.820 Y-5.080 Z3.400 F3912 A331.11801; Infill 
G1 X5.676 Y-4.664 Z3.400 F3912 A331.13341; Connection 
G1 X5.774 Y-4.566 Z3.400 F3912 A331.13825; Infill 
G1 X5.660 Y-4.120 Z3.400 F3912 A331.15434; Connection 
G1 X5.728 Y-4.051 Z3.400 F3912 A331.15773; Infill 
G1 X5.614 Y-3.606 Z3.400 F3912 A331.17382; Connection 
G1 X5.683 Y-3.537 Z3.400 F3912 A331.17720; Infill 
G1 X5.568 Y-3.091 Z3.400 F3912 A331.19329; Connection 
G1 X5.637 Y-3.023 Z3.400 F3912 A331.19668; Infill 
G1 X5.523 Y-2.577 Z3.400 F3912 A331.21277; Connection 
G1 X5.591 Y-2.508 Z3.400 F3912 A331.21616; Infill 
G1 X5.477 Y-2.063 Z3.400 F3912 A331.23224; Connection 
G1 X5.546 Y-1.994 Z3.400 F3912 A331.23563; Infill 
G1 X5.431 Y-1.548 Z3.400 F3912 A331.25172; Connection 
G1 X5.500 Y-1.480 Z3.400 F3912 A331.25511; Infill 
G1 X5.386 Y-1.034 Z3.400 F3912 A331.27120; Connection 
G1 X5.454 Y-0.965 Z3.400 F3912 A331.27458; Infill 
G1 X5.340 Y-0.520 Z3.400 F3912 A331.29067; Connection 
G1 X5.408 Y-0.451 Z3.400 F3912 A331.29406; Infill 
G1 X5.294 Y-0.005 Z3.400 F3912 A331.31015; Connection 
G1 X5.363 Y0.063 Z3.400 F3912 A331.31353; Infill 
G1 X5.248 Y0.509 Z3.400 F3912 A331.32962; Connection 
G1 X5.317 Y0.577 Z3.400 F3912 A331.33301; Infill 
G1 X5.203 Y1.023 Z3.400 F3912 A331.34910; Connection 
G1 X5.271 Y1.092 Z3.400 F3912 A331.35249; Infill 
G1 X5.957 Y-6.623 Z3.400 F3912 A331.62325; Connection 
G1 X5.926 Y-6.653 Z3.400 F3912 A331.62476; Infill 
; Chunk 33 
; Lower Position  3.2 
; Upper Position  3.4 
; Thickness       0.2 
; Width           0.4 
G1 X5.926 Y-6.653 Z3.400 F1500 A330.32476; Retract 
G1 X5.926 Y-6.653 Z3.400 F3000; Retract 
G1 X6.384 Y-8.550 Z3.400 F9000; Travel Move 
G1 X6.384 Y-8.550 Z3.400 F1500 A331.62476; Restart 
G1 X6.384 Y-15.354 Z3.400 F3912 A331.86265; Support 
G1 X4.404 Y-17.363 Z3.400 F6519; Leaky Travel Move 
G1 X4.404 Y-9.456 Z3.400 F3912 A332.13907; Support 
G1 X2.424 Y-10.384 Z3.400 F6519; Leaky Travel Move 
G1 X2.424 Y-17.578 Z3.400 F3912 A332.39059; Support 
G1 X0.444 Y-16.926 Z3.400 F6519; Leaky Travel Move 
G1 X0.444 Y-11.312 Z3.400 F3912 A332.58685; Support 
G1 X-1.536 Y-12.240 Z3.400 F6519; Leaky Travel Move 
G1 X-1.536 Y-16.219 Z3.400 F3912 A332.72597; Support 
G1 X-3.516 Y-15.331 Z3.400 F6519; Leaky Travel Move 
G1 X-3.516 Y-14.596 Z3.400 F3912 A332.75165; Support 
; Chunk 34 
; Lower Position  3.4 
; Upper Position  3.6 
; Thickness       0.2 
; Width           0.4 
G1 X-3.516 Y-14.596 Z3.400 F1500 A331.45165; Retract 
G1 X-3.516 Y-14.596 Z3.400 F3000; Retract 
G1 X-3.516 Y-14.596 Z3.600 F1380; Travel Move 
G1 X-3.516 Y-14.596 Z3.600 F1500 A332.75165; Restart 
G1 X-3.516 Y-15.331 Z3.600 F3819 A332.77733; Support 
G1 X-1.536 Y-16.219 Z3.600 F6365; Leaky Travel Move 
G1 X-1.536 Y-12.240 Z3.600 F3819 A332.91645; Support 
G1 X0.444 Y-11.312 Z3.600 F6365; Leaky Travel Move 
G1 X0.444 Y-16.926 Z3.600 F3819 A333.11272; Support 
G1 X2.424 Y-17.578 Z3.600 F6365; Leaky Travel Move 
G1 X2.424 Y-10.384 Z3.600 F3819 A333.36423; Support 
G1 X4.404 Y-9.456 Z3.600 F6365; Leaky Travel Move 
G1 X4.404 Y-17.363 Z3.600 F3819 A333.64065; Support 
G1 X6.384 Y-15.354 Z3.600 F6365; Leaky Travel Move 
G1 X6.384 Y-8.550 Z3.600 F3819 A333.87854; Support 
; Chunk 35 
; Lower Position  3.4 
; Upper Position  3.6 
; Thickness       0.2 
; Width           0.4 
G1 X6.384 Y-8.550 Z3.600 F1500 A332.57854; Retract 
G1 X6.384 Y-8.550 Z3.600 F3000; Retract 
G1 X4.232 Y-7.605 Z3.600 F9000; Travel Move 
G1 X4.232 Y-7.605 Z3.600 F1500 A333.87854; Restart 
G1 X4.668 Y-7.069 Z3.600 F3819 A333.90271; Inset 
G1 X5.022 Y-6.440 Z3.600 F3819 A333.92794; Inset 
G1 X5.243 Y-5.842 Z3.600 F3819 A333.95022; Inset 
G1 X5.381 Y-5.134 Z3.600 F3819 A333.97545; Inset 
G1 X5.396 Y-4.378 Z3.600 F3819 A334.00187; Inset 
G1 X4.856 Y1.690 Z3.600 F3819 A334.21486; Inset 
G1 X5.486 Y1.790 Z3.600 F3819 A334.23714; Inset 
G1 X5.499 Y1.761 Z3.600 F3819 A334.23827; Inset 
G1 X6.263 Y-6.831 Z3.600 F3819 A334.53982; Inset 
G1 X4.232 Y-7.605 Z3.600 F3819 A334.61580; Inset 
G1 X4.232 Y-7.605 Z3.600 F1500 A333.31580; Retract 
G1 X4.232 Y-7.605 Z3.600 F3000; Retract 
G1 X-3.250 Y-10.456 Z3.600 F9000; Travel Move 
G1 X-3.250 Y-10.456 Z3.600 F1500 A334.61580; Restart 
G1 X-4.096 Y-0.937 Z3.600 F3819 A334.94990; Inset 
G1 X-4.091 Y-0.865 Z3.600 F3819 A334.95243; Inset 
G1 X-3.472 Y-0.619 Z3.600 F3819 A334.97572; Inset 
G1 X-3.055 Y-5.304 Z3.600 F3819 A335.14015; Inset 
G1 X-2.893 Y-5.993 Z3.600 F3819 A335.16491; Inset 
G1 X-2.571 Y-6.732 Z3.600 F3819 A335.19310; Inset 
G1 X-2.169 Y-7.332 Z3.600 F3819 A335.21834; Inset 
G1 X-1.735 Y-7.798 Z3.600 F3819 A335.24061; Inset 
G1 X-1.165 Y-8.242 Z3.600 F3819 A335.26585; Inset 
G1 X-0.529 Y-8.582 Z3.600 F3819 A335.29108; Inset 
G1 X0.156 Y-8.810 Z3.600 F3819 A335.31632; Inset 
G1 X0.808 Y-8.910 Z3.600 F3819 A335.33938; Inset 
G1 X-3.250 Y-10.456 Z3.600 F3819 A335.49120; Inset 
G1 X-3.250 Y-10.456 Z3.600 F1500 A334.19120; Retract 
G1 X-3.250 Y-10.456 Z3.600 F3000; Retract 
G1 X-3.526 Y-11.871 Z3.600 F9000; Travel Move 
G1 X-3.526 Y-11.871 Z3.600 F1500 A335.49120; Restart 
G1 X-4.497 Y-0.941 Z3.600 F3819 A335.87483; Inset 
G1 X-4.485 Y-0.768 Z3.600 F3819 A335.88089; Inset 
G1 X-4.438 Y-0.653 Z3.600 F3819 A335.88525; Inset 
G1 X-4.357 Y-0.558 Z3.600 F3819 A335.88960; Inset 
G1 X-4.214 Y-0.472 Z3.600 F3819 A335.89543; Inset 
G1 X-3.120 Y-0.058 Z3.600 F3819 A335.93632; Inset 
G1 X-2.658 Y-5.253 Z3.600 F3819 A336.11866; Inset 
M73 P41; Update Progress 
G1 X-2.508 Y-5.881 Z3.600 F3819 A336.14124; Inset 
G1 X-2.251 Y-6.483 Z3.600 F3819 A336.16410; Inset 
G1 X-1.897 Y-7.032 Z3.600 F3819 A336.18696; Inset 
G1 X-1.454 Y-7.513 Z3.600 F3819 A336.20982; Inset 
G1 X-0.936 Y-7.913 Z3.600 F3819 A336.23268; Inset 
G1 X-0.312 Y-8.239 Z3.600 F3819 A336.25732; Inset 
G1 X0.312 Y-8.435 Z3.600 F3819 A336.28018; Inset 
G1 X0.909 Y-8.520 Z3.600 F3819 A336.30127; Inset 
G1 X1.563 Y-8.506 Z3.600 F3819 A336.32413; Inset 
G1 X2.205 Y-8.381 Z3.600 F3819 A336.34699; Inset 
G1 X2.817 Y-8.150 Z3.600 F3819 A336.36985; Inset 
G1 X3.422 Y-7.789 Z3.600 F3819 A336.39449; Inset 
G1 X3.916 Y-7.360 Z3.600 F3819 A336.41735; Inset 
G1 X4.301 Y-6.896 Z3.600 F3819 A336.43843; Inset 
G1 X4.631 Y-6.332 Z3.600 F3819 A336.46130; Inset 
G1 X4.861 Y-5.720 Z3.600 F3819 A336.48416; Inset 
G1 X4.985 Y-5.077 Z3.600 F3819 A336.50702; Inset 
G1 X4.996 Y-4.403 Z3.600 F3819 A336.53059; Inset 
G1 X4.425 Y2.021 Z3.600 F3819 A336.75607; Inset 
G1 X5.392 Y2.190 Z3.600 F3819 A336.79040; Inset 
G1 X5.555 Y2.190 Z3.600 F3819 A336.79608; Inset 
G1 X5.680 Y2.148 Z3.600 F3819 A336.80067; Inset 
G1 X5.812 Y2.042 Z3.600 F3819 A336.80660; Inset 
G1 X5.896 Y1.813 Z3.600 F3819 A336.81512; Inset 
G1 X6.688 Y-7.097 Z3.600 F3819 A337.12785; Inset 
G1 X-3.034 Y-10.802 Z3.600 F3819 A337.49156; Inset 
G1 X-3.219 Y-10.992 Z3.600 F3819 A337.50084; Inset 
G1 X-3.526 Y-11.871 Z3.600 F3819 A337.53339; Inset 
G1 X-3.526 Y-11.871 Z3.600 F1500 A336.23339; Retract 
G1 X-3.526 Y-11.871 Z3.600 F3000; Retract 
G1 X-3.767 Y-13.433 Z3.600 F9000; Travel Move 
G1 X-3.767 Y-13.433 Z3.600 F1500 A337.53339; Restart 
G1 X-3.812 Y-13.169 Z3.600 F1697 A337.54276; Inset 
G1 X-4.899 Y-0.944 Z3.600 F1697 A337.97180; Inset 
G1 X-4.880 Y-0.676 Z3.600 F1697 A337.98122; Inset 
G1 X-4.783 Y-0.441 Z3.600 F1697 A337.99007; Inset 
G1 X-4.618 Y-0.249 Z3.600 F1697 A337.99893; Inset 
G1 X-4.390 Y-0.111 Z3.600 F1697 A338.00827; Inset 
G1 X-2.768 Y0.503 Z3.600 F1697 A338.06888; Inset 
G1 X-2.261 Y-5.210 Z3.600 F1697 A338.26940; Inset 
G1 X-2.122 Y-5.778 Z3.600 F1697 A338.28982; Inset 
G1 X-1.888 Y-6.315 Z3.600 F1697 A338.31032; Inset 
G1 X-1.567 Y-6.806 Z3.600 F1697 A338.33081; Inset 
G1 X-1.167 Y-7.235 Z3.600 F1697 A338.35130; Inset 
G1 X-0.701 Y-7.590 Z3.600 F1697 A338.37180; Inset 
G1 X-0.181 Y-7.861 Z3.600 F1697 A338.39229; Inset 
G1 X0.377 Y-8.041 Z3.600 F1697 A338.41278; Inset 
G1 X0.957 Y-8.123 Z3.600 F1697 A338.43327; Inset 
G1 X1.543 Y-8.106 Z3.600 F1697 A338.45377; Inset 
G1 X2.118 Y-7.991 Z3.600 F1697 A338.47426; Inset 
G1 X2.665 Y-7.780 Z3.600 F1697 A338.49476; Inset 
G1 X3.168 Y-7.479 Z3.600 F1697 A338.51524; Inset 
G1 X3.613 Y-7.098 Z3.600 F1697 A338.53574; Inset 
G1 X3.988 Y-6.647 Z3.600 F1697 A338.55623; Inset 
G1 X4.280 Y-6.139 Z3.600 F1697 A338.57672; Inset 
G1 X4.483 Y-5.589 Z3.600 F1697 A338.59722; Inset 
G1 X4.590 Y-5.013 Z3.600 F1697 A338.61771; Inset 
G1 X4.598 Y-4.434 Z3.600 F1697 A338.63796; Inset 
G1 X3.994 Y2.352 Z3.600 F1697 A338.87611; Inset 
G1 X5.358 Y2.590 Z3.600 F1697 A338.92452; Inset 
G1 X5.621 Y2.590 Z3.600 F1697 A338.93370; Inset 
G1 X5.870 Y2.506 Z3.600 F1697 A338.94291; Inset 
G1 X6.085 Y2.341 Z3.600 F1697 A338.95238; Inset 
G1 X6.157 Y2.250 Z3.600 F1697 A338.95641; Inset 
G1 X6.270 Y1.995 Z3.600 F1697 A338.96617; Inset 
G1 X6.293 Y1.865 Z3.600 F1697 A338.97078; Inset 
G1 X7.101 Y-7.226 Z3.600 F1697 A339.28985; Inset 
G1 X7.093 Y-7.371 Z3.600 F1697 A339.29494; Inset 
G1 X-2.854 Y-11.162 Z3.600 F1697 A339.66708; Inset 
G1 X-3.651 Y-13.442 Z3.600 F1697 A339.75153; Inset 
G1 X-3.767 Y-13.433 Z3.600 F1697 A339.75559; Inset 
G1 X-3.767 Y-13.433 Z3.600 F1500 A338.45559; Retract 
G1 X-3.767 Y-13.433 Z3.600 F3000; Retract 
G1 X-2.690 Y-9.937 Z3.600 F9000; Travel Move 
G1 X-2.690 Y-9.937 Z3.600 F1500 A339.75559; Restart 
G1 X-3.040 Y-9.588 Z3.600 F3819 A339.77288; Infill 
G1 X-3.095 Y-8.973 Z3.600 F3819 A339.79445; Connection 
G1 X-2.285 Y-9.783 Z3.600 F3819 A339.83449; Infill 
G1 X-1.879 Y-9.628 Z3.600 F3819 A339.84966; Connection 
G1 X-3.149 Y-8.358 Z3.600 F3819 A339.91244; Infill 
G1 X-3.204 Y-7.744 Z3.600 F3819 A339.93402; Connection 
G1 X-1.474 Y-9.474 Z3.600 F3819 A340.01955; Infill 
G1 X-1.068 Y-9.319 Z3.600 F3819 A340.03472; Connection 
G1 X-3.259 Y-7.129 Z3.600 F3819 A340.14301; Infill 
G1 X-3.313 Y-6.514 Z3.600 F3819 A340.16458; Connection 
G1 X-2.551 Y-7.277 Z3.600 F3819 A340.20229; Infill 
G1 X-3.150 Y-6.117 Z3.600 F3819 A340.24794; Connection 
G1 X-3.368 Y-5.900 Z3.600 F3819 A340.25870; Infill 
G1 X-3.333 Y-5.375 Z3.600 F3819 A340.27708; Connection 
G1 X-3.423 Y-5.285 Z3.600 F3819 A340.28153; Infill 
G1 X-3.391 Y-4.756 Z3.600 F3819 A340.30005; Connection 
G1 X-3.477 Y-4.670 Z3.600 F3819 A340.30430; Infill 
G1 X-3.446 Y-4.142 Z3.600 F3819 A340.32281; Connection 
G1 X-3.532 Y-4.056 Z3.600 F3819 A340.32706; Infill 
G1 X-3.501 Y-3.527 Z3.600 F3819 A340.34558; Connection 
G1 X-3.587 Y-3.441 Z3.600 F3819 A340.34983; Infill 
G1 X-3.555 Y-2.912 Z3.600 F3819 A340.36835; Connection 
G1 X-3.641 Y-2.826 Z3.600 F3819 A340.37259; Infill 
G1 X-3.610 Y-2.298 Z3.600 F3819 A340.39111; Connection 
G1 X-3.696 Y-2.212 Z3.600 F3819 A340.39536; Infill 
G1 X-3.664 Y-1.683 Z3.600 F3819 A340.41388; Connection 
G1 X-3.750 Y-1.597 Z3.600 F3819 A340.41813; Infill 
G1 X-3.719 Y-1.068 Z3.600 F3819 A340.43664; Connection 
G1 X-3.750 Y-1.037 Z3.600 F3819 A340.43817; Infill 
G1 X-3.750 Y-1.037 Z3.600 F1500 A339.13817; Retract 
G1 X-3.750 Y-1.037 Z3.600 F3000; Retract 
G1 X-1.428 Y-8.400 Z3.600 F9000; Travel Move 
G1 X-1.428 Y-8.400 Z3.600 F1500 A340.43817; Restart 
G1 X-0.663 Y-9.165 Z3.600 F3819 A340.47597; Infill 
G1 X-0.312 Y-8.956 Z3.600 F3819 A340.49025; Connection 
G1 X-0.258 Y-9.010 Z3.600 F3819 A340.49294; Infill 
G1 X-0.258 Y-9.010 Z3.600 F1500 A339.19294; Retract 
G1 X-0.258 Y-9.010 Z3.600 F3000; Retract 
G1 X5.229 Y-6.656 Z3.600 F9000; Travel Move 
G1 X5.229 Y-6.656 Z3.600 F1500 A340.49294; Restart 
G1 X5.419 Y-6.847 Z3.600 F3819 A340.50237; Infill 
G1 X5.825 Y-6.692 Z3.600 F3819 A340.51754; Connection 
G1 X5.393 Y-6.260 Z3.600 F3819 A340.53889; Infill 
G1 X5.534 Y-5.841 Z3.600 F3819 A340.55435; Connection 
G1 X5.922 Y-6.229 Z3.600 F3819 A340.57353; Infill 
G1 X5.867 Y-5.614 Z3.600 F3819 A340.59511; Connection 
G1 X5.626 Y-5.373 Z3.600 F3819 A340.60705; Infill 
G1 X5.813 Y-5.000 Z3.600 F3819 A340.62164; Connection 
G1 X5.672 Y-4.859 Z3.600 F3819 A340.62858; Infill 
G1 X5.758 Y-4.385 Z3.600 F3819 A340.64543; Connection 
G1 X5.676 Y-4.303 Z3.600 F3819 A340.64948; Infill 
G1 X5.703 Y-3.770 Z3.600 F3819 A340.66813; Connection 
G1 X5.622 Y-3.689 Z3.600 F3819 A340.67218; Infill 
G1 X5.649 Y-3.156 Z3.600 F3819 A340.69083; Connection 
G1 X5.567 Y-3.074 Z3.600 F3819 A340.69488; Infill 
G1 X5.594 Y-2.541 Z3.600 F3819 A340.71353; Connection 
G1 X5.512 Y-2.459 Z3.600 F3819 A340.71757; Infill 
G1 X5.540 Y-1.926 Z3.600 F3819 A340.73622; Connection 
G1 X5.458 Y-1.845 Z3.600 F3819 A340.74027; Infill 
G1 X5.485 Y-1.312 Z3.600 F3819 A340.75892; Connection 
G1 X5.403 Y-1.230 Z3.600 F3819 A340.76297; Infill 
G1 X5.430 Y-0.697 Z3.600 F3819 A340.78162; Connection 
G1 X5.348 Y-0.615 Z3.600 F3819 A340.78567; Infill 
G1 X5.376 Y-0.082 Z3.600 F3819 A340.80432; Connection 
G1 X5.294 Y-0.001 Z3.600 F3819 A340.80837; Infill 
G1 X5.321 Y0.532 Z3.600 F3819 A340.82702; Connection 
G1 X5.239 Y0.614 Z3.600 F3819 A340.83107; Infill 
G1 X5.266 Y1.147 Z3.600 F3819 A340.84972; Connection 
G1 X5.184 Y1.229 Z3.600 F3819 A340.85377; Infill 
; Chunk 36 
; Lower Position  3.6 
; Upper Position  3.8 
; Thickness       0.2 
; Width           0.4 
G1 X5.184 Y1.229 Z3.600 F1500 A339.55377; Retract 
G1 X5.184 Y1.229 Z3.600 F3000; Retract 
G1 X5.184 Y1.229 Z3.800 F1380; Travel Move 
G1 X4.232 Y-7.605 Z3.800 F9000; Travel Move 
G1 X4.232 Y-7.605 Z3.800 F1500 A340.85377; Restart 
G1 X4.668 Y-7.069 Z3.800 F3912 A340.87793; Inset 
G1 X5.022 Y-6.440 Z3.800 F3912 A340.90317; Inset 
G1 X5.243 Y-5.842 Z3.800 F3912 A340.92544; Inset 
G1 X5.381 Y-5.134 Z3.800 F3912 A340.95068; Inset 
G1 X5.396 Y-4.378 Z3.800 F3912 A340.97710; Inset 
G1 X4.856 Y1.690 Z3.800 F3912 A341.19009; Inset 
G1 X5.486 Y1.790 Z3.800 F3912 A341.21236; Inset 
G1 X5.499 Y1.761 Z3.800 F3912 A341.21350; Inset 
G1 X6.263 Y-6.831 Z3.800 F3912 A341.51505; Inset 
G1 X4.232 Y-7.605 Z3.800 F3912 A341.59102; Inset 
G1 X4.232 Y-7.605 Z3.800 F1500 A340.29102; Retract 
G1 X4.232 Y-7.605 Z3.800 F3000; Retract 
G1 X-3.250 Y-10.456 Z3.800 F9000; Travel Move 
G1 X-3.250 Y-10.456 Z3.800 F1500 A341.59102; Restart 
G1 X-4.096 Y-0.937 Z3.800 F3912 A341.92513; Inset 
G1 X-4.091 Y-0.865 Z3.800 F3912 A341.92765; Inset 
G1 X-3.472 Y-0.619 Z3.800 F3912 A341.95095; Inset 
G1 X-3.055 Y-5.304 Z3.800 F3912 A342.11538; Inset 
M73 P42; Update Progress 
G1 X-2.865 Y-6.073 Z3.800 F3912 A342.14309; Inset 
G1 X-2.571 Y-6.732 Z3.800 F3912 A342.16833; Inset 
G1 X-2.222 Y-7.265 Z3.800 F3912 A342.19060; Inset 
G1 X-1.735 Y-7.798 Z3.800 F3912 A342.21584; Inset 
G1 X-1.165 Y-8.242 Z3.800 F3912 A342.24107; Inset 
G1 X-0.529 Y-8.582 Z3.800 F3912 A342.26631; Inset 
G1 X0.156 Y-8.810 Z3.800 F3912 A342.29154; Inset 
G1 X0.808 Y-8.910 Z3.800 F3912 A342.31460; Inset 
G1 X-3.250 Y-10.456 Z3.800 F3912 A342.46643; Inset 
G1 X-3.250 Y-10.456 Z3.800 F1500 A341.16643; Retract 
G1 X-3.250 Y-10.456 Z3.800 F3000; Retract 
G1 X-3.526 Y-11.871 Z3.800 F9000; Travel Move 
G1 X-3.526 Y-11.871 Z3.800 F1500 A342.46643; Restart 
G1 X-4.497 Y-0.941 Z3.800 F3912 A342.85006; Inset 
G1 X-4.485 Y-0.768 Z3.800 F3912 A342.85612; Inset 
G1 X-4.438 Y-0.653 Z3.800 F3912 A342.86047; Inset 
G1 X-4.357 Y-0.558 Z3.800 F3912 A342.86483; Inset 
G1 X-4.214 Y-0.472 Z3.800 F3912 A342.87065; Inset 
G1 X-3.120 Y-0.058 Z3.800 F3912 A342.91154; Inset 
G1 X-2.658 Y-5.253 Z3.800 F3912 A343.09389; Inset 
G1 X-2.508 Y-5.881 Z3.800 F3912 A343.11646; Inset 
G1 X-2.251 Y-6.483 Z3.800 F3912 A343.13932; Inset 
G1 X-1.897 Y-7.032 Z3.800 F3912 A343.16218; Inset 
G1 X-1.454 Y-7.513 Z3.800 F3912 A343.18505; Inset 
G1 X-0.936 Y-7.913 Z3.800 F3912 A343.20791; Inset 
G1 X-0.359 Y-8.220 Z3.800 F3912 A343.23077; Inset 
G1 X0.262 Y-8.424 Z3.800 F3912 A343.25363; Inset 
G1 X0.909 Y-8.520 Z3.800 F3912 A343.27649; Inset 
G1 X1.563 Y-8.506 Z3.800 F3912 A343.29935; Inset 
G1 X2.205 Y-8.381 Z3.800 F3912 A343.32221; Inset 
G1 X2.817 Y-8.150 Z3.800 F3912 A343.34508; Inset 
G1 X3.380 Y-7.818 Z3.800 F3912 A343.36794; Inset 
G1 X3.880 Y-7.396 Z3.800 F3912 A343.39080; Inset 
G1 X4.301 Y-6.896 Z3.800 F3912 A343.41366; Inset 
G1 X4.631 Y-6.332 Z3.800 F3912 A343.43652; Inset 
G1 X4.861 Y-5.720 Z3.800 F3912 A343.45939; Inset 
G1 X4.985 Y-5.077 Z3.800 F3912 A343.48225; Inset 
G1 X4.996 Y-4.403 Z3.800 F3912 A343.50582; Inset 
G1 X4.425 Y2.021 Z3.800 F3912 A343.73130; Inset 
G1 X5.392 Y2.190 Z3.800 F3912 A343.76562; Inset 
G1 X5.555 Y2.190 Z3.800 F3912 A343.77130; Inset 
G1 X5.680 Y2.148 Z3.800 F3912 A343.77590; Inset 
G1 X5.812 Y2.042 Z3.800 F3912 A343.78182; Inset 
G1 X5.896 Y1.813 Z3.800 F3912 A343.79034; Inset 
G1 X6.688 Y-7.097 Z3.800 F3912 A344.10308; Inset 
G1 X-3.034 Y-10.802 Z3.800 F3912 A344.46679; Inset 
G1 X-3.219 Y-10.992 Z3.800 F3912 A344.47607; Inset 
G1 X-3.526 Y-11.871 Z3.800 F3912 A344.50861; Inset 
G1 X-3.526 Y-11.871 Z3.800 F1500 A343.20861; Retract 
G1 X-3.526 Y-11.871 Z3.800 F3000; Retract 
G1 X-3.767 Y-13.433 Z3.800 F9000; Travel Move 
G1 X-3.767 Y-13.433 Z3.800 F1500 A344.50861; Restart 
G1 X-3.812 Y-13.169 Z3.800 F1738 A344.51798; Inset 
G1 X-4.899 Y-0.944 Z3.800 F1738 A344.94703; Inset 
G1 X-4.880 Y-0.676 Z3.800 F1738 A344.95644; Inset 
G1 X-4.783 Y-0.441 Z3.800 F1738 A344.96530; Inset 
G1 X-4.618 Y-0.249 Z3.800 F1738 A344.97415; Inset 
G1 X-4.390 Y-0.111 Z3.800 F1738 A344.98350; Inset 
G1 X-2.768 Y0.503 Z3.800 F1738 A345.04410; Inset 
G1 X-2.261 Y-5.210 Z3.800 F1738 A345.24462; Inset 
G1 X-2.122 Y-5.778 Z3.800 F1738 A345.26505; Inset 
G1 X-1.888 Y-6.315 Z3.800 F1738 A345.28555; Inset 
G1 X-1.567 Y-6.806 Z3.800 F1738 A345.30604; Inset 
G1 X-1.167 Y-7.235 Z3.800 F1738 A345.32653; Inset 
G1 X-0.701 Y-7.590 Z3.800 F1738 A345.34702; Inset 
G1 X-0.181 Y-7.861 Z3.800 F1738 A345.36752; Inset 
G1 X0.377 Y-8.041 Z3.800 F1738 A345.38801; Inset 
G1 X0.957 Y-8.123 Z3.800 F1738 A345.40850; Inset 
G1 X1.543 Y-8.106 Z3.800 F1738 A345.42899; Inset 
G1 X2.118 Y-7.991 Z3.800 F1738 A345.44948; Inset 
G1 X2.665 Y-7.780 Z3.800 F1738 A345.46998; Inset 
G1 X3.168 Y-7.479 Z3.800 F1738 A345.49047; Inset 
G1 X3.613 Y-7.098 Z3.800 F1738 A345.51097; Inset 
G1 X3.988 Y-6.647 Z3.800 F1738 A345.53146; Inset 
G1 X4.280 Y-6.139 Z3.800 F1738 A345.55195; Inset 
G1 X4.483 Y-5.589 Z3.800 F1738 A345.57244; Inset 
G1 X4.590 Y-5.013 Z3.800 F1738 A345.59293; Inset 
G1 X4.598 Y-4.434 Z3.800 F1738 A345.61319; Inset 
G1 X3.994 Y2.352 Z3.800 F1738 A345.85134; Inset 
G1 X5.358 Y2.590 Z3.800 F1738 A345.89974; Inset 
G1 X5.621 Y2.590 Z3.800 F1738 A345.90892; Inset 
G1 X5.870 Y2.506 Z3.800 F1738 A345.91813; Inset 
G1 X6.085 Y2.341 Z3.800 F1738 A345.92760; Inset 
G1 X6.157 Y2.250 Z3.800 F1738 A345.93163; Inset 
G1 X6.270 Y1.995 Z3.800 F1738 A345.94140; Inset 
G1 X6.293 Y1.865 Z3.800 F1738 A345.94601; Inset 
G1 X7.101 Y-7.226 Z3.800 F1738 A346.26508; Inset 
G1 X7.093 Y-7.371 Z3.800 F1738 A346.27016; Inset 
G1 X-2.854 Y-11.162 Z3.800 F1738 A346.64231; Inset 
G1 X-3.651 Y-13.442 Z3.800 F1738 A346.72676; Inset 
G1 X-3.767 Y-13.433 Z3.800 F1738 A346.73082; Inset 
G1 X-3.767 Y-13.433 Z3.800 F1500 A345.43082; Retract 
G1 X-3.767 Y-13.433 Z3.800 F3000; Retract 
G1 X-3.005 Y-9.984 Z3.800 F9000; Travel Move 
G1 X-3.005 Y-9.984 Z3.800 F1500 A346.73082; Restart 
G1 X-1.424 Y-8.403 Z3.800 F3912 A346.80900; Infill 
G1 X-1.739 Y-8.158 Z3.800 F3912 A346.82295; Connection 
G1 X-3.051 Y-9.470 Z3.800 F3912 A346.88782; Infill 
G1 X-3.096 Y-8.956 Z3.800 F3912 A346.90587; Connection 
G1 X-2.035 Y-7.894 Z3.800 F3912 A346.95835; Infill 
G1 X-2.302 Y-7.602 Z3.800 F3912 A346.97220; Connection 
G1 X-3.142 Y-8.442 Z3.800 F3912 A347.01373; Infill 
G1 X-3.188 Y-7.927 Z3.800 F3912 A347.03178; Connection 
G1 X-2.549 Y-7.288 Z3.800 F3912 A347.06337; Infill 
G1 X-2.770 Y-6.950 Z3.800 F3912 A347.07751; Connection 
G1 X-3.233 Y-7.413 Z3.800 F3912 A347.10040; Infill 
G1 X-3.279 Y-6.899 Z3.800 F3912 A347.11845; Connection 
G1 X-2.955 Y-6.574 Z3.800 F3912 A347.13448; Infill 
G1 X-3.325 Y-6.384 Z3.800 F3912 A347.14903; Connection 
G1 X-3.128 Y-6.187 Z3.800 F3912 A347.15877; Infill 
G1 X-3.371 Y-5.870 Z3.800 F3912 A347.17273; Connection 
G1 X-3.242 Y-5.741 Z3.800 F3912 A347.17909; Infill 
G1 X-3.416 Y-5.356 Z3.800 F3912 A347.19389; Connection 
G1 X-3.344 Y-5.284 Z3.800 F3912 A347.19745; Infill 
G1 X-3.462 Y-4.841 Z3.800 F3912 A347.21345; Connection 
G1 X-3.390 Y-4.769 Z3.800 F3912 A347.21700; Infill 
G1 X-3.508 Y-4.327 Z3.800 F3912 A347.23301; Connection 
G1 X-3.436 Y-4.255 Z3.800 F3912 A347.23656; Infill 
G1 X-3.553 Y-3.813 Z3.800 F3912 A347.25257; Connection 
G1 X-3.482 Y-3.741 Z3.800 F3912 A347.25612; Infill 
G1 X-3.599 Y-3.298 Z3.800 F3912 A347.27213; Connection 
G1 X-3.527 Y-3.226 Z3.800 F3912 A347.27568; Infill 
G1 X-3.645 Y-2.784 Z3.800 F3912 A347.29169; Connection 
G1 X-3.573 Y-2.712 Z3.800 F3912 A347.29524; Infill 
G1 X-3.691 Y-2.270 Z3.800 F3912 A347.31124; Connection 
G1 X-3.619 Y-2.198 Z3.800 F3912 A347.31480; Infill 
G1 X-3.736 Y-1.755 Z3.800 F3912 A347.33080; Connection 
G1 X-3.664 Y-1.684 Z3.800 F3912 A347.33436; Infill 
G1 X-3.782 Y-1.241 Z3.800 F3912 A347.35036; Connection 
G1 X-3.710 Y-1.169 Z3.800 F3912 A347.35392; Infill 
G1 X-3.710 Y-1.169 Z3.800 F1500 A346.05392; Retract 
G1 X-3.710 Y-1.169 Z3.800 F3000; Retract 
G1 X-1.075 Y-8.614 Z3.800 F9000; Travel Move 
G1 X-1.075 Y-8.614 Z3.800 F1500 A347.35392; Restart 
G1 X-2.217 Y-9.757 Z3.800 F3912 A347.41040; Infill 
G1 X-1.312 Y-9.412 Z3.800 F3912 A347.44426; Connection 
G1 X-0.710 Y-8.810 Z3.800 F3912 A347.47404; Infill 
G1 X-0.408 Y-9.067 Z3.800 F3912 A347.48793; Connection 
G1 X-0.300 Y-8.960 Z3.800 F3912 A347.49325; Infill 
G1 X-0.300 Y-8.960 Z3.800 F1500 A346.19325; Retract 
G1 X-0.300 Y-8.960 Z3.800 F3000; Retract 
G1 X5.054 Y-6.965 Z3.800 F9000; Travel Move 
G1 X5.054 Y-6.965 Z3.800 F1500 A347.49325; Restart 
G1 X5.911 Y-6.109 Z3.800 F3912 A347.53562; Infill 
G1 X5.506 Y-5.954 Z3.800 F3912 A347.55078; Connection 
G1 X5.866 Y-5.594 Z3.800 F3912 A347.56856; Infill 
G1 X5.650 Y-5.250 Z3.800 F3912 A347.58276; Connection 
G1 X5.820 Y-5.080 Z3.800 F3912 A347.59117; Infill 
G1 X5.676 Y-4.664 Z3.800 F3912 A347.60657; Connection 
G1 X5.774 Y-4.566 Z3.800 F3912 A347.61141; Infill 
G1 X5.660 Y-4.120 Z3.800 F3912 A347.62750; Connection 
G1 X5.728 Y-4.051 Z3.800 F3912 A347.63089; Infill 
G1 X5.614 Y-3.606 Z3.800 F3912 A347.64697; Connection 
G1 X5.683 Y-3.537 Z3.800 F3912 A347.65036; Infill 
G1 X5.568 Y-3.091 Z3.800 F3912 A347.66645; Connection 
G1 X5.637 Y-3.023 Z3.800 F3912 A347.66984; Infill 
G1 X5.523 Y-2.577 Z3.800 F3912 A347.68593; Connection 
G1 X5.591 Y-2.508 Z3.800 F3912 A347.68931; Infill 
G1 X5.477 Y-2.063 Z3.800 F3912 A347.70540; Connection 
G1 X5.546 Y-1.994 Z3.800 F3912 A347.70879; Infill 
G1 X5.431 Y-1.548 Z3.800 F3912 A347.72488; Connection 
G1 X5.500 Y-1.480 Z3.800 F3912 A347.72827; Infill 
G1 X5.386 Y-1.034 Z3.800 F3912 A347.74435; Connection 
G1 X5.454 Y-0.965 Z3.800 F3912 A347.74774; Infill 
G1 X5.340 Y-0.520 Z3.800 F3912 A347.76383; Connection 
G1 X5.408 Y-0.451 Z3.800 F3912 A347.76722; Infill 
G1 X5.294 Y-0.005 Z3.800 F3912 A347.78331; Connection 
G1 X5.363 Y0.063 Z3.800 F3912 A347.78669; Infill 
G1 X5.248 Y0.509 Z3.800 F3912 A347.80278; Connection 
G1 X5.317 Y0.577 Z3.800 F3912 A347.80617; Infill 
G1 X5.203 Y1.023 Z3.800 F3912 A347.82226; Connection 
G1 X5.271 Y1.092 Z3.800 F3912 A347.82565; Infill 
G1 X5.957 Y-6.623 Z3.800 F3912 A348.09641; Connection 
G1 X5.926 Y-6.653 Z3.800 F3912 A348.09792; Infill 
; Chunk 37 
; Lower Position  3.6 
; Upper Position  3.8 
; Thickness       0.2 
; Width           0.4 
G1 X5.926 Y-6.653 Z3.800 F1500 A346.79792; Retract 
G1 X5.926 Y-6.653 Z3.800 F3000; Retract 
G1 X6.384 Y-8.550 Z3.800 F9000; Travel Move 
G1 X6.384 Y-8.550 Z3.800 F1500 A348.09792; Restart 
G1 X6.384 Y-15.354 Z3.800 F3912 A348.33581; Support 
G1 X4.404 Y-17.363 Z3.800 F6519; Leaky Travel Move 
M73 P43; Update Progress 
G1 X4.404 Y-9.456 Z3.800 F3912 A348.61224; Support 
G1 X2.424 Y-10.384 Z3.800 F6519; Leaky Travel Move 
G1 X2.424 Y-17.578 Z3.800 F3912 A348.86375; Support 
G1 X0.444 Y-16.926 Z3.800 F6519; Leaky Travel Move 
G1 X0.444 Y-11.312 Z3.800 F3912 A349.06001; Support 
G1 X-1.536 Y-12.240 Z3.800 F6519; Leaky Travel Move 
G1 X-1.536 Y-16.219 Z3.800 F3912 A349.19913; Support 
G1 X-3.516 Y-15.331 Z3.800 F6519; Leaky Travel Move 
G1 X-3.516 Y-14.596 Z3.800 F3912 A349.22481; Support 
; Chunk 38 
; Lower Position  3.8 
; Upper Position  4 
; Thickness       0.2 
; Width           0.4 
G1 X-3.516 Y-14.596 Z3.800 F1500 A347.92481; Retract 
G1 X-3.516 Y-14.596 Z3.800 F3000; Retract 
G1 X-3.516 Y-14.596 Z4.000 F1380; Travel Move 
G1 X-3.516 Y-14.596 Z4.000 F9000; Travel Move 
G1 X-3.516 Y-14.596 Z4.000 F1500 A349.22481; Restart 
G1 X-3.516 Y-15.331 Z4.000 F3819 A349.25049; Support 
G1 X-1.536 Y-16.219 Z4.000 F6364; Leaky Travel Move 
G1 X-1.536 Y-12.240 Z4.000 F3819 A349.38961; Support 
G1 X0.444 Y-11.312 Z4.000 F6364; Leaky Travel Move 
G1 X0.444 Y-16.926 Z4.000 F3819 A349.58588; Support 
G1 X2.424 Y-17.578 Z4.000 F6364; Leaky Travel Move 
G1 X2.424 Y-10.384 Z4.000 F3819 A349.83739; Support 
G1 X4.404 Y-9.456 Z4.000 F6364; Leaky Travel Move 
G1 X4.404 Y-17.363 Z4.000 F3819 A350.11382; Support 
G1 X6.384 Y-15.354 Z4.000 F6364; Leaky Travel Move 
G1 X6.384 Y-8.550 Z4.000 F3819 A350.35170; Support 
; Chunk 39 
; Lower Position  3.8 
; Upper Position  4 
; Thickness       0.2 
; Width           0.4 
G1 X6.384 Y-8.550 Z4.000 F1500 A349.05170; Retract 
G1 X6.384 Y-8.550 Z4.000 F3000; Retract 
G1 X4.232 Y-7.605 Z4.000 F9000; Travel Move 
G1 X4.232 Y-7.605 Z4.000 F1500 A350.35170; Restart 
G1 X4.668 Y-7.069 Z4.000 F3819 A350.37587; Inset 
G1 X5.022 Y-6.440 Z4.000 F3819 A350.40111; Inset 
G1 X5.243 Y-5.842 Z4.000 F3819 A350.42338; Inset 
G1 X5.381 Y-5.134 Z4.000 F3819 A350.44861; Inset 
G1 X5.396 Y-4.378 Z4.000 F3819 A350.47503; Inset 
G1 X4.856 Y1.690 Z4.000 F3819 A350.68802; Inset 
G1 X5.486 Y1.790 Z4.000 F3819 A350.71030; Inset 
G1 X5.499 Y1.761 Z4.000 F3819 A350.71143; Inset 
G1 X6.263 Y-6.831 Z4.000 F3819 A351.01299; Inset 
G1 X4.232 Y-7.605 Z4.000 F3819 A351.08896; Inset 
G1 X4.232 Y-7.605 Z4.000 F1500 A349.78896; Retract 
G1 X4.232 Y-7.605 Z4.000 F3000; Retract 
G1 X-3.250 Y-10.456 Z4.000 F9000; Travel Move 
G1 X-3.250 Y-10.456 Z4.000 F1500 A351.08896; Restart 
G1 X-4.096 Y-0.937 Z4.000 F3819 A351.42306; Inset 
G1 X-4.091 Y-0.865 Z4.000 F3819 A351.42559; Inset 
G1 X-3.472 Y-0.619 Z4.000 F3819 A351.44888; Inset 
G1 X-3.055 Y-5.304 Z4.000 F3819 A351.61331; Inset 
G1 X-2.865 Y-6.073 Z4.000 F3819 A351.64103; Inset 
G1 X-2.571 Y-6.732 Z4.000 F3819 A351.66626; Inset 
G1 X-2.222 Y-7.265 Z4.000 F3819 A351.68854; Inset 
G1 X-1.735 Y-7.798 Z4.000 F3819 A351.71377; Inset 
G1 X-1.165 Y-8.242 Z4.000 F3819 A351.73901; Inset 
G1 X-0.529 Y-8.582 Z4.000 F3819 A351.76424; Inset 
G1 X0.156 Y-8.810 Z4.000 F3819 A351.78948; Inset 
G1 X0.808 Y-8.910 Z4.000 F3819 A351.81254; Inset 
G1 X-3.250 Y-10.456 Z4.000 F3819 A351.96436; Inset 
G1 X-3.250 Y-10.456 Z4.000 F1500 A350.66436; Retract 
G1 X-3.250 Y-10.456 Z4.000 F3000; Retract 
G1 X-3.526 Y-11.871 Z4.000 F9000; Travel Move 
G1 X-3.526 Y-11.871 Z4.000 F1500 A351.96436; Restart 
G1 X-4.497 Y-0.941 Z4.000 F3819 A352.34800; Inset 
G1 X-4.485 Y-0.768 Z4.000 F3819 A352.35405; Inset 
G1 X-4.438 Y-0.653 Z4.000 F3819 A352.35841; Inset 
G1 X-4.357 Y-0.558 Z4.000 F3819 A352.36276; Inset 
G1 X-4.214 Y-0.472 Z4.000 F3819 A352.36859; Inset 
G1 X-3.120 Y-0.058 Z4.000 F3819 A352.40948; Inset 
G1 X-2.658 Y-5.253 Z4.000 F3819 A352.59182; Inset 
G1 X-2.508 Y-5.881 Z4.000 F3819 A352.61440; Inset 
G1 X-2.251 Y-6.483 Z4.000 F3819 A352.63726; Inset 
G1 X-1.897 Y-7.032 Z4.000 F3819 A352.66012; Inset 
G1 X-1.454 Y-7.513 Z4.000 F3819 A352.68298; Inset 
G1 X-0.936 Y-7.913 Z4.000 F3819 A352.70584; Inset 
G1 X-0.359 Y-8.220 Z4.000 F3819 A352.72870; Inset 
G1 X0.262 Y-8.424 Z4.000 F3819 A352.75157; Inset 
G1 X0.909 Y-8.520 Z4.000 F3819 A352.77443; Inset 
G1 X1.563 Y-8.506 Z4.000 F3819 A352.79729; Inset 
G1 X2.205 Y-8.381 Z4.000 F3819 A352.82015; Inset 
G1 X2.817 Y-8.150 Z4.000 F3819 A352.84301; Inset 
G1 X3.380 Y-7.818 Z4.000 F3819 A352.86587; Inset 
G1 X3.880 Y-7.396 Z4.000 F3819 A352.88874; Inset 
G1 X4.301 Y-6.896 Z4.000 F3819 A352.91160; Inset 
G1 X4.631 Y-6.332 Z4.000 F3819 A352.93446; Inset 
G1 X4.861 Y-5.720 Z4.000 F3819 A352.95732; Inset 
G1 X4.985 Y-5.077 Z4.000 F3819 A352.98018; Inset 
G1 X4.996 Y-4.403 Z4.000 F3819 A353.00376; Inset 
G1 X4.425 Y2.021 Z4.000 F3819 A353.22923; Inset 
G1 X5.392 Y2.190 Z4.000 F3819 A353.26356; Inset 
G1 X5.555 Y2.190 Z4.000 F3819 A353.26924; Inset 
G1 X5.680 Y2.148 Z4.000 F3819 A353.27384; Inset 
G1 X5.812 Y2.042 Z4.000 F3819 A353.27976; Inset 
G1 X5.896 Y1.813 Z4.000 F3819 A353.28828; Inset 
G1 X6.688 Y-7.097 Z4.000 F3819 A353.60101; Inset 
G1 X-3.034 Y-10.802 Z4.000 F3819 A353.96473; Inset 
G1 X-3.219 Y-10.992 Z4.000 F3819 A353.97401; Inset 
G1 X-3.526 Y-11.871 Z4.000 F3819 A354.00655; Inset 
G1 X-3.526 Y-11.871 Z4.000 F1500 A352.70655; Retract 
G1 X-3.526 Y-11.871 Z4.000 F3000; Retract 
G1 X-3.767 Y-13.433 Z4.000 F9000; Travel Move 
G1 X-3.767 Y-13.433 Z4.000 F1500 A354.00655; Restart 
G1 X-3.812 Y-13.169 Z4.000 F1697 A354.01592; Inset 
G1 X-4.899 Y-0.944 Z4.000 F1697 A354.44496; Inset 
G1 X-4.880 Y-0.676 Z4.000 F1697 A354.45438; Inset 
G1 X-4.783 Y-0.441 Z4.000 F1697 A354.46323; Inset 
G1 X-4.618 Y-0.249 Z4.000 F1697 A354.47209; Inset 
G1 X-4.390 Y-0.111 Z4.000 F1697 A354.48144; Inset 
G1 X-2.768 Y0.503 Z4.000 F1697 A354.54204; Inset 
G1 X-2.261 Y-5.210 Z4.000 F1697 A354.74256; Inset 
G1 X-2.122 Y-5.778 Z4.000 F1697 A354.76299; Inset 
G1 X-1.888 Y-6.315 Z4.000 F1697 A354.78348; Inset 
G1 X-1.567 Y-6.806 Z4.000 F1697 A354.80397; Inset 
G1 X-1.167 Y-7.235 Z4.000 F1697 A354.82447; Inset 
G1 X-0.701 Y-7.590 Z4.000 F1697 A354.84496; Inset 
G1 X-0.181 Y-7.861 Z4.000 F1697 A354.86545; Inset 
G1 X0.377 Y-8.041 Z4.000 F1697 A354.88594; Inset 
G1 X0.957 Y-8.123 Z4.000 F1697 A354.90644; Inset 
G1 X1.543 Y-8.106 Z4.000 F1697 A354.92693; Inset 
G1 X2.118 Y-7.991 Z4.000 F1697 A354.94742; Inset 
G1 X2.665 Y-7.780 Z4.000 F1697 A354.96792; Inset 
G1 X3.168 Y-7.479 Z4.000 F1697 A354.98840; Inset 
G1 X3.613 Y-7.098 Z4.000 F1697 A355.00890; Inset 
G1 X3.988 Y-6.647 Z4.000 F1697 A355.02939; Inset 
G1 X4.280 Y-6.139 Z4.000 F1697 A355.04988; Inset 
G1 X4.483 Y-5.589 Z4.000 F1697 A355.07038; Inset 
G1 X4.590 Y-5.013 Z4.000 F1697 A355.09087; Inset 
G1 X4.598 Y-4.434 Z4.000 F1697 A355.11112; Inset 
G1 X3.994 Y2.352 Z4.000 F1697 A355.34927; Inset 
M73 P44; Update Progress 
G1 X5.358 Y2.590 Z4.000 F1697 A355.39768; Inset 
G1 X5.621 Y2.590 Z4.000 F1697 A355.40686; Inset 
G1 X5.870 Y2.506 Z4.000 F1697 A355.41607; Inset 
G1 X6.085 Y2.341 Z4.000 F1697 A355.42554; Inset 
G1 X6.157 Y2.250 Z4.000 F1697 A355.42957; Inset 
G1 X6.270 Y1.995 Z4.000 F1697 A355.43933; Inset 
G1 X6.293 Y1.865 Z4.000 F1697 A355.44394; Inset 
G1 X7.101 Y-7.226 Z4.000 F1697 A355.76302; Inset 
G1 X7.093 Y-7.371 Z4.000 F1697 A355.76810; Inset 
G1 X-2.854 Y-11.162 Z4.000 F1697 A356.14024; Inset 
G1 X-3.651 Y-13.442 Z4.000 F1697 A356.22469; Inset 
G1 X-3.767 Y-13.433 Z4.000 F1697 A356.22875; Inset 
G1 X-3.767 Y-13.433 Z4.000 F1500 A354.92875; Retract 
G1 X-3.767 Y-13.433 Z4.000 F3000; Retract 
G1 X-2.690 Y-9.937 Z4.000 F9000; Travel Move 
G1 X-2.690 Y-9.937 Z4.000 F1500 A356.22875; Restart 
G1 X-3.040 Y-9.588 Z4.000 F3819 A356.24604; Infill 
G1 X-3.095 Y-8.973 Z4.000 F3819 A356.26761; Connection 
G1 X-2.285 Y-9.783 Z4.000 F3819 A356.30764; Infill 
G1 X-1.879 Y-9.628 Z4.000 F3819 A356.32282; Connection 
G1 X-3.149 Y-8.358 Z4.000 F3819 A356.38560; Infill 
G1 X-3.204 Y-7.744 Z4.000 F3819 A356.40717; Connection 
G1 X-1.474 Y-9.474 Z4.000 F3819 A356.49271; Infill 
G1 X-1.068 Y-9.319 Z4.000 F3819 A356.50788; Connection 
G1 X-3.259 Y-7.129 Z4.000 F3819 A356.61616; Infill 
G1 X-3.313 Y-6.514 Z4.000 F3819 A356.63774; Connection 
G1 X-2.567 Y-7.261 Z4.000 F3819 A356.67465; Infill 
G1 X-3.149 Y-6.119 Z4.000 F3819 A356.71946; Connection 
G1 X-3.368 Y-5.900 Z4.000 F3819 A356.73030; Infill 
G1 X-3.332 Y-5.375 Z4.000 F3819 A356.74868; Connection 
G1 X-3.423 Y-5.285 Z4.000 F3819 A356.75313; Infill 
G1 X-3.391 Y-4.756 Z4.000 F3819 A356.77165; Connection 
G1 X-3.477 Y-4.670 Z4.000 F3819 A356.77590; Infill 
G1 X-3.446 Y-4.142 Z4.000 F3819 A356.79441; Connection 
G1 X-3.532 Y-4.056 Z4.000 F3819 A356.79866; Infill 
G1 X-3.501 Y-3.527 Z4.000 F3819 A356.81718; Connection 
G1 X-3.587 Y-3.441 Z4.000 F3819 A356.82143; Infill 
G1 X-3.555 Y-2.912 Z4.000 F3819 A356.83995; Connection 
G1 X-3.641 Y-2.826 Z4.000 F3819 A356.84420; Infill 
G1 X-3.610 Y-2.298 Z4.000 F3819 A356.86271; Connection 
G1 X-3.696 Y-2.212 Z4.000 F3819 A356.86696; Infill 
G1 X-3.664 Y-1.683 Z4.000 F3819 A356.88548; Connection 
G1 X-3.750 Y-1.597 Z4.000 F3819 A356.88973; Infill 
G1 X-3.719 Y-1.068 Z4.000 F3819 A356.90824; Connection 
G1 X-3.750 Y-1.037 Z4.000 F3819 A356.90977; Infill 
G1 X-3.750 Y-1.037 Z4.000 F1500 A355.60977; Retract 
G1 X-3.750 Y-1.037 Z4.000 F3000; Retract 
G1 X-1.428 Y-8.400 Z4.000 F9000; Travel Move 
G1 X-1.428 Y-8.400 Z4.000 F1500 A356.90977; Restart 
G1 X-0.663 Y-9.165 Z4.000 F3819 A356.94757; Infill 
G1 X-0.312 Y-8.956 Z4.000 F3819 A356.96186; Connection 
G1 X-0.257 Y-9.010 Z4.000 F3819 A356.96455; Infill 
G1 X-0.257 Y-9.010 Z4.000 F1500 A355.66455; Retract 
G1 X-0.257 Y-9.010 Z4.000 F3000; Retract 
G1 X5.229 Y-6.656 Z4.000 F9000; Travel Move 
G1 X5.229 Y-6.656 Z4.000 F1500 A356.96455; Restart 
G1 X5.419 Y-6.847 Z4.000 F3819 A356.97398; Infill 
G1 X5.825 Y-6.692 Z4.000 F3819 A356.98915; Connection 
G1 X5.393 Y-6.260 Z4.000 F3819 A357.01050; Infill 
G1 X5.534 Y-5.841 Z4.000 F3819 A357.02596; Connection 
G1 X5.922 Y-6.229 Z4.000 F3819 A357.04514; Infill 
G1 X5.867 Y-5.614 Z4.000 F3819 A357.06671; Connection 
G1 X5.626 Y-5.373 Z4.000 F3819 A357.07866; Infill 
G1 X5.813 Y-5.000 Z4.000 F3819 A357.09324; Connection 
G1 X5.672 Y-4.859 Z4.000 F3819 A357.10018; Infill 
G1 X5.758 Y-4.385 Z4.000 F3819 A357.11703; Connection 
G1 X5.676 Y-4.303 Z4.000 F3819 A357.12108; Infill 
G1 X5.703 Y-3.770 Z4.000 F3819 A357.13973; Connection 
G1 X5.622 Y-3.689 Z4.000 F3819 A357.14378; Infill 
G1 X5.649 Y-3.156 Z4.000 F3819 A357.16243; Connection 
G1 X5.567 Y-3.074 Z4.000 F3819 A357.16648; Infill 
G1 X5.594 Y-2.541 Z4.000 F3819 A357.18513; Connection 
G1 X5.512 Y-2.459 Z4.000 F3819 A357.18918; Infill 
G1 X5.540 Y-1.926 Z4.000 F3819 A357.20783; Connection 
G1 X5.458 Y-1.845 Z4.000 F3819 A357.21188; Infill 
G1 X5.485 Y-1.312 Z4.000 F3819 A357.23053; Connection 
G1 X5.403 Y-1.230 Z4.000 F3819 A357.23458; Infill 
G1 X5.430 Y-0.697 Z4.000 F3819 A357.25323; Connection 
G1 X5.348 Y-0.615 Z4.000 F3819 A357.25728; Infill 
G1 X5.376 Y-0.082 Z4.000 F3819 A357.27593; Connection 
G1 X5.294 Y-0.001 Z4.000 F3819 A357.27997; Infill 
G1 X5.321 Y0.532 Z4.000 F3819 A357.29862; Connection 
G1 X5.239 Y0.614 Z4.000 F3819 A357.30267; Infill 
G1 X5.266 Y1.147 Z4.000 F3819 A357.32132; Connection 
G1 X5.184 Y1.229 Z4.000 F3819 A357.32537; Infill 
; Chunk 40 
; Lower Position  4 
; Upper Position  4.2 
; Thickness       0.2 
; Width           0.4 
G1 X5.184 Y1.229 Z4.000 F1500 A356.02537; Retract 
G1 X5.184 Y1.229 Z4.000 F3000; Retract 
G1 X5.184 Y1.229 Z4.200 F1380; Travel Move 
G1 X4.232 Y-7.605 Z4.200 F9000; Travel Move 
G1 X4.232 Y-7.605 Z4.200 F1500 A357.32537; Restart 
G1 X4.668 Y-7.069 Z4.200 F3912 A357.34954; Inset 
G1 X5.022 Y-6.440 Z4.200 F3912 A357.37477; Inset 
G1 X5.265 Y-5.760 Z4.200 F3912 A357.40001; Inset 
G1 X5.389 Y-5.049 Z4.200 F3912 A357.42525; Inset 
G1 X5.396 Y-4.378 Z4.200 F3912 A357.44871; Inset 
G1 X4.856 Y1.690 Z4.200 F3912 A357.66169; Inset 
G1 X5.486 Y1.790 Z4.200 F3912 A357.68397; Inset 
G1 X5.499 Y1.761 Z4.200 F3912 A357.68510; Inset 
G1 X6.263 Y-6.831 Z4.200 F3912 A357.98666; Inset 
G1 X4.232 Y-7.605 Z4.200 F3912 A358.06263; Inset 
G1 X4.232 Y-7.605 Z4.200 F1500 A356.76263; Retract 
G1 X4.232 Y-7.605 Z4.200 F3000; Retract 
G1 X-3.250 Y-10.456 Z4.200 F9000; Travel Move 
G1 X-3.250 Y-10.456 Z4.200 F1500 A358.06263; Restart 
G1 X-4.096 Y-0.937 Z4.200 F3912 A358.39673; Inset 
G1 X-4.091 Y-0.865 Z4.200 F3912 A358.39926; Inset 
G1 X-3.472 Y-0.619 Z4.200 F3912 A358.42255; Inset 
G1 X-3.055 Y-5.304 Z4.200 F3912 A358.58698; Inset 
G1 X-2.893 Y-5.993 Z4.200 F3912 A358.61174; Inset 
G1 X-2.611 Y-6.658 Z4.200 F3912 A358.63697; Inset 
G1 X-2.222 Y-7.265 Z4.200 F3912 A358.66221; Inset 
G1 X-1.735 Y-7.798 Z4.200 F3912 A358.68744; Inset 
G1 X-1.165 Y-8.242 Z4.200 F3912 A358.71268; Inset 
G1 X-0.529 Y-8.582 Z4.200 F3912 A358.73792; Inset 
G1 X0.156 Y-8.810 Z4.200 F3912 A358.76315; Inset 
G1 X0.808 Y-8.910 Z4.200 F3912 A358.78621; Inset 
G1 X-3.250 Y-10.456 Z4.200 F3912 A358.93804; Inset 
G1 X-3.250 Y-10.456 Z4.200 F1500 A357.63804; Retract 
G1 X-3.250 Y-10.456 Z4.200 F3000; Retract 
G1 X-3.526 Y-11.871 Z4.200 F9000; Travel Move 
G1 X-3.526 Y-11.871 Z4.200 F1500 A358.93804; Restart 
G1 X-4.497 Y-0.941 Z4.200 F3912 A359.32167; Inset 
G1 X-4.485 Y-0.768 Z4.200 F3912 A359.32772; Inset 
G1 X-4.438 Y-0.653 Z4.200 F3912 A359.33208; Inset 
G1 X-4.357 Y-0.558 Z4.200 F3912 A359.33644; Inset 
G1 X-4.214 Y-0.472 Z4.200 F3912 A359.34226; Inset 
G1 X-3.120 Y-0.058 Z4.200 F3912 A359.38315; Inset 
G1 X-2.658 Y-5.253 Z4.200 F3912 A359.56549; Inset 
G1 X-2.508 Y-5.881 Z4.200 F3912 A359.58807; Inset 
G1 X-2.251 Y-6.483 Z4.200 F3912 A359.61093; Inset 
G1 X-1.897 Y-7.032 Z4.200 F3912 A359.63379; Inset 
G1 X-1.454 Y-7.513 Z4.200 F3912 A359.65665; Inset 
G1 X-0.936 Y-7.913 Z4.200 F3912 A359.67951; Inset 
G1 X-0.359 Y-8.220 Z4.200 F3912 A359.70238; Inset 
G1 X0.262 Y-8.424 Z4.200 F3912 A359.72524; Inset 
G1 X0.909 Y-8.520 Z4.200 F3912 A359.74810; Inset 
G1 X1.563 Y-8.506 Z4.200 F3912 A359.77096; Inset 
G1 X2.205 Y-8.381 Z4.200 F3912 A359.79382; Inset 
G1 X2.817 Y-8.150 Z4.200 F3912 A359.81668; Inset 
G1 X3.422 Y-7.789 Z4.200 F3912 A359.84132; Inset 
G1 X3.916 Y-7.360 Z4.200 F3912 A359.86418; Inset 
G1 X4.301 Y-6.896 Z4.200 F3912 A359.88527; Inset 
G1 X4.631 Y-6.332 Z4.200 F3912 A359.90813; Inset 
G1 X4.861 Y-5.720 Z4.200 F3912 A359.93099; Inset 
G1 X4.985 Y-5.077 Z4.200 F3912 A359.95385; Inset 
G1 X4.996 Y-4.403 Z4.200 F3912 A359.97743; Inset 
G1 X4.425 Y2.021 Z4.200 F3912 A360.20291; Inset 
G1 X5.392 Y2.190 Z4.200 F3912 A360.23723; Inset 
G1 X5.555 Y2.190 Z4.200 F3912 A360.24291; Inset 
G1 X5.680 Y2.148 Z4.200 F3912 A360.24751; Inset 
G1 X5.812 Y2.042 Z4.200 F3912 A360.25343; Inset 
G1 X5.896 Y1.813 Z4.200 F3912 A360.26195; Inset 
G1 X6.688 Y-7.097 Z4.200 F3912 A360.57469; Inset 
G1 X-3.034 Y-10.802 Z4.200 F3912 A360.93840; Inset 
G1 X-3.219 Y-10.992 Z4.200 F3912 A360.94768; Inset 
G1 X-3.526 Y-11.871 Z4.200 F3912 A360.98022; Inset 
G1 X-3.526 Y-11.871 Z4.200 F1500 A359.68022; Retract 
G1 X-3.526 Y-11.871 Z4.200 F3000; Retract 
G1 X-3.767 Y-13.433 Z4.200 F9000; Travel Move 
G1 X-3.767 Y-13.433 Z4.200 F1500 A360.98022; Restart 
G1 X-3.812 Y-13.169 Z4.200 F1739 A360.98959; Inset 
G1 X-4.899 Y-0.944 Z4.200 F1739 A361.41863; Inset 
G1 X-4.880 Y-0.676 Z4.200 F1739 A361.42805; Inset 
G1 X-4.783 Y-0.441 Z4.200 F1739 A361.43690; Inset 
G1 X-4.618 Y-0.249 Z4.200 F1739 A361.44576; Inset 
G1 X-4.390 Y-0.111 Z4.200 F1739 A361.45511; Inset 
G1 X-2.768 Y0.503 Z4.200 F1739 A361.51571; Inset 
G1 X-2.261 Y-5.210 Z4.200 F1739 A361.71623; Inset 
G1 X-2.122 Y-5.778 Z4.200 F1739 A361.73666; Inset 
G1 X-1.888 Y-6.315 Z4.200 F1739 A361.75715; Inset 
G1 X-1.567 Y-6.806 Z4.200 F1739 A361.77764; Inset 
G1 X-1.167 Y-7.235 Z4.200 F1739 A361.79814; Inset 
G1 X-0.701 Y-7.590 Z4.200 F1739 A361.81863; Inset 
G1 X-0.181 Y-7.861 Z4.200 F1739 A361.83912; Inset 
M73 P45; Update Progress 
G1 X0.377 Y-8.041 Z4.200 F1739 A361.85961; Inset 
G1 X0.957 Y-8.123 Z4.200 F1739 A361.88011; Inset 
G1 X1.543 Y-8.106 Z4.200 F1739 A361.90060; Inset 
G1 X2.118 Y-7.991 Z4.200 F1739 A361.92109; Inset 
G1 X2.665 Y-7.780 Z4.200 F1739 A361.94159; Inset 
G1 X3.168 Y-7.479 Z4.200 F1739 A361.96207; Inset 
G1 X3.613 Y-7.098 Z4.200 F1739 A361.98257; Inset 
G1 X3.988 Y-6.647 Z4.200 F1739 A362.00306; Inset 
G1 X4.280 Y-6.139 Z4.200 F1739 A362.02355; Inset 
G1 X4.483 Y-5.589 Z4.200 F1739 A362.04405; Inset 
G1 X4.590 Y-5.013 Z4.200 F1739 A362.06454; Inset 
G1 X4.598 Y-4.434 Z4.200 F1739 A362.08480; Inset 
G1 X3.994 Y2.352 Z4.200 F1739 A362.32294; Inset 
G1 X5.358 Y2.590 Z4.200 F1739 A362.37135; Inset 
G1 X5.621 Y2.590 Z4.200 F1739 A362.38053; Inset 
G1 X5.870 Y2.506 Z4.200 F1739 A362.38974; Inset 
G1 X6.085 Y2.341 Z4.200 F1739 A362.39921; Inset 
G1 X6.157 Y2.250 Z4.200 F1739 A362.40324; Inset 
G1 X6.270 Y1.995 Z4.200 F1739 A362.41300; Inset 
G1 X6.293 Y1.865 Z4.200 F1739 A362.41762; Inset 
G1 X7.101 Y-7.226 Z4.200 F1739 A362.73669; Inset 
G1 X7.093 Y-7.371 Z4.200 F1739 A362.74177; Inset 
G1 X-2.854 Y-11.162 Z4.200 F1739 A363.11391; Inset 
G1 X-3.651 Y-13.442 Z4.200 F1739 A363.19836; Inset 
G1 X-3.767 Y-13.433 Z4.200 F1739 A363.20242; Inset 
G1 X-3.767 Y-13.433 Z4.200 F1500 A361.90242; Retract 
G1 X-3.767 Y-13.433 Z4.200 F3000; Retract 
G1 X-3.005 Y-9.984 Z4.200 F9000; Travel Move 
G1 X-3.005 Y-9.984 Z4.200 F1500 A363.20242; Restart 
G1 X-1.424 Y-8.403 Z4.200 F3912 A363.28060; Infill 
G1 X-1.739 Y-8.158 Z4.200 F3912 A363.29455; Connection 
G1 X-3.051 Y-9.470 Z4.200 F3912 A363.35942; Infill 
G1 X-3.096 Y-8.956 Z4.200 F3912 A363.37747; Connection 
G1 X-2.035 Y-7.894 Z4.200 F3912 A363.42995; Infill 
G1 X-2.302 Y-7.602 Z4.200 F3912 A363.44381; Connection 
G1 X-3.142 Y-8.442 Z4.200 F3912 A363.48533; Infill 
G1 X-3.188 Y-7.927 Z4.200 F3912 A363.50339; Connection 
G1 X-2.548 Y-7.287 Z4.200 F3912 A363.53503; Infill 
G1 X-2.766 Y-6.946 Z4.200 F3912 A363.54920; Connection 
G1 X-3.233 Y-7.413 Z4.200 F3912 A363.57230; Infill 
G1 X-3.279 Y-6.899 Z4.200 F3912 A363.59035; Connection 
G1 X-2.956 Y-6.576 Z4.200 F3912 A363.60630; Infill 
G1 X-3.325 Y-6.384 Z4.200 F3912 A363.62082; Connection 
G1 X-3.123 Y-6.182 Z4.200 F3912 A363.63080; Infill 
G1 X-3.371 Y-5.870 Z4.200 F3912 A363.64474; Connection 
G1 X-3.245 Y-5.745 Z4.200 F3912 A363.65094; Infill 
G1 X-3.416 Y-5.356 Z4.200 F3912 A363.66579; Connection 
G1 X-3.344 Y-5.284 Z4.200 F3912 A363.66935; Infill 
G1 X-3.462 Y-4.841 Z4.200 F3912 A363.68535; Connection 
G1 X-3.390 Y-4.769 Z4.200 F3912 A363.68891; Infill 
G1 X-3.508 Y-4.327 Z4.200 F3912 A363.70491; Connection 
G1 X-3.436 Y-4.255 Z4.200 F3912 A363.70847; Infill 
G1 X-3.553 Y-3.813 Z4.200 F3912 A363.72447; Connection 
G1 X-3.482 Y-3.741 Z4.200 F3912 A363.72803; Infill 
G1 X-3.599 Y-3.298 Z4.200 F3912 A363.74403; Connection 
G1 X-3.527 Y-3.226 Z4.200 F3912 A363.74759; Infill 
G1 X-3.645 Y-2.784 Z4.200 F3912 A363.76359; Connection 
G1 X-3.573 Y-2.712 Z4.200 F3912 A363.76714; Infill 
G1 X-3.691 Y-2.270 Z4.200 F3912 A363.78315; Connection 
G1 X-3.619 Y-2.198 Z4.200 F3912 A363.78670; Infill 
G1 X-3.736 Y-1.755 Z4.200 F3912 A363.80271; Connection 
G1 X-3.664 Y-1.684 Z4.200 F3912 A363.80626; Infill 
G1 X-3.782 Y-1.241 Z4.200 F3912 A363.82227; Connection 
G1 X-3.710 Y-1.169 Z4.200 F3912 A363.82582; Infill 
G1 X-3.710 Y-1.169 Z4.200 F1500 A362.52582; Retract 
G1 X-3.710 Y-1.169 Z4.200 F3000; Retract 
G1 X-1.075 Y-8.614 Z4.200 F9000; Travel Move 
G1 X-1.075 Y-8.614 Z4.200 F1500 A363.82582; Restart 
G1 X-2.217 Y-9.757 Z4.200 F3912 A363.88231; Infill 
G1 X-1.312 Y-9.412 Z4.200 F3912 A363.91616; Connection 
G1 X-0.710 Y-8.810 Z4.200 F3912 A363.94595; Infill 
G1 X-0.408 Y-9.067 Z4.200 F3912 A363.95984; Connection 
G1 X-0.300 Y-8.960 Z4.200 F3912 A363.96516; Infill 
G1 X-0.300 Y-8.960 Z4.200 F1500 A362.66516; Retract 
G1 X-0.300 Y-8.960 Z4.200 F3000; Retract 
G1 X5.054 Y-6.965 Z4.200 F9000; Travel Move 
G1 X5.054 Y-6.965 Z4.200 F1500 A363.96516; Restart 
G1 X5.911 Y-6.109 Z4.200 F3912 A364.00752; Infill 
G1 X5.496 Y-5.964 Z4.200 F3912 A364.02290; Connection 
G1 X5.866 Y-5.594 Z4.200 F3912 A364.04118; Infill 
G1 X5.643 Y-5.256 Z4.200 F3912 A364.05532; Connection 
G1 X5.820 Y-5.080 Z4.200 F3912 A364.06404; Infill 
G1 X5.679 Y-4.661 Z4.200 F3912 A364.07950; Connection 
G1 X5.774 Y-4.566 Z4.200 F3912 A364.08420; Infill 
G1 X5.660 Y-4.120 Z4.200 F3912 A364.10029; Connection 
G1 X5.728 Y-4.051 Z4.200 F3912 A364.10367; Infill 
G1 X5.614 Y-3.606 Z4.200 F3912 A364.11976; Connection 
G1 X5.683 Y-3.537 Z4.200 F3912 A364.12315; Infill 
G1 X5.568 Y-3.091 Z4.200 F3912 A364.13924; Connection 
G1 X5.637 Y-3.023 Z4.200 F3912 A364.14263; Infill 
G1 X5.523 Y-2.577 Z4.200 F3912 A364.15871; Connection 
G1 X5.591 Y-2.508 Z4.200 F3912 A364.16210; Infill 
G1 X5.477 Y-2.063 Z4.200 F3912 A364.17819; Connection 
G1 X5.546 Y-1.994 Z4.200 F3912 A364.18158; Infill 
G1 X5.431 Y-1.548 Z4.200 F3912 A364.19767; Connection 
G1 X5.500 Y-1.480 Z4.200 F3912 A364.20105; Infill 
G1 X5.386 Y-1.034 Z4.200 F3912 A364.21714; Connection 
G1 X5.454 Y-0.965 Z4.200 F3912 A364.22053; Infill 
G1 X5.340 Y-0.520 Z4.200 F3912 A364.23662; Connection 
G1 X5.408 Y-0.451 Z4.200 F3912 A364.24001; Infill 
G1 X5.294 Y-0.005 Z4.200 F3912 A364.25610; Connection 
G1 X5.363 Y0.063 Z4.200 F3912 A364.25948; Infill 
G1 X5.248 Y0.509 Z4.200 F3912 A364.27557; Connection 
G1 X5.317 Y0.577 Z4.200 F3912 A364.27896; Infill 
G1 X5.203 Y1.023 Z4.200 F3912 A364.29505; Connection 
G1 X5.271 Y1.092 Z4.200 F3912 A364.29844; Infill 
G1 X5.957 Y-6.623 Z4.200 F3912 A364.56920; Connection 
G1 X5.926 Y-6.653 Z4.200 F3912 A364.57071; Infill 
; Chunk 41 
; Lower Position  4 
; Upper Position  4.2 
; Thickness       0.2 
; Width           0.4 
G1 X5.926 Y-6.653 Z4.200 F1500 A363.27071; Retract 
G1 X5.926 Y-6.653 Z4.200 F3000; Retract 
G1 X6.384 Y-8.550 Z4.200 F9000; Travel Move 
G1 X6.384 Y-8.550 Z4.200 F1500 A364.57071; Restart 
G1 X6.384 Y-15.354 Z4.200 F3912 A364.80860; Support 
G1 X4.404 Y-17.363 Z4.200 F6520; Leaky Travel Move 
G1 X4.404 Y-9.456 Z4.200 F3912 A365.08502; Support 
G1 X2.424 Y-10.384 Z4.200 F6520; Leaky Travel Move 
G1 X2.424 Y-17.578 Z4.200 F3912 A365.33654; Support 
G1 X0.444 Y-16.926 Z4.200 F6520; Leaky Travel Move 
G1 X0.444 Y-11.312 Z4.200 F3912 A365.53280; Support 
G1 X-1.536 Y-12.240 Z4.200 F6520; Leaky Travel Move 
G1 X-1.536 Y-16.219 Z4.200 F3912 A365.67192; Support 
G1 X-3.516 Y-15.331 Z4.200 F6520; Leaky Travel Move 
G1 X-3.516 Y-14.596 Z4.200 F3912 A365.69760; Support 
; Chunk 42 
; Lower Position  4.2 
; Upper Position  4.4 
; Thickness       0.2 
; Width           0.4 
G1 X-3.516 Y-14.596 Z4.200 F1500 A364.39760; Retract 
G1 X-3.516 Y-14.596 Z4.200 F3000; Retract 
G1 X-3.516 Y-14.596 Z4.400 F1380; Travel Move 
G1 X-3.516 Y-14.596 Z4.400 F1500 A365.69760; Restart 
G1 X-3.516 Y-15.331 Z4.400 F3819 A365.72328; Support 
G1 X-1.536 Y-16.219 Z4.400 F6365; Leaky Travel Move 
G1 X-1.536 Y-12.240 Z4.400 F3819 A365.86240; Support 
G1 X0.444 Y-11.312 Z4.400 F6365; Leaky Travel Move 
G1 X0.444 Y-16.926 Z4.400 F3819 A366.05867; Support 
G1 X2.424 Y-17.578 Z4.400 F6365; Leaky Travel Move 
G1 X2.424 Y-10.384 Z4.400 F3819 A366.31018; Support 
G1 X4.404 Y-9.456 Z4.400 F6365; Leaky Travel Move 
G1 X4.404 Y-17.363 Z4.400 F3819 A366.58660; Support 
G1 X6.384 Y-15.354 Z4.400 F6365; Leaky Travel Move 
G1 X6.384 Y-8.550 Z4.400 F3819 A366.82449; Support 
; Chunk 43 
; Lower Position  4.2 
; Upper Position  4.4 
; Thickness       0.2 
; Width           0.4 
G1 X6.384 Y-8.550 Z4.400 F1500 A365.52449; Retract 
G1 X6.384 Y-8.550 Z4.400 F3000; Retract 
G1 X4.232 Y-7.605 Z4.400 F9000; Travel Move 
G1 X4.232 Y-7.605 Z4.400 F1500 A366.82449; Restart 
G1 X4.668 Y-7.069 Z4.400 F3819 A366.84866; Inset 
G1 X5.022 Y-6.440 Z4.400 F3819 A366.87389; Inset 
G1 X5.243 Y-5.842 Z4.400 F3819 A366.89617; Inset 
G1 X5.381 Y-5.134 Z4.400 F3819 A366.92140; Inset 
G1 X5.396 Y-4.378 Z4.400 F3819 A366.94782; Inset 
G1 X4.856 Y1.690 Z4.400 F3819 A367.16081; Inset 
G1 X5.486 Y1.790 Z4.400 F3819 A367.18309; Inset 
G1 X5.499 Y1.761 Z4.400 F3819 A367.18422; Inset 
G1 X6.263 Y-6.831 Z4.400 F3819 A367.48578; Inset 
G1 X4.232 Y-7.605 Z4.400 F3819 A367.56175; Inset 
G1 X4.232 Y-7.605 Z4.400 F1500 A366.26175; Retract 
G1 X4.232 Y-7.605 Z4.400 F3000; Retract 
G1 X-3.250 Y-10.456 Z4.400 F9000; Travel Move 
G1 X-3.250 Y-10.456 Z4.400 F1500 A367.56175; Restart 
G1 X-4.096 Y-0.937 Z4.400 F3819 A367.89585; Inset 
G1 X-4.091 Y-0.865 Z4.400 F3819 A367.89838; Inset 
G1 X-3.472 Y-0.619 Z4.400 F3819 A367.92167; Inset 
G1 X-3.055 Y-5.304 Z4.400 F3819 A368.08610; Inset 
G1 X-2.893 Y-5.993 Z4.400 F3819 A368.11086; Inset 
G1 X-2.611 Y-6.658 Z4.400 F3819 A368.13609; Inset 
G1 X-2.222 Y-7.265 Z4.400 F3819 A368.16133; Inset 
G1 X-1.735 Y-7.798 Z4.400 F3819 A368.18656; Inset 
G1 X-1.165 Y-8.242 Z4.400 F3819 A368.21180; Inset 
G1 X-0.529 Y-8.582 Z4.400 F3819 A368.23703; Inset 
G1 X0.156 Y-8.810 Z4.400 F3819 A368.26227; Inset 
G1 X0.808 Y-8.910 Z4.400 F3819 A368.28533; Inset 
G1 X-3.250 Y-10.456 Z4.400 F3819 A368.43715; Inset 
G1 X-3.250 Y-10.456 Z4.400 F1500 A367.13715; Retract 
G1 X-3.250 Y-10.456 Z4.400 F3000; Retract 
G1 X-3.526 Y-11.871 Z4.400 F9000; Travel Move 
G1 X-3.526 Y-11.871 Z4.400 F1500 A368.43715; Restart 
G1 X-4.497 Y-0.941 Z4.400 F3819 A368.82079; Inset 
M73 P46; Update Progress 
G1 X-4.485 Y-0.768 Z4.400 F3819 A368.82684; Inset 
G1 X-4.438 Y-0.653 Z4.400 F3819 A368.83120; Inset 
G1 X-4.357 Y-0.558 Z4.400 F3819 A368.83555; Inset 
G1 X-4.214 Y-0.472 Z4.400 F3819 A368.84138; Inset 
G1 X-3.120 Y-0.058 Z4.400 F3819 A368.88227; Inset 
G1 X-2.658 Y-5.253 Z4.400 F3819 A369.06461; Inset 
G1 X-2.508 Y-5.881 Z4.400 F3819 A369.08719; Inset 
G1 X-2.251 Y-6.483 Z4.400 F3819 A369.11005; Inset 
G1 X-1.897 Y-7.032 Z4.400 F3819 A369.13291; Inset 
G1 X-1.454 Y-7.513 Z4.400 F3819 A369.15577; Inset 
G1 X-0.936 Y-7.913 Z4.400 F3819 A369.17863; Inset 
G1 X-0.359 Y-8.220 Z4.400 F3819 A369.20150; Inset 
G1 X0.262 Y-8.424 Z4.400 F3819 A369.22436; Inset 
G1 X0.909 Y-8.520 Z4.400 F3819 A369.24722; Inset 
G1 X1.563 Y-8.506 Z4.400 F3819 A369.27008; Inset 
G1 X2.205 Y-8.381 Z4.400 F3819 A369.29294; Inset 
G1 X2.817 Y-8.150 Z4.400 F3819 A369.31580; Inset 
G1 X3.422 Y-7.789 Z4.400 F3819 A369.34044; Inset 
G1 X3.916 Y-7.360 Z4.400 F3819 A369.36330; Inset 
G1 X4.301 Y-6.896 Z4.400 F3819 A369.38439; Inset 
G1 X4.631 Y-6.332 Z4.400 F3819 A369.40725; Inset 
G1 X4.861 Y-5.720 Z4.400 F3819 A369.43011; Inset 
G1 X4.985 Y-5.077 Z4.400 F3819 A369.45297; Inset 
G1 X4.996 Y-4.403 Z4.400 F3819 A369.47655; Inset 
G1 X4.425 Y2.021 Z4.400 F3819 A369.70203; Inset 
G1 X5.392 Y2.190 Z4.400 F3819 A369.73635; Inset 
G1 X5.555 Y2.190 Z4.400 F3819 A369.74203; Inset 
G1 X5.680 Y2.148 Z4.400 F3819 A369.74663; Inset 
G1 X5.812 Y2.042 Z4.400 F3819 A369.75255; Inset 
G1 X5.896 Y1.813 Z4.400 F3819 A369.76107; Inset 
G1 X6.688 Y-7.097 Z4.400 F3819 A370.07380; Inset 
G1 X-3.034 Y-10.802 Z4.400 F3819 A370.43752; Inset 
G1 X-3.219 Y-10.992 Z4.400 F3819 A370.44680; Inset 
G1 X-3.526 Y-11.871 Z4.400 F3819 A370.47934; Inset 
G1 X-3.526 Y-11.871 Z4.400 F1500 A369.17934; Retract 
G1 X-3.526 Y-11.871 Z4.400 F3000; Retract 
G1 X-3.767 Y-13.433 Z4.400 F9000; Travel Move 
G1 X-3.767 Y-13.433 Z4.400 F1500 A370.47934; Restart 
G1 X-3.812 Y-13.169 Z4.400 F1697 A370.48871; Inset 
G1 X-4.899 Y-0.944 Z4.400 F1697 A370.91775; Inset 
G1 X-4.880 Y-0.676 Z4.400 F1697 A370.92717; Inset 
G1 X-4.783 Y-0.441 Z4.400 F1697 A370.93603; Inset 
G1 X-4.618 Y-0.249 Z4.400 F1697 A370.94488; Inset 
G1 X-4.390 Y-0.111 Z4.400 F1697 A370.95423; Inset 
G1 X-2.768 Y0.503 Z4.400 F1697 A371.01483; Inset 
G1 X-2.261 Y-5.210 Z4.400 F1697 A371.21535; Inset 
G1 X-2.122 Y-5.778 Z4.400 F1697 A371.23578; Inset 
G1 X-1.888 Y-6.315 Z4.400 F1697 A371.25627; Inset 
G1 X-1.567 Y-6.806 Z4.400 F1697 A371.27676; Inset 
G1 X-1.167 Y-7.235 Z4.400 F1697 A371.29726; Inset 
G1 X-0.701 Y-7.590 Z4.400 F1697 A371.31775; Inset 
G1 X-0.181 Y-7.861 Z4.400 F1697 A371.33824; Inset 
G1 X0.377 Y-8.041 Z4.400 F1697 A371.35874; Inset 
G1 X0.957 Y-8.123 Z4.400 F1697 A371.37923; Inset 
G1 X1.543 Y-8.106 Z4.400 F1697 A371.39972; Inset 
G1 X2.118 Y-7.991 Z4.400 F1697 A371.42021; Inset 
G1 X2.665 Y-7.780 Z4.400 F1697 A371.44071; Inset 
G1 X3.168 Y-7.479 Z4.400 F1697 A371.46120; Inset 
G1 X3.613 Y-7.098 Z4.400 F1697 A371.48169; Inset 
G1 X3.988 Y-6.647 Z4.400 F1697 A371.50218; Inset 
G1 X4.280 Y-6.139 Z4.400 F1697 A371.52268; Inset 
G1 X4.483 Y-5.589 Z4.400 F1697 A371.54317; Inset 
G1 X4.590 Y-5.013 Z4.400 F1697 A371.56366; Inset 
G1 X4.598 Y-4.434 Z4.400 F1697 A371.58392; Inset 
G1 X3.994 Y2.352 Z4.400 F1697 A371.82207; Inset 
G1 X5.358 Y2.590 Z4.400 F1697 A371.87047; Inset 
G1 X5.621 Y2.590 Z4.400 F1697 A371.87965; Inset 
G1 X5.870 Y2.506 Z4.400 F1697 A371.88886; Inset 
G1 X6.085 Y2.341 Z4.400 F1697 A371.89833; Inset 
G1 X6.157 Y2.250 Z4.400 F1697 A371.90236; Inset 
G1 X6.270 Y1.995 Z4.400 F1697 A371.91212; Inset 
G1 X6.293 Y1.865 Z4.400 F1697 A371.91674; Inset 
G1 X7.101 Y-7.226 Z4.400 F1697 A372.23581; Inset 
G1 X7.093 Y-7.371 Z4.400 F1697 A372.24089; Inset 
G1 X-2.854 Y-11.162 Z4.400 F1697 A372.61304; Inset 
G1 X-3.651 Y-13.442 Z4.400 F1697 A372.69748; Inset 
G1 X-3.767 Y-13.433 Z4.400 F1697 A372.70154; Inset 
G1 X-3.767 Y-13.433 Z4.400 F1500 A371.40154; Retract 
G1 X-3.767 Y-13.433 Z4.400 F3000; Retract 
G1 X-2.690 Y-9.937 Z4.400 F9000; Travel Move 
G1 X-2.690 Y-9.937 Z4.400 F1500 A372.70154; Restart 
G1 X-3.040 Y-9.588 Z4.400 F3819 A372.71883; Infill 
G1 X-3.095 Y-8.973 Z4.400 F3819 A372.74040; Connection 
G1 X-2.285 Y-9.783 Z4.400 F3819 A372.78044; Infill 
G1 X-1.879 Y-9.628 Z4.400 F3819 A372.79561; Connection 
G1 X-3.149 Y-8.358 Z4.400 F3819 A372.85840; Infill 
G1 X-3.204 Y-7.744 Z4.400 F3819 A372.87997; Connection 
G1 X-1.474 Y-9.474 Z4.400 F3819 A372.96550; Infill 
G1 X-1.068 Y-9.319 Z4.400 F3819 A372.98068; Connection 
G1 X-3.259 Y-7.129 Z4.400 F3819 A373.08896; Infill 
G1 X-3.313 Y-6.514 Z4.400 F3819 A373.11053; Connection 
G1 X-2.560 Y-7.267 Z4.400 F3819 A373.14776; Infill 
G1 X-3.151 Y-6.117 Z4.400 F3819 A373.19296; Connection 
G1 X-3.368 Y-5.900 Z4.400 F3819 A373.20370; Infill 
G1 X-3.333 Y-5.375 Z4.400 F3819 A373.22208; Connection 
G1 X-3.423 Y-5.285 Z4.400 F3819 A373.22654; Infill 
G1 X-3.391 Y-4.756 Z4.400 F3819 A373.24505; Connection 
G1 X-3.477 Y-4.670 Z4.400 F3819 A373.24930; Infill 
G1 X-3.446 Y-4.142 Z4.400 F3819 A373.26782; Connection 
G1 X-3.532 Y-4.056 Z4.400 F3819 A373.27207; Infill 
G1 X-3.501 Y-3.527 Z4.400 F3819 A373.29058; Connection 
G1 X-3.587 Y-3.441 Z4.400 F3819 A373.29483; Infill 
G1 X-3.555 Y-2.912 Z4.400 F3819 A373.31335; Connection 
G1 X-3.641 Y-2.826 Z4.400 F3819 A373.31760; Infill 
G1 X-3.610 Y-2.298 Z4.400 F3819 A373.33612; Connection 
G1 X-3.696 Y-2.212 Z4.400 F3819 A373.34036; Infill 
G1 X-3.664 Y-1.683 Z4.400 F3819 A373.35888; Connection 
G1 X-3.750 Y-1.597 Z4.400 F3819 A373.36313; Infill 
G1 X-3.719 Y-1.068 Z4.400 F3819 A373.38165; Connection 
G1 X-3.750 Y-1.037 Z4.400 F3819 A373.38318; Infill 
G1 X-3.750 Y-1.037 Z4.400 F1500 A372.08318; Retract 
G1 X-3.750 Y-1.037 Z4.400 F3000; Retract 
G1 X-1.428 Y-8.400 Z4.400 F9000; Travel Move 
G1 X-1.428 Y-8.400 Z4.400 F1500 A373.38318; Restart 
G1 X-0.663 Y-9.165 Z4.400 F3819 A373.42098; Infill 
G1 X-0.312 Y-8.956 Z4.400 F3819 A373.43526; Connection 
G1 X-0.257 Y-9.010 Z4.400 F3819 A373.43795; Infill 
G1 X-0.257 Y-9.010 Z4.400 F1500 A372.13795; Retract 
G1 X-0.257 Y-9.010 Z4.400 F3000; Retract 
G1 X5.229 Y-6.656 Z4.400 F9000; Travel Move 
G1 X5.229 Y-6.656 Z4.400 F1500 A373.43795; Restart 
G1 X5.419 Y-6.847 Z4.400 F3819 A373.44738; Infill 
G1 X5.825 Y-6.692 Z4.400 F3819 A373.46255; Connection 
G1 X5.393 Y-6.260 Z4.400 F3819 A373.48390; Infill 
G1 X5.534 Y-5.841 Z4.400 F3819 A373.49936; Connection 
G1 X5.922 Y-6.229 Z4.400 F3819 A373.51854; Infill 
G1 X5.867 Y-5.614 Z4.400 F3819 A373.54011; Connection 
G1 X5.626 Y-5.373 Z4.400 F3819 A373.55206; Infill 
G1 X5.813 Y-5.000 Z4.400 F3819 A373.56665; Connection 
G1 X5.672 Y-4.859 Z4.400 F3819 A373.57358; Infill 
G1 X5.758 Y-4.385 Z4.400 F3819 A373.59043; Connection 
G1 X5.676 Y-4.303 Z4.400 F3819 A373.59448; Infill 
G1 X5.703 Y-3.770 Z4.400 F3819 A373.61313; Connection 
G1 X5.622 Y-3.689 Z4.400 F3819 A373.61718; Infill 
G1 X5.649 Y-3.156 Z4.400 F3819 A373.63583; Connection 
G1 X5.567 Y-3.074 Z4.400 F3819 A373.63988; Infill 
G1 X5.594 Y-2.541 Z4.400 F3819 A373.65853; Connection 
G1 X5.512 Y-2.459 Z4.400 F3819 A373.66258; Infill 
G1 X5.540 Y-1.926 Z4.400 F3819 A373.68123; Connection 
G1 X5.458 Y-1.845 Z4.400 F3819 A373.68528; Infill 
G1 X5.485 Y-1.312 Z4.400 F3819 A373.70393; Connection 
G1 X5.403 Y-1.230 Z4.400 F3819 A373.70797; Infill 
G1 X5.430 Y-0.697 Z4.400 F3819 A373.72663; Connection 
G1 X5.348 Y-0.615 Z4.400 F3819 A373.73067; Infill 
G1 X5.376 Y-0.082 Z4.400 F3819 A373.74932; Connection 
G1 X5.294 Y-0.001 Z4.400 F3819 A373.75337; Infill 
G1 X5.321 Y0.532 Z4.400 F3819 A373.77202; Connection 
G1 X5.239 Y0.614 Z4.400 F3819 A373.77607; Infill 
G1 X5.266 Y1.147 Z4.400 F3819 A373.79472; Connection 
G1 X5.184 Y1.229 Z4.400 F3819 A373.79877; Infill 
; Chunk 44 
; Lower Position  4.4 
; Upper Position  4.6 
; Thickness       0.2 
; Width           0.4 
G1 X5.184 Y1.229 Z4.400 F1500 A372.49877; Retract 
G1 X5.184 Y1.229 Z4.400 F3000; Retract 
G1 X5.184 Y1.229 Z4.600 F1380; Travel Move 
G1 X4.232 Y-7.605 Z4.600 F9000; Travel Move 
G1 X4.232 Y-7.605 Z4.600 F1500 A373.79877; Restart 
G1 X4.668 Y-7.069 Z4.600 F3912 A373.82294; Inset 
G1 X5.022 Y-6.440 Z4.600 F3912 A373.84817; Inset 
G1 X5.243 Y-5.842 Z4.600 F3912 A373.87045; Inset 
G1 X5.381 Y-5.134 Z4.600 F3912 A373.89568; Inset 
G1 X5.396 Y-4.378 Z4.600 F3912 A373.92210; Inset 
G1 X4.856 Y1.690 Z4.600 F3912 A374.13509; Inset 
G1 X5.486 Y1.790 Z4.600 F3912 A374.15737; Inset 
G1 X5.499 Y1.761 Z4.600 F3912 A374.15850; Inset 
G1 X6.263 Y-6.831 Z4.600 F3912 A374.46005; Inset 
G1 X4.232 Y-7.605 Z4.600 F3912 A374.53603; Inset 
G1 X4.232 Y-7.605 Z4.600 F1500 A373.23603; Retract 
G1 X4.232 Y-7.605 Z4.600 F3000; Retract 
G1 X-3.250 Y-10.456 Z4.600 F9000; Travel Move 
M73 P47; Update Progress 
G1 X-3.250 Y-10.456 Z4.600 F1500 A374.53603; Restart 
G1 X-4.096 Y-0.937 Z4.600 F3912 A374.87013; Inset 
G1 X-4.091 Y-0.865 Z4.600 F3912 A374.87266; Inset 
G1 X-3.472 Y-0.619 Z4.600 F3912 A374.89595; Inset 
G1 X-3.055 Y-5.304 Z4.600 F3912 A375.06038; Inset 
G1 X-2.893 Y-5.993 Z4.600 F3912 A375.08514; Inset 
G1 X-2.571 Y-6.732 Z4.600 F3912 A375.11333; Inset 
G1 X-2.169 Y-7.332 Z4.600 F3912 A375.13857; Inset 
G1 X-1.735 Y-7.798 Z4.600 F3912 A375.16084; Inset 
G1 X-1.165 Y-8.242 Z4.600 F3912 A375.18607; Inset 
G1 X-0.529 Y-8.582 Z4.600 F3912 A375.21131; Inset 
G1 X0.156 Y-8.810 Z4.600 F3912 A375.23654; Inset 
G1 X0.808 Y-8.910 Z4.600 F3912 A375.25961; Inset 
G1 X-3.250 Y-10.456 Z4.600 F3912 A375.41143; Inset 
G1 X-3.250 Y-10.456 Z4.600 F1500 A374.11143; Retract 
G1 X-3.250 Y-10.456 Z4.600 F3000; Retract 
G1 X-3.526 Y-11.871 Z4.600 F9000; Travel Move 
G1 X-3.526 Y-11.871 Z4.600 F1500 A375.41143; Restart 
G1 X-4.497 Y-0.941 Z4.600 F3912 A375.79506; Inset 
G1 X-4.485 Y-0.768 Z4.600 F3912 A375.80112; Inset 
G1 X-4.438 Y-0.653 Z4.600 F3912 A375.80547; Inset 
G1 X-4.357 Y-0.558 Z4.600 F3912 A375.80983; Inset 
G1 X-4.214 Y-0.472 Z4.600 F3912 A375.81566; Inset 
G1 X-3.120 Y-0.058 Z4.600 F3912 A375.85655; Inset 
G1 X-2.658 Y-5.253 Z4.600 F3912 A376.03889; Inset 
G1 X-2.508 Y-5.881 Z4.600 F3912 A376.06146; Inset 
G1 X-2.251 Y-6.483 Z4.600 F3912 A376.08433; Inset 
G1 X-1.897 Y-7.032 Z4.600 F3912 A376.10719; Inset 
G1 X-1.454 Y-7.513 Z4.600 F3912 A376.13005; Inset 
G1 X-0.936 Y-7.913 Z4.600 F3912 A376.15291; Inset 
G1 X-0.359 Y-8.220 Z4.600 F3912 A376.17577; Inset 
G1 X0.262 Y-8.424 Z4.600 F3912 A376.19863; Inset 
G1 X0.909 Y-8.520 Z4.600 F3912 A376.22149; Inset 
G1 X1.563 Y-8.506 Z4.600 F3912 A376.24436; Inset 
G1 X2.205 Y-8.381 Z4.600 F3912 A376.26722; Inset 
G1 X2.817 Y-8.150 Z4.600 F3912 A376.29008; Inset 
G1 X3.422 Y-7.789 Z4.600 F3912 A376.31472; Inset 
G1 X3.916 Y-7.360 Z4.600 F3912 A376.33758; Inset 
G1 X4.301 Y-6.896 Z4.600 F3912 A376.35866; Inset 
G1 X4.631 Y-6.332 Z4.600 F3912 A376.38153; Inset 
G1 X4.861 Y-5.720 Z4.600 F3912 A376.40439; Inset 
G1 X4.985 Y-5.077 Z4.600 F3912 A376.42725; Inset 
G1 X4.996 Y-4.403 Z4.600 F3912 A376.45082; Inset 
G1 X4.425 Y2.021 Z4.600 F3912 A376.67630; Inset 
G1 X5.392 Y2.190 Z4.600 F3912 A376.71063; Inset 
G1 X5.555 Y2.190 Z4.600 F3912 A376.71630; Inset 
G1 X5.680 Y2.148 Z4.600 F3912 A376.72090; Inset 
G1 X5.812 Y2.042 Z4.600 F3912 A376.72683; Inset 
G1 X5.896 Y1.813 Z4.600 F3912 A376.73535; Inset 
G1 X6.688 Y-7.097 Z4.600 F3912 A377.04808; Inset 
G1 X-3.034 Y-10.802 Z4.600 F3912 A377.41179; Inset 
G1 X-3.219 Y-10.992 Z4.600 F3912 A377.42107; Inset 
G1 X-3.526 Y-11.871 Z4.600 F3912 A377.45362; Inset 
G1 X-3.526 Y-11.871 Z4.600 F1500 A376.15362; Retract 
G1 X-3.526 Y-11.871 Z4.600 F3000; Retract 
G1 X-3.767 Y-13.433 Z4.600 F9000; Travel Move 
G1 X-3.767 Y-13.433 Z4.600 F1500 A377.45362; Restart 
G1 X-3.812 Y-13.169 Z4.600 F1739 A377.46299; Inset 
G1 X-4.899 Y-0.944 Z4.600 F1739 A377.89203; Inset 
G1 X-4.880 Y-0.676 Z4.600 F1739 A377.90145; Inset 
G1 X-4.783 Y-0.441 Z4.600 F1739 A377.91030; Inset 
G1 X-4.618 Y-0.249 Z4.600 F1739 A377.91916; Inset 
G1 X-4.390 Y-0.111 Z4.600 F1739 A377.92850; Inset 
G1 X-2.768 Y0.503 Z4.600 F1739 A377.98911; Inset 
G1 X-2.261 Y-5.210 Z4.600 F1739 A378.18963; Inset 
G1 X-2.122 Y-5.778 Z4.600 F1739 A378.21005; Inset 
G1 X-1.888 Y-6.315 Z4.600 F1739 A378.23055; Inset 
G1 X-1.567 Y-6.806 Z4.600 F1739 A378.25104; Inset 
G1 X-1.167 Y-7.235 Z4.600 F1739 A378.27153; Inset 
G1 X-0.701 Y-7.590 Z4.600 F1739 A378.29203; Inset 
G1 X-0.181 Y-7.861 Z4.600 F1739 A378.31252; Inset 
G1 X0.377 Y-8.041 Z4.600 F1739 A378.33301; Inset 
G1 X0.957 Y-8.123 Z4.600 F1739 A378.35350; Inset 
G1 X1.543 Y-8.106 Z4.600 F1739 A378.37399; Inset 
G1 X2.118 Y-7.991 Z4.600 F1739 A378.39449; Inset 
G1 X2.665 Y-7.780 Z4.600 F1739 A378.41498; Inset 
G1 X3.168 Y-7.479 Z4.600 F1739 A378.43547; Inset 
G1 X3.613 Y-7.098 Z4.600 F1739 A378.45597; Inset 
G1 X3.988 Y-6.647 Z4.600 F1739 A378.47646; Inset 
G1 X4.280 Y-6.139 Z4.600 F1739 A378.49695; Inset 
G1 X4.483 Y-5.589 Z4.600 F1739 A378.51744; Inset 
G1 X4.590 Y-5.013 Z4.600 F1739 A378.53794; Inset 
G1 X4.598 Y-4.434 Z4.600 F1739 A378.55819; Inset 
G1 X3.994 Y2.352 Z4.600 F1739 A378.79634; Inset 
G1 X5.358 Y2.590 Z4.600 F1739 A378.84475; Inset 
G1 X5.621 Y2.590 Z4.600 F1739 A378.85393; Inset 
G1 X5.870 Y2.506 Z4.600 F1739 A378.86314; Inset 
G1 X6.085 Y2.341 Z4.600 F1739 A378.87261; Inset 
G1 X6.157 Y2.250 Z4.600 F1739 A378.87663; Inset 
G1 X6.270 Y1.995 Z4.600 F1739 A378.88640; Inset 
G1 X6.293 Y1.865 Z4.600 F1739 A378.89101; Inset 
G1 X7.101 Y-7.226 Z4.600 F1739 A379.21008; Inset 
G1 X7.093 Y-7.371 Z4.600 F1739 A379.21517; Inset 
G1 X-2.854 Y-11.162 Z4.600 F1739 A379.58731; Inset 
G1 X-3.651 Y-13.442 Z4.600 F1739 A379.67176; Inset 
G1 X-3.767 Y-13.433 Z4.600 F1739 A379.67582; Inset 
G1 X-3.767 Y-13.433 Z4.600 F1500 A378.37582; Retract 
G1 X-3.767 Y-13.433 Z4.600 F3000; Retract 
G1 X-3.005 Y-9.984 Z4.600 F9000; Travel Move 
G1 X-3.005 Y-9.984 Z4.600 F1500 A379.67582; Restart 
G1 X-1.424 Y-8.403 Z4.600 F3912 A379.75400; Infill 
G1 X-1.739 Y-8.158 Z4.600 F3912 A379.76795; Connection 
G1 X-3.051 Y-9.470 Z4.600 F3912 A379.83282; Infill 
G1 X-3.096 Y-8.956 Z4.600 F3912 A379.85087; Connection 
G1 X-2.036 Y-7.895 Z4.600 F3912 A379.90330; Infill 
G1 X-2.306 Y-7.605 Z4.600 F3912 A379.91716; Connection 
G1 X-3.142 Y-8.442 Z4.600 F3912 A379.95850; Infill 
G1 X-3.188 Y-7.927 Z4.600 F3912 A379.97655; Connection 
G1 X-2.545 Y-7.285 Z4.600 F3912 A380.00831; Infill 
G1 X-2.770 Y-6.949 Z4.600 F3912 A380.02242; Connection 
G1 X-3.233 Y-7.413 Z4.600 F3912 A380.04534; Infill 
G1 X-3.279 Y-6.899 Z4.600 F3912 A380.06339; Connection 
G1 X-2.953 Y-6.572 Z4.600 F3912 A380.07953; Infill 
G1 X-3.325 Y-6.384 Z4.600 F3912 A380.09411; Connection 
G1 X-3.122 Y-6.182 Z4.600 F3912 A380.10412; Infill 
G1 X-3.371 Y-5.870 Z4.600 F3912 A380.11805; Connection 
G1 X-3.245 Y-5.745 Z4.600 F3912 A380.12426; Infill 
G1 X-3.416 Y-5.356 Z4.600 F3912 A380.13911; Connection 
G1 X-3.344 Y-5.284 Z4.600 F3912 A380.14267; Infill 
G1 X-3.462 Y-4.841 Z4.600 F3912 A380.15867; Connection 
G1 X-3.390 Y-4.769 Z4.600 F3912 A380.16223; Infill 
G1 X-3.508 Y-4.327 Z4.600 F3912 A380.17823; Connection 
G1 X-3.436 Y-4.255 Z4.600 F3912 A380.18178; Infill 
G1 X-3.553 Y-3.813 Z4.600 F3912 A380.19779; Connection 
G1 X-3.482 Y-3.741 Z4.600 F3912 A380.20134; Infill 
G1 X-3.599 Y-3.298 Z4.600 F3912 A380.21735; Connection 
G1 X-3.527 Y-3.226 Z4.600 F3912 A380.22090; Infill 
G1 X-3.645 Y-2.784 Z4.600 F3912 A380.23691; Connection 
G1 X-3.573 Y-2.712 Z4.600 F3912 A380.24046; Infill 
G1 X-3.691 Y-2.270 Z4.600 F3912 A380.25647; Connection 
G1 X-3.619 Y-2.198 Z4.600 F3912 A380.26002; Infill 
G1 X-3.736 Y-1.755 Z4.600 F3912 A380.27602; Connection 
G1 X-3.664 Y-1.684 Z4.600 F3912 A380.27958; Infill 
G1 X-3.782 Y-1.241 Z4.600 F3912 A380.29558; Connection 
G1 X-3.710 Y-1.169 Z4.600 F3912 A380.29914; Infill 
G1 X-3.710 Y-1.169 Z4.600 F1500 A378.99914; Retract 
G1 X-3.710 Y-1.169 Z4.600 F3000; Retract 
G1 X-1.075 Y-8.614 Z4.600 F9000; Travel Move 
G1 X-1.075 Y-8.614 Z4.600 F1500 A380.29914; Restart 
G1 X-2.217 Y-9.757 Z4.600 F3912 A380.35562; Infill 
G1 X-1.312 Y-9.412 Z4.600 F3912 A380.38948; Connection 
G1 X-0.710 Y-8.810 Z4.600 F3912 A380.41927; Infill 
G1 X-0.408 Y-9.067 Z4.600 F3912 A380.43315; Connection 
G1 X-0.300 Y-8.960 Z4.600 F3912 A380.43847; Infill 
G1 X-0.300 Y-8.960 Z4.600 F1500 A379.13847; Retract 
G1 X-0.300 Y-8.960 Z4.600 F3000; Retract 
G1 X5.054 Y-6.965 Z4.600 F9000; Travel Move 
G1 X5.054 Y-6.965 Z4.600 F1500 A380.43847; Restart 
G1 X5.911 Y-6.109 Z4.600 F3912 A380.48084; Infill 
G1 X5.506 Y-5.954 Z4.600 F3912 A380.49600; Connection 
G1 X5.866 Y-5.594 Z4.600 F3912 A380.51377; Infill 
G1 X5.650 Y-5.250 Z4.600 F3912 A380.52798; Connection 
G1 X5.820 Y-5.080 Z4.600 F3912 A380.53639; Infill 
G1 X5.676 Y-4.663 Z4.600 F3912 A380.55179; Connection 
G1 X5.774 Y-4.566 Z4.600 F3912 A380.55663; Infill 
G1 X5.660 Y-4.120 Z4.600 F3912 A380.57272; Connection 
G1 X5.728 Y-4.051 Z4.600 F3912 A380.57610; Infill 
G1 X5.614 Y-3.605 Z4.600 F3912 A380.59219; Connection 
G1 X5.683 Y-3.537 Z4.600 F3912 A380.59558; Infill 
G1 X5.568 Y-3.091 Z4.600 F3912 A380.61167; Connection 
G1 X5.637 Y-3.023 Z4.600 F3912 A380.61505; Infill 
G1 X5.523 Y-2.577 Z4.600 F3912 A380.63114; Connection 
G1 X5.591 Y-2.508 Z4.600 F3912 A380.63453; Infill 
G1 X5.477 Y-2.063 Z4.600 F3912 A380.65062; Connection 
G1 X5.546 Y-1.994 Z4.600 F3912 A380.65401; Infill 
G1 X5.431 Y-1.548 Z4.600 F3912 A380.67009; Connection 
G1 X5.500 Y-1.480 Z4.600 F3912 A380.67348; Infill 
G1 X5.386 Y-1.034 Z4.600 F3912 A380.68957; Connection 
G1 X5.454 Y-0.965 Z4.600 F3912 A380.69296; Infill 
G1 X5.340 Y-0.520 Z4.600 F3912 A380.70905; Connection 
G1 X5.408 Y-0.451 Z4.600 F3912 A380.71243; Infill 
G1 X5.294 Y-0.005 Z4.600 F3912 A380.72852; Connection 
G1 X5.363 Y0.063 Z4.600 F3912 A380.73191; Infill 
G1 X5.248 Y0.509 Z4.600 F3912 A380.74800; Connection 
G1 X5.317 Y0.577 Z4.600 F3912 A380.75138; Infill 
G1 X5.203 Y1.023 Z4.600 F3912 A380.76747; Connection 
G1 X5.271 Y1.092 Z4.600 F3912 A380.77086; Infill 
G1 X5.957 Y-6.623 Z4.600 F3912 A381.04163; Connection 
M73 P48; Update Progress 
G1 X5.926 Y-6.653 Z4.600 F3912 A381.04314; Infill 
; Chunk 45 
; Lower Position  4.4 
; Upper Position  4.6 
; Thickness       0.2 
; Width           0.4 
G1 X5.926 Y-6.653 Z4.600 F1500 A379.74314; Retract 
G1 X5.926 Y-6.653 Z4.600 F3000; Retract 
G1 X6.384 Y-8.550 Z4.600 F9000; Travel Move 
G1 X6.384 Y-8.550 Z4.600 F1500 A381.04314; Restart 
G1 X6.384 Y-15.354 Z4.600 F3912 A381.28102; Support 
G1 X4.404 Y-17.363 Z4.600 F6519; Leaky Travel Move 
G1 X4.404 Y-9.456 Z4.600 F3912 A381.55745; Support 
G1 X2.424 Y-10.384 Z4.600 F6519; Leaky Travel Move 
G1 X2.424 Y-17.578 Z4.600 F3912 A381.80896; Support 
G1 X0.444 Y-16.926 Z4.600 F6519; Leaky Travel Move 
G1 X0.444 Y-11.312 Z4.600 F3912 A382.00523; Support 
G1 X-1.536 Y-12.240 Z4.600 F6519; Leaky Travel Move 
G1 X-1.536 Y-16.219 Z4.600 F3912 A382.14435; Support 
G1 X-3.516 Y-15.331 Z4.600 F6519; Leaky Travel Move 
G1 X-3.516 Y-14.596 Z4.600 F3912 A382.17003; Support 
; Chunk 46 
; Lower Position  4.6 
; Upper Position  4.8 
; Thickness       0.2 
; Width           0.4 
G1 X-3.516 Y-14.596 Z4.600 F1500 A380.87003; Retract 
G1 X-3.516 Y-14.596 Z4.600 F3000; Retract 
G1 X-3.516 Y-14.596 Z4.800 F1380; Travel Move 
G1 X-3.516 Y-14.596 Z4.800 F1500 A382.17003; Restart 
G1 X-3.516 Y-15.331 Z4.800 F3819 A382.19571; Support 
G1 X-1.536 Y-16.219 Z4.800 F6365; Leaky Travel Move 
G1 X-1.536 Y-12.240 Z4.800 F3819 A382.33483; Support 
G1 X0.444 Y-11.312 Z4.800 F6365; Leaky Travel Move 
G1 X0.444 Y-16.926 Z4.800 F3819 A382.53109; Support 
G1 X2.424 Y-17.578 Z4.800 F6365; Leaky Travel Move 
G1 X2.424 Y-10.384 Z4.800 F3819 A382.78260; Support 
G1 X4.404 Y-9.456 Z4.800 F6365; Leaky Travel Move 
G1 X4.404 Y-17.363 Z4.800 F3819 A383.05903; Support 
G1 X6.384 Y-15.354 Z4.800 F6365; Leaky Travel Move 
G1 X6.384 Y-8.550 Z4.800 F3819 A383.29692; Support 
; Chunk 47 
; Lower Position  4.6 
; Upper Position  4.8 
; Thickness       0.2 
; Width           0.4 
G1 X6.384 Y-8.550 Z4.800 F1500 A381.99692; Retract 
G1 X6.384 Y-8.550 Z4.800 F3000; Retract 
G1 X4.232 Y-7.605 Z4.800 F9000; Travel Move 
G1 X4.232 Y-7.605 Z4.800 F1500 A383.29692; Restart 
G1 X4.668 Y-7.069 Z4.800 F3819 A383.32108; Inset 
G1 X5.022 Y-6.440 Z4.800 F3819 A383.34632; Inset 
G1 X5.243 Y-5.842 Z4.800 F3819 A383.36859; Inset 
G1 X5.381 Y-5.134 Z4.800 F3819 A383.39383; Inset 
G1 X5.396 Y-4.378 Z4.800 F3819 A383.42025; Inset 
G1 X4.856 Y1.690 Z4.800 F3819 A383.63323; Inset 
G1 X5.486 Y1.790 Z4.800 F3819 A383.65551; Inset 
G1 X5.499 Y1.761 Z4.800 F3819 A383.65664; Inset 
G1 X6.263 Y-6.831 Z4.800 F3819 A383.95820; Inset 
G1 X4.232 Y-7.605 Z4.800 F3819 A384.03417; Inset 
G1 X4.232 Y-7.605 Z4.800 F1500 A382.73417; Retract 
G1 X4.232 Y-7.605 Z4.800 F3000; Retract 
G1 X-3.250 Y-10.456 Z4.800 F9000; Travel Move 
G1 X-3.250 Y-10.456 Z4.800 F1500 A384.03417; Restart 
G1 X-4.096 Y-0.937 Z4.800 F3819 A384.36828; Inset 
G1 X-4.091 Y-0.865 Z4.800 F3819 A384.37080; Inset 
G1 X-3.472 Y-0.619 Z4.800 F3819 A384.39410; Inset 
G1 X-3.055 Y-5.304 Z4.800 F3819 A384.55852; Inset 
G1 X-2.893 Y-5.993 Z4.800 F3819 A384.58328; Inset 
G1 X-2.571 Y-6.732 Z4.800 F3819 A384.61148; Inset 
G1 X-2.169 Y-7.332 Z4.800 F3819 A384.63671; Inset 
G1 X-1.672 Y-7.856 Z4.800 F3819 A384.66195; Inset 
G1 X-1.165 Y-8.242 Z4.800 F3819 A384.68422; Inset 
G1 X-0.529 Y-8.582 Z4.800 F3819 A384.70945; Inset 
G1 X0.156 Y-8.810 Z4.800 F3819 A384.73469; Inset 
G1 X0.808 Y-8.910 Z4.800 F3819 A384.75775; Inset 
G1 X-3.250 Y-10.456 Z4.800 F3819 A384.90958; Inset 
G1 X-3.250 Y-10.456 Z4.800 F1500 A383.60958; Retract 
G1 X-3.250 Y-10.456 Z4.800 F3000; Retract 
G1 X-3.526 Y-11.871 Z4.800 F9000; Travel Move 
G1 X-3.526 Y-11.871 Z4.800 F1500 A384.90958; Restart 
G1 X-4.497 Y-0.941 Z4.800 F3819 A385.29321; Inset 
G1 X-4.485 Y-0.768 Z4.800 F3819 A385.29926; Inset 
G1 X-4.438 Y-0.653 Z4.800 F3819 A385.30362; Inset 
G1 X-4.357 Y-0.558 Z4.800 F3819 A385.30798; Inset 
G1 X-4.214 Y-0.472 Z4.800 F3819 A385.31380; Inset 
G1 X-3.120 Y-0.058 Z4.800 F3819 A385.35469; Inset 
G1 X-2.658 Y-5.253 Z4.800 F3819 A385.53703; Inset 
G1 X-2.508 Y-5.881 Z4.800 F3819 A385.55961; Inset 
G1 X-2.251 Y-6.483 Z4.800 F3819 A385.58247; Inset 
G1 X-1.897 Y-7.032 Z4.800 F3819 A385.60533; Inset 
G1 X-1.454 Y-7.513 Z4.800 F3819 A385.62819; Inset 
G1 X-0.893 Y-7.940 Z4.800 F3819 A385.65283; Inset 
G1 X-0.312 Y-8.239 Z4.800 F3819 A385.67569; Inset 
G1 X0.312 Y-8.435 Z4.800 F3819 A385.69856; Inset 
G1 X0.909 Y-8.520 Z4.800 F3819 A385.71964; Inset 
G1 X1.563 Y-8.506 Z4.800 F3819 A385.74250; Inset 
G1 X2.205 Y-8.381 Z4.800 F3819 A385.76536; Inset 
G1 X2.817 Y-8.150 Z4.800 F3819 A385.78823; Inset 
G1 X3.380 Y-7.818 Z4.800 F3819 A385.81109; Inset 
G1 X3.880 Y-7.396 Z4.800 F3819 A385.83395; Inset 
G1 X4.301 Y-6.896 Z4.800 F3819 A385.85681; Inset 
G1 X4.631 Y-6.332 Z4.800 F3819 A385.87967; Inset 
G1 X4.861 Y-5.720 Z4.800 F3819 A385.90253; Inset 
G1 X4.985 Y-5.077 Z4.800 F3819 A385.92540; Inset 
G1 X4.996 Y-4.403 Z4.800 F3819 A385.94897; Inset 
G1 X4.425 Y2.021 Z4.800 F3819 A386.17445; Inset 
G1 X5.392 Y2.190 Z4.800 F3819 A386.20877; Inset 
G1 X5.555 Y2.190 Z4.800 F3819 A386.21445; Inset 
G1 X5.680 Y2.148 Z4.800 F3819 A386.21905; Inset 
G1 X5.812 Y2.042 Z4.800 F3819 A386.22497; Inset 
G1 X5.896 Y1.813 Z4.800 F3819 A386.23349; Inset 
G1 X6.688 Y-7.097 Z4.800 F3819 A386.54623; Inset 
G1 X-3.034 Y-10.802 Z4.800 F3819 A386.90994; Inset 
G1 X-3.219 Y-10.992 Z4.800 F3819 A386.91922; Inset 
G1 X-3.526 Y-11.871 Z4.800 F3819 A386.95176; Inset 
G1 X-3.526 Y-11.871 Z4.800 F1500 A385.65176; Retract 
G1 X-3.526 Y-11.871 Z4.800 F3000; Retract 
G1 X-3.767 Y-13.433 Z4.800 F9000; Travel Move 
G1 X-3.767 Y-13.433 Z4.800 F1500 A386.95176; Restart 
G1 X-3.812 Y-13.169 Z4.800 F1697 A386.96113; Inset 
G1 X-4.899 Y-0.944 Z4.800 F1697 A387.39017; Inset 
G1 X-4.880 Y-0.676 Z4.800 F1697 A387.39959; Inset 
G1 X-4.783 Y-0.441 Z4.800 F1697 A387.40845; Inset 
G1 X-4.618 Y-0.249 Z4.800 F1697 A387.41730; Inset 
G1 X-4.390 Y-0.111 Z4.800 F1697 A387.42665; Inset 
G1 X-2.768 Y0.503 Z4.800 F1697 A387.48725; Inset 
G1 X-2.261 Y-5.210 Z4.800 F1697 A387.68777; Inset 
G1 X-2.122 Y-5.778 Z4.800 F1697 A387.70820; Inset 
G1 X-1.888 Y-6.315 Z4.800 F1697 A387.72870; Inset 
G1 X-1.567 Y-6.806 Z4.800 F1697 A387.74919; Inset 
G1 X-1.167 Y-7.235 Z4.800 F1697 A387.76968; Inset 
G1 X-0.701 Y-7.590 Z4.800 F1697 A387.79017; Inset 
G1 X-0.181 Y-7.861 Z4.800 F1697 A387.81067; Inset 
G1 X0.377 Y-8.041 Z4.800 F1697 A387.83116; Inset 
G1 X0.957 Y-8.123 Z4.800 F1697 A387.85165; Inset 
G1 X1.543 Y-8.106 Z4.800 F1697 A387.87214; Inset 
G1 X2.118 Y-7.991 Z4.800 F1697 A387.89263; Inset 
G1 X2.665 Y-7.780 Z4.800 F1697 A387.91313; Inset 
G1 X3.168 Y-7.479 Z4.800 F1697 A387.93362; Inset 
G1 X3.613 Y-7.098 Z4.800 F1697 A387.95412; Inset 
G1 X3.988 Y-6.647 Z4.800 F1697 A387.97461; Inset 
G1 X4.280 Y-6.139 Z4.800 F1697 A387.99510; Inset 
G1 X4.483 Y-5.589 Z4.800 F1697 A388.01559; Inset 
M73 P49; Update Progress 
G1 X4.590 Y-5.013 Z4.800 F1697 A388.03608; Inset 
G1 X4.598 Y-4.434 Z4.800 F1697 A388.05634; Inset 
G1 X3.994 Y2.352 Z4.800 F1697 A388.29449; Inset 
G1 X5.358 Y2.590 Z4.800 F1697 A388.34289; Inset 
G1 X5.621 Y2.590 Z4.800 F1697 A388.35207; Inset 
G1 X5.870 Y2.506 Z4.800 F1697 A388.36128; Inset 
G1 X6.085 Y2.341 Z4.800 F1697 A388.37075; Inset 
G1 X6.157 Y2.250 Z4.800 F1697 A388.37478; Inset 
G1 X6.270 Y1.995 Z4.800 F1697 A388.38455; Inset 
G1 X6.293 Y1.865 Z4.800 F1697 A388.38916; Inset 
G1 X7.101 Y-7.226 Z4.800 F1697 A388.70823; Inset 
G1 X7.093 Y-7.371 Z4.800 F1697 A388.71331; Inset 
G1 X-2.854 Y-11.162 Z4.800 F1697 A389.08546; Inset 
G1 X-3.651 Y-13.442 Z4.800 F1697 A389.16991; Inset 
G1 X-3.767 Y-13.433 Z4.800 F1697 A389.17397; Inset 
G1 X-3.767 Y-13.433 Z4.800 F1500 A387.87397; Retract 
G1 X-3.767 Y-13.433 Z4.800 F3000; Retract 
G1 X-2.690 Y-9.937 Z4.800 F9000; Travel Move 
G1 X-2.690 Y-9.937 Z4.800 F1500 A389.17397; Restart 
G1 X-3.040 Y-9.588 Z4.800 F3819 A389.19125; Infill 
G1 X-3.095 Y-8.973 Z4.800 F3819 A389.21283; Connection 
G1 X-2.285 Y-9.783 Z4.800 F3819 A389.25286; Infill 
G1 X-1.879 Y-9.628 Z4.800 F3819 A389.26803; Connection 
G1 X-3.149 Y-8.358 Z4.800 F3819 A389.33082; Infill 
G1 X-3.204 Y-7.744 Z4.800 F3819 A389.35239; Connection 
G1 X-1.474 Y-9.474 Z4.800 F3819 A389.43793; Infill 
G1 X-1.068 Y-9.319 Z4.800 F3819 A389.45310; Connection 
G1 X-3.259 Y-7.129 Z4.800 F3819 A389.56138; Infill 
G1 X-3.313 Y-6.514 Z4.800 F3819 A389.58296; Connection 
G1 X-2.551 Y-7.277 Z4.800 F3819 A389.62067; Infill 
G1 X-3.150 Y-6.117 Z4.800 F3819 A389.66632; Connection 
G1 X-3.368 Y-5.900 Z4.800 F3819 A389.67707; Infill 
G1 X-3.333 Y-5.375 Z4.800 F3819 A389.69545; Connection 
G1 X-3.423 Y-5.285 Z4.800 F3819 A389.69991; Infill 
G1 X-3.391 Y-4.756 Z4.800 F3819 A389.71842; Connection 
G1 X-3.477 Y-4.670 Z4.800 F3819 A389.72267; Infill 
G1 X-3.446 Y-4.142 Z4.800 F3819 A389.74119; Connection 
G1 X-3.532 Y-4.056 Z4.800 F3819 A389.74544; Infill 
G1 X-3.501 Y-3.527 Z4.800 F3819 A389.76396; Connection 
G1 X-3.587 Y-3.441 Z4.800 F3819 A389.76821; Infill 
G1 X-3.555 Y-2.912 Z4.800 F3819 A389.78672; Connection 
G1 X-3.641 Y-2.826 Z4.800 F3819 A389.79097; Infill 
G1 X-3.610 Y-2.298 Z4.800 F3819 A389.80949; Connection 
G1 X-3.696 Y-2.212 Z4.800 F3819 A389.81374; Infill 
G1 X-3.664 Y-1.683 Z4.800 F3819 A389.83225; Connection 
G1 X-3.750 Y-1.597 Z4.800 F3819 A389.83650; Infill 
G1 X-3.719 Y-1.068 Z4.800 F3819 A389.85502; Connection 
G1 X-3.750 Y-1.037 Z4.800 F3819 A389.85655; Infill 
G1 X-3.750 Y-1.037 Z4.800 F1500 A388.55655; Retract 
G1 X-3.750 Y-1.037 Z4.800 F3000; Retract 
G1 X-1.422 Y-8.406 Z4.800 F9000; Travel Move 
G1 X-1.422 Y-8.406 Z4.800 F1500 A389.85655; Restart 
G1 X-0.663 Y-9.165 Z4.800 F3819 A389.89406; Infill 
G1 X-0.312 Y-8.956 Z4.800 F3819 A389.90834; Connection 
G1 X-0.257 Y-9.010 Z4.800 F3819 A389.91103; Infill 
G1 X-0.257 Y-9.010 Z4.800 F1500 A388.61103; Retract 
G1 X-0.257 Y-9.010 Z4.800 F3000; Retract 
G1 X5.229 Y-6.656 Z4.800 F9000; Travel Move 
G1 X5.229 Y-6.656 Z4.800 F1500 A389.91103; Restart 
G1 X5.419 Y-6.847 Z4.800 F3819 A389.92046; Infill 
G1 X5.825 Y-6.692 Z4.800 F3819 A389.93563; Connection 
G1 X5.393 Y-6.260 Z4.800 F3819 A389.95698; Infill 
G1 X5.534 Y-5.841 Z4.800 F3819 A389.97244; Connection 
G1 X5.922 Y-6.229 Z4.800 F3819 A389.99162; Infill 
G1 X5.867 Y-5.614 Z4.800 F3819 A390.01320; Connection 
G1 X5.626 Y-5.373 Z4.800 F3819 A390.02514; Infill 
G1 X5.813 Y-5.000 Z4.800 F3819 A390.03973; Connection 
G1 X5.672 Y-4.859 Z4.800 F3819 A390.04667; Infill 
G1 X5.758 Y-4.385 Z4.800 F3819 A390.06352; Connection 
G1 X5.676 Y-4.303 Z4.800 F3819 A390.06757; Infill 
G1 X5.703 Y-3.770 Z4.800 F3819 A390.08622; Connection 
G1 X5.622 Y-3.689 Z4.800 F3819 A390.09027; Infill 
G1 X5.649 Y-3.156 Z4.800 F3819 A390.10892; Connection 
G1 X5.567 Y-3.074 Z4.800 F3819 A390.11297; Infill 
G1 X5.594 Y-2.541 Z4.800 F3819 A390.13162; Connection 
G1 X5.512 Y-2.459 Z4.800 F3819 A390.13567; Infill 
G1 X5.540 Y-1.926 Z4.800 F3819 A390.15432; Connection 
G1 X5.458 Y-1.845 Z4.800 F3819 A390.15836; Infill 
G1 X5.485 Y-1.312 Z4.800 F3819 A390.17701; Connection 
G1 X5.403 Y-1.230 Z4.800 F3819 A390.18106; Infill 
G1 X5.430 Y-0.697 Z4.800 F3819 A390.19971; Connection 
G1 X5.348 Y-0.615 Z4.800 F3819 A390.20376; Infill 
G1 X5.376 Y-0.082 Z4.800 F3819 A390.22241; Connection 
G1 X5.294 Y-0.001 Z4.800 F3819 A390.22646; Infill 
G1 X5.321 Y0.532 Z4.800 F3819 A390.24511; Connection 
G1 X5.239 Y0.614 Z4.800 F3819 A390.24916; Infill 
G1 X5.266 Y1.147 Z4.800 F3819 A390.26781; Connection 
G1 X5.184 Y1.229 Z4.800 F3819 A390.27186; Infill 
; Chunk 48 
; Lower Position  4.8 
; Upper Position  5 
; Thickness       0.2 
; Width           0.4 
G1 X5.184 Y1.229 Z4.800 F1500 A388.97186; Retract 
G1 X5.184 Y1.229 Z4.800 F3000; Retract 
G1 X5.184 Y1.229 Z5.000 F1380; Travel Move 
G1 X4.232 Y-7.605 Z5.000 F9000; Travel Move 
G1 X4.232 Y-7.605 Z5.000 F1500 A390.27186; Restart 
G1 X4.668 Y-7.069 Z5.000 F3912 A390.29603; Inset 
G1 X5.022 Y-6.440 Z5.000 F3912 A390.32126; Inset 
G1 X5.243 Y-5.842 Z5.000 F3912 A390.34354; Inset 
G1 X5.381 Y-5.134 Z5.000 F3912 A390.36877; Inset 
G1 X5.396 Y-4.378 Z5.000 F3912 A390.39519; Inset 
G1 X4.856 Y1.690 Z5.000 F3912 A390.60818; Inset 
G1 X5.486 Y1.790 Z5.000 F3912 A390.63046; Inset 
G1 X5.499 Y1.761 Z5.000 F3912 A390.63159; Inset 
G1 X6.263 Y-6.831 Z5.000 F3912 A390.93314; Inset 
G1 X4.232 Y-7.605 Z5.000 F3912 A391.00911; Inset 
G1 X4.232 Y-7.605 Z5.000 F1500 A389.70911; Retract 
G1 X4.232 Y-7.605 Z5.000 F3000; Retract 
G1 X-3.250 Y-10.456 Z5.000 F9000; Travel Move 
G1 X-3.250 Y-10.456 Z5.000 F1500 A391.00911; Restart 
G1 X-4.096 Y-0.937 Z5.000 F3912 A391.34322; Inset 
G1 X-4.091 Y-0.865 Z5.000 F3912 A391.34575; Inset 
G1 X-3.472 Y-0.619 Z5.000 F3912 A391.36904; Inset 
G1 X-3.055 Y-5.304 Z5.000 F3912 A391.53347; Inset 
G1 X-2.865 Y-6.073 Z5.000 F3912 A391.56119; Inset 
G1 X-2.571 Y-6.732 Z5.000 F3912 A391.58642; Inset 
G1 X-2.222 Y-7.265 Z5.000 F3912 A391.60869; Inset 
G1 X-1.735 Y-7.798 Z5.000 F3912 A391.63393; Inset 
G1 X-1.165 Y-8.242 Z5.000 F3912 A391.65916; Inset 
G1 X-0.529 Y-8.582 Z5.000 F3912 A391.68440; Inset 
G1 X0.156 Y-8.810 Z5.000 F3912 A391.70963; Inset 
G1 X0.808 Y-8.910 Z5.000 F3912 A391.73270; Inset 
G1 X-3.250 Y-10.456 Z5.000 F3912 A391.88452; Inset 
G1 X-3.250 Y-10.456 Z5.000 F1500 A390.58452; Retract 
G1 X-3.250 Y-10.456 Z5.000 F3000; Retract 
G1 X-3.526 Y-11.871 Z5.000 F9000; Travel Move 
G1 X-3.526 Y-11.871 Z5.000 F1500 A391.88452; Restart 
G1 X-4.497 Y-0.941 Z5.000 F3912 A392.26815; Inset 
G1 X-4.485 Y-0.768 Z5.000 F3912 A392.27421; Inset 
G1 X-4.438 Y-0.653 Z5.000 F3912 A392.27856; Inset 
G1 X-4.357 Y-0.558 Z5.000 F3912 A392.28292; Inset 
G1 X-4.214 Y-0.472 Z5.000 F3912 A392.28875; Inset 
G1 X-3.120 Y-0.058 Z5.000 F3912 A392.32964; Inset 
G1 X-2.658 Y-5.253 Z5.000 F3912 A392.51198; Inset 
G1 X-2.508 Y-5.881 Z5.000 F3912 A392.53455; Inset 
G1 X-2.251 Y-6.483 Z5.000 F3912 A392.55741; Inset 
G1 X-1.897 Y-7.032 Z5.000 F3912 A392.58028; Inset 
G1 X-1.454 Y-7.513 Z5.000 F3912 A392.60314; Inset 
G1 X-0.936 Y-7.913 Z5.000 F3912 A392.62600; Inset 
G1 X-0.359 Y-8.220 Z5.000 F3912 A392.64886; Inset 
G1 X0.262 Y-8.424 Z5.000 F3912 A392.67172; Inset 
G1 X0.909 Y-8.520 Z5.000 F3912 A392.69458; Inset 
G1 X1.563 Y-8.506 Z5.000 F3912 A392.71744; Inset 
G1 X2.205 Y-8.381 Z5.000 F3912 A392.74031; Inset 
G1 X2.817 Y-8.150 Z5.000 F3912 A392.76317; Inset 
G1 X3.380 Y-7.818 Z5.000 F3912 A392.78603; Inset 
G1 X3.880 Y-7.396 Z5.000 F3912 A392.80889; Inset 
G1 X4.301 Y-6.896 Z5.000 F3912 A392.83175; Inset 
G1 X4.631 Y-6.332 Z5.000 F3912 A392.85462; Inset 
G1 X4.861 Y-5.720 Z5.000 F3912 A392.87748; Inset 
G1 X4.985 Y-5.077 Z5.000 F3912 A392.90034; Inset 
G1 X4.996 Y-4.403 Z5.000 F3912 A392.92391; Inset 
G1 X4.425 Y2.021 Z5.000 F3912 A393.14939; Inset 
G1 X5.392 Y2.190 Z5.000 F3912 A393.18372; Inset 
G1 X5.555 Y2.190 Z5.000 F3912 A393.18939; Inset 
G1 X5.680 Y2.148 Z5.000 F3912 A393.19399; Inset 
G1 X5.812 Y2.042 Z5.000 F3912 A393.19992; Inset 
G1 X5.896 Y1.813 Z5.000 F3912 A393.20843; Inset 
G1 X6.688 Y-7.097 Z5.000 F3912 A393.52117; Inset 
G1 X-3.034 Y-10.802 Z5.000 F3912 A393.88488; Inset 
G1 X-3.219 Y-10.992 Z5.000 F3912 A393.89416; Inset 
G1 X-3.526 Y-11.871 Z5.000 F3912 A393.92671; Inset 
G1 X-3.526 Y-11.871 Z5.000 F1500 A392.62671; Retract 
G1 X-3.526 Y-11.871 Z5.000 F3000; Retract 
G1 X-3.767 Y-13.433 Z5.000 F9000; Travel Move 
G1 X-3.767 Y-13.433 Z5.000 F1500 A393.92671; Restart 
G1 X-3.812 Y-13.169 Z5.000 F1738 A393.93608; Inset 
G1 X-4.899 Y-0.944 Z5.000 F1738 A394.36512; Inset 
G1 X-4.880 Y-0.676 Z5.000 F1738 A394.37454; Inset 
G1 X-4.783 Y-0.441 Z5.000 F1738 A394.38339; Inset 
G1 X-4.618 Y-0.249 Z5.000 F1738 A394.39225; Inset 
G1 X-4.390 Y-0.111 Z5.000 F1738 A394.40159; Inset 
G1 X-2.768 Y0.503 Z5.000 F1738 A394.46219; Inset 
G1 X-2.261 Y-5.210 Z5.000 F1738 A394.66272; Inset 
M73 P50; Update Progress 
G1 X-2.122 Y-5.778 Z5.000 F1738 A394.68314; Inset 
G1 X-1.888 Y-6.315 Z5.000 F1738 A394.70364; Inset 
G1 X-1.567 Y-6.806 Z5.000 F1738 A394.72413; Inset 
G1 X-1.167 Y-7.235 Z5.000 F1738 A394.74462; Inset 
G1 X-0.701 Y-7.590 Z5.000 F1738 A394.76511; Inset 
G1 X-0.181 Y-7.861 Z5.000 F1738 A394.78561; Inset 
G1 X0.377 Y-8.041 Z5.000 F1738 A394.80610; Inset 
G1 X0.957 Y-8.123 Z5.000 F1738 A394.82659; Inset 
G1 X1.543 Y-8.106 Z5.000 F1738 A394.84708; Inset 
G1 X2.118 Y-7.991 Z5.000 F1738 A394.86758; Inset 
G1 X2.665 Y-7.780 Z5.000 F1738 A394.88807; Inset 
G1 X3.168 Y-7.479 Z5.000 F1738 A394.90856; Inset 
G1 X3.613 Y-7.098 Z5.000 F1738 A394.92906; Inset 
G1 X3.988 Y-6.647 Z5.000 F1738 A394.94955; Inset 
G1 X4.280 Y-6.139 Z5.000 F1738 A394.97004; Inset 
G1 X4.483 Y-5.589 Z5.000 F1738 A394.99053; Inset 
G1 X4.590 Y-5.013 Z5.000 F1738 A395.01102; Inset 
G1 X4.598 Y-4.434 Z5.000 F1738 A395.03128; Inset 
G1 X3.994 Y2.352 Z5.000 F1738 A395.26943; Inset 
G1 X5.358 Y2.590 Z5.000 F1738 A395.31783; Inset 
G1 X5.621 Y2.590 Z5.000 F1738 A395.32702; Inset 
G1 X5.870 Y2.506 Z5.000 F1738 A395.33622; Inset 
G1 X6.085 Y2.341 Z5.000 F1738 A395.34569; Inset 
G1 X6.157 Y2.250 Z5.000 F1738 A395.34972; Inset 
G1 X6.270 Y1.995 Z5.000 F1738 A395.35949; Inset 
G1 X6.293 Y1.865 Z5.000 F1738 A395.36410; Inset 
G1 X7.101 Y-7.226 Z5.000 F1738 A395.68317; Inset 
G1 X7.093 Y-7.371 Z5.000 F1738 A395.68826; Inset 
G1 X-2.854 Y-11.162 Z5.000 F1738 A396.06040; Inset 
G1 X-3.651 Y-13.442 Z5.000 F1738 A396.14485; Inset 
G1 X-3.767 Y-13.433 Z5.000 F1738 A396.14891; Inset 
G1 X-3.767 Y-13.433 Z5.000 F1500 A394.84891; Retract 
G1 X-3.767 Y-13.433 Z5.000 F3000; Retract 
G1 X-3.005 Y-9.984 Z5.000 F9000; Travel Move 
G1 X-3.005 Y-9.984 Z5.000 F1500 A396.14891; Restart 
G1 X-1.424 Y-8.403 Z5.000 F3912 A396.22709; Infill 
G1 X-1.739 Y-8.158 Z5.000 F3912 A396.24104; Connection 
G1 X-3.051 Y-9.470 Z5.000 F3912 A396.30591; Infill 
G1 X-3.096 Y-8.956 Z5.000 F3912 A396.32396; Connection 
G1 X-2.035 Y-7.894 Z5.000 F3912 A396.37644; Infill 
G1 X-2.302 Y-7.602 Z5.000 F3912 A396.39030; Connection 
G1 X-3.142 Y-8.441 Z5.000 F3912 A396.43182; Infill 
G1 X-3.188 Y-7.927 Z5.000 F3912 A396.44987; Connection 
G1 X-2.549 Y-7.288 Z5.000 F3912 A396.48146; Infill 
G1 X-2.770 Y-6.950 Z5.000 F3912 A396.49560; Connection 
G1 X-3.233 Y-7.413 Z5.000 F3912 A396.51849; Infill 
G1 X-3.279 Y-6.899 Z5.000 F3912 A396.53654; Connection 
G1 X-2.955 Y-6.574 Z5.000 F3912 A396.55257; Infill 
G1 X-3.325 Y-6.384 Z5.000 F3912 A396.56712; Connection 
G1 X-3.128 Y-6.187 Z5.000 F3912 A396.57686; Infill 
G1 X-3.371 Y-5.870 Z5.000 F3912 A396.59082; Connection 
G1 X-3.242 Y-5.741 Z5.000 F3912 A396.59718; Infill 
G1 X-3.416 Y-5.356 Z5.000 F3912 A396.61198; Connection 
G1 X-3.344 Y-5.284 Z5.000 F3912 A396.61554; Infill 
G1 X-3.462 Y-4.841 Z5.000 F3912 A396.63154; Connection 
G1 X-3.390 Y-4.769 Z5.000 F3912 A396.63509; Infill 
G1 X-3.508 Y-4.327 Z5.000 F3912 A396.65110; Connection 
G1 X-3.436 Y-4.255 Z5.000 F3912 A396.65465; Infill 
G1 X-3.553 Y-3.813 Z5.000 F3912 A396.67066; Connection 
G1 X-3.482 Y-3.741 Z5.000 F3912 A396.67421; Infill 
G1 X-3.599 Y-3.298 Z5.000 F3912 A396.69022; Connection 
G1 X-3.527 Y-3.226 Z5.000 F3912 A396.69377; Infill 
G1 X-3.645 Y-2.784 Z5.000 F3912 A396.70978; Connection 
G1 X-3.573 Y-2.712 Z5.000 F3912 A396.71333; Infill 
G1 X-3.691 Y-2.270 Z5.000 F3912 A396.72934; Connection 
G1 X-3.619 Y-2.198 Z5.000 F3912 A396.73289; Infill 
G1 X-3.736 Y-1.755 Z5.000 F3912 A396.74889; Connection 
G1 X-3.664 Y-1.684 Z5.000 F3912 A396.75245; Infill 
G1 X-3.782 Y-1.241 Z5.000 F3912 A396.76845; Connection 
G1 X-3.710 Y-1.169 Z5.000 F3912 A396.77201; Infill 
G1 X-3.710 Y-1.169 Z5.000 F1500 A395.47201; Retract 
G1 X-3.710 Y-1.169 Z5.000 F3000; Retract 
G1 X-1.075 Y-8.614 Z5.000 F9000; Travel Move 
G1 X-1.075 Y-8.614 Z5.000 F1500 A396.77201; Restart 
G1 X-2.217 Y-9.757 Z5.000 F3912 A396.82850; Infill 
G1 X-1.312 Y-9.412 Z5.000 F3912 A396.86235; Connection 
G1 X-0.710 Y-8.810 Z5.000 F3912 A396.89214; Infill 
G1 X-0.408 Y-9.067 Z5.000 F3912 A396.90602; Connection 
G1 X-0.300 Y-8.960 Z5.000 F3912 A396.91134; Infill 
G1 X-0.300 Y-8.960 Z5.000 F1500 A395.61134; Retract 
G1 X-0.300 Y-8.960 Z5.000 F3000; Retract 
G1 X5.054 Y-6.965 Z5.000 F9000; Travel Move 
G1 X5.054 Y-6.965 Z5.000 F1500 A396.91134; Restart 
G1 X5.911 Y-6.109 Z5.000 F3912 A396.95371; Infill 
G1 X5.506 Y-5.954 Z5.000 F3912 A396.96887; Connection 
G1 X5.866 Y-5.594 Z5.000 F3912 A396.98665; Infill 
G1 X5.650 Y-5.250 Z5.000 F3912 A397.00085; Connection 
G1 X5.820 Y-5.080 Z5.000 F3912 A397.00926; Infill 
G1 X5.676 Y-4.663 Z5.000 F3912 A397.02466; Connection 
G1 X5.774 Y-4.566 Z5.000 F3912 A397.02950; Infill 
G1 X5.660 Y-4.120 Z5.000 F3912 A397.04559; Connection 
G1 X5.728 Y-4.051 Z5.000 F3912 A397.04898; Infill 
G1 X5.614 Y-3.605 Z5.000 F3912 A397.06506; Connection 
G1 X5.683 Y-3.537 Z5.000 F3912 A397.06845; Infill 
G1 X5.568 Y-3.091 Z5.000 F3912 A397.08454; Connection 
G1 X5.637 Y-3.023 Z5.000 F3912 A397.08793; Infill 
G1 X5.523 Y-2.577 Z5.000 F3912 A397.10402; Connection 
G1 X5.591 Y-2.508 Z5.000 F3912 A397.10740; Infill 
G1 X5.477 Y-2.063 Z5.000 F3912 A397.12349; Connection 
G1 X5.546 Y-1.994 Z5.000 F3912 A397.12688; Infill 
G1 X5.431 Y-1.548 Z5.000 F3912 A397.14297; Connection 
G1 X5.500 Y-1.480 Z5.000 F3912 A397.14636; Infill 
G1 X5.386 Y-1.034 Z5.000 F3912 A397.16245; Connection 
G1 X5.454 Y-0.965 Z5.000 F3912 A397.16583; Infill 
G1 X5.340 Y-0.520 Z5.000 F3912 A397.18192; Connection 
G1 X5.408 Y-0.451 Z5.000 F3912 A397.18531; Infill 
G1 X5.294 Y-0.005 Z5.000 F3912 A397.20140; Connection 
G1 X5.363 Y0.063 Z5.000 F3912 A397.20479; Infill 
G1 X5.248 Y0.509 Z5.000 F3912 A397.22087; Connection 
G1 X5.317 Y0.578 Z5.000 F3912 A397.22426; Infill 
G1 X5.203 Y1.023 Z5.000 F3912 A397.24035; Connection 
G1 X5.271 Y1.092 Z5.000 F3912 A397.24374; Infill 
G1 X5.957 Y-6.623 Z5.000 F3912 A397.51450; Connection 
G1 X5.926 Y-6.653 Z5.000 F3912 A397.51602; Infill 
; Chunk 49 
; Lower Position  4.8 
; Upper Position  5 
; Thickness       0.2 
; Width           0.4 
G1 X5.926 Y-6.653 Z5.000 F1500 A396.21602; Retract 
G1 X5.926 Y-6.653 Z5.000 F3000; Retract 
G1 X6.384 Y-8.550 Z5.000 F9000; Travel Move 
G1 X6.384 Y-8.550 Z5.000 F1500 A397.51602; Restart 
G1 X6.384 Y-15.354 Z5.000 F3912 A397.75390; Support 
G1 X4.404 Y-17.363 Z5.000 F6519; Leaky Travel Move 
G1 X4.404 Y-9.456 Z5.000 F3912 A398.03033; Support 
G1 X2.424 Y-10.384 Z5.000 F6519; Leaky Travel Move 
G1 X2.424 Y-17.578 Z5.000 F3912 A398.28184; Support 
G1 X0.444 Y-16.926 Z5.000 F6519; Leaky Travel Move 
G1 X0.444 Y-11.312 Z5.000 F3912 A398.47811; Support 
G1 X-1.536 Y-12.240 Z5.000 F6519; Leaky Travel Move 
G1 X-1.536 Y-16.219 Z5.000 F3912 A398.61722; Support 
G1 X-3.516 Y-15.331 Z5.000 F6519; Leaky Travel Move 
G1 X-3.516 Y-14.596 Z5.000 F3912 A398.64291; Support 
; Chunk 50 
; Lower Position  5 
; Upper Position  5.2 
; Thickness       0.2 
; Width           0.4 
G1 X-3.516 Y-14.596 Z5.000 F1500 A397.34291; Retract 
G1 X-3.516 Y-14.596 Z5.000 F3000; Retract 
G1 X-3.516 Y-14.596 Z5.200 F1380; Travel Move 
G1 X-3.516 Y-14.596 Z5.200 F1500 A398.64291; Restart 
G1 X-3.516 Y-15.331 Z5.200 F3819 A398.66859; Support 
G1 X-1.536 Y-16.219 Z5.200 F6365; Leaky Travel Move 
G1 X-1.536 Y-12.240 Z5.200 F3819 A398.80770; Support 
G1 X0.444 Y-11.312 Z5.200 F6365; Leaky Travel Move 
G1 X0.444 Y-16.926 Z5.200 F3819 A399.00397; Support 
G1 X2.424 Y-17.578 Z5.200 F6365; Leaky Travel Move 
G1 X2.424 Y-10.384 Z5.200 F3819 A399.25548; Support 
G1 X4.404 Y-9.456 Z5.200 F6365; Leaky Travel Move 
G1 X4.404 Y-17.363 Z5.200 F3819 A399.53191; Support 
G1 X6.384 Y-15.354 Z5.200 F6365; Leaky Travel Move 
G1 X6.384 Y-8.550 Z5.200 F3819 A399.76979; Support 
; Chunk 51 
; Lower Position  5 
; Upper Position  5.2 
; Thickness       0.2 
; Width           0.4 
G1 X6.384 Y-8.550 Z5.200 F1500 A398.46979; Retract 
G1 X6.384 Y-8.550 Z5.200 F3000; Retract 
G1 X4.232 Y-7.605 Z5.200 F9000; Travel Move 
G1 X4.232 Y-7.605 Z5.200 F1500 A399.76979; Restart 
G1 X4.668 Y-7.069 Z5.200 F3819 A399.79396; Inset 
G1 X5.022 Y-6.440 Z5.200 F3819 A399.81920; Inset 
G1 X5.265 Y-5.760 Z5.200 F3819 A399.84443; Inset 
G1 X5.389 Y-5.049 Z5.200 F3819 A399.86967; Inset 
G1 X5.396 Y-4.378 Z5.200 F3819 A399.89313; Inset 
G1 X4.856 Y1.690 Z5.200 F3819 A400.10611; Inset 
G1 X5.486 Y1.790 Z5.200 F3819 A400.12839; Inset 
G1 X5.499 Y1.761 Z5.200 F3819 A400.12952; Inset 
G1 X6.263 Y-6.831 Z5.200 F3819 A400.43108; Inset 
G1 X4.232 Y-7.605 Z5.200 F3819 A400.50705; Inset 
G1 X4.232 Y-7.605 Z5.200 F1500 A399.20705; Retract 
G1 X4.232 Y-7.605 Z5.200 F3000; Retract 
G1 X-3.250 Y-10.456 Z5.200 F9000; Travel Move 
G1 X-3.250 Y-10.456 Z5.200 F1500 A400.50705; Restart 
G1 X-4.096 Y-0.937 Z5.200 F3819 A400.84115; Inset 
G1 X-4.091 Y-0.865 Z5.200 F3819 A400.84368; Inset 
G1 X-3.472 Y-0.619 Z5.200 F3819 A400.86698; Inset 
G1 X-3.055 Y-5.304 Z5.200 F3819 A401.03140; Inset 
M73 P51; Update Progress 
G1 X-2.893 Y-5.993 Z5.200 F3819 A401.05616; Inset 
G1 X-2.611 Y-6.658 Z5.200 F3819 A401.08140; Inset 
G1 X-2.222 Y-7.265 Z5.200 F3819 A401.10663; Inset 
G1 X-1.735 Y-7.798 Z5.200 F3819 A401.13187; Inset 
G1 X-1.165 Y-8.242 Z5.200 F3819 A401.15710; Inset 
G1 X-0.529 Y-8.582 Z5.200 F3819 A401.18234; Inset 
G1 X0.156 Y-8.810 Z5.200 F3819 A401.20757; Inset 
G1 X0.808 Y-8.910 Z5.200 F3819 A401.23063; Inset 
G1 X-3.250 Y-10.456 Z5.200 F3819 A401.38246; Inset 
G1 X-3.250 Y-10.456 Z5.200 F1500 A400.08246; Retract 
G1 X-3.250 Y-10.456 Z5.200 F3000; Retract 
G1 X-3.526 Y-11.871 Z5.200 F9000; Travel Move 
G1 X-3.526 Y-11.871 Z5.200 F1500 A401.38246; Restart 
G1 X-4.497 Y-0.941 Z5.200 F3819 A401.76609; Inset 
G1 X-4.485 Y-0.768 Z5.200 F3819 A401.77215; Inset 
G1 X-4.438 Y-0.653 Z5.200 F3819 A401.77650; Inset 
G1 X-4.357 Y-0.558 Z5.200 F3819 A401.78086; Inset 
G1 X-4.214 Y-0.472 Z5.200 F3819 A401.78668; Inset 
G1 X-3.120 Y-0.058 Z5.200 F3819 A401.82757; Inset 
G1 X-2.658 Y-5.253 Z5.200 F3819 A402.00992; Inset 
G1 X-2.508 Y-5.881 Z5.200 F3819 A402.03249; Inset 
G1 X-2.251 Y-6.483 Z5.200 F3819 A402.05535; Inset 
G1 X-1.897 Y-7.032 Z5.200 F3819 A402.07821; Inset 
G1 X-1.454 Y-7.513 Z5.200 F3819 A402.10108; Inset 
G1 X-0.936 Y-7.913 Z5.200 F3819 A402.12394; Inset 
G1 X-0.359 Y-8.220 Z5.200 F3819 A402.14680; Inset 
G1 X0.262 Y-8.424 Z5.200 F3819 A402.16966; Inset 
G1 X0.909 Y-8.520 Z5.200 F3819 A402.19252; Inset 
G1 X1.563 Y-8.506 Z5.200 F3819 A402.21538; Inset 
G1 X2.205 Y-8.381 Z5.200 F3819 A402.23825; Inset 
G1 X2.817 Y-8.150 Z5.200 F3819 A402.26111; Inset 
G1 X3.380 Y-7.818 Z5.200 F3819 A402.28397; Inset 
G1 X3.880 Y-7.396 Z5.200 F3819 A402.30683; Inset 
G1 X4.301 Y-6.896 Z5.200 F3819 A402.32969; Inset 
G1 X4.631 Y-6.332 Z5.200 F3819 A402.35255; Inset 
G1 X4.875 Y-5.670 Z5.200 F3819 A402.37719; Inset 
G1 X4.990 Y-5.027 Z5.200 F3819 A402.40005; Inset 
G1 X4.996 Y-4.403 Z5.200 F3819 A402.42185; Inset 
G1 X4.425 Y2.021 Z5.200 F3819 A402.64733; Inset 
G1 X5.392 Y2.190 Z5.200 F3819 A402.68165; Inset 
G1 X5.555 Y2.190 Z5.200 F3819 A402.68733; Inset 
G1 X5.680 Y2.148 Z5.200 F3819 A402.69193; Inset 
G1 X5.812 Y2.042 Z5.200 F3819 A402.69786; Inset 
G1 X5.896 Y1.813 Z5.200 F3819 A402.70637; Inset 
G1 X6.688 Y-7.097 Z5.200 F3819 A403.01911; Inset 
G1 X-3.034 Y-10.802 Z5.200 F3819 A403.38282; Inset 
G1 X-3.219 Y-10.992 Z5.200 F3819 A403.39210; Inset 
G1 X-3.526 Y-11.871 Z5.200 F3819 A403.42464; Inset 
G1 X-3.526 Y-11.871 Z5.200 F1500 A402.12464; Retract 
G1 X-3.526 Y-11.871 Z5.200 F3000; Retract 
G1 X-3.767 Y-13.433 Z5.200 F9000; Travel Move 
G1 X-3.767 Y-13.433 Z5.200 F1500 A403.42464; Restart 
G1 X-3.812 Y-13.169 Z5.200 F1697 A403.43401; Inset 
G1 X-4.899 Y-0.944 Z5.200 F1697 A403.86305; Inset 
G1 X-4.880 Y-0.676 Z5.200 F1697 A403.87247; Inset 
G1 X-4.783 Y-0.441 Z5.200 F1697 A403.88133; Inset 
G1 X-4.618 Y-0.249 Z5.200 F1697 A403.89018; Inset 
G1 X-4.390 Y-0.111 Z5.200 F1697 A403.89953; Inset 
G1 X-2.768 Y0.503 Z5.200 F1697 A403.96013; Inset 
G1 X-2.261 Y-5.210 Z5.200 F1697 A404.16065; Inset 
G1 X-2.122 Y-5.778 Z5.200 F1697 A404.18108; Inset 
G1 X-1.888 Y-6.315 Z5.200 F1697 A404.20158; Inset 
G1 X-1.567 Y-6.806 Z5.200 F1697 A404.22207; Inset 
G1 X-1.167 Y-7.235 Z5.200 F1697 A404.24256; Inset 
G1 X-0.701 Y-7.590 Z5.200 F1697 A404.26305; Inset 
G1 X-0.181 Y-7.861 Z5.200 F1697 A404.28354; Inset 
G1 X0.377 Y-8.041 Z5.200 F1697 A404.30404; Inset 
G1 X0.957 Y-8.123 Z5.200 F1697 A404.32453; Inset 
G1 X1.543 Y-8.106 Z5.200 F1697 A404.34502; Inset 
G1 X2.118 Y-7.991 Z5.200 F1697 A404.36551; Inset 
G1 X2.665 Y-7.780 Z5.200 F1697 A404.38601; Inset 
G1 X3.168 Y-7.479 Z5.200 F1697 A404.40650; Inset 
G1 X3.613 Y-7.098 Z5.200 F1697 A404.42699; Inset 
G1 X3.988 Y-6.647 Z5.200 F1697 A404.44749; Inset 
G1 X4.280 Y-6.139 Z5.200 F1697 A404.46798; Inset 
G1 X4.483 Y-5.589 Z5.200 F1697 A404.48847; Inset 
G1 X4.590 Y-5.013 Z5.200 F1697 A404.50896; Inset 
G1 X4.598 Y-4.434 Z5.200 F1697 A404.52922; Inset 
G1 X3.994 Y2.352 Z5.200 F1697 A404.76737; Inset 
G1 X5.358 Y2.590 Z5.200 F1697 A404.81577; Inset 
G1 X5.621 Y2.590 Z5.200 F1697 A404.82495; Inset 
G1 X5.870 Y2.506 Z5.200 F1697 A404.83416; Inset 
G1 X6.085 Y2.341 Z5.200 F1697 A404.84363; Inset 
G1 X6.157 Y2.250 Z5.200 F1697 A404.84766; Inset 
G1 X6.270 Y1.995 Z5.200 F1697 A404.85743; Inset 
G1 X6.293 Y1.865 Z5.200 F1697 A404.86204; Inset 
G1 X7.101 Y-7.226 Z5.200 F1697 A405.18111; Inset 
G1 X7.093 Y-7.371 Z5.200 F1697 A405.18619; Inset 
G1 X-2.854 Y-11.162 Z5.200 F1697 A405.55834; Inset 
G1 X-3.651 Y-13.442 Z5.200 F1697 A405.64278; Inset 
G1 X-3.767 Y-13.433 Z5.200 F1697 A405.64684; Inset 
G1 X-3.767 Y-13.433 Z5.200 F1500 A404.34684; Retract 
G1 X-3.767 Y-13.433 Z5.200 F3000; Retract 
G1 X-2.690 Y-9.937 Z5.200 F9000; Travel Move 
G1 X-2.690 Y-9.937 Z5.200 F1500 A405.64684; Restart 
G1 X-3.040 Y-9.588 Z5.200 F3819 A405.66413; Infill 
G1 X-3.095 Y-8.973 Z5.200 F3819 A405.68570; Connection 
G1 X-2.285 Y-9.783 Z5.200 F3819 A405.72574; Infill 
G1 X-1.879 Y-9.628 Z5.200 F3819 A405.74091; Connection 
G1 X-3.149 Y-8.358 Z5.200 F3819 A405.80369; Infill 
G1 X-3.204 Y-7.744 Z5.200 F3819 A405.82527; Connection 
G1 X-1.474 Y-9.474 Z5.200 F3819 A405.91080; Infill 
G1 X-1.068 Y-9.319 Z5.200 F3819 A405.92597; Connection 
G1 X-3.259 Y-7.129 Z5.200 F3819 A406.03426; Infill 
G1 X-3.313 Y-6.514 Z5.200 F3819 A406.05583; Connection 
G1 X-2.560 Y-7.267 Z5.200 F3819 A406.09306; Infill 
G1 X-3.151 Y-6.117 Z5.200 F3819 A406.13825; Connection 
G1 X-3.368 Y-5.900 Z5.200 F3819 A406.14900; Infill 
G1 X-3.332 Y-5.375 Z5.200 F3819 A406.16738; Connection 
G1 X-3.423 Y-5.285 Z5.200 F3819 A406.17183; Infill 
G1 X-3.391 Y-4.756 Z5.200 F3819 A406.19035; Connection 
G1 X-3.477 Y-4.670 Z5.200 F3819 A406.19460; Infill 
G1 X-3.446 Y-4.142 Z5.200 F3819 A406.21312; Connection 
G1 X-3.532 Y-4.056 Z5.200 F3819 A406.21737; Infill 
G1 X-3.501 Y-3.527 Z5.200 F3819 A406.23588; Connection 
G1 X-3.586 Y-3.441 Z5.200 F3819 A406.24013; Infill 
G1 X-3.555 Y-2.912 Z5.200 F3819 A406.25865; Connection 
G1 X-3.641 Y-2.826 Z5.200 F3819 A406.26290; Infill 
G1 X-3.610 Y-2.298 Z5.200 F3819 A406.28141; Connection 
G1 X-3.696 Y-2.212 Z5.200 F3819 A406.28566; Infill 
G1 X-3.664 Y-1.683 Z5.200 F3819 A406.30418; Connection 
G1 X-3.750 Y-1.597 Z5.200 F3819 A406.30843; Infill 
G1 X-3.719 Y-1.068 Z5.200 F3819 A406.32695; Connection 
G1 X-3.750 Y-1.037 Z5.200 F3819 A406.32847; Infill 
G1 X-3.750 Y-1.037 Z5.200 F1500 A405.02847; Retract 
G1 X-3.750 Y-1.037 Z5.200 F3000; Retract 
G1 X-1.428 Y-8.400 Z5.200 F9000; Travel Move 
G1 X-1.428 Y-8.400 Z5.200 F1500 A406.32847; Restart 
G1 X-0.663 Y-9.165 Z5.200 F3819 A406.36628; Infill 
G1 X-0.312 Y-8.956 Z5.200 F3819 A406.38056; Connection 
G1 X-0.257 Y-9.010 Z5.200 F3819 A406.38325; Infill 
G1 X-0.257 Y-9.010 Z5.200 F1500 A405.08325; Retract 
G1 X-0.257 Y-9.010 Z5.200 F3000; Retract 
G1 X5.229 Y-6.656 Z5.200 F9000; Travel Move 
G1 X5.229 Y-6.656 Z5.200 F1500 A406.38325; Restart 
G1 X5.419 Y-6.847 Z5.200 F3819 A406.39268; Infill 
G1 X5.825 Y-6.692 Z5.200 F3819 A406.40785; Connection 
G1 X5.391 Y-6.258 Z5.200 F3819 A406.42932; Infill 
G1 X5.538 Y-5.845 Z5.200 F3819 A406.44463; Connection 
G1 X5.922 Y-6.229 Z5.200 F3819 A406.46361; Infill 
G1 X5.867 Y-5.614 Z5.200 F3819 A406.48518; Connection 
G1 X5.624 Y-5.371 Z5.200 F3819 A406.49724; Infill 
G1 X5.813 Y-5.000 Z5.200 F3819 A406.51179; Connection 
G1 X5.677 Y-4.864 Z5.200 F3819 A406.51850; Infill 
G1 X5.758 Y-4.385 Z5.200 F3819 A406.53548; Connection 
G1 X5.676 Y-4.303 Z5.200 F3819 A406.53953; Infill 
G1 X5.703 Y-3.770 Z5.200 F3819 A406.55818; Connection 
G1 X5.622 Y-3.689 Z5.200 F3819 A406.56223; Infill 
G1 X5.649 Y-3.156 Z5.200 F3819 A406.58088; Connection 
G1 X5.567 Y-3.074 Z5.200 F3819 A406.58493; Infill 
G1 X5.594 Y-2.541 Z5.200 F3819 A406.60358; Connection 
G1 X5.512 Y-2.459 Z5.200 F3819 A406.60763; Infill 
G1 X5.540 Y-1.926 Z5.200 F3819 A406.62628; Connection 
G1 X5.458 Y-1.845 Z5.200 F3819 A406.63033; Infill 
G1 X5.485 Y-1.312 Z5.200 F3819 A406.64898; Connection 
G1 X5.403 Y-1.230 Z5.200 F3819 A406.65303; Infill 
G1 X5.430 Y-0.697 Z5.200 F3819 A406.67168; Connection 
G1 X5.348 Y-0.615 Z5.200 F3819 A406.67572; Infill 
G1 X5.376 Y-0.082 Z5.200 F3819 A406.69437; Connection 
G1 X5.294 Y-0.001 Z5.200 F3819 A406.69842; Infill 
G1 X5.321 Y0.532 Z5.200 F3819 A406.71707; Connection 
G1 X5.239 Y0.614 Z5.200 F3819 A406.72112; Infill 
G1 X5.266 Y1.147 Z5.200 F3819 A406.73977; Connection 
G1 X5.184 Y1.229 Z5.200 F3819 A406.74382; Infill 
; Chunk 52 
; Lower Position  5.2 
; Upper Position  5.4 
; Thickness       0.2 
; Width           0.4 
G1 X5.184 Y1.229 Z5.200 F1500 A405.44382; Retract 
G1 X5.184 Y1.229 Z5.200 F3000; Retract 
G1 X5.184 Y1.229 Z5.400 F1380; Travel Move 
G1 X4.232 Y-7.605 Z5.400 F9000; Travel Move 
G1 X4.232 Y-7.605 Z5.400 F1500 A406.74382; Restart 
G1 X4.668 Y-7.069 Z5.400 F3912 A406.76799; Inset 
G1 X5.022 Y-6.440 Z5.400 F3912 A406.79322; Inset 
G1 X5.265 Y-5.760 Z5.400 F3912 A406.81846; Inset 
G1 X5.389 Y-5.049 Z5.400 F3912 A406.84369; Inset 
G1 X5.396 Y-4.378 Z5.400 F3912 A406.86715; Inset 
G1 X4.856 Y1.690 Z5.400 F3912 A407.08014; Inset 
M73 P52; Update Progress 
G1 X5.486 Y1.790 Z5.400 F3912 A407.10242; Inset 
G1 X5.499 Y1.761 Z5.400 F3912 A407.10355; Inset 
G1 X6.263 Y-6.831 Z5.400 F3912 A407.40511; Inset 
G1 X4.232 Y-7.605 Z5.400 F3912 A407.48108; Inset 
G1 X4.232 Y-7.605 Z5.400 F1500 A406.18108; Retract 
G1 X4.232 Y-7.605 Z5.400 F3000; Retract 
G1 X-3.250 Y-10.456 Z5.400 F9000; Travel Move 
G1 X-3.250 Y-10.456 Z5.400 F1500 A407.48108; Restart 
G1 X-4.096 Y-0.937 Z5.400 F3912 A407.81518; Inset 
G1 X-4.091 Y-0.865 Z5.400 F3912 A407.81771; Inset 
G1 X-3.472 Y-0.619 Z5.400 F3912 A407.84100; Inset 
G1 X-3.055 Y-5.304 Z5.400 F3912 A408.00543; Inset 
G1 X-2.893 Y-5.993 Z5.400 F3912 A408.03019; Inset 
G1 X-2.611 Y-6.658 Z5.400 F3912 A408.05542; Inset 
G1 X-2.222 Y-7.265 Z5.400 F3912 A408.08066; Inset 
G1 X-1.735 Y-7.798 Z5.400 F3912 A408.10589; Inset 
G1 X-1.165 Y-8.242 Z5.400 F3912 A408.13113; Inset 
G1 X-0.529 Y-8.582 Z5.400 F3912 A408.15636; Inset 
G1 X0.156 Y-8.810 Z5.400 F3912 A408.18160; Inset 
G1 X0.808 Y-8.910 Z5.400 F3912 A408.20466; Inset 
G1 X-3.250 Y-10.456 Z5.400 F3912 A408.35648; Inset 
G1 X-3.250 Y-10.456 Z5.400 F1500 A407.05648; Retract 
G1 X-3.250 Y-10.456 Z5.400 F3000; Retract 
G1 X-3.526 Y-11.871 Z5.400 F9000; Travel Move 
G1 X-3.526 Y-11.871 Z5.400 F1500 A408.35648; Restart 
G1 X-4.497 Y-0.941 Z5.400 F3912 A408.74012; Inset 
G1 X-4.485 Y-0.768 Z5.400 F3912 A408.74617; Inset 
G1 X-4.438 Y-0.653 Z5.400 F3912 A408.75053; Inset 
G1 X-4.357 Y-0.558 Z5.400 F3912 A408.75488; Inset 
G1 X-4.214 Y-0.472 Z5.400 F3912 A408.76071; Inset 
G1 X-3.120 Y-0.058 Z5.400 F3912 A408.80160; Inset 
G1 X-2.658 Y-5.253 Z5.400 F3912 A408.98394; Inset 
G1 X-2.508 Y-5.881 Z5.400 F3912 A409.00652; Inset 
G1 X-2.251 Y-6.483 Z5.400 F3912 A409.02938; Inset 
G1 X-1.897 Y-7.032 Z5.400 F3912 A409.05224; Inset 
G1 X-1.454 Y-7.513 Z5.400 F3912 A409.07510; Inset 
G1 X-0.936 Y-7.913 Z5.400 F3912 A409.09796; Inset 
G1 X-0.359 Y-8.220 Z5.400 F3912 A409.12083; Inset 
G1 X0.262 Y-8.424 Z5.400 F3912 A409.14369; Inset 
G1 X0.909 Y-8.520 Z5.400 F3912 A409.16655; Inset 
G1 X1.563 Y-8.506 Z5.400 F3912 A409.18941; Inset 
G1 X2.205 Y-8.381 Z5.400 F3912 A409.21227; Inset 
G1 X2.817 Y-8.150 Z5.400 F3912 A409.23513; Inset 
G1 X3.422 Y-7.789 Z5.400 F3912 A409.25977; Inset 
G1 X3.916 Y-7.360 Z5.400 F3912 A409.28263; Inset 
G1 X4.301 Y-6.896 Z5.400 F3912 A409.30372; Inset 
G1 X4.631 Y-6.332 Z5.400 F3912 A409.32658; Inset 
G1 X4.861 Y-5.720 Z5.400 F3912 A409.34944; Inset 
G1 X4.985 Y-5.077 Z5.400 F3912 A409.37230; Inset 
G1 X4.996 Y-4.403 Z5.400 F3912 A409.39588; Inset 
G1 X4.425 Y2.021 Z5.400 F3912 A409.62135; Inset 
G1 X5.392 Y2.190 Z5.400 F3912 A409.65568; Inset 
G1 X5.555 Y2.190 Z5.400 F3912 A409.66136; Inset 
G1 X5.680 Y2.148 Z5.400 F3912 A409.66596; Inset 
G1 X5.812 Y2.042 Z5.400 F3912 A409.67188; Inset 
G1 X5.896 Y1.813 Z5.400 F3912 A409.68040; Inset 
G1 X6.688 Y-7.097 Z5.400 F3912 A409.99313; Inset 
G1 X-3.034 Y-10.802 Z5.400 F3912 A410.35685; Inset 
G1 X-3.219 Y-10.992 Z5.400 F3912 A410.36613; Inset 
G1 X-3.526 Y-11.871 Z5.400 F3912 A410.39867; Inset 
G1 X-3.526 Y-11.871 Z5.400 F1500 A409.09867; Retract 
G1 X-3.526 Y-11.871 Z5.400 F3000; Retract 
G1 X-3.767 Y-13.433 Z5.400 F9000; Travel Move 
G1 X-3.767 Y-13.433 Z5.400 F1500 A410.39867; Restart 
G1 X-3.812 Y-13.169 Z5.400 F1739 A410.40804; Inset 
G1 X-4.899 Y-0.944 Z5.400 F1739 A410.83708; Inset 
G1 X-4.880 Y-0.676 Z5.400 F1739 A410.84650; Inset 
G1 X-4.783 Y-0.441 Z5.400 F1739 A410.85535; Inset 
G1 X-4.618 Y-0.249 Z5.400 F1739 A410.86421; Inset 
G1 X-4.390 Y-0.111 Z5.400 F1739 A410.87356; Inset 
G1 X-2.768 Y0.503 Z5.400 F1739 A410.93416; Inset 
G1 X-2.261 Y-5.210 Z5.400 F1739 A411.13468; Inset 
G1 X-2.122 Y-5.778 Z5.400 F1739 A411.15511; Inset 
G1 X-1.888 Y-6.315 Z5.400 F1739 A411.17560; Inset 
G1 X-1.567 Y-6.806 Z5.400 F1739 A411.19609; Inset 
G1 X-1.167 Y-7.235 Z5.400 F1739 A411.21659; Inset 
G1 X-0.701 Y-7.590 Z5.400 F1739 A411.23708; Inset 
G1 X-0.181 Y-7.861 Z5.400 F1739 A411.25757; Inset 
G1 X0.377 Y-8.041 Z5.400 F1739 A411.27806; Inset 
G1 X0.957 Y-8.123 Z5.400 F1739 A411.29856; Inset 
G1 X1.543 Y-8.106 Z5.400 F1739 A411.31905; Inset 
G1 X2.118 Y-7.991 Z5.400 F1739 A411.33954; Inset 
G1 X2.665 Y-7.780 Z5.400 F1739 A411.36004; Inset 
G1 X3.168 Y-7.479 Z5.400 F1739 A411.38052; Inset 
G1 X3.613 Y-7.098 Z5.400 F1739 A411.40102; Inset 
G1 X3.988 Y-6.647 Z5.400 F1739 A411.42151; Inset 
G1 X4.280 Y-6.139 Z5.400 F1739 A411.44200; Inset 
G1 X4.483 Y-5.589 Z5.400 F1739 A411.46250; Inset 
G1 X4.590 Y-5.013 Z5.400 F1739 A411.48299; Inset 
G1 X4.598 Y-4.434 Z5.400 F1739 A411.50325; Inset 
G1 X3.994 Y2.352 Z5.400 F1739 A411.74139; Inset 
G1 X5.358 Y2.590 Z5.400 F1739 A411.78980; Inset 
G1 X5.621 Y2.590 Z5.400 F1739 A411.79898; Inset 
G1 X5.870 Y2.506 Z5.400 F1739 A411.80819; Inset 
G1 X6.085 Y2.341 Z5.400 F1739 A411.81766; Inset 
G1 X6.157 Y2.250 Z5.400 F1739 A411.82169; Inset 
G1 X6.270 Y1.995 Z5.400 F1739 A411.83145; Inset 
G1 X6.293 Y1.865 Z5.400 F1739 A411.83606; Inset 
G1 X7.101 Y-7.226 Z5.400 F1739 A412.15514; Inset 
G1 X7.093 Y-7.371 Z5.400 F1739 A412.16022; Inset 
G1 X-2.854 Y-11.162 Z5.400 F1739 A412.53236; Inset 
G1 X-3.651 Y-13.442 Z5.400 F1739 A412.61681; Inset 
G1 X-3.767 Y-13.433 Z5.400 F1739 A412.62087; Inset 
G1 X-3.767 Y-13.433 Z5.400 F1500 A411.32087; Retract 
G1 X-3.767 Y-13.433 Z5.400 F3000; Retract 
G1 X-3.005 Y-9.984 Z5.400 F9000; Travel Move 
G1 X-3.005 Y-9.984 Z5.400 F1500 A412.62087; Restart 
G1 X-1.424 Y-8.403 Z5.400 F3912 A412.69905; Infill 
G1 X-1.739 Y-8.158 Z5.400 F3912 A412.71300; Connection 
G1 X-3.051 Y-9.470 Z5.400 F3912 A412.77787; Infill 
G1 X-3.096 Y-8.956 Z5.400 F3912 A412.79592; Connection 
G1 X-2.035 Y-7.894 Z5.400 F3912 A412.84840; Infill 
G1 X-2.302 Y-7.602 Z5.400 F3912 A412.86226; Connection 
G1 X-3.142 Y-8.441 Z5.400 F3912 A412.90378; Infill 
G1 X-3.188 Y-7.927 Z5.400 F3912 A412.92183; Connection 
G1 X-2.548 Y-7.287 Z5.400 F3912 A412.95348; Infill 
G1 X-2.766 Y-6.946 Z5.400 F3912 A412.96765; Connection 
G1 X-3.233 Y-7.413 Z5.400 F3912 A412.99074; Infill 
G1 X-3.279 Y-6.899 Z5.400 F3912 A413.00879; Connection 
G1 X-2.956 Y-6.576 Z5.400 F3912 A413.02475; Infill 
G1 X-3.325 Y-6.384 Z5.400 F3912 A413.03926; Connection 
G1 X-3.123 Y-6.182 Z5.400 F3912 A413.04925; Infill 
G1 X-3.371 Y-5.870 Z5.400 F3912 A413.06318; Connection 
G1 X-3.245 Y-5.744 Z5.400 F3912 A413.06939; Infill 
G1 X-3.416 Y-5.356 Z5.400 F3912 A413.08424; Connection 
G1 X-3.344 Y-5.284 Z5.400 F3912 A413.08780; Infill 
G1 X-3.462 Y-4.841 Z5.400 F3912 A413.10380; Connection 
G1 X-3.390 Y-4.769 Z5.400 F3912 A413.10735; Infill 
G1 X-3.508 Y-4.327 Z5.400 F3912 A413.12336; Connection 
G1 X-3.436 Y-4.255 Z5.400 F3912 A413.12691; Infill 
G1 X-3.553 Y-3.813 Z5.400 F3912 A413.14292; Connection 
G1 X-3.482 Y-3.741 Z5.400 F3912 A413.14647; Infill 
G1 X-3.599 Y-3.298 Z5.400 F3912 A413.16248; Connection 
G1 X-3.527 Y-3.226 Z5.400 F3912 A413.16603; Infill 
G1 X-3.645 Y-2.784 Z5.400 F3912 A413.18204; Connection 
G1 X-3.573 Y-2.712 Z5.400 F3912 A413.18559; Infill 
G1 X-3.691 Y-2.270 Z5.400 F3912 A413.20159; Connection 
G1 X-3.619 Y-2.198 Z5.400 F3912 A413.20515; Infill 
G1 X-3.736 Y-1.755 Z5.400 F3912 A413.22115; Connection 
G1 X-3.664 Y-1.684 Z5.400 F3912 A413.22471; Infill 
G1 X-3.782 Y-1.241 Z5.400 F3912 A413.24071; Connection 
G1 X-3.710 Y-1.169 Z5.400 F3912 A413.24427; Infill 
G1 X-3.710 Y-1.169 Z5.400 F1500 A411.94427; Retract 
G1 X-3.710 Y-1.169 Z5.400 F3000; Retract 
G1 X-1.075 Y-8.614 Z5.400 F9000; Travel Move 
G1 X-1.075 Y-8.614 Z5.400 F1500 A413.24427; Restart 
G1 X-2.217 Y-9.757 Z5.400 F3912 A413.30075; Infill 
M73 P53; Update Progress 
G1 X-1.312 Y-9.412 Z5.400 F3912 A413.33461; Connection 
G1 X-0.710 Y-8.810 Z5.400 F3912 A413.36440; Infill 
G1 X-0.408 Y-9.067 Z5.400 F3912 A413.37828; Connection 
G1 X-0.300 Y-8.960 Z5.400 F3912 A413.38360; Infill 
G1 X-0.300 Y-8.960 Z5.400 F1500 A412.08360; Retract 
G1 X-0.300 Y-8.960 Z5.400 F3000; Retract 
G1 X5.054 Y-6.965 Z5.400 F9000; Travel Move 
G1 X5.054 Y-6.965 Z5.400 F1500 A413.38360; Restart 
G1 X5.911 Y-6.109 Z5.400 F3912 A413.42597; Infill 
G1 X5.496 Y-5.964 Z5.400 F3912 A413.44135; Connection 
G1 X5.866 Y-5.594 Z5.400 F3912 A413.45963; Infill 
G1 X5.644 Y-5.256 Z5.400 F3912 A413.47376; Connection 
G1 X5.820 Y-5.080 Z5.400 F3912 A413.48248; Infill 
G1 X5.679 Y-4.661 Z5.400 F3912 A413.49794; Connection 
G1 X5.774 Y-4.566 Z5.400 F3912 A413.50264; Infill 
G1 X5.660 Y-4.120 Z5.400 F3912 A413.51873; Connection 
G1 X5.728 Y-4.051 Z5.400 F3912 A413.52212; Infill 
G1 X5.614 Y-3.606 Z5.400 F3912 A413.53821; Connection 
G1 X5.683 Y-3.537 Z5.400 F3912 A413.54160; Infill 
G1 X5.568 Y-3.091 Z5.400 F3912 A413.55769; Connection 
G1 X5.637 Y-3.023 Z5.400 F3912 A413.56107; Infill 
G1 X5.523 Y-2.577 Z5.400 F3912 A413.57716; Connection 
G1 X5.591 Y-2.508 Z5.400 F3912 A413.58055; Infill 
G1 X5.477 Y-2.063 Z5.400 F3912 A413.59664; Connection 
G1 X5.546 Y-1.994 Z5.400 F3912 A413.60003; Infill 
G1 X5.431 Y-1.548 Z5.400 F3912 A413.61611; Connection 
G1 X5.500 Y-1.480 Z5.400 F3912 A413.61950; Infill 
G1 X5.386 Y-1.034 Z5.400 F3912 A413.63559; Connection 
G1 X5.454 Y-0.965 Z5.400 F3912 A413.63898; Infill 
G1 X5.340 Y-0.520 Z5.400 F3912 A413.65507; Connection 
G1 X5.408 Y-0.451 Z5.400 F3912 A413.65845; Infill 
G1 X5.294 Y-0.005 Z5.400 F3912 A413.67454; Connection 
G1 X5.363 Y0.063 Z5.400 F3912 A413.67793; Infill 
G1 X5.248 Y0.509 Z5.400 F3912 A413.69402; Connection 
G1 X5.317 Y0.577 Z5.400 F3912 A413.69741; Infill 
G1 X5.203 Y1.023 Z5.400 F3912 A413.71349; Connection 
G1 X5.271 Y1.092 Z5.400 F3912 A413.71688; Infill 
G1 X5.957 Y-6.623 Z5.400 F3912 A413.98765; Connection 
G1 X5.926 Y-6.653 Z5.400 F3912 A413.98916; Infill 
; Chunk 53 
; Lower Position  5.2 
; Upper Position  5.4 
; Thickness       0.2 
; Width           0.4 
G1 X5.926 Y-6.653 Z5.400 F1500 A412.68916; Retract 
G1 X5.926 Y-6.653 Z5.400 F3000; Retract 
G1 X6.384 Y-8.550 Z5.400 F9000; Travel Move 
G1 X6.384 Y-8.550 Z5.400 F1500 A413.98916; Restart 
G1 X6.384 Y-15.354 Z5.400 F3912 A414.22705; Support 
G1 X4.404 Y-17.363 Z5.400 F6520; Leaky Travel Move 
G1 X4.404 Y-9.456 Z5.400 F3912 A414.50347; Support 
G1 X2.424 Y-10.384 Z5.400 F6520; Leaky Travel Move 
G1 X2.424 Y-17.578 Z5.400 F3912 A414.75498; Support 
G1 X0.444 Y-16.926 Z5.400 F6520; Leaky Travel Move 
G1 X0.444 Y-11.312 Z5.400 F3912 A414.95125; Support 
G1 X-1.536 Y-12.240 Z5.400 F6520; Leaky Travel Move 
G1 X-1.536 Y-16.219 Z5.400 F3912 A415.09037; Support 
G1 X-3.516 Y-15.331 Z5.400 F6520; Leaky Travel Move 
G1 X-3.516 Y-14.596 Z5.400 F3912 A415.11605; Support 
; Chunk 54 
; Lower Position  5.4 
; Upper Position  5.6 
; Thickness       0.2 
; Width           0.4 
G1 X-3.516 Y-14.596 Z5.400 F1500 A413.81605; Retract 
G1 X-3.516 Y-14.596 Z5.400 F3000; Retract 
G1 X-3.516 Y-14.596 Z5.600 F1380; Travel Move 
G1 X-3.516 Y-14.596 Z5.600 F1500 A415.11605; Restart 
G1 X-3.516 Y-15.331 Z5.600 F3819 A415.14173; Support 
G1 X-1.536 Y-16.219 Z5.600 F6365; Leaky Travel Move 
G1 X-1.536 Y-12.240 Z5.600 F3819 A415.28085; Support 
G1 X0.444 Y-11.312 Z5.600 F6365; Leaky Travel Move 
G1 X0.444 Y-16.926 Z5.600 F3819 A415.47712; Support 
G1 X2.424 Y-17.578 Z5.600 F6365; Leaky Travel Move 
G1 X2.424 Y-10.384 Z5.600 F3819 A415.72863; Support 
G1 X4.404 Y-9.456 Z5.600 F6365; Leaky Travel Move 
G1 X4.404 Y-17.363 Z5.600 F3819 A416.00505; Support 
G1 X6.384 Y-15.354 Z5.600 F6365; Leaky Travel Move 
G1 X6.384 Y-8.550 Z5.600 F3819 A416.24294; Support 
; Chunk 55 
; Lower Position  5.4 
; Upper Position  5.6 
; Thickness       0.2 
; Width           0.4 
G1 X6.384 Y-8.550 Z5.600 F1500 A414.94294; Retract 
G1 X6.384 Y-8.550 Z5.600 F3000; Retract 
G1 X4.232 Y-7.605 Z5.600 F9000; Travel Move 
G1 X4.232 Y-7.605 Z5.600 F1500 A416.24294; Restart 
G1 X4.668 Y-7.069 Z5.600 F3819 A416.26711; Inset 
G1 X5.022 Y-6.440 Z5.600 F3819 A416.29234; Inset 
G1 X5.243 Y-5.842 Z5.600 F3819 A416.31462; Inset 
G1 X5.381 Y-5.134 Z5.600 F3819 A416.33985; Inset 
G1 X5.396 Y-4.378 Z5.600 F3819 A416.36627; Inset 
G1 X4.856 Y1.690 Z5.600 F3819 A416.57926; Inset 
G1 X5.486 Y1.790 Z5.600 F3819 A416.60154; Inset 
G1 X5.499 Y1.761 Z5.600 F3819 A416.60267; Inset 
G1 X6.263 Y-6.831 Z5.600 F3819 A416.90422; Inset 
G1 X4.232 Y-7.605 Z5.600 F3819 A416.98020; Inset 
G1 X4.232 Y-7.605 Z5.600 F1500 A415.68020; Retract 
G1 X4.232 Y-7.605 Z5.600 F3000; Retract 
G1 X-3.250 Y-10.456 Z5.600 F9000; Travel Move 
G1 X-3.250 Y-10.456 Z5.600 F1500 A416.98020; Restart 
G1 X-4.096 Y-0.937 Z5.600 F3819 A417.31430; Inset 
G1 X-4.091 Y-0.865 Z5.600 F3819 A417.31683; Inset 
G1 X-3.472 Y-0.619 Z5.600 F3819 A417.34012; Inset 
G1 X-3.055 Y-5.304 Z5.600 F3819 A417.50455; Inset 
G1 X-2.893 Y-5.993 Z5.600 F3819 A417.52931; Inset 
G1 X-2.571 Y-6.732 Z5.600 F3819 A417.55750; Inset 
G1 X-2.169 Y-7.332 Z5.600 F3819 A417.58274; Inset 
G1 X-1.735 Y-7.798 Z5.600 F3819 A417.60501; Inset 
G1 X-1.165 Y-8.242 Z5.600 F3819 A417.63024; Inset 
G1 X-0.529 Y-8.582 Z5.600 F3819 A417.65548; Inset 
G1 X0.156 Y-8.810 Z5.600 F3819 A417.68071; Inset 
G1 X0.808 Y-8.910 Z5.600 F3819 A417.70378; Inset 
G1 X-3.250 Y-10.456 Z5.600 F3819 A417.85560; Inset 
G1 X-3.250 Y-10.456 Z5.600 F1500 A416.55560; Retract 
G1 X-3.250 Y-10.456 Z5.600 F3000; Retract 
G1 X-3.526 Y-11.871 Z5.600 F9000; Travel Move 
G1 X-3.526 Y-11.871 Z5.600 F1500 A417.85560; Restart 
G1 X-4.497 Y-0.941 Z5.600 F3819 A418.23923; Inset 
G1 X-4.485 Y-0.768 Z5.600 F3819 A418.24529; Inset 
G1 X-4.438 Y-0.653 Z5.600 F3819 A418.24964; Inset 
G1 X-4.357 Y-0.558 Z5.600 F3819 A418.25400; Inset 
G1 X-4.214 Y-0.472 Z5.600 F3819 A418.25983; Inset 
G1 X-3.120 Y-0.058 Z5.600 F3819 A418.30072; Inset 
G1 X-2.658 Y-5.253 Z5.600 F3819 A418.48306; Inset 
G1 X-2.508 Y-5.881 Z5.600 F3819 A418.50563; Inset 
G1 X-2.251 Y-6.483 Z5.600 F3819 A418.52850; Inset 
G1 X-1.897 Y-7.032 Z5.600 F3819 A418.55136; Inset 
G1 X-1.454 Y-7.513 Z5.600 F3819 A418.57422; Inset 
G1 X-0.936 Y-7.913 Z5.600 F3819 A418.59708; Inset 
G1 X-0.359 Y-8.220 Z5.600 F3819 A418.61994; Inset 
G1 X0.262 Y-8.424 Z5.600 F3819 A418.64280; Inset 
G1 X0.909 Y-8.520 Z5.600 F3819 A418.66566; Inset 
G1 X1.563 Y-8.506 Z5.600 F3819 A418.68853; Inset 
G1 X2.205 Y-8.381 Z5.600 F3819 A418.71139; Inset 
G1 X2.817 Y-8.150 Z5.600 F3819 A418.73425; Inset 
G1 X3.422 Y-7.789 Z5.600 F3819 A418.75889; Inset 
G1 X3.916 Y-7.360 Z5.600 F3819 A418.78175; Inset 
G1 X4.301 Y-6.896 Z5.600 F3819 A418.80283; Inset 
G1 X4.631 Y-6.332 Z5.600 F3819 A418.82570; Inset 
G1 X4.861 Y-5.720 Z5.600 F3819 A418.84856; Inset 
G1 X4.985 Y-5.077 Z5.600 F3819 A418.87142; Inset 
G1 X4.996 Y-4.403 Z5.600 F3819 A418.89499; Inset 
G1 X4.425 Y2.021 Z5.600 F3819 A419.12047; Inset 
G1 X5.392 Y2.190 Z5.600 F3819 A419.15480; Inset 
G1 X5.555 Y2.190 Z5.600 F3819 A419.16047; Inset 
G1 X5.680 Y2.148 Z5.600 F3819 A419.16507; Inset 
G1 X5.812 Y2.042 Z5.600 F3819 A419.17100; Inset 
G1 X5.896 Y1.813 Z5.600 F3819 A419.17952; Inset 
G1 X6.688 Y-7.097 Z5.600 F3819 A419.49225; Inset 
G1 X-3.034 Y-10.802 Z5.600 F3819 A419.85596; Inset 
G1 X-3.219 Y-10.992 Z5.600 F3819 A419.86524; Inset 
G1 X-3.526 Y-11.871 Z5.600 F3819 A419.89779; Inset 
G1 X-3.526 Y-11.871 Z5.600 F1500 A418.59779; Retract 
G1 X-3.526 Y-11.871 Z5.600 F3000; Retract 
G1 X-3.767 Y-13.433 Z5.600 F9000; Travel Move 
G1 X-3.767 Y-13.433 Z5.600 F1500 A419.89779; Restart 
G1 X-3.812 Y-13.169 Z5.600 F1697 A419.90716; Inset 
G1 X-4.899 Y-0.944 Z5.600 F1697 A420.33620; Inset 
G1 X-4.880 Y-0.676 Z5.600 F1697 A420.34562; Inset 
G1 X-4.783 Y-0.441 Z5.600 F1697 A420.35447; Inset 
G1 X-4.618 Y-0.249 Z5.600 F1697 A420.36333; Inset 
G1 X-4.390 Y-0.111 Z5.600 F1697 A420.37267; Inset 
G1 X-2.768 Y0.503 Z5.600 F1697 A420.43328; Inset 
G1 X-2.261 Y-5.210 Z5.600 F1697 A420.63380; Inset 
G1 X-2.122 Y-5.778 Z5.600 F1697 A420.65422; Inset 
G1 X-1.888 Y-6.315 Z5.600 F1697 A420.67472; Inset 
G1 X-1.567 Y-6.806 Z5.600 F1697 A420.69521; Inset 
G1 X-1.167 Y-7.235 Z5.600 F1697 A420.71570; Inset 
M73 P54; Update Progress 
G1 X-0.701 Y-7.590 Z5.600 F1697 A420.73620; Inset 
G1 X-0.181 Y-7.861 Z5.600 F1697 A420.75669; Inset 
G1 X0.377 Y-8.041 Z5.600 F1697 A420.77718; Inset 
G1 X0.957 Y-8.123 Z5.600 F1697 A420.79767; Inset 
G1 X1.543 Y-8.106 Z5.600 F1697 A420.81817; Inset 
G1 X2.118 Y-7.991 Z5.600 F1697 A420.83866; Inset 
G1 X2.665 Y-7.780 Z5.600 F1697 A420.85915; Inset 
G1 X3.168 Y-7.479 Z5.600 F1697 A420.87964; Inset 
G1 X3.613 Y-7.098 Z5.600 F1697 A420.90014; Inset 
G1 X3.988 Y-6.647 Z5.600 F1697 A420.92063; Inset 
G1 X4.280 Y-6.139 Z5.600 F1697 A420.94112; Inset 
G1 X4.483 Y-5.589 Z5.600 F1697 A420.96161; Inset 
G1 X4.590 Y-5.013 Z5.600 F1697 A420.98211; Inset 
G1 X4.598 Y-4.434 Z5.600 F1697 A421.00236; Inset 
G1 X3.994 Y2.352 Z5.600 F1697 A421.24051; Inset 
G1 X5.358 Y2.590 Z5.600 F1697 A421.28892; Inset 
G1 X5.621 Y2.590 Z5.600 F1697 A421.29810; Inset 
G1 X5.870 Y2.506 Z5.600 F1697 A421.30731; Inset 
G1 X6.085 Y2.341 Z5.600 F1697 A421.31678; Inset 
G1 X6.157 Y2.250 Z5.600 F1697 A421.32080; Inset 
G1 X6.270 Y1.995 Z5.600 F1697 A421.33057; Inset 
G1 X6.293 Y1.865 Z5.600 F1697 A421.33518; Inset 
G1 X7.101 Y-7.226 Z5.600 F1697 A421.65425; Inset 
G1 X7.093 Y-7.371 Z5.600 F1697 A421.65934; Inset 
G1 X-2.854 Y-11.162 Z5.600 F1697 A422.03148; Inset 
G1 X-3.651 Y-13.442 Z5.600 F1697 A422.11593; Inset 
G1 X-3.767 Y-13.433 Z5.600 F1697 A422.11999; Inset 
G1 X-3.767 Y-13.433 Z5.600 F1500 A420.81999; Retract 
G1 X-3.767 Y-13.433 Z5.600 F3000; Retract 
G1 X-2.690 Y-9.937 Z5.600 F9000; Travel Move 
G1 X-2.690 Y-9.937 Z5.600 F1500 A422.11999; Restart 
G1 X-3.040 Y-9.588 Z5.600 F3819 A422.13728; Infill 
G1 X-3.095 Y-8.973 Z5.600 F3819 A422.15885; Connection 
G1 X-2.285 Y-9.783 Z5.600 F3819 A422.19888; Infill 
G1 X-1.879 Y-9.628 Z5.600 F3819 A422.21405; Connection 
G1 X-3.149 Y-8.358 Z5.600 F3819 A422.27684; Infill 
G1 X-3.204 Y-7.744 Z5.600 F3819 A422.29841; Connection 
G1 X-1.474 Y-9.474 Z5.600 F3819 A422.38395; Infill 
G1 X-1.068 Y-9.319 Z5.600 F3819 A422.39912; Connection 
G1 X-3.259 Y-7.129 Z5.600 F3819 A422.50740; Infill 
G1 X-3.313 Y-6.514 Z5.600 F3819 A422.52898; Connection 
G1 X-2.551 Y-7.277 Z5.600 F3819 A422.56669; Infill 
G1 X-3.150 Y-6.117 Z5.600 F3819 A422.61234; Connection 
G1 X-3.368 Y-5.900 Z5.600 F3819 A422.62310; Infill 
G1 X-3.332 Y-5.375 Z5.600 F3819 A422.64148; Connection 
G1 X-3.423 Y-5.285 Z5.600 F3819 A422.64593; Infill 
G1 X-3.391 Y-4.756 Z5.600 F3819 A422.66445; Connection 
G1 X-3.477 Y-4.670 Z5.600 F3819 A422.66870; Infill 
G1 X-3.446 Y-4.142 Z5.600 F3819 A422.68721; Connection 
G1 X-3.532 Y-4.056 Z5.600 F3819 A422.69146; Infill 
G1 X-3.501 Y-3.527 Z5.600 F3819 A422.70998; Connection 
G1 X-3.586 Y-3.441 Z5.600 F3819 A422.71423; Infill 
G1 X-3.555 Y-2.912 Z5.600 F3819 A422.73274; Connection 
G1 X-3.641 Y-2.826 Z5.600 F3819 A422.73699; Infill 
G1 X-3.610 Y-2.298 Z5.600 F3819 A422.75551; Connection 
G1 X-3.696 Y-2.212 Z5.600 F3819 A422.75976; Infill 
G1 X-3.664 Y-1.683 Z5.600 F3819 A422.77827; Connection 
G1 X-3.750 Y-1.597 Z5.600 F3819 A422.78252; Infill 
G1 X-3.719 Y-1.068 Z5.600 F3819 A422.80104; Connection 
G1 X-3.750 Y-1.037 Z5.600 F3819 A422.80257; Infill 
G1 X-3.750 Y-1.037 Z5.600 F1500 A421.50257; Retract 
G1 X-3.750 Y-1.037 Z5.600 F3000; Retract 
G1 X-1.428 Y-8.400 Z5.600 F9000; Travel Move 
G1 X-1.428 Y-8.400 Z5.600 F1500 A422.80257; Restart 
G1 X-0.663 Y-9.165 Z5.600 F3819 A422.84038; Infill 
G1 X-0.312 Y-8.956 Z5.600 F3819 A422.85466; Connection 
G1 X-0.257 Y-9.010 Z5.600 F3819 A422.85735; Infill 
G1 X-0.257 Y-9.010 Z5.600 F1500 A421.55735; Retract 
G1 X-0.257 Y-9.010 Z5.600 F3000; Retract 
G1 X5.229 Y-6.656 Z5.600 F9000; Travel Move 
G1 X5.229 Y-6.656 Z5.600 F1500 A422.85735; Restart 
G1 X5.419 Y-6.847 Z5.600 F3819 A422.86678; Infill 
G1 X5.825 Y-6.692 Z5.600 F3819 A422.88195; Connection 
G1 X5.393 Y-6.260 Z5.600 F3819 A422.90330; Infill 
G1 X5.534 Y-5.841 Z5.600 F3819 A422.91876; Connection 
G1 X5.922 Y-6.229 Z5.600 F3819 A422.93794; Infill 
G1 X5.867 Y-5.614 Z5.600 F3819 A422.95951; Connection 
G1 X5.626 Y-5.373 Z5.600 F3819 A422.97146; Infill 
G1 X5.813 Y-5.000 Z5.600 F3819 A422.98605; Connection 
G1 X5.672 Y-4.859 Z5.600 F3819 A422.99298; Infill 
G1 X5.758 Y-4.385 Z5.600 F3819 A423.00983; Connection 
G1 X5.676 Y-4.303 Z5.600 F3819 A423.01388; Infill 
G1 X5.703 Y-3.770 Z5.600 F3819 A423.03253; Connection 
G1 X5.622 Y-3.689 Z5.600 F3819 A423.03658; Infill 
G1 X5.649 Y-3.156 Z5.600 F3819 A423.05523; Connection 
G1 X5.567 Y-3.074 Z5.600 F3819 A423.05928; Infill 
G1 X5.594 Y-2.541 Z5.600 F3819 A423.07793; Connection 
G1 X5.512 Y-2.459 Z5.600 F3819 A423.08198; Infill 
G1 X5.540 Y-1.926 Z5.600 F3819 A423.10063; Connection 
G1 X5.458 Y-1.845 Z5.600 F3819 A423.10468; Infill 
G1 X5.485 Y-1.312 Z5.600 F3819 A423.12333; Connection 
G1 X5.403 Y-1.230 Z5.600 F3819 A423.12737; Infill 
G1 X5.430 Y-0.697 Z5.600 F3819 A423.14603; Connection 
G1 X5.348 Y-0.615 Z5.600 F3819 A423.15007; Infill 
G1 X5.376 Y-0.082 Z5.600 F3819 A423.16872; Connection 
G1 X5.294 Y-0.001 Z5.600 F3819 A423.17277; Infill 
G1 X5.321 Y0.532 Z5.600 F3819 A423.19142; Connection 
G1 X5.239 Y0.614 Z5.600 F3819 A423.19547; Infill 
G1 X5.266 Y1.147 Z5.600 F3819 A423.21412; Connection 
G1 X5.184 Y1.229 Z5.600 F3819 A423.21817; Infill 
; Chunk 56 
; Lower Position  5.6 
; Upper Position  5.8 
; Thickness       0.2 
; Width           0.4 
G1 X5.184 Y1.229 Z5.600 F1500 A421.91817; Retract 
G1 X5.184 Y1.229 Z5.600 F3000; Retract 
G1 X5.184 Y1.229 Z5.800 F1380; Travel Move 
G1 X4.232 Y-7.605 Z5.800 F9000; Travel Move 
G1 X4.232 Y-7.605 Z5.800 F1500 A423.21817; Restart 
G1 X4.668 Y-7.069 Z5.800 F3912 A423.24234; Inset 
G1 X5.022 Y-6.440 Z5.800 F3912 A423.26757; Inset 
G1 X5.243 Y-5.842 Z5.800 F3912 A423.28985; Inset 
G1 X5.381 Y-5.134 Z5.800 F3912 A423.31508; Inset 
G1 X5.396 Y-4.378 Z5.800 F3912 A423.34150; Inset 
G1 X4.856 Y1.690 Z5.800 F3912 A423.55449; Inset 
G1 X5.486 Y1.790 Z5.800 F3912 A423.57677; Inset 
G1 X5.499 Y1.761 Z5.800 F3912 A423.57790; Inset 
G1 X6.263 Y-6.831 Z5.800 F3912 A423.87945; Inset 
G1 X4.232 Y-7.605 Z5.800 F3912 A423.95543; Inset 
G1 X4.232 Y-7.605 Z5.800 F1500 A422.65543; Retract 
G1 X4.232 Y-7.605 Z5.800 F3000; Retract 
G1 X-3.250 Y-10.456 Z5.800 F9000; Travel Move 
G1 X-3.250 Y-10.456 Z5.800 F1500 A423.95543; Restart 
G1 X-4.096 Y-0.937 Z5.800 F3912 A424.28953; Inset 
G1 X-4.091 Y-0.865 Z5.800 F3912 A424.29206; Inset 
G1 X-3.472 Y-0.619 Z5.800 F3912 A424.31535; Inset 
G1 X-3.055 Y-5.304 Z5.800 F3912 A424.47978; Inset 
G1 X-2.893 Y-5.993 Z5.800 F3912 A424.50454; Inset 
G1 X-2.571 Y-6.732 Z5.800 F3912 A424.53273; Inset 
G1 X-2.169 Y-7.332 Z5.800 F3912 A424.55797; Inset 
G1 X-1.735 Y-7.798 Z5.800 F3912 A424.58024; Inset 
G1 X-1.165 Y-8.242 Z5.800 F3912 A424.60547; Inset 
G1 X-0.529 Y-8.582 Z5.800 F3912 A424.63071; Inset 
G1 X0.156 Y-8.810 Z5.800 F3912 A424.65595; Inset 
G1 X0.808 Y-8.910 Z5.800 F3912 A424.67901; Inset 
G1 X-3.250 Y-10.456 Z5.800 F3912 A424.83083; Inset 
G1 X-3.250 Y-10.456 Z5.800 F1500 A423.53083; Retract 
G1 X-3.250 Y-10.456 Z5.800 F3000; Retract 
G1 X-3.526 Y-11.871 Z5.800 F9000; Travel Move 
G1 X-3.526 Y-11.871 Z5.800 F1500 A424.83083; Restart 
G1 X-4.497 Y-0.941 Z5.800 F3912 A425.21446; Inset 
G1 X-4.485 Y-0.768 Z5.800 F3912 A425.22052; Inset 
G1 X-4.438 Y-0.653 Z5.800 F3912 A425.22487; Inset 
G1 X-4.357 Y-0.558 Z5.800 F3912 A425.22923; Inset 
G1 X-4.214 Y-0.472 Z5.800 F3912 A425.23506; Inset 
G1 X-3.120 Y-0.058 Z5.800 F3912 A425.27595; Inset 
G1 X-2.658 Y-5.253 Z5.800 F3912 A425.45829; Inset 
G1 X-2.508 Y-5.881 Z5.800 F3912 A425.48086; Inset 
G1 X-2.251 Y-6.483 Z5.800 F3912 A425.50373; Inset 
G1 X-1.897 Y-7.032 Z5.800 F3912 A425.52659; Inset 
G1 X-1.454 Y-7.513 Z5.800 F3912 A425.54945; Inset 
G1 X-0.936 Y-7.913 Z5.800 F3912 A425.57231; Inset 
G1 X-0.312 Y-8.239 Z5.800 F3912 A425.59695; Inset 
G1 X0.312 Y-8.435 Z5.800 F3912 A425.61981; Inset 
G1 X0.909 Y-8.520 Z5.800 F3912 A425.64089; Inset 
G1 X1.563 Y-8.506 Z5.800 F3912 A425.66376; Inset 
G1 X2.205 Y-8.381 Z5.800 F3912 A425.68662; Inset 
G1 X2.817 Y-8.150 Z5.800 F3912 A425.70948; Inset 
G1 X3.422 Y-7.789 Z5.800 F3912 A425.73412; Inset 
G1 X3.916 Y-7.360 Z5.800 F3912 A425.75698; Inset 
G1 X4.301 Y-6.896 Z5.800 F3912 A425.77806; Inset 
G1 X4.631 Y-6.332 Z5.800 F3912 A425.80092; Inset 
G1 X4.861 Y-5.720 Z5.800 F3912 A425.82379; Inset 
G1 X4.985 Y-5.077 Z5.800 F3912 A425.84665; Inset 
G1 X4.996 Y-4.403 Z5.800 F3912 A425.87022; Inset 
G1 X4.425 Y2.021 Z5.800 F3912 A426.09570; Inset 
G1 X5.392 Y2.190 Z5.800 F3912 A426.13002; Inset 
G1 X5.555 Y2.190 Z5.800 F3912 A426.13570; Inset 
G1 X5.680 Y2.148 Z5.800 F3912 A426.14030; Inset 
G1 X5.812 Y2.042 Z5.800 F3912 A426.14623; Inset 
G1 X5.896 Y1.813 Z5.800 F3912 A426.15474; Inset 
G1 X6.688 Y-7.097 Z5.800 F3912 A426.46748; Inset 
G1 X-3.034 Y-10.802 Z5.800 F3912 A426.83119; Inset 
G1 X-3.219 Y-10.992 Z5.800 F3912 A426.84047; Inset 
G1 X-3.526 Y-11.871 Z5.800 F3912 A426.87302; Inset 
G1 X-3.526 Y-11.871 Z5.800 F1500 A425.57302; Retract 
G1 X-3.526 Y-11.871 Z5.800 F3000; Retract 
G1 X-3.767 Y-13.433 Z5.800 F9000; Travel Move 
G1 X-3.767 Y-13.433 Z5.800 F1500 A426.87302; Restart 
G1 X-3.812 Y-13.169 Z5.800 F1739 A426.88239; Inset 
G1 X-4.899 Y-0.944 Z5.800 F1739 A427.31143; Inset 
M73 P55; Update Progress 
G1 X-4.880 Y-0.676 Z5.800 F1739 A427.32085; Inset 
G1 X-4.783 Y-0.441 Z5.800 F1739 A427.32970; Inset 
G1 X-4.618 Y-0.249 Z5.800 F1739 A427.33856; Inset 
G1 X-4.390 Y-0.111 Z5.800 F1739 A427.34790; Inset 
G1 X-2.768 Y0.503 Z5.800 F1739 A427.40851; Inset 
G1 X-2.261 Y-5.210 Z5.800 F1739 A427.60903; Inset 
G1 X-2.122 Y-5.778 Z5.800 F1739 A427.62945; Inset 
G1 X-1.888 Y-6.315 Z5.800 F1739 A427.64995; Inset 
G1 X-1.567 Y-6.806 Z5.800 F1739 A427.67044; Inset 
G1 X-1.167 Y-7.235 Z5.800 F1739 A427.69093; Inset 
G1 X-0.701 Y-7.590 Z5.800 F1739 A427.71143; Inset 
G1 X-0.181 Y-7.861 Z5.800 F1739 A427.73192; Inset 
G1 X0.377 Y-8.041 Z5.800 F1739 A427.75241; Inset 
G1 X0.957 Y-8.123 Z5.800 F1739 A427.77290; Inset 
G1 X1.543 Y-8.106 Z5.800 F1739 A427.79339; Inset 
G1 X2.118 Y-7.991 Z5.800 F1739 A427.81389; Inset 
G1 X2.665 Y-7.780 Z5.800 F1739 A427.83438; Inset 
G1 X3.168 Y-7.479 Z5.800 F1739 A427.85487; Inset 
G1 X3.613 Y-7.098 Z5.800 F1739 A427.87537; Inset 
G1 X3.988 Y-6.647 Z5.800 F1739 A427.89586; Inset 
G1 X4.280 Y-6.139 Z5.800 F1739 A427.91635; Inset 
G1 X4.483 Y-5.589 Z5.800 F1739 A427.93684; Inset 
G1 X4.590 Y-5.013 Z5.800 F1739 A427.95734; Inset 
G1 X4.598 Y-4.434 Z5.800 F1739 A427.97759; Inset 
G1 X3.994 Y2.352 Z5.800 F1739 A428.21574; Inset 
G1 X5.358 Y2.590 Z5.800 F1739 A428.26415; Inset 
G1 X5.621 Y2.590 Z5.800 F1739 A428.27333; Inset 
G1 X5.871 Y2.506 Z5.800 F1739 A428.28254; Inset 
G1 X6.085 Y2.341 Z5.800 F1739 A428.29200; Inset 
G1 X6.157 Y2.250 Z5.800 F1739 A428.29603; Inset 
G1 X6.270 Y1.995 Z5.800 F1739 A428.30580; Inset 
G1 X6.293 Y1.865 Z5.800 F1739 A428.31041; Inset 
G1 X7.101 Y-7.226 Z5.800 F1739 A428.62948; Inset 
G1 X7.093 Y-7.371 Z5.800 F1739 A428.63457; Inset 
G1 X-2.854 Y-11.162 Z5.800 F1739 A429.00671; Inset 
G1 X-3.651 Y-13.442 Z5.800 F1739 A429.09116; Inset 
G1 X-3.767 Y-13.433 Z5.800 F1739 A429.09522; Inset 
G1 X-3.767 Y-13.433 Z5.800 F1500 A427.79522; Retract 
G1 X-3.767 Y-13.433 Z5.800 F3000; Retract 
G1 X-3.005 Y-9.984 Z5.800 F9000; Travel Move 
G1 X-3.005 Y-9.984 Z5.800 F1500 A429.09522; Restart 
G1 X-1.424 Y-8.403 Z5.800 F3912 A429.17340; Infill 
G1 X-1.739 Y-8.158 Z5.800 F3912 A429.18735; Connection 
G1 X-3.051 Y-9.470 Z5.800 F3912 A429.25222; Infill 
G1 X-3.096 Y-8.956 Z5.800 F3912 A429.27027; Connection 
G1 X-2.036 Y-7.895 Z5.800 F3912 A429.32270; Infill 
G1 X-2.306 Y-7.605 Z5.800 F3912 A429.33655; Connection 
G1 X-3.142 Y-8.441 Z5.800 F3912 A429.37789; Infill 
G1 X-3.188 Y-7.927 Z5.800 F3912 A429.39595; Connection 
G1 X-2.545 Y-7.285 Z5.800 F3912 A429.42771; Infill 
G1 X-2.770 Y-6.949 Z5.800 F3912 A429.44182; Connection 
G1 X-3.233 Y-7.413 Z5.800 F3912 A429.46473; Infill 
G1 X-3.279 Y-6.899 Z5.800 F3912 A429.48279; Connection 
G1 X-2.953 Y-6.572 Z5.800 F3912 A429.49893; Infill 
G1 X-3.325 Y-6.384 Z5.800 F3912 A429.51351; Connection 
G1 X-3.122 Y-6.182 Z5.800 F3912 A429.52352; Infill 
G1 X-3.371 Y-5.870 Z5.800 F3912 A429.53745; Connection 
G1 X-3.245 Y-5.744 Z5.800 F3912 A429.54365; Infill 
G1 X-3.416 Y-5.356 Z5.800 F3912 A429.55851; Connection 
G1 X-3.344 Y-5.284 Z5.800 F3912 A429.56206; Infill 
G1 X-3.462 Y-4.841 Z5.800 F3912 A429.57807; Connection 
G1 X-3.390 Y-4.769 Z5.800 F3912 A429.58162; Infill 
G1 X-3.508 Y-4.327 Z5.800 F3912 A429.59763; Connection 
G1 X-3.436 Y-4.255 Z5.800 F3912 A429.60118; Infill 
G1 X-3.553 Y-3.813 Z5.800 F3912 A429.61719; Connection 
G1 X-3.482 Y-3.741 Z5.800 F3912 A429.62074; Infill 
G1 X-3.599 Y-3.298 Z5.800 F3912 A429.63674; Connection 
G1 X-3.527 Y-3.226 Z5.800 F3912 A429.64030; Infill 
G1 X-3.645 Y-2.784 Z5.800 F3912 A429.65630; Connection 
G1 X-3.573 Y-2.712 Z5.800 F3912 A429.65986; Infill 
G1 X-3.691 Y-2.270 Z5.800 F3912 A429.67586; Connection 
G1 X-3.619 Y-2.198 Z5.800 F3912 A429.67942; Infill 
G1 X-3.736 Y-1.755 Z5.800 F3912 A429.69542; Connection 
G1 X-3.664 Y-1.684 Z5.800 F3912 A429.69898; Infill 
G1 X-3.782 Y-1.241 Z5.800 F3912 A429.71498; Connection 
G1 X-3.710 Y-1.169 Z5.800 F3912 A429.71854; Infill 
G1 X-3.710 Y-1.169 Z5.800 F1500 A428.41854; Retract 
G1 X-3.710 Y-1.169 Z5.800 F3000; Retract 
G1 X-1.075 Y-8.614 Z5.800 F9000; Travel Move 
G1 X-1.075 Y-8.614 Z5.800 F1500 A429.71854; Restart 
G1 X-2.217 Y-9.757 Z5.800 F3912 A429.77502; Infill 
G1 X-1.312 Y-9.412 Z5.800 F3912 A429.80888; Connection 
G1 X-0.710 Y-8.810 Z5.800 F3912 A429.83866; Infill 
G1 X-0.408 Y-9.067 Z5.800 F3912 A429.85255; Connection 
G1 X-0.300 Y-8.960 Z5.800 F3912 A429.85787; Infill 
G1 X-0.300 Y-8.960 Z5.800 F1500 A428.55787; Retract 
G1 X-0.300 Y-8.960 Z5.800 F3000; Retract 
G1 X5.054 Y-6.965 Z5.800 F9000; Travel Move 
G1 X5.054 Y-6.965 Z5.800 F1500 A429.85787; Restart 
G1 X5.911 Y-6.109 Z5.800 F3912 A429.90024; Infill 
G1 X5.506 Y-5.954 Z5.800 F3912 A429.91540; Connection 
G1 X5.866 Y-5.594 Z5.800 F3912 A429.93317; Infill 
G1 X5.650 Y-5.250 Z5.800 F3912 A429.94738; Connection 
G1 X5.820 Y-5.080 Z5.800 F3912 A429.95579; Infill 
G1 X5.676 Y-4.663 Z5.800 F3912 A429.97119; Connection 
G1 X5.774 Y-4.566 Z5.800 F3912 A429.97603; Infill 
G1 X5.660 Y-4.120 Z5.800 F3912 A429.99212; Connection 
G1 X5.728 Y-4.051 Z5.800 F3912 A429.99550; Infill 
G1 X5.614 Y-3.605 Z5.800 F3912 A430.01159; Connection 
G1 X5.683 Y-3.537 Z5.800 F3912 A430.01498; Infill 
G1 X5.569 Y-3.091 Z5.800 F3912 A430.03107; Connection 
G1 X5.637 Y-3.023 Z5.800 F3912 A430.03446; Infill 
G1 X5.523 Y-2.577 Z5.800 F3912 A430.05054; Connection 
G1 X5.591 Y-2.508 Z5.800 F3912 A430.05393; Infill 
G1 X5.477 Y-2.063 Z5.800 F3912 A430.07002; Connection 
G1 X5.546 Y-1.994 Z5.800 F3912 A430.07341; Infill 
G1 X5.431 Y-1.548 Z5.800 F3912 A430.08950; Connection 
G1 X5.500 Y-1.480 Z5.800 F3912 A430.09288; Infill 
G1 X5.386 Y-1.034 Z5.800 F3912 A430.10897; Connection 
G1 X5.454 Y-0.965 Z5.800 F3912 A430.11236; Infill 
G1 X5.340 Y-0.520 Z5.800 F3912 A430.12845; Connection 
G1 X5.408 Y-0.451 Z5.800 F3912 A430.13183; Infill 
G1 X5.294 Y-0.005 Z5.800 F3912 A430.14792; Connection 
G1 X5.363 Y0.063 Z5.800 F3912 A430.15131; Infill 
G1 X5.248 Y0.509 Z5.800 F3912 A430.16740; Connection 
G1 X5.317 Y0.577 Z5.800 F3912 A430.17079; Infill 
G1 X5.203 Y1.023 Z5.800 F3912 A430.18687; Connection 
G1 X5.271 Y1.092 Z5.800 F3912 A430.19026; Infill 
G1 X5.957 Y-6.623 Z5.800 F3912 A430.46103; Connection 
G1 X5.926 Y-6.653 Z5.800 F3912 A430.46254; Infill 
; Chunk 57 
; Lower Position  5.6 
; Upper Position  5.8 
; Thickness       0.2 
; Width           0.4 
G1 X5.926 Y-6.653 Z5.800 F1500 A429.16254; Retract 
G1 X5.926 Y-6.653 Z5.800 F3000; Retract 
G1 X6.384 Y-8.550 Z5.800 F9000; Travel Move 
G1 X6.384 Y-8.550 Z5.800 F1500 A430.46254; Restart 
G1 X6.384 Y-15.354 Z5.800 F3912 A430.70043; Support 
G1 X4.404 Y-17.363 Z5.800 F6519; Leaky Travel Move 
G1 X4.404 Y-9.456 Z5.800 F3912 A430.97685; Support 
G1 X2.424 Y-10.384 Z5.800 F6519; Leaky Travel Move 
G1 X2.424 Y-17.578 Z5.800 F3912 A431.22836; Support 
G1 X0.444 Y-16.926 Z5.800 F6519; Leaky Travel Move 
G1 X0.444 Y-11.312 Z5.800 F3912 A431.42463; Support 
G1 X-1.536 Y-12.240 Z5.800 F6519; Leaky Travel Move 
G1 X-1.536 Y-16.219 Z5.800 F3912 A431.56375; Support 
G1 X-3.516 Y-15.331 Z5.800 F6519; Leaky Travel Move 
G1 X-3.516 Y-14.596 Z5.800 F3912 A431.58943; Support 
; Chunk 58 
; Lower Position  5.8 
; Upper Position  6 
; Thickness       0.2 
; Width           0.4 
G1 X-3.516 Y-14.596 Z5.800 F1500 A430.28943; Retract 
G1 X-3.516 Y-14.596 Z5.800 F3000; Retract 
G1 X-3.516 Y-14.596 Z6.000 F1380; Travel Move 
G1 X-3.516 Y-14.596 Z6.000 F1500 A431.58943; Restart 
G1 X-3.516 Y-15.331 Z6.000 F3880 A431.61511; Support 
G1 X-1.536 Y-16.219 Z6.000 F6467; Leaky Travel Move 
G1 X-1.536 Y-12.240 Z6.000 F3880 A431.75423; Support 
G1 X0.444 Y-11.310 Z6.000 F6467; Leaky Travel Move 
G1 X0.444 Y-16.926 Z6.000 F3880 A431.95054; Support 
G1 X2.424 Y-17.578 Z6.000 F6467; Leaky Travel Move 
G1 X2.424 Y-10.371 Z6.000 F3880 A432.20250; Support 
G1 X4.404 Y-17.363 Z6.000 F6467; Leaky Travel Move 
G1 X4.404 Y-9.450 Z6.000 F3880 A432.47913; Support 
G1 X6.384 Y-15.354 Z6.000 F6467; Leaky Travel Move 
G1 X6.384 Y-8.552 Z6.000 F3880 A432.71694; Support 
; Chunk 59 
; Lower Position  5.8 
; Upper Position  6 
; Thickness       0.2 
; Width           0.4 
G1 X6.384 Y-8.552 Z6.000 F1500 A431.41694; Retract 
G1 X6.384 Y-8.552 Z6.000 F3000; Retract 
G1 X4.232 Y-7.605 Z6.000 F9000; Travel Move 
G1 X4.232 Y-7.605 Z6.000 F1500 A432.71694; Restart 
G1 X4.668 Y-7.069 Z6.000 F3880 A432.74111; Inset 
G1 X5.022 Y-6.440 Z6.000 F3880 A432.76634; Inset 
G1 X5.243 Y-5.842 Z6.000 F3880 A432.78862; Inset 
G1 X5.381 Y-5.134 Z6.000 F3880 A432.81385; Inset 
G1 X5.396 Y-4.378 Z6.000 F3880 A432.84027; Inset 
G1 X4.856 Y1.690 Z6.000 F3880 A433.05326; Inset 
G1 X5.486 Y1.790 Z6.000 F3880 A433.07554; Inset 
G1 X5.499 Y1.761 Z6.000 F3880 A433.07667; Inset 
G1 X6.263 Y-6.831 Z6.000 F3880 A433.37822; Inset 
M73 P56; Update Progress 
G1 X4.232 Y-7.605 Z6.000 F3880 A433.45420; Inset 
G1 X4.232 Y-7.605 Z6.000 F1500 A432.15420; Retract 
G1 X4.232 Y-7.605 Z6.000 F3000; Retract 
G1 X-3.250 Y-10.456 Z6.000 F9000; Travel Move 
G1 X-3.250 Y-10.456 Z6.000 F1500 A433.45420; Restart 
G1 X-4.096 Y-0.937 Z6.000 F3880 A433.78830; Inset 
G1 X-4.091 Y-0.865 Z6.000 F3880 A433.79083; Inset 
G1 X-3.472 Y-0.619 Z6.000 F3880 A433.81412; Inset 
G1 X-3.055 Y-5.304 Z6.000 F3880 A433.97855; Inset 
G1 X-2.865 Y-6.073 Z6.000 F3880 A434.00627; Inset 
G1 X-2.571 Y-6.732 Z6.000 F3880 A434.03150; Inset 
G1 X-2.222 Y-7.265 Z6.000 F3880 A434.05377; Inset 
G1 X-1.735 Y-7.798 Z6.000 F3880 A434.07901; Inset 
G1 X-1.165 Y-8.242 Z6.000 F3880 A434.10424; Inset 
G1 X-0.529 Y-8.582 Z6.000 F3880 A434.12948; Inset 
G1 X0.156 Y-8.810 Z6.000 F3880 A434.15471; Inset 
G1 X0.808 Y-8.910 Z6.000 F3880 A434.17778; Inset 
G1 X-3.250 Y-10.456 Z6.000 F3880 A434.32960; Inset 
G1 X-3.250 Y-10.456 Z6.000 F1500 A433.02960; Retract 
G1 X-3.250 Y-10.456 Z6.000 F3000; Retract 
G1 X-3.526 Y-11.871 Z6.000 F9000; Travel Move 
G1 X-3.526 Y-11.871 Z6.000 F1500 A434.32960; Restart 
G1 X-4.497 Y-0.941 Z6.000 F3880 A434.71323; Inset 
G1 X-4.485 Y-0.768 Z6.000 F3880 A434.71929; Inset 
G1 X-4.438 Y-0.653 Z6.000 F3880 A434.72365; Inset 
G1 X-4.357 Y-0.558 Z6.000 F3880 A434.72800; Inset 
G1 X-4.214 Y-0.472 Z6.000 F3880 A434.73383; Inset 
G1 X-3.120 Y-0.058 Z6.000 F3880 A434.77472; Inset 
G1 X-2.658 Y-5.253 Z6.000 F3880 A434.95706; Inset 
G1 X-2.508 Y-5.881 Z6.000 F3880 A434.97963; Inset 
G1 X-2.251 Y-6.483 Z6.000 F3880 A435.00250; Inset 
G1 X-1.897 Y-7.032 Z6.000 F3880 A435.02536; Inset 
G1 X-1.454 Y-7.513 Z6.000 F3880 A435.04822; Inset 
G1 X-0.936 Y-7.913 Z6.000 F3880 A435.07108; Inset 
G1 X-0.359 Y-8.220 Z6.000 F3880 A435.09394; Inset 
G1 X0.262 Y-8.424 Z6.000 F3880 A435.11680; Inset 
G1 X0.909 Y-8.520 Z6.000 F3880 A435.13967; Inset 
G1 X1.563 Y-8.506 Z6.000 F3880 A435.16253; Inset 
G1 X2.205 Y-8.381 Z6.000 F3880 A435.18539; Inset 
G1 X2.817 Y-8.150 Z6.000 F3880 A435.20825; Inset 
G1 X3.380 Y-7.818 Z6.000 F3880 A435.23111; Inset 
G1 X3.880 Y-7.396 Z6.000 F3880 A435.25397; Inset 
G1 X4.301 Y-6.896 Z6.000 F3880 A435.27684; Inset 
G1 X4.631 Y-6.332 Z6.000 F3880 A435.29970; Inset 
G1 X4.861 Y-5.720 Z6.000 F3880 A435.32256; Inset 
G1 X4.985 Y-5.077 Z6.000 F3880 A435.34542; Inset 
G1 X4.996 Y-4.403 Z6.000 F3880 A435.36899; Inset 
G1 X4.425 Y2.021 Z6.000 F3880 A435.59447; Inset 
G1 X5.393 Y2.190 Z6.000 F3880 A435.62880; Inset 
G1 X5.555 Y2.190 Z6.000 F3880 A435.63448; Inset 
G1 X5.680 Y2.148 Z6.000 F3880 A435.63907; Inset 
G1 X5.812 Y2.042 Z6.000 F3880 A435.64500; Inset 
G1 X5.896 Y1.813 Z6.000 F3880 A435.65351; Inset 
G1 X6.688 Y-7.097 Z6.000 F3880 A435.96625; Inset 
G1 X-3.034 Y-10.802 Z6.000 F3880 A436.32997; Inset 
G1 X-3.219 Y-10.992 Z6.000 F3880 A436.33924; Inset 
G1 X-3.526 Y-11.871 Z6.000 F3880 A436.37179; Inset 
G1 X-3.526 Y-11.871 Z6.000 F1500 A435.07179; Retract 
G1 X-3.526 Y-11.871 Z6.000 F3000; Retract 
G1 X-3.767 Y-13.433 Z6.000 F9000; Travel Move 
G1 X-3.767 Y-13.433 Z6.000 F1500 A436.37179; Restart 
G1 X-3.812 Y-13.169 Z6.000 F1724 A436.38116; Inset 
G1 X-4.899 Y-0.944 Z6.000 F1724 A436.81020; Inset 
G1 X-4.880 Y-0.676 Z6.000 F1724 A436.81962; Inset 
G1 X-4.783 Y-0.441 Z6.000 F1724 A436.82847; Inset 
G1 X-4.618 Y-0.249 Z6.000 F1724 A436.83733; Inset 
G1 X-4.390 Y-0.111 Z6.000 F1724 A436.84667; Inset 
G1 X-2.768 Y0.503 Z6.000 F1724 A436.90728; Inset 
G1 X-2.261 Y-5.210 Z6.000 F1724 A437.10780; Inset 
G1 X-2.122 Y-5.778 Z6.000 F1724 A437.12823; Inset 
G1 X-1.888 Y-6.315 Z6.000 F1724 A437.14872; Inset 
G1 X-1.567 Y-6.806 Z6.000 F1724 A437.16921; Inset 
G1 X-1.167 Y-7.235 Z6.000 F1724 A437.18971; Inset 
G1 X-0.701 Y-7.590 Z6.000 F1724 A437.21020; Inset 
G1 X-0.181 Y-7.861 Z6.000 F1724 A437.23069; Inset 
G1 X0.377 Y-8.041 Z6.000 F1724 A437.25118; Inset 
G1 X0.957 Y-8.123 Z6.000 F1724 A437.27168; Inset 
G1 X1.543 Y-8.106 Z6.000 F1724 A437.29217; Inset 
G1 X2.118 Y-7.991 Z6.000 F1724 A437.31266; Inset 
G1 X2.665 Y-7.780 Z6.000 F1724 A437.33316; Inset 
G1 X3.168 Y-7.479 Z6.000 F1724 A437.35364; Inset 
G1 X3.613 Y-7.098 Z6.000 F1724 A437.37414; Inset 
G1 X3.988 Y-6.647 Z6.000 F1724 A437.39463; Inset 
G1 X4.280 Y-6.139 Z6.000 F1724 A437.41512; Inset 
G1 X4.483 Y-5.589 Z6.000 F1724 A437.43562; Inset 
G1 X4.590 Y-5.013 Z6.000 F1724 A437.45611; Inset 
G1 X4.598 Y-4.434 Z6.000 F1724 A437.47636; Inset 
G1 X3.994 Y2.352 Z6.000 F1724 A437.71451; Inset 
G1 X5.358 Y2.590 Z6.000 F1724 A437.76292; Inset 
G1 X5.621 Y2.590 Z6.000 F1724 A437.77210; Inset 
G1 X5.871 Y2.506 Z6.000 F1724 A437.78131; Inset 
G1 X6.085 Y2.341 Z6.000 F1724 A437.79078; Inset 
G1 X6.157 Y2.250 Z6.000 F1724 A437.79481; Inset 
G1 X6.270 Y1.995 Z6.000 F1724 A437.80457; Inset 
G1 X6.293 Y1.865 Z6.000 F1724 A437.80918; Inset 
G1 X7.101 Y-7.226 Z6.000 F1724 A438.12826; Inset 
G1 X7.093 Y-7.371 Z6.000 F1724 A438.13334; Inset 
G1 X-2.854 Y-11.162 Z6.000 F1724 A438.50548; Inset 
G1 X-3.651 Y-13.442 Z6.000 F1724 A438.58993; Inset 
G1 X-3.767 Y-13.433 Z6.000 F1724 A438.59399; Inset 
G1 X-3.767 Y-13.433 Z6.000 F1500 A437.29399; Retract 
G1 X-3.767 Y-13.433 Z6.000 F3000; Retract 
G1 X-2.690 Y-9.937 Z6.000 F9000; Travel Move 
G1 X-2.690 Y-9.937 Z6.000 F1500 A438.59399; Restart 
G1 X-3.040 Y-9.588 Z6.000 F3880 A438.61128; Infill 
G1 X-3.095 Y-8.973 Z6.000 F3880 A438.63285; Connection 
G1 X-2.285 Y-9.783 Z6.000 F3880 A438.67289; Infill 
G1 X-1.879 Y-9.628 Z6.000 F3880 A438.68806; Connection 
G1 X-3.149 Y-8.358 Z6.000 F3880 A438.75084; Infill 
G1 X-3.204 Y-7.744 Z6.000 F3880 A438.77242; Connection 
G1 X-1.474 Y-9.474 Z6.000 F3880 A438.85795; Infill 
G1 X-1.068 Y-9.319 Z6.000 F3880 A438.87312; Connection 
G1 X-3.259 Y-7.129 Z6.000 F3880 A438.98141; Infill 
G1 X-3.313 Y-6.514 Z6.000 F3880 A439.00298; Connection 
G1 X-2.567 Y-7.261 Z6.000 F3880 A439.03989; Infill 
G1 X-3.149 Y-6.119 Z6.000 F3880 A439.08471; Connection 
G1 X-3.368 Y-5.900 Z6.000 F3880 A439.09555; Infill 
G1 X-3.332 Y-5.375 Z6.000 F3880 A439.11392; Connection 
G1 X-3.423 Y-5.285 Z6.000 F3880 A439.11838; Infill 
G1 X-3.391 Y-4.756 Z6.000 F3880 A439.13690; Connection 
G1 X-3.477 Y-4.670 Z6.000 F3880 A439.14115; Infill 
G1 X-3.446 Y-4.142 Z6.000 F3880 A439.15966; Connection 
G1 X-3.532 Y-4.056 Z6.000 F3880 A439.16391; Infill 
G1 X-3.501 Y-3.527 Z6.000 F3880 A439.18243; Connection 
G1 X-3.586 Y-3.441 Z6.000 F3880 A439.18668; Infill 
G1 X-3.555 Y-2.912 Z6.000 F3880 A439.20520; Connection 
G1 X-3.641 Y-2.826 Z6.000 F3880 A439.20945; Infill 
G1 X-3.610 Y-2.298 Z6.000 F3880 A439.22796; Connection 
G1 X-3.696 Y-2.212 Z6.000 F3880 A439.23221; Infill 
G1 X-3.664 Y-1.683 Z6.000 F3880 A439.25073; Connection 
G1 X-3.750 Y-1.597 Z6.000 F3880 A439.25498; Infill 
G1 X-3.719 Y-1.068 Z6.000 F3880 A439.27349; Connection 
G1 X-3.750 Y-1.037 Z6.000 F3880 A439.27502; Infill 
G1 X-3.750 Y-1.037 Z6.000 F1500 A437.97502; Retract 
G1 X-3.750 Y-1.037 Z6.000 F3000; Retract 
G1 X-1.428 Y-8.400 Z6.000 F9000; Travel Move 
G1 X-1.428 Y-8.400 Z6.000 F1500 A439.27502; Restart 
G1 X-0.663 Y-9.165 Z6.000 F3880 A439.31283; Infill 
G1 X-0.312 Y-8.956 Z6.000 F3880 A439.32711; Connection 
G1 X-0.257 Y-9.010 Z6.000 F3880 A439.32980; Infill 
G1 X-0.257 Y-9.010 Z6.000 F1500 A438.02980; Retract 
G1 X-0.257 Y-9.010 Z6.000 F3000; Retract 
G1 X5.229 Y-6.656 Z6.000 F9000; Travel Move 
G1 X5.229 Y-6.656 Z6.000 F1500 A439.32980; Restart 
G1 X5.419 Y-6.847 Z6.000 F3880 A439.33923; Infill 
G1 X5.825 Y-6.692 Z6.000 F3880 A439.35440; Connection 
G1 X5.393 Y-6.260 Z6.000 F3880 A439.37575; Infill 
G1 X5.534 Y-5.841 Z6.000 F3880 A439.39121; Connection 
G1 X5.922 Y-6.229 Z6.000 F3880 A439.41039; Infill 
G1 X5.867 Y-5.614 Z6.000 F3880 A439.43197; Connection 
G1 X5.626 Y-5.373 Z6.000 F3880 A439.44391; Infill 
G1 X5.813 Y-5.000 Z6.000 F3880 A439.45850; Connection 
G1 X5.672 Y-4.859 Z6.000 F3880 A439.46544; Infill 
G1 X5.758 Y-4.385 Z6.000 F3880 A439.48229; Connection 
G1 X5.676 Y-4.303 Z6.000 F3880 A439.48634; Infill 
G1 X5.703 Y-3.770 Z6.000 F3880 A439.50499; Connection 
M73 P57; Update Progress 
G1 X5.622 Y-3.689 Z6.000 F3880 A439.50904; Infill 
G1 X5.649 Y-3.156 Z6.000 F3880 A439.52769; Connection 
G1 X5.567 Y-3.074 Z6.000 F3880 A439.53174; Infill 
G1 X5.594 Y-2.541 Z6.000 F3880 A439.55039; Connection 
G1 X5.512 Y-2.459 Z6.000 F3880 A439.55444; Infill 
G1 X5.540 Y-1.926 Z6.000 F3880 A439.57309; Connection 
G1 X5.458 Y-1.845 Z6.000 F3880 A439.57713; Infill 
G1 X5.485 Y-1.312 Z6.000 F3880 A439.59578; Connection 
G1 X5.403 Y-1.230 Z6.000 F3880 A439.59983; Infill 
G1 X5.430 Y-0.697 Z6.000 F3880 A439.61848; Connection 
G1 X5.348 Y-0.615 Z6.000 F3880 A439.62253; Infill 
G1 X5.376 Y-0.082 Z6.000 F3880 A439.64118; Connection 
G1 X5.294 Y-0.001 Z6.000 F3880 A439.64523; Infill 
G1 X5.321 Y0.532 Z6.000 F3880 A439.66388; Connection 
G1 X5.239 Y0.614 Z6.000 F3880 A439.66793; Infill 
G1 X5.266 Y1.147 Z6.000 F3880 A439.68658; Connection 
G1 X5.184 Y1.229 Z6.000 F3880 A439.69063; Infill 
; Chunk 60 
; Lower Position  6 
; Upper Position  6.2 
; Thickness       0.2 
; Width           0.4 
G1 X5.184 Y1.229 Z6.000 F1500 A438.39063; Retract 
G1 X5.184 Y1.229 Z6.000 F3000; Retract 
G1 X5.184 Y1.229 Z6.200 F1380; Travel Move 
G1 X-2.442 Y-14.152 Z6.200 F9000; Travel Move 
G1 X-2.442 Y-14.152 Z6.200 F1500 A439.69063; Restart 
G1 X-2.772 Y-13.793 Z6.200 F5400 A439.70768; Inset 
G1 X-2.970 Y-13.347 Z6.200 F5400 A439.72474; Inset 
G1 X-3.018 Y-13.065 Z6.200 F5400 A439.73473; Inset 
G1 X-4.096 Y-0.937 Z6.200 F5400 A440.16039; Inset 
G1 X-4.091 Y-0.865 Z6.200 F5400 A440.16292; Inset 
G1 X-4.046 Y-0.838 Z6.200 F5400 A440.16476; Inset 
G1 X-0.795 Y0.329 Z6.200 F5400 A440.28553; Inset 
G1 X1.348 Y0.942 Z6.200 F5400 A440.36343; Inset 
G1 X3.333 Y1.407 Z6.200 F5400 A440.43472; Inset 
G1 X5.431 Y1.790 Z6.200 F5400 A440.50926; Inset 
G1 X5.486 Y1.790 Z6.200 F5400 A440.51119; Inset 
G1 X5.499 Y1.761 Z6.200 F5400 A440.51232; Inset 
G1 X6.299 Y-7.244 Z6.200 F5400 A440.82835; Inset 
G1 X6.293 Y-7.377 Z6.200 F5400 A440.83303; Inset 
G1 X5.337 Y-12.604 Z6.200 F5400 A441.01877; Inset 
G1 X5.188 Y-12.311 Z6.200 F5400 A441.03024; Inset 
G1 X4.741 Y-11.803 Z6.200 F5400 A441.05392; Inset 
G1 X4.608 Y-11.696 Z6.200 F5400 A441.05987; Inset 
G1 X3.917 Y-11.328 Z6.200 F5400 A441.08723; Inset 
G1 X3.421 Y-11.216 Z6.200 F5400 A441.10501; Inset 
G1 X2.765 Y-11.216 Z6.200 F5400 A441.12794; Inset 
G1 X2.598 Y-11.245 Z6.200 F5400 A441.13389; Inset 
G1 X1.959 Y-11.470 Z6.200 F5400 A441.15757; Inset 
G1 X1.811 Y-11.553 Z6.200 F5400 A441.16352; Inset 
G1 X1.300 Y-11.965 Z6.200 F5400 A441.18645; Inset 
G1 X0.985 Y-12.365 Z6.200 F5400 A441.20424; Inset 
G1 X0.686 Y-13.065 Z6.200 F5400 A441.23085; Inset 
G1 X0.605 Y-13.567 Z6.200 F5400 A441.24863; Inset 
G1 X0.689 Y-14.345 Z6.200 F5400 A441.27599; Inset 
G1 X0.739 Y-14.508 Z6.200 F5400 A441.28194; Inset 
G1 X1.043 Y-15.113 Z6.200 F5400 A441.30562; Inset 
G1 X1.145 Y-15.249 Z6.200 F5400 A441.31157; Inset 
G1 X1.544 Y-15.632 Z6.200 F5400 A441.33092; Inset 
G1 X-1.976 Y-14.403 Z6.200 F5400 A441.46130; Inset 
G1 X-2.442 Y-14.152 Z6.200 F5400 A441.47979; Inset 
G1 X-2.442 Y-14.152 Z6.200 F1500 A440.17979; Retract 
G1 X-2.442 Y-14.152 Z6.200 F3000; Retract 
G1 X1.970 Y-15.463 Z6.200 F9000; Travel Move 
G1 X1.970 Y-15.463 Z6.200 F1500 A441.47979; Restart 
G1 X2.624 Y-15.739 Z6.200 F5400 A441.50461; Inset 
G1 X3.295 Y-15.787 Z6.200 F5400 A441.52811; Inset 
G1 X3.694 Y-15.708 Z6.200 F5400 A441.54234; Inset 
G1 X4.291 Y-15.428 Z6.200 F5400 A441.56540; Inset 
G1 X4.602 Y-15.165 Z6.200 F5400 A441.57962; Inset 
G1 X5.002 Y-14.594 Z6.200 F5400 A441.60400; Inset 
G1 X5.194 Y-13.910 Z6.200 F5400 A441.62882; Inset 
G1 X5.146 Y-13.202 Z6.200 F5400 A441.65364; Inset 
G1 X4.865 Y-12.550 Z6.200 F5400 A441.67847; Inset 
G1 X4.463 Y-12.093 Z6.200 F5400 A441.69976; Inset 
G1 X3.863 Y-11.738 Z6.200 F5400 A441.72414; Inset 
G1 X3.472 Y-11.626 Z6.200 F5400 A441.73836; Inset 
G1 X2.799 Y-11.616 Z6.200 F5400 A441.76187; Inset 
G1 X2.124 Y-11.836 Z6.200 F5400 A441.78669; Inset 
G1 X1.571 Y-12.261 Z6.200 F5400 A441.81106; Inset 
G1 X1.322 Y-12.582 Z6.200 F5400 A441.82529; Inset 
G1 X1.067 Y-13.190 Z6.200 F5400 A441.84835; Inset 
G1 X1.005 Y-13.669 Z6.200 F5400 A441.86522; Inset 
G1 X1.111 Y-14.358 Z6.200 F5400 A441.88960; Inset 
G1 X1.446 Y-14.984 Z6.200 F5400 A441.91442; Inset 
G1 X1.970 Y-15.463 Z6.200 F5400 A441.93924; Inset 
G1 X1.970 Y-15.463 Z6.200 F1500 A440.63924; Retract 
G1 X1.970 Y-15.463 Z6.200 F3000; Retract 
G1 X2.150 Y-15.105 Z6.200 F9000; Travel Move 
G1 X2.150 Y-15.105 Z6.200 F1500 A441.93924; Restart 
G1 X2.675 Y-15.342 Z6.200 F2400 A441.95936; Inset 
G1 X3.240 Y-15.390 Z6.200 F2400 A441.97918; Inset 
G1 X3.541 Y-15.339 Z6.200 F2400 A441.98987; Inset 
G1 X4.050 Y-15.109 Z6.200 F2400 A442.00938; Inset 
G1 X4.288 Y-14.917 Z6.200 F2400 A442.02007; Inset 
G1 X4.625 Y-14.461 Z6.200 F2400 A442.03989; Inset 
G1 X4.793 Y-13.911 Z6.200 F2400 A442.06001; Inset 
G1 X4.769 Y-13.336 Z6.200 F2400 A442.08013; Inset 
G1 X4.554 Y-12.801 Z6.200 F2400 A442.10026; Inset 
G1 X4.174 Y-12.369 Z6.200 F2400 A442.12038; Inset 
G1 X3.679 Y-12.093 Z6.200 F2400 A442.14020; Inset 
G1 X3.383 Y-12.016 Z6.200 F2400 A442.15088; Inset 
G1 X2.816 Y-12.016 Z6.200 F2400 A442.17070; Inset 
G1 X2.274 Y-12.208 Z6.200 F2400 A442.19082; Inset 
G1 X1.832 Y-12.564 Z6.200 F2400 A442.21064; Inset 
G1 X1.651 Y-12.810 Z6.200 F2400 A442.22133; Inset 
G1 X1.443 Y-13.328 Z6.200 F2400 A442.24084; Inset 
G1 X1.404 Y-13.631 Z6.200 F2400 A442.25153; Inset 
G1 X1.476 Y-14.193 Z6.200 F2400 A442.27135; Inset 
G1 X1.735 Y-14.707 Z6.200 F2400 A442.29147; Inset 
G1 X2.150 Y-15.105 Z6.200 F2400 A442.31159; Inset 
G1 X2.150 Y-15.105 Z6.200 F1500 A441.01159; Retract 
G1 X2.150 Y-15.105 Z6.200 F3000; Retract 
G1 X-2.689 Y-14.468 Z6.200 F9000; Travel Move 
G1 X-2.689 Y-14.468 Z6.200 F1500 A442.31159; Restart 
G1 X-2.917 Y-14.258 Z6.200 F5400 A442.32245; Inset 
G1 X-3.108 Y-14.013 Z6.200 F5400 A442.33330; Inset 
G1 X-3.256 Y-13.740 Z6.200 F5400 A442.34415; Inset 
G1 X-3.358 Y-13.447 Z6.200 F5400 A442.35500; Inset 
G1 X-3.415 Y-13.117 Z6.200 F5400 A442.36671; Inset 
G1 X-4.497 Y-0.941 Z6.200 F5400 A442.79406; Inset 
G1 X-4.485 Y-0.768 Z6.200 F5400 A442.80011; Inset 
G1 X-4.438 Y-0.653 Z6.200 F5400 A442.80447; Inset 
G1 X-4.357 Y-0.558 Z6.200 F5400 A442.80882; Inset 
G1 X-4.219 Y-0.475 Z6.200 F5400 A442.81447; Inset 
G1 X-0.917 Y0.710 Z6.200 F5400 A442.93709; Inset 
G1 X1.247 Y1.329 Z6.200 F5400 A443.01579; Inset 
G1 X3.252 Y1.798 Z6.200 F5400 A443.08777; Inset 
G1 X5.395 Y2.190 Z6.200 F5400 A443.16393; Inset 
G1 X5.555 Y2.190 Z6.200 F5400 A443.16953; Inset 
G1 X5.680 Y2.148 Z6.200 F5400 A443.17413; Inset 
G1 X5.812 Y2.042 Z6.200 F5400 A443.18005; Inset 
G1 X5.896 Y1.813 Z6.200 F5400 A443.18857; Inset 
G1 X6.700 Y-7.235 Z6.200 F5400 A443.50615; Inset 
G1 X6.692 Y-7.423 Z6.200 F5400 A443.51272; Inset 
G1 X5.407 Y-14.443 Z6.200 F5400 A443.76222; Inset 
G1 X5.291 Y-14.867 Z6.200 F5400 A443.77758; Inset 
G1 X5.114 Y-15.242 Z6.200 F5400 A443.79206; Inset 
G1 X4.887 Y-15.567 Z6.200 F5400 A443.80593; Inset 
G1 X4.600 Y-15.858 Z6.200 F5400 A443.82023; Inset 
G1 X4.270 Y-16.094 Z6.200 F5400 A443.83440; Inset 
G1 X3.851 Y-16.293 Z6.200 F5400 A443.85062; Inset 
G1 X3.459 Y-16.398 Z6.200 F5400 A443.86481; Inset 
G1 X3.064 Y-16.435 Z6.200 F5400 A443.87868; Inset 
G1 X2.651 Y-16.403 Z6.200 F5400 A443.89316; Inset 
G1 X2.226 Y-16.294 Z6.200 F5400 A443.90851; Inset 
G1 X-2.124 Y-14.775 Z6.200 F5400 A444.06957; Inset 
G1 X-2.430 Y-14.639 Z6.200 F5400 A444.08128; Inset 
G1 X-2.689 Y-14.468 Z6.200 F5400 A444.09214; Inset 
G1 X-2.689 Y-14.468 Z6.200 F1500 A442.79214; Retract 
G1 X-2.689 Y-14.468 Z6.200 F3000; Retract 
G1 X-2.936 Y-14.785 Z6.200 F9000; Travel Move 
G1 X-2.936 Y-14.785 Z6.200 F1500 A444.09214; Restart 
G1 X-3.213 Y-14.529 Z6.200 F2400 A444.10528; Inset 
G1 X-3.444 Y-14.233 Z6.200 F2400 A444.11843; Inset 
G1 X-3.624 Y-13.902 Z6.200 F2400 A444.13158; Inset 
G1 X-3.747 Y-13.547 Z6.200 F2400 A444.14472; Inset 
G1 X-3.812 Y-13.169 Z6.200 F2400 A444.15815; Inset 
G1 X-4.899 Y-0.944 Z6.200 F2400 A444.58719; Inset 
G1 X-4.880 Y-0.676 Z6.200 F2400 A444.59661; Inset 
G1 X-4.783 Y-0.441 Z6.200 F2400 A444.60547; Inset 
G1 X-4.618 Y-0.249 Z6.200 F2400 A444.61432; Inset 
G1 X-4.391 Y-0.112 Z6.200 F2400 A444.62360; Inset 
G1 X-1.040 Y1.091 Z6.200 F2400 A444.74808; Inset 
G1 X1.147 Y1.716 Z6.200 F2400 A444.82759; Inset 
G1 X3.170 Y2.190 Z6.200 F2400 A444.90024; Inset 
G1 X5.359 Y2.590 Z6.200 F2400 A444.97804; Inset 
G1 X5.621 Y2.590 Z6.200 F2400 A444.98719; Inset 
G1 X5.871 Y2.506 Z6.200 F2400 A444.99640; Inset 
G1 X6.085 Y2.341 Z6.200 F2400 A445.00587; Inset 
G1 X6.157 Y2.250 Z6.200 F2400 A445.00990; Inset 
G1 X6.270 Y1.995 Z6.200 F2400 A445.01966; Inset 
G1 X6.293 Y1.865 Z6.200 F2400 A445.02427; Inset 
G1 X7.101 Y-7.227 Z6.200 F2400 A445.34338; Inset 
G1 X7.090 Y-7.468 Z6.200 F2400 A445.35183; Inset 
G1 X5.797 Y-14.532 Z6.200 F2400 A445.60289; Inset 
G1 X5.667 Y-15.006 Z6.200 F2400 A445.62006; Inset 
G1 X5.462 Y-15.443 Z6.200 F2400 A445.63694; Inset 
G1 X5.196 Y-15.824 Z6.200 F2400 A445.65318; Inset 
G1 X4.861 Y-16.163 Z6.200 F2400 A445.66986; Inset 
G1 X4.474 Y-16.440 Z6.200 F2400 A445.68649; Inset 
G1 X3.990 Y-16.670 Z6.200 F2400 A445.70523; Inset 
G1 X3.530 Y-16.793 Z6.200 F2400 A445.72187; Inset 
G1 X3.067 Y-16.836 Z6.200 F2400 A445.73811; Inset 
G1 X2.586 Y-16.799 Z6.200 F2400 A445.75499; Inset 
G1 X2.110 Y-16.677 Z6.200 F2400 A445.77216; Inset 
G1 X-2.271 Y-15.147 Z6.200 F2400 A445.93439; Inset 
G1 X-2.622 Y-14.991 Z6.200 F2400 A445.94783; Inset 
G1 X-2.936 Y-14.785 Z6.200 F2400 A445.96098; Inset 
G1 X-2.936 Y-14.785 Z6.200 F1500 A444.66098; Retract 
G1 X-2.936 Y-14.785 Z6.200 F3000; Retract 
G1 X-2.360 Y-13.819 Z6.200 F9000; Travel Move 
G1 X-2.360 Y-13.819 Z6.200 F1500 A445.96098; Restart 
G1 X0.942 Y-10.517 Z6.200 F5400 A446.12423; Infill 
G1 X1.948 Y-10.072 Z6.200 F5400 A446.16267; Connection 
G1 X-2.029 Y-14.049 Z6.200 F5400 A446.35930; Infill 
G1 X-1.638 Y-14.218 Z6.200 F5400 A446.37421; Connection 
G1 X3.010 Y-9.569 Z6.200 F5400 A446.60403; Infill 
G1 X4.061 Y-9.079 Z6.200 F5400 A446.64454; Connection 
G1 X1.980 Y-11.159 Z6.200 F5400 A446.74738; Infill 
G1 X2.770 Y-10.930 Z6.200 F5400 A446.77613; Connection 
G1 X5.064 Y-8.635 Z6.200 F5400 A446.88957; Infill 
G1 X5.805 Y-8.455 Z6.200 F5400 A446.91623; Connection 
G1 X3.330 Y-10.930 Z6.200 F5400 A447.03861; Infill 
G1 X3.809 Y-11.011 Z6.200 F5400 A447.05560; Connection 
G1 X5.680 Y-9.140 Z6.200 F5400 A447.14809; Infill 
G1 X5.554 Y-9.826 Z6.200 F5400 A447.17245; Connection 
G1 X4.217 Y-11.163 Z6.200 F5400 A447.23860; Infill 
G1 X4.582 Y-11.358 Z6.200 F5400 A447.25307; Connection 
G1 X5.429 Y-10.511 Z6.200 F5400 A447.29495; Infill 
G1 X5.304 Y-11.196 Z6.200 F5400 A447.31931; Connection 
G1 X4.920 Y-11.580 Z6.200 F5400 A447.33827; Infill 
G1 X4.920 Y-11.580 Z6.200 F1500 A446.03827; Retract 
G1 X4.920 Y-11.580 Z6.200 F3000; Retract 
G1 X0.598 Y-12.542 Z6.200 F9000; Travel Move 
G1 X0.598 Y-12.542 Z6.200 F1500 A447.33827; Restart 
G1 X-1.223 Y-14.363 Z6.200 F5400 A447.42831; Infill 
G1 X-0.808 Y-14.508 Z6.200 F5400 A447.44368; Connection 
G1 X0.351 Y-13.349 Z6.200 F5400 A447.50096; Infill 
G1 X0.354 Y-13.906 Z6.200 F5400 A447.52042; Connection 
G1 X-0.393 Y-14.653 Z6.200 F5400 A447.55735; Infill 
G1 X0.022 Y-14.798 Z6.200 F5400 A447.57272; Connection 
G1 X0.410 Y-14.410 Z6.200 F5400 A447.59190; Infill 
G1 X0.570 Y-14.810 Z6.200 F5400 A447.60695; Connection 
G1 X0.437 Y-14.943 Z6.200 F5400 A447.61354; Infill 
G1 X0.437 Y-14.943 Z6.200 F1500 A446.31354; Retract 
G1 X0.437 Y-14.943 Z6.200 F3000; Retract 
G1 X-2.593 Y-13.492 Z6.200 F9000; Travel Move 
G1 X-2.593 Y-13.492 Z6.200 F1500 A447.61354; Restart 
G1 X-0.142 Y-11.042 Z6.200 F5400 A447.73468; Infill 
G1 X-1.166 Y-11.506 Z6.200 F5400 A447.77398; Connection 
G1 X-2.728 Y-13.067 Z6.200 F5400 A447.85117; Infill 
G1 X-2.776 Y-12.556 Z6.200 F5400 A447.86913; Connection 
G1 X-2.196 Y-11.976 Z6.200 F5400 A447.89780; Infill 
G1 X-2.795 Y-12.015 Z6.200 F5400 A447.91879; Connection 
G1 X-2.822 Y-12.042 Z6.200 F5400 A447.92011; Infill 
G1 X-2.822 Y-12.042 Z6.200 F1500 A446.62011; Retract 
G1 X-2.822 Y-12.042 Z6.200 F3000; Retract 
G1 X-2.789 Y-11.861 Z6.200 F9000; Travel Move 
G1 X-2.789 Y-11.861 Z6.200 F1500 A447.92011; Restart 
G1 X5.865 Y-7.858 Z6.200 F2400 A448.25344; Bridge 
G1 X5.865 Y-7.858 Z6.200 F1500 A446.95344; Retract 
G1 X5.865 Y-7.858 Z6.200 F3000; Retract 
G1 X5.917 Y-7.783 Z6.200 F9000; Travel Move 
G1 X5.917 Y-7.783 Z6.200 F1500 A448.25344; Restart 
G1 X5.931 Y-7.769 Z6.200 F5400 A448.25414; Infill 
G1 X6.003 Y-7.137 Z6.200 F5400 A448.27637; Connection 
G1 X5.260 Y-7.880 Z6.200 F5400 A448.31311; Infill 
G1 X4.276 Y-8.304 Z6.200 F5400 A448.35057; Connection 
G1 X5.957 Y-6.623 Z6.200 F5400 A448.43369; Infill 
G1 X5.911 Y-6.109 Z6.200 F5400 A448.45174; Connection 
M73 P58; Update Progress 
G1 X3.294 Y-8.726 Z6.200 F5400 A448.58113; Infill 
G1 X2.389 Y-9.070 Z6.200 F5400 A448.61499; Connection 
G1 X5.866 Y-5.594 Z6.200 F5400 A448.78686; Infill 
G1 X5.820 Y-5.080 Z6.200 F5400 A448.80491; Connection 
G1 X5.156 Y-5.743 Z6.200 F5400 A448.83771; Infill 
G1 X5.264 Y-5.076 Z6.200 F5400 A448.86133; Connection 
G1 X5.774 Y-4.566 Z6.200 F5400 A448.88657; Infill 
G1 X5.264 Y-4.516 Z6.200 F5400 A448.90450; Connection 
G1 X5.728 Y-4.051 Z6.200 F5400 A448.92747; Infill 
G1 X5.264 Y-3.956 Z6.200 F5400 A448.94404; Connection 
G1 X5.683 Y-3.537 Z6.200 F5400 A448.96474; Infill 
G1 X5.215 Y-3.444 Z6.200 F5400 A448.98141; Connection 
G1 X5.637 Y-3.023 Z6.200 F5400 A449.00226; Infill 
G1 X5.156 Y-2.943 Z6.200 F5400 A449.01929; Connection 
G1 X5.591 Y-2.508 Z6.200 F5400 A449.04079; Infill 
G1 X5.140 Y-2.399 Z6.200 F5400 A449.05701; Connection 
G1 X5.546 Y-1.994 Z6.200 F5400 A449.07706; Infill 
G1 X5.039 Y-1.941 Z6.200 F5400 A449.09486; Connection 
G1 X5.500 Y-1.480 Z6.200 F5400 A449.11765; Infill 
G1 X5.025 Y-1.395 Z6.200 F5400 A449.13452; Connection 
G1 X5.454 Y-0.965 Z6.200 F5400 A449.15576; Infill 
G1 X4.981 Y-0.879 Z6.200 F5400 A449.17259; Connection 
G1 X5.408 Y-0.451 Z6.200 F5400 A449.19374; Infill 
G1 X4.910 Y-0.389 Z6.200 F5400 A449.21129; Connection 
G1 X5.363 Y0.063 Z6.200 F5400 A449.23366; Infill 
G1 X4.897 Y0.158 Z6.200 F5400 A449.25027; Connection 
G1 X5.317 Y0.578 Z6.200 F5400 A449.27103; Infill 
G1 X4.845 Y0.665 Z6.200 F5400 A449.28783; Connection 
G1 X5.271 Y1.092 Z6.200 F5400 A449.30892; Infill 
G1 X5.049 Y1.430 Z6.200 F5400 A449.32305; Connection 
G1 X4.784 Y1.164 Z6.200 F5400 A449.33618; Infill 
G1 X4.364 Y1.304 Z6.200 F5400 A449.35165; Connection 
G1 X4.328 Y1.268 Z6.200 F5400 A449.35344; Infill 
G1 X-3.284 Y-1.303 Z6.200 F5400 A449.63433; Connection 
G1 X-3.736 Y-1.755 Z6.200 F5400 A449.65668; Infill 
G1 X-3.271 Y-1.850 Z6.200 F5400 A449.67329; Connection 
G1 X-3.691 Y-2.270 Z6.200 F5400 A449.69405; Infill 
G1 X-3.206 Y-2.345 Z6.200 F5400 A449.71120; Connection 
G1 X-3.645 Y-2.784 Z6.200 F5400 A449.73291; Infill 
G1 X-3.156 Y-2.856 Z6.200 F5400 A449.75017; Connection 
G1 X-3.599 Y-3.298 Z6.200 F5400 A449.77206; Infill 
G1 X-3.142 Y-3.401 Z6.200 F5400 A449.78845; Connection 
G1 X-3.553 Y-3.813 Z6.200 F5400 A449.80879; Infill 
G1 X-3.045 Y-3.864 Z6.200 F5400 A449.82666; Connection 
G1 X-3.508 Y-4.327 Z6.200 F5400 A449.84953; Infill 
G1 X-3.026 Y-4.406 Z6.200 F5400 A449.86658; Connection 
G1 X-3.462 Y-4.841 Z6.200 F5400 A449.88811; Infill 
G1 X-2.997 Y-4.937 Z6.200 F5400 A449.90469; Connection 
G1 X-3.416 Y-5.356 Z6.200 F5400 A449.92540; Infill 
G1 X-3.371 Y-5.870 Z6.200 F5400 A449.94345; Connection 
G1 X-2.898 Y-5.397 Z6.200 F5400 A449.96682; Infill 
G1 X-2.798 Y-5.858 Z6.200 F5400 A449.98329; Connection 
G1 X-3.325 Y-6.384 Z6.200 F5400 A450.00931; Infill 
G1 X-3.279 Y-6.899 Z6.200 F5400 A450.02737; Connection 
G1 X-2.658 Y-6.277 Z6.200 F5400 A450.05808; Infill 
G1 X-2.462 Y-6.642 Z6.200 F5400 A450.07254; Connection 
G1 X-3.233 Y-7.413 Z6.200 F5400 A450.11066; Infill 
G1 X-3.188 Y-7.927 Z6.200 F5400 A450.12871; Connection 
G1 X-2.243 Y-6.982 Z6.200 F5400 A450.17542; Infill 
G1 X-1.976 Y-7.275 Z6.200 F5400 A450.18928; Connection 
G1 X-3.142 Y-8.441 Z6.200 F5400 A450.24695; Infill 
G1 X-3.096 Y-8.956 Z6.200 F5400 A450.26500; Connection 
G1 X-1.701 Y-7.560 Z6.200 F5400 A450.33400; Infill 
G1 X-1.426 Y-7.845 Z6.200 F5400 A450.34784; Connection 
G1 X-3.051 Y-9.470 Z6.200 F5400 A450.42818; Infill 
G1 X-3.005 Y-9.984 Z6.200 F5400 A450.44624; Connection 
G1 X-1.119 Y-8.099 Z6.200 F5400 A450.53947; Infill 
G1 X-0.747 Y-8.286 Z6.200 F5400 A450.55405; Connection 
G1 X-2.959 Y-10.499 Z6.200 F5400 A450.66343; Infill 
G1 X-2.913 Y-11.013 Z6.200 F5400 A450.68148; Connection 
G1 X-0.217 Y-8.316 Z6.200 F5400 A450.81481; Infill 
G1 X0.512 Y-8.148 Z6.200 F5400 A450.84096; Connection 
G1 X-2.135 Y-10.795 Z6.200 F5400 A450.97182; Infill 
G1 X-1.230 Y-10.450 Z6.200 F5400 A451.00568; Connection 
G1 X1.011 Y-8.209 Z6.200 F5400 A451.11648; Infill 
G1 X1.595 Y-8.185 Z6.200 F5400 A451.13691; Connection 
G1 X-0.325 Y-10.105 Z6.200 F5400 A451.23185; Infill 
G1 X0.580 Y-9.760 Z6.200 F5400 A451.26570; Connection 
G1 X2.342 Y-7.997 Z6.200 F5400 A451.35285; Infill 
G1 X1.485 Y-9.415 Z6.200 F5400 A451.41078; Connection 
G1 X3.771 Y-7.128 Z6.200 F5400 A451.52384; Infill 
G1 X3.771 Y-7.128 Z6.200 F1500 A450.22384; Retract 
G1 X3.771 Y-7.128 Z6.200 F3000; Retract 
G1 X-3.479 Y-0.938 Z6.200 F9000; Travel Move 
G1 X-3.479 Y-0.938 Z6.200 F1500 A451.52384; Restart 
G1 X-3.782 Y-1.241 Z6.200 F5400 A451.53880; Infill 
G1 X-3.782 Y-1.241 Z6.200 F1500 A450.23880; Retract 
G1 X-3.782 Y-1.241 Z6.200 F3000; Retract 
G1 X-3.263 Y-1.337 Z6.200 F9000; Travel Move 
G1 X-3.263 Y-1.337 Z6.200 F1500 A451.53880; Restart 
G1 X4.768 Y1.018 Z6.200 F2400 A451.83139; Bridge 
G1 X4.835 Y0.621 Z6.200 F2400 A451.84547; Connection 
G1 X-3.253 Y-1.750 Z6.200 F2400 A452.14013; Bridge 
G1 X-3.231 Y-2.161 Z6.200 F2400 A452.15450; Connection 
G1 X4.876 Y0.216 Z6.200 F2400 A452.44982; Bridge 
G1 X4.886 Y-0.198 Z6.200 F2400 A452.46430; Connection 
G1 X-3.144 Y-2.552 Z6.200 F2400 A452.75684; Bridge 
G1 X-3.133 Y-2.966 Z6.200 F2400 A452.77131; Connection 
G1 X4.896 Y-0.611 Z6.200 F2400 A453.06383; Bridge 
G1 X4.990 Y-1.001 Z6.200 F2400 A453.07782; Connection 
G1 X-3.122 Y-3.379 Z6.200 F2400 A453.37338; Bridge 
G1 X-3.047 Y-3.774 Z6.200 F2400 A453.38742; Connection 
G1 X5.005 Y-1.413 Z6.200 F2400 A453.68077; Bridge 
G1 X5.016 Y-1.827 Z6.200 F2400 A453.69524; Connection 
G1 X-3.012 Y-4.181 Z6.200 F2400 A453.98773; Bridge 
G1 X-3.001 Y-4.595 Z6.200 F2400 A454.00220; Connection 
G1 X5.078 Y-2.225 Z6.200 F2400 A454.29655; Bridge 
G1 X5.127 Y-2.628 Z6.200 F2400 A454.31072; Connection 
G1 X-2.963 Y-5.000 Z6.200 F2400 A454.60546; Bridge 
G1 X-2.879 Y-5.392 Z6.200 F2400 A454.61948; Connection 
G1 X5.139 Y-3.041 Z6.200 F2400 A454.91159; Bridge 
G1 X5.194 Y-3.442 Z6.200 F2400 A454.92573; Connection 
G1 X-2.794 Y-5.784 Z6.200 F2400 A455.21675; Bridge 
G1 X-2.679 Y-6.167 Z6.200 F2400 A455.23073; Connection 
G1 X5.244 Y-3.844 Z6.200 F2400 A455.51939; Bridge 
G1 X5.244 Y-4.261 Z6.200 F2400 A455.53396; Connection 
G1 X-2.508 Y-6.534 Z6.200 F2400 A455.81637; Bridge 
G1 X-2.282 Y-6.885 Z6.200 F2400 A455.83095; Connection 
G1 X5.244 Y-4.678 Z6.200 F2400 A456.10513; Bridge 
M73 P59; Update Progress 
G1 X5.244 Y-5.095 Z6.200 F2400 A456.11971; Connection 
G1 X-2.002 Y-7.219 Z6.200 F2400 A456.38367; Bridge 
G1 X-1.688 Y-7.544 Z6.200 F2400 A456.39946; Connection 
G1 X5.181 Y-5.530 Z6.200 F2400 A456.64971; Bridge 
G1 X5.088 Y-5.974 Z6.200 F2400 A456.66557; Connection 
G1 X-1.375 Y-7.869 Z6.200 F2400 A456.90101; Bridge 
G1 X-0.950 Y-8.161 Z6.200 F2400 A456.91903; Connection 
G1 X4.833 Y-6.466 Z6.200 F2400 A457.12972; Bridge 
G1 X4.833 Y-6.466 Z6.200 F1500 A455.82972; Retract 
G1 X4.833 Y-6.466 Z6.200 F3000; Retract 
G1 X3.800 Y1.152 Z6.200 F9000; Travel Move 
G1 X3.800 Y1.152 Z6.200 F1500 A457.12972; Restart 
G1 X-3.291 Y-0.928 Z6.200 F2400 A457.38808; Bridge 
G1 X-3.291 Y-0.928 Z6.200 F1500 A456.08808; Retract 
G1 X-3.291 Y-0.928 Z6.200 F3000; Retract 
G1 X-1.780 Y-0.359 Z6.200 F9000; Travel Move 
G1 X-1.780 Y-0.359 Z6.200 F1500 A457.38808; Restart 
G1 X-1.732 Y-0.311 Z6.200 F5400 A457.39046; Infill 
G1 X-0.907 Y-0.046 Z6.200 F5400 A457.42077; Connection 
G1 X-0.859 Y0.002 Z6.200 F5400 A457.42315; Infill 
G1 X-0.101 Y0.200 Z6.200 F5400 A457.45052; Connection 
G1 X-0.059 Y0.242 Z6.200 F5400 A457.45261; Infill 
G1 X0.683 Y0.424 Z6.200 F5400 A457.47932; Connection 
G1 X0.726 Y0.466 Z6.200 F5400 A457.48141; Infill 
G1 X1.465 Y0.646 Z6.200 F5400 A457.50801; Connection 
G1 X1.504 Y0.685 Z6.200 F5400 A457.50993; Infill 
G1 X2.196 Y0.817 Z6.200 F5400 A457.53457; Connection 
G1 X2.235 Y0.856 Z6.200 F5400 A457.53650; Infill 
G1 X2.928 Y0.988 Z6.200 F5400 A457.56114; Connection 
G1 X2.966 Y1.027 Z6.200 F5400 A457.56306; Infill 
G1 X3.642 Y1.143 Z6.200 F5400 A457.58704; Connection 
G1 X3.678 Y1.179 Z6.200 F5400 A457.58882; Infill 
G1 X3.678 Y1.179 Z6.200 F1500 A456.28882; Retract 
G1 X3.678 Y1.179 Z6.200 F3000; Retract 
G1 X2.115 Y-7.664 Z6.200 F9000; Travel Move 
G1 X2.115 Y-7.664 Z6.200 F1500 A457.58882; Restart 
G1 X1.968 Y-7.812 Z6.200 F5400 A457.59612; Infill 
G1 X1.343 Y-7.877 Z6.200 F5400 A457.61809; Connection 
G1 X1.312 Y-7.908 Z6.200 F5400 A457.61962; Infill 
G1 X1.312 Y-7.908 Z6.200 F1500 A456.31962; Retract 
G1 X1.312 Y-7.908 Z6.200 F3000; Retract 
G1 X0.075 Y-10.265 Z6.200 F9000; Travel Move 
G1 X0.075 Y-10.265 Z6.200 F1500 A457.61962; Restart 
G1 X0.054 Y-10.286 Z6.200 F5400 A457.62066; Infill 
G1 X-0.830 Y-10.610 Z6.200 F5400 A457.65356; Connection 
G1 X-0.882 Y-10.662 Z6.200 F5400 A457.65613; Infill 
G1 X-1.735 Y-10.955 Z6.200 F5400 A457.68766; Connection 
G1 X-1.913 Y-11.133 Z6.200 F5400 A457.69647; Infill 
G1 X-2.640 Y-11.299 Z6.200 F5400 A457.72253; Connection 
G1 X-2.710 Y-11.369 Z6.200 F5400 A457.72598; Infill 
; Chunk 61 
; Lower Position  6 
; Upper Position  6.2 
; Thickness       0.2 
; Width           0.4 
G1 X-2.710 Y-11.369 Z6.200 F1500 A456.42598; Retract 
G1 X-2.710 Y-11.369 Z6.200 F3000; Retract 
G1 X2.424 Y-12.901 Z6.200 F9000; Travel Move 
G1 X2.424 Y-12.901 Z6.200 F1500 A457.72598; Restart 
G1 X2.424 Y-14.510 Z6.200 F5400 A457.78220; Support 
; Chunk 62 
; Lower Position  6.2 
; Upper Position  6.4 
; Thickness       0.2 
; Width           0.4 
G1 X2.424 Y-14.510 Z6.200 F1500 A456.48220; Retract 
G1 X2.424 Y-14.510 Z6.200 F3000; Retract 
G1 X2.424 Y-14.510 Z6.400 F1380; Travel Move 
G1 X2.424 Y-14.514 Z6.400 F9000; Travel Move 
G1 X2.424 Y-14.514 Z6.400 F1500 A457.78220; Restart 
G1 X2.424 Y-12.901 Z6.400 F5400 A457.83856; Support 
; Chunk 63 
; Lower Position  6.2 
; Upper Position  6.4 
; Thickness       0.2 
; Width           0.4 
G1 X2.424 Y-12.901 Z6.400 F1500 A456.53856; Retract 
G1 X2.424 Y-12.901 Z6.400 F3000; Retract 
G1 X-2.442 Y-14.152 Z6.400 F9000; Travel Move 
G1 X-2.442 Y-14.152 Z6.400 F1500 A457.83856; Restart 
G1 X-2.772 Y-13.793 Z6.400 F5400 A457.85562; Inset 
G1 X-2.970 Y-13.347 Z6.400 F5400 A457.87268; Inset 
G1 X-3.018 Y-13.065 Z6.400 F5400 A457.88266; Inset 
G1 X-4.096 Y-0.937 Z6.400 F5400 A458.30833; Inset 
G1 X-4.091 Y-0.865 Z6.400 F5400 A458.31085; Inset 
G1 X-4.046 Y-0.838 Z6.400 F5400 A458.31268; Inset 
G1 X-0.722 Y0.352 Z6.400 F5400 A458.43611; Inset 
G1 X1.523 Y0.986 Z6.400 F5400 A458.51769; Inset 
G1 X3.253 Y1.390 Z6.400 F5400 A458.57978; Inset 
G1 X5.431 Y1.790 Z6.400 F5400 A458.65720; Inset 
G1 X5.486 Y1.790 Z6.400 F5400 A458.65912; Inset 
G1 X5.499 Y1.761 Z6.400 F5400 A458.66024; Inset 
G1 X6.299 Y-7.244 Z6.400 F5400 A458.97630; Inset 
G1 X6.294 Y-7.376 Z6.400 F5400 A458.98089; Inset 
G1 X5.337 Y-12.604 Z6.400 F5400 A459.16670; Inset 
G1 X5.188 Y-12.311 Z6.400 F5400 A459.17817; Inset 
G1 X4.741 Y-11.803 Z6.400 F5400 A459.20185; Inset 
G1 X4.608 Y-11.696 Z6.400 F5400 A459.20780; Inset 
G1 X3.917 Y-11.328 Z6.400 F5400 A459.23516; Inset 
G1 X3.421 Y-11.216 Z6.400 F5400 A459.25294; Inset 
G1 X2.765 Y-11.216 Z6.400 F5400 A459.27587; Inset 
G1 X2.598 Y-11.245 Z6.400 F5400 A459.28182; Inset 
G1 X1.959 Y-11.470 Z6.400 F5400 A459.30550; Inset 
G1 X1.811 Y-11.553 Z6.400 F5400 A459.31145; Inset 
G1 X1.212 Y-12.057 Z6.400 F5400 A459.33881; Inset 
G1 X0.923 Y-12.476 Z6.400 F5400 A459.35659; Inset 
G1 X0.686 Y-13.065 Z6.400 F5400 A459.37878; Inset 
G1 X0.605 Y-13.567 Z6.400 F5400 A459.39656; Inset 
G1 X0.689 Y-14.345 Z6.400 F5400 A459.42392; Inset 
G1 X0.739 Y-14.508 Z6.400 F5400 A459.42987; Inset 
G1 X1.043 Y-15.113 Z6.400 F5400 A459.45355; Inset 
G1 X1.145 Y-15.249 Z6.400 F5400 A459.45950; Inset 
G1 X1.544 Y-15.632 Z6.400 F5400 A459.47885; Inset 
G1 X-1.976 Y-14.403 Z6.400 F5400 A459.60923; Inset 
G1 X-2.442 Y-14.152 Z6.400 F5400 A459.62772; Inset 
G1 X-2.442 Y-14.152 Z6.400 F1500 A458.32772; Retract 
G1 X-2.442 Y-14.152 Z6.400 F3000; Retract 
G1 X1.886 Y-15.406 Z6.400 F9000; Travel Move 
G1 X1.886 Y-15.406 Z6.400 F1500 A459.62772; Restart 
G1 X2.525 Y-15.714 Z6.400 F5400 A459.65254; Inset 
G1 X2.624 Y-15.739 Z6.400 F5400 A459.65611; Inset 
G1 X3.295 Y-15.787 Z6.400 F5400 A459.67961; Inset 
G1 X3.694 Y-15.708 Z6.400 F5400 A459.69384; Inset 
G1 X4.291 Y-15.428 Z6.400 F5400 A459.71690; Inset 
G1 X4.602 Y-15.165 Z6.400 F5400 A459.73112; Inset 
G1 X5.002 Y-14.594 Z6.400 F5400 A459.75550; Inset 
G1 X5.194 Y-13.910 Z6.400 F5400 A459.78032; Inset 
G1 X5.146 Y-13.202 Z6.400 F5400 A459.80514; Inset 
G1 X4.865 Y-12.550 Z6.400 F5400 A459.82997; Inset 
G1 X4.384 Y-12.028 Z6.400 F5400 A459.85479; Inset 
G1 X3.792 Y-11.709 Z6.400 F5400 A459.87829; Inset 
G1 X3.396 Y-11.616 Z6.400 F5400 A459.89252; Inset 
G1 X2.699 Y-11.633 Z6.400 F5400 A459.91689; Inset 
G1 X2.124 Y-11.836 Z6.400 F5400 A459.93819; Inset 
G1 X1.571 Y-12.261 Z6.400 F5400 A459.96256; Inset 
G1 X1.284 Y-12.649 Z6.400 F5400 A459.97944; Inset 
G1 X1.047 Y-13.264 Z6.400 F5400 A460.00249; Inset 
G1 X1.005 Y-13.669 Z6.400 F5400 A460.01672; Inset 
G1 X1.111 Y-14.358 Z6.400 F5400 A460.04110; Inset 
G1 X1.385 Y-14.902 Z6.400 F5400 A460.06239; Inset 
G1 X1.886 Y-15.406 Z6.400 F5400 A460.08721; Inset 
G1 X1.886 Y-15.406 Z6.400 F1500 A458.78721; Retract 
G1 X1.886 Y-15.406 Z6.400 F3000; Retract 
G1 X2.150 Y-15.105 Z6.400 F9000; Travel Move 
G1 X2.150 Y-15.105 Z6.400 F1500 A460.08721; Restart 
G1 X2.675 Y-15.342 Z6.400 F2400 A460.10734; Inset 
G1 X3.240 Y-15.390 Z6.400 F2400 A460.12716; Inset 
G1 X3.541 Y-15.339 Z6.400 F2400 A460.13784; Inset 
G1 X4.050 Y-15.109 Z6.400 F2400 A460.15736; Inset 
G1 X4.288 Y-14.917 Z6.400 F2400 A460.16804; Inset 
G1 X4.625 Y-14.461 Z6.400 F2400 A460.18786; Inset 
G1 X4.793 Y-13.911 Z6.400 F2400 A460.20798; Inset 
G1 X4.769 Y-13.336 Z6.400 F2400 A460.22811; Inset 
G1 X4.554 Y-12.801 Z6.400 F2400 A460.24823; Inset 
G1 X4.174 Y-12.369 Z6.400 F2400 A460.26835; Inset 
G1 X3.679 Y-12.093 Z6.400 F2400 A460.28817; Inset 
G1 X3.383 Y-12.016 Z6.400 F2400 A460.29885; Inset 
G1 X2.816 Y-12.016 Z6.400 F2400 A460.31867; Inset 
G1 X2.274 Y-12.208 Z6.400 F2400 A460.33880; Inset 
G1 X1.833 Y-12.564 Z6.400 F2400 A460.35861; Inset 
G1 X1.651 Y-12.810 Z6.400 F2400 A460.36930; Inset 
G1 X1.443 Y-13.328 Z6.400 F2400 A460.38882; Inset 
G1 X1.404 Y-13.631 Z6.400 F2400 A460.39950; Inset 
G1 X1.476 Y-14.193 Z6.400 F2400 A460.41932; Inset 
G1 X1.735 Y-14.707 Z6.400 F2400 A460.43944; Inset 
G1 X2.150 Y-15.105 Z6.400 F2400 A460.45956; Inset 
G1 X2.150 Y-15.105 Z6.400 F1500 A459.15956; Retract 
G1 X2.150 Y-15.105 Z6.400 F3000; Retract 
G1 X-2.689 Y-14.468 Z6.400 F9000; Travel Move 
G1 X-2.689 Y-14.468 Z6.400 F1500 A460.45956; Restart 
G1 X-2.917 Y-14.258 Z6.400 F5400 A460.47042; Inset 
G1 X-3.108 Y-14.013 Z6.400 F5400 A460.48127; Inset 
G1 X-3.256 Y-13.740 Z6.400 F5400 A460.49212; Inset 
G1 X-3.358 Y-13.447 Z6.400 F5400 A460.50297; Inset 
G1 X-3.415 Y-13.117 Z6.400 F5400 A460.51468; Inset 
G1 X-4.497 Y-0.941 Z6.400 F5400 A460.94203; Inset 
G1 X-4.485 Y-0.768 Z6.400 F5400 A460.94809; Inset 
G1 X-4.438 Y-0.653 Z6.400 F5400 A460.95244; Inset 
G1 X-4.357 Y-0.558 Z6.400 F5400 A460.95680; Inset 
G1 X-4.219 Y-0.475 Z6.400 F5400 A460.96243; Inset 
G1 X-0.844 Y0.733 Z6.400 F5400 A461.08774; Inset 
G1 X1.424 Y1.374 Z6.400 F5400 A461.17012; Inset 
G1 X3.171 Y1.781 Z6.400 F5400 A461.23287; Inset 
G1 X5.395 Y2.190 Z6.400 F5400 A461.31191; Inset 
G1 X5.555 Y2.190 Z6.400 F5400 A461.31750; Inset 
G1 X5.680 Y2.148 Z6.400 F5400 A461.32209; Inset 
G1 X5.812 Y2.042 Z6.400 F5400 A461.32802; Inset 
G1 X5.896 Y1.813 Z6.400 F5400 A461.33654; Inset 
G1 X6.700 Y-7.236 Z6.400 F5400 A461.65413; Inset 
G1 X6.692 Y-7.421 Z6.400 F5400 A461.66061; Inset 
G1 X5.407 Y-14.443 Z6.400 F5400 A461.91019; Inset 
G1 X5.291 Y-14.867 Z6.400 F5400 A461.92555; Inset 
G1 X5.115 Y-15.241 Z6.400 F5400 A461.94000; Inset 
G1 X4.877 Y-15.579 Z6.400 F5400 A461.95445; Inset 
G1 X4.583 Y-15.874 Z6.400 F5400 A461.96901; Inset 
G1 X4.319 Y-16.064 Z6.400 F5400 A461.98039; Inset 
G1 X3.868 Y-16.287 Z6.400 F5400 A461.99798; Inset 
G1 X3.475 Y-16.395 Z6.400 F5400 A462.01223; Inset 
G1 X3.063 Y-16.435 Z6.400 F5400 A462.02668; Inset 
G1 X2.651 Y-16.403 Z6.400 F5400 A462.04113; Inset 
G1 X2.226 Y-16.294 Z6.400 F5400 A462.05648; Inset 
G1 X-2.124 Y-14.775 Z6.400 F5400 A462.21754; Inset 
G1 X-2.430 Y-14.639 Z6.400 F5400 A462.22925; Inset 
G1 X-2.689 Y-14.468 Z6.400 F5400 A462.24011; Inset 
G1 X-2.689 Y-14.468 Z6.400 F1500 A460.94011; Retract 
G1 X-2.689 Y-14.468 Z6.400 F3000; Retract 
G1 X-2.936 Y-14.785 Z6.400 F9000; Travel Move 
G1 X-2.936 Y-14.785 Z6.400 F1500 A462.24011; Restart 
G1 X-3.213 Y-14.529 Z6.400 F2400 A462.25325; Inset 
G1 X-3.444 Y-14.233 Z6.400 F2400 A462.26640; Inset 
G1 X-3.624 Y-13.902 Z6.400 F2400 A462.27955; Inset 
G1 X-3.747 Y-13.547 Z6.400 F2400 A462.29269; Inset 
G1 X-3.812 Y-13.169 Z6.400 F2400 A462.30612; Inset 
G1 X-4.899 Y-0.944 Z6.400 F2400 A462.73516; Inset 
G1 X-4.880 Y-0.676 Z6.400 F2400 A462.74458; Inset 
G1 X-4.783 Y-0.441 Z6.400 F2400 A462.75344; Inset 
G1 X-4.618 Y-0.249 Z6.400 F2400 A462.76229; Inset 
G1 X-4.391 Y-0.112 Z6.400 F2400 A462.77157; Inset 
G1 X-0.966 Y1.114 Z6.400 F2400 A462.89876; Inset 
G1 X1.324 Y1.761 Z6.400 F2400 A462.98193; Inset 
G1 X3.090 Y2.173 Z6.400 F2400 A463.04534; Inset 
G1 X5.359 Y2.590 Z6.400 F2400 A463.12600; Inset 
G1 X5.621 Y2.590 Z6.400 F2400 A463.13516; Inset 
G1 X5.870 Y2.506 Z6.400 F2400 A463.14436; Inset 
G1 X6.085 Y2.341 Z6.400 F2400 A463.15383; Inset 
G1 X6.157 Y2.250 Z6.400 F2400 A463.15787; Inset 
G1 X6.270 Y1.995 Z6.400 F2400 A463.16763; Inset 
G1 X6.293 Y1.865 Z6.400 F2400 A463.17224; Inset 
G1 X7.101 Y-7.227 Z6.400 F2400 A463.49135; Inset 
G1 X7.090 Y-7.466 Z6.400 F2400 A463.49971; Inset 
G1 X5.797 Y-14.532 Z6.400 F2400 A463.75086; Inset 
M73 P60; Update Progress 
G1 X5.667 Y-15.006 Z6.400 F2400 A463.76803; Inset 
G1 X5.462 Y-15.443 Z6.400 F2400 A463.78490; Inset 
G1 X5.185 Y-15.838 Z6.400 F2400 A463.80177; Inset 
G1 X4.843 Y-16.180 Z6.400 F2400 A463.81867; Inset 
G1 X4.526 Y-16.408 Z6.400 F2400 A463.83234; Inset 
G1 X4.011 Y-16.663 Z6.400 F2400 A463.85242; Inset 
G1 X3.547 Y-16.790 Z6.400 F2400 A463.86922; Inset 
G1 X3.067 Y-16.836 Z6.400 F2400 A463.88609; Inset 
G1 X2.586 Y-16.799 Z6.400 F2400 A463.90296; Inset 
G1 X2.110 Y-16.677 Z6.400 F2400 A463.92013; Inset 
G1 X-2.271 Y-15.147 Z6.400 F2400 A464.08237; Inset 
G1 X-2.622 Y-14.991 Z6.400 F2400 A464.09580; Inset 
G1 X-2.936 Y-14.785 Z6.400 F2400 A464.10895; Inset 
G1 X-2.936 Y-14.785 Z6.400 F1500 A462.80895; Retract 
G1 X-2.936 Y-14.785 Z6.400 F3000; Retract 
G1 X-1.841 Y-14.147 Z6.400 F9000; Travel Move 
G1 X-1.841 Y-14.147 Z6.400 F1500 A464.10895; Restart 
G1 X-2.669 Y-13.318 Z6.400 F5400 A464.14991; Infill 
G1 X-2.767 Y-12.661 Z6.400 F5400 A464.17315; Connection 
G1 X-0.980 Y-14.448 Z6.400 F5400 A464.26148; Infill 
G1 X-0.120 Y-14.748 Z6.400 F5400 A464.29335; Connection 
G1 X-2.822 Y-12.046 Z6.400 F5400 A464.42694; Infill 
G1 X-2.876 Y-11.432 Z6.400 F5400 A464.44852; Connection 
G1 X0.640 Y-14.948 Z6.400 F5400 A464.62237; Infill 
G1 X0.378 Y-14.125 Z6.400 F5400 A464.65256; Connection 
G1 X-2.931 Y-10.817 Z6.400 F5400 A464.81613; Infill 
G1 X-2.985 Y-10.202 Z6.400 F5400 A464.83770; Connection 
G1 X0.325 Y-13.512 Z6.400 F5400 A465.00135; Infill 
G1 X0.402 Y-13.030 Z6.400 F5400 A465.01843; Connection 
G1 X-3.040 Y-9.588 Z6.400 F5400 A465.18861; Infill 
G1 X-3.095 Y-8.973 Z6.400 F5400 A465.21019; Connection 
G1 X0.555 Y-12.623 Z6.400 F5400 A465.39065; Infill 
G1 X0.736 Y-12.243 Z6.400 F5400 A465.40534; Connection 
G1 X-3.149 Y-8.358 Z6.400 F5400 A465.59742; Infill 
G1 X-3.204 Y-7.744 Z6.400 F5400 A465.61900; Connection 
G1 X0.965 Y-11.912 Z6.400 F5400 A465.82510; Infill 
G1 X1.258 Y-11.645 Z6.400 F5400 A465.83896; Connection 
G1 X-3.259 Y-7.129 Z6.400 F5400 A466.06224; Infill 
G1 X-3.313 Y-6.514 Z6.400 F5400 A466.08382; Connection 
G1 X1.562 Y-11.389 Z6.400 F5400 A466.32483; Infill 
G1 X1.915 Y-11.183 Z6.400 F5400 A466.33914; Connection 
G1 X-3.368 Y-5.900 Z6.400 F5400 A466.60034; Infill 
G1 X-3.423 Y-5.285 Z6.400 F5400 A466.62191; Connection 
G1 X2.329 Y-11.036 Z6.400 F5400 A466.90627; Infill 
G1 X2.782 Y-10.930 Z6.400 F5400 A466.92255; Connection 
G1 X-3.477 Y-4.670 Z6.400 F5400 A467.23204; Infill 
G1 X-3.532 Y-4.056 Z6.400 F5400 A467.25361; Connection 
G1 X3.342 Y-10.930 Z6.400 F5400 A467.59348; Infill 
G1 X4.045 Y-11.072 Z6.400 F5400 A467.61853; Connection 
G1 X-3.586 Y-3.441 Z6.400 F5400 A467.99582; Infill 
G1 X-3.641 Y-2.826 Z6.400 F5400 A468.01740; Connection 
G1 X5.215 Y-11.682 Z6.400 F5400 A468.45524; Infill 
G1 X5.301 Y-11.209 Z6.400 F5400 A468.47206; Connection 
G1 X-3.696 Y-2.212 Z6.400 F5400 A468.91688; Infill 
G1 X-3.750 Y-1.597 Z6.400 F5400 A468.93846; Connection 
G1 X5.388 Y-10.735 Z6.400 F5400 A469.39027; Infill 
G1 X5.475 Y-10.262 Z6.400 F5400 A469.40709; Connection 
G1 X-3.751 Y-1.036 Z6.400 F5400 A469.86321; Infill 
G1 X-3.339 Y-0.889 Z6.400 F5400 A469.87853; Connection 
G1 X5.561 Y-9.789 Z6.400 F5400 A470.31854; Infill 
G1 X5.648 Y-9.315 Z6.400 F5400 A470.33537; Connection 
G1 X-2.926 Y-0.741 Z6.400 F5400 A470.75928; Infill 
G1 X-2.514 Y-0.593 Z6.400 F5400 A470.77459; Connection 
G1 X5.734 Y-8.842 Z6.400 F5400 A471.18239; Infill 
G1 X5.821 Y-8.368 Z6.400 F5400 A471.19922; Connection 
G1 X-2.101 Y-0.446 Z6.400 F5400 A471.59091; Infill 
G1 X-1.689 Y-0.298 Z6.400 F5400 A471.60623; Connection 
G1 X5.908 Y-7.895 Z6.400 F5400 A471.98181; Infill 
G1 X5.994 Y-7.421 Z6.400 F5400 A471.99864; Connection 
G1 X-1.277 Y-0.151 Z6.400 F5400 A472.35812; Infill 
G1 X-0.864 Y-0.003 Z6.400 F5400 A472.37343; Connection 
G1 X5.977 Y-6.844 Z6.400 F5400 A472.71165; Infill 
G1 X5.571 Y-5.878 Z6.400 F5400 A472.74829; Connection 
G1 X-0.441 Y0.134 Z6.400 F5400 A473.04550; Infill 
G1 X-0.004 Y0.257 Z6.400 F5400 A473.06136; Connection 
G1 X5.516 Y-5.263 Z6.400 F5400 A473.33429; Infill 
G1 X5.461 Y-4.648 Z6.400 F5400 A473.35586; Connection 
G1 X0.432 Y0.381 Z6.400 F5400 A473.60450; Infill 
G1 X0.869 Y0.504 Z6.400 F5400 A473.62036; Connection 
G1 X5.407 Y-4.034 Z6.400 F5400 A473.84471; Infill 
G1 X5.352 Y-3.419 Z6.400 F5400 A473.86628; Connection 
G1 X1.306 Y0.627 Z6.400 F5400 A474.06634; Infill 
G1 X1.748 Y0.745 Z6.400 F5400 A474.08235; Connection 
G1 X5.297 Y-2.804 Z6.400 F5400 A474.25783; Infill 
G1 X5.243 Y-2.190 Z6.400 F5400 A474.27940; Connection 
G1 X2.202 Y0.851 Z6.400 F5400 A474.42973; Infill 
G1 X2.656 Y0.957 Z6.400 F5400 A474.44603; Connection 
G1 X5.188 Y-1.575 Z6.400 F5400 A474.57120; Infill 
G1 X5.133 Y-0.960 Z6.400 F5400 A474.59278; Connection 
G1 X3.110 Y1.063 Z6.400 F5400 A474.69280; Infill 
G1 X3.575 Y1.158 Z6.400 F5400 A474.70938; Connection 
G1 X5.079 Y-0.346 Z6.400 F5400 A474.78373; Infill 
G1 X5.024 Y0.269 Z6.400 F5400 A474.80530; Connection 
G1 X4.048 Y1.245 Z6.400 F5400 A474.85356; Infill 
G1 X4.521 Y1.332 Z6.400 F5400 A474.87038; Connection 
G1 X4.970 Y0.884 Z6.400 F5400 A474.89254; Infill 
G1 X4.970 Y0.884 Z6.400 F1500 A473.59254; Retract 
G1 X4.970 Y0.884 Z6.400 F3000; Retract 
G1 X5.237 Y1.177 Z6.400 F9000; Travel Move 
G1 X5.237 Y1.177 Z6.400 F1500 A474.89254; Restart 
G1 X5.266 Y1.147 Z6.400 F5400 A474.89402; Infill 
G1 X5.291 Y0.562 Z6.400 F5400 A474.91448; Connection 
G1 X5.321 Y0.532 Z6.400 F5400 A474.91595; Infill 
G1 X5.346 Y-0.053 Z6.400 F5400 A474.93642; Connection 
G1 X5.376 Y-0.082 Z6.400 F5400 A474.93789; Infill 
G1 X5.401 Y-0.667 Z6.400 F5400 A474.95836; Connection 
G1 X5.430 Y-0.697 Z6.400 F5400 A474.95983; Infill 
G1 X5.455 Y-1.282 Z6.400 F5400 A474.98030; Connection 
G1 X5.485 Y-1.312 Z6.400 F5400 A474.98177; Infill 
G1 X5.510 Y-1.897 Z6.400 F5400 A475.00223; Connection 
G1 X5.540 Y-1.926 Z6.400 F5400 A475.00371; Infill 
G1 X5.564 Y-2.511 Z6.400 F5400 A475.02417; Connection 
G1 X5.594 Y-2.541 Z6.400 F5400 A475.02564; Infill 
G1 X5.619 Y-3.126 Z6.400 F5400 A475.04611; Connection 
G1 X5.649 Y-3.156 Z6.400 F5400 A475.04758; Infill 
G1 X5.674 Y-3.741 Z6.400 F5400 A475.06805; Connection 
G1 X5.703 Y-3.770 Z6.400 F5400 A475.06952; Infill 
G1 X5.728 Y-4.355 Z6.400 F5400 A475.08999; Connection 
G1 X5.758 Y-4.385 Z6.400 F5400 A475.09146; Infill 
G1 X5.783 Y-4.970 Z6.400 F5400 A475.11192; Connection 
G1 X5.813 Y-5.000 Z6.400 F5400 A475.11339; Infill 
G1 X5.838 Y-5.585 Z6.400 F5400 A475.13386; Connection 
G1 X5.867 Y-5.614 Z6.400 F5400 A475.13533; Infill 
G1 X5.896 Y-6.203 Z6.400 F5400 A475.15593; Connection 
G1 X5.922 Y-6.229 Z6.400 F5400 A475.15723; Infill 
; Chunk 64 
; Lower Position  6.4 
; Upper Position  6.6 
; Thickness       0.2 
; Width           0.4 
G1 X5.922 Y-6.229 Z6.400 F1500 A473.85723; Retract 
G1 X5.922 Y-6.229 Z6.400 F3000; Retract 
G1 X5.922 Y-6.229 Z6.600 F1380; Travel Move 
G1 X-2.238 Y-14.287 Z6.600 F9000; Travel Move 
G1 X-2.238 Y-14.287 Z6.600 F1500 A475.15723; Restart 
G1 X-2.622 Y-13.986 Z6.600 F5400 A475.17429; Inset 
G1 X-2.772 Y-13.793 Z6.600 F5400 A475.18284; Inset 
G1 X-2.970 Y-13.347 Z6.600 F5400 A475.19990; Inset 
G1 X-3.018 Y-13.065 Z6.600 F5400 A475.20989; Inset 
G1 X-4.096 Y-0.937 Z6.600 F5400 A475.63555; Inset 
G1 X-4.091 Y-0.865 Z6.600 F5400 A475.63808; Inset 
G1 X-4.047 Y-0.838 Z6.600 F5400 A475.63989; Inset 
G1 X-0.657 Y0.371 Z6.600 F5400 A475.76570; Inset 
G1 X3.186 Y1.375 Z6.600 F5400 A475.90458; Inset 
G1 X5.432 Y1.790 Z6.600 F5400 A475.98440; Inset 
G1 X5.486 Y1.790 Z6.600 F5400 A475.98630; Inset 
G1 X5.499 Y1.761 Z6.600 F5400 A475.98743; Inset 
G1 X6.299 Y-7.244 Z6.600 F5400 A476.30348; Inset 
M73 P61; Update Progress 
G1 X6.293 Y-7.376 Z6.600 F5400 A476.30810; Inset 
G1 X5.337 Y-12.604 Z6.600 F5400 A476.49388; Inset 
G1 X5.188 Y-12.311 Z6.600 F5400 A476.50536; Inset 
G1 X4.741 Y-11.803 Z6.600 F5400 A476.52903; Inset 
G1 X4.608 Y-11.696 Z6.600 F5400 A476.53498; Inset 
G1 X3.917 Y-11.328 Z6.600 F5400 A476.56234; Inset 
G1 X3.421 Y-11.216 Z6.600 F5400 A476.58013; Inset 
G1 X2.765 Y-11.216 Z6.600 F5400 A476.60305; Inset 
G1 X2.598 Y-11.245 Z6.600 F5400 A476.60901; Inset 
G1 X1.959 Y-11.470 Z6.600 F5400 A476.63268; Inset 
G1 X1.811 Y-11.553 Z6.600 F5400 A476.63863; Inset 
G1 X1.212 Y-12.057 Z6.600 F5400 A476.66599; Inset 
G1 X0.923 Y-12.476 Z6.600 F5400 A476.68377; Inset 
G1 X0.654 Y-13.188 Z6.600 F5400 A476.71039; Inset 
G1 X0.605 Y-13.694 Z6.600 F5400 A476.72817; Inset 
G1 X0.689 Y-14.345 Z6.600 F5400 A476.75110; Inset 
G1 X0.739 Y-14.508 Z6.600 F5400 A476.75705; Inset 
G1 X1.043 Y-15.113 Z6.600 F5400 A476.78073; Inset 
G1 X1.145 Y-15.249 Z6.600 F5400 A476.78668; Inset 
G1 X1.544 Y-15.632 Z6.600 F5400 A476.80603; Inset 
G1 X-1.976 Y-14.403 Z6.600 F5400 A476.93641; Inset 
G1 X-2.238 Y-14.287 Z6.600 F5400 A476.94640; Inset 
G1 X-2.238 Y-14.287 Z6.600 F1500 A475.64640; Retract 
G1 X-2.238 Y-14.287 Z6.600 F3000; Retract 
G1 X1.886 Y-15.406 Z6.600 F9000; Travel Move 
G1 X1.886 Y-15.406 Z6.600 F1500 A476.94640; Restart 
G1 X2.525 Y-15.714 Z6.600 F5400 A476.97122; Inset 
G1 X2.624 Y-15.739 Z6.600 F5400 A476.97480; Inset 
G1 X3.295 Y-15.787 Z6.600 F5400 A476.99830; Inset 
G1 X3.694 Y-15.708 Z6.600 F5400 A477.01253; Inset 
G1 X4.291 Y-15.428 Z6.600 F5400 A477.03558; Inset 
G1 X4.602 Y-15.165 Z6.600 F5400 A477.04981; Inset 
G1 X5.002 Y-14.594 Z6.600 F5400 A477.07418; Inset 
G1 X5.194 Y-13.910 Z6.600 F5400 A477.09901; Inset 
G1 X5.146 Y-13.202 Z6.600 F5400 A477.12383; Inset 
G1 X4.919 Y-12.637 Z6.600 F5400 A477.14512; Inset 
G1 X4.463 Y-12.093 Z6.600 F5400 A477.16995; Inset 
G1 X4.384 Y-12.028 Z6.600 F5400 A477.17352; Inset 
G1 X3.792 Y-11.709 Z6.600 F5400 A477.19702; Inset 
G1 X3.396 Y-11.616 Z6.600 F5400 A477.21125; Inset 
G1 X2.699 Y-11.633 Z6.600 F5400 A477.23562; Inset 
G1 X2.124 Y-11.836 Z6.600 F5400 A477.25692; Inset 
G1 X1.571 Y-12.261 Z6.600 F5400 A477.28129; Inset 
G1 X1.322 Y-12.582 Z6.600 F5400 A477.29552; Inset 
G1 X1.067 Y-13.190 Z6.600 F5400 A477.31857; Inset 
G1 X1.005 Y-13.669 Z6.600 F5400 A477.33545; Inset 
G1 X1.111 Y-14.358 Z6.600 F5400 A477.35982; Inset 
G1 X1.385 Y-14.902 Z6.600 F5400 A477.38112; Inset 
G1 X1.886 Y-15.406 Z6.600 F5400 A477.40594; Inset 
G1 X1.886 Y-15.406 Z6.600 F1500 A476.10594; Retract 
G1 X1.886 Y-15.406 Z6.600 F3000; Retract 
G1 X2.150 Y-15.105 Z6.600 F9000; Travel Move 
G1 X2.150 Y-15.105 Z6.600 F1500 A477.40594; Restart 
G1 X2.675 Y-15.342 Z6.600 F2400 A477.42607; Inset 
G1 X3.240 Y-15.390 Z6.600 F2400 A477.44588; Inset 
G1 X3.541 Y-15.339 Z6.600 F2400 A477.45657; Inset 
G1 X4.050 Y-15.109 Z6.600 F2400 A477.47608; Inset 
G1 X4.288 Y-14.917 Z6.600 F2400 A477.48677; Inset 
G1 X4.625 Y-14.461 Z6.600 F2400 A477.50659; Inset 
G1 X4.793 Y-13.911 Z6.600 F2400 A477.52671; Inset 
G1 X4.769 Y-13.336 Z6.600 F2400 A477.54683; Inset 
G1 X4.554 Y-12.801 Z6.600 F2400 A477.56696; Inset 
G1 X4.174 Y-12.369 Z6.600 F2400 A477.58708; Inset 
G1 X3.679 Y-12.093 Z6.600 F2400 A477.60690; Inset 
G1 X3.383 Y-12.016 Z6.600 F2400 A477.61758; Inset 
G1 X2.816 Y-12.016 Z6.600 F2400 A477.63740; Inset 
G1 X2.274 Y-12.208 Z6.600 F2400 A477.65752; Inset 
G1 X1.833 Y-12.564 Z6.600 F2400 A477.67734; Inset 
G1 X1.651 Y-12.810 Z6.600 F2400 A477.68803; Inset 
G1 X1.443 Y-13.328 Z6.600 F2400 A477.70755; Inset 
G1 X1.404 Y-13.631 Z6.600 F2400 A477.71823; Inset 
G1 X1.476 Y-14.193 Z6.600 F2400 A477.73805; Inset 
G1 X1.735 Y-14.707 Z6.600 F2400 A477.75817; Inset 
G1 X2.150 Y-15.105 Z6.600 F2400 A477.77829; Inset 
G1 X2.150 Y-15.105 Z6.600 F1500 A476.47829; Retract 
G1 X2.150 Y-15.105 Z6.600 F3000; Retract 
G1 X-2.689 Y-14.468 Z6.600 F9000; Travel Move 
G1 X-2.689 Y-14.468 Z6.600 F1500 A477.77829; Restart 
G1 X-2.917 Y-14.258 Z6.600 F5400 A477.78915; Inset 
G1 X-3.108 Y-14.013 Z6.600 F5400 A477.79999; Inset 
G1 X-3.256 Y-13.740 Z6.600 F5400 A477.81085; Inset 
G1 X-3.358 Y-13.447 Z6.600 F5400 A477.82170; Inset 
G1 X-3.415 Y-13.117 Z6.600 F5400 A477.83341; Inset 
G1 X-4.497 Y-0.941 Z6.600 F5400 A478.26076; Inset 
G1 X-4.485 Y-0.768 Z6.600 F5400 A478.26681; Inset 
G1 X-4.438 Y-0.653 Z6.600 F5400 A478.27117; Inset 
G1 X-4.357 Y-0.558 Z6.600 F5400 A478.27553; Inset 
G1 X-4.219 Y-0.475 Z6.600 F5400 A478.28115; Inset 
G1 X-0.775 Y0.754 Z6.600 F5400 A478.40898; Inset 
G1 X3.099 Y1.766 Z6.600 F5400 A478.54897; Inset 
G1 X5.395 Y2.190 Z6.600 F5400 A478.63061; Inset 
G1 X5.555 Y2.190 Z6.600 F5400 A478.63619; Inset 
G1 X5.680 Y2.148 Z6.600 F5400 A478.64079; Inset 
G1 X5.812 Y2.042 Z6.600 F5400 A478.64671; Inset 
G1 X5.896 Y1.813 Z6.600 F5400 A478.65523; Inset 
G1 X6.700 Y-7.236 Z6.600 F5400 A478.97281; Inset 
G1 X6.692 Y-7.422 Z6.600 F5400 A478.97933; Inset 
G1 X5.407 Y-14.445 Z6.600 F5400 A479.22893; Inset 
G1 X5.300 Y-14.841 Z6.600 F5400 A479.24326; Inset 
G1 X5.114 Y-15.242 Z6.600 F5400 A479.25875; Inset 
G1 X4.877 Y-15.579 Z6.600 F5400 A479.27314; Inset 
G1 X4.367 Y-16.033 Z6.600 F5400 A479.29702; Inset 
G1 X3.865 Y-16.288 Z6.600 F5400 A479.31670; Inset 
G1 X3.475 Y-16.395 Z6.600 F5400 A479.33084; Inset 
G1 X3.065 Y-16.434 Z6.600 F5400 A479.34524; Inset 
G1 X2.623 Y-16.398 Z6.600 F5400 A479.36072; Inset 
G1 X2.227 Y-16.295 Z6.600 F5400 A479.37505; Inset 
G1 X-2.124 Y-14.775 Z6.600 F5400 A479.53616; Inset 
G1 X-2.430 Y-14.639 Z6.600 F5400 A479.54787; Inset 
G1 X-2.689 Y-14.468 Z6.600 F5400 A479.55872; Inset 
G1 X-2.689 Y-14.468 Z6.600 F1500 A478.25872; Retract 
G1 X-2.689 Y-14.468 Z6.600 F3000; Retract 
G1 X-2.936 Y-14.785 Z6.600 F9000; Travel Move 
G1 X-2.936 Y-14.785 Z6.600 F1500 A479.55872; Restart 
G1 X-3.213 Y-14.529 Z6.600 F2400 A479.57187; Inset 
G1 X-3.444 Y-14.233 Z6.600 F2400 A479.58502; Inset 
G1 X-3.623 Y-13.902 Z6.600 F2400 A479.59816; Inset 
G1 X-3.747 Y-13.547 Z6.600 F2400 A479.61131; Inset 
G1 X-3.812 Y-13.169 Z6.600 F2400 A479.62474; Inset 
G1 X-4.899 Y-0.944 Z6.600 F2400 A480.05378; Inset 
G1 X-4.880 Y-0.676 Z6.600 F2400 A480.06320; Inset 
G1 X-4.783 Y-0.441 Z6.600 F2400 A480.07205; Inset 
G1 X-4.618 Y-0.249 Z6.600 F2400 A480.08091; Inset 
G1 X-4.391 Y-0.112 Z6.600 F2400 A480.09018; Inset 
G1 X-0.893 Y1.137 Z6.600 F2400 A480.22003; Inset 
G1 X3.012 Y2.157 Z6.600 F2400 A480.36115; Inset 
G1 X5.359 Y2.590 Z6.600 F2400 A480.44458; Inset 
G1 X5.621 Y2.590 Z6.600 F2400 A480.45374; Inset 
G1 X5.871 Y2.506 Z6.600 F2400 A480.46294; Inset 
G1 X6.085 Y2.341 Z6.600 F2400 A480.47241; Inset 
G1 X6.157 Y2.250 Z6.600 F2400 A480.47644; Inset 
G1 X6.270 Y1.995 Z6.600 F2400 A480.48621; Inset 
G1 X6.293 Y1.865 Z6.600 F2400 A480.49082; Inset 
G1 X7.101 Y-7.227 Z6.600 F2400 A480.80993; Inset 
G1 X7.090 Y-7.467 Z6.600 F2400 A480.81833; Inset 
G1 X5.797 Y-14.533 Z6.600 F2400 A481.06945; Inset 
G1 X5.678 Y-14.978 Z6.600 F2400 A481.08555; Inset 
G1 X5.462 Y-15.443 Z6.600 F2400 A481.10349; Inset 
G1 X5.185 Y-15.838 Z6.600 F2400 A481.12034; Inset 
G1 X4.842 Y-16.180 Z6.600 F2400 A481.13729; Inset 
G1 X4.577 Y-16.375 Z6.600 F2400 A481.14879; Inset 
G1 X4.010 Y-16.663 Z6.600 F2400 A481.17103; Inset 
G1 X3.547 Y-16.790 Z6.600 F2400 A481.18779; Inset 
G1 X3.067 Y-16.836 Z6.600 F2400 A481.20464; Inset 
G1 X2.556 Y-16.794 Z6.600 F2400 A481.22259; Inset 
G1 X2.110 Y-16.678 Z6.600 F2400 A481.23868; Inset 
G1 X-2.271 Y-15.147 Z6.600 F2400 A481.40093; Inset 
G1 X-2.622 Y-14.991 Z6.600 F2400 A481.41437; Inset 
G1 X-2.936 Y-14.785 Z6.600 F2400 A481.42751; Inset 
G1 X-2.936 Y-14.785 Z6.600 F1500 A480.12751; Retract 
G1 X-2.936 Y-14.785 Z6.600 F3000; Retract 
G1 X-2.365 Y-13.824 Z6.600 F9000; Travel Move 
G1 X-2.365 Y-13.824 Z6.600 F1500 A481.42751; Restart 
G1 X5.572 Y-5.888 Z6.600 F5400 A481.81988; Infill 
G1 X5.648 Y-6.372 Z6.600 F5400 A481.83700; Connection 
G1 X-2.041 Y-14.061 Z6.600 F5400 A482.21715; Infill 
G1 X-1.638 Y-14.218 Z6.600 F5400 A482.23227; Connection 
G1 X5.904 Y-6.676 Z6.600 F5400 A482.60513; Infill 
G1 X6.003 Y-7.137 Z6.600 F5400 A482.62160; Connection 
G1 X1.980 Y-11.159 Z6.600 F5400 A482.82047; Infill 
G1 X2.770 Y-10.930 Z6.600 F5400 A482.84922; Connection 
G1 X5.931 Y-7.769 Z6.600 F5400 A483.00549; Infill 
G1 X5.805 Y-8.455 Z6.600 F5400 A483.02985; Connection 
G1 X3.330 Y-10.930 Z6.600 F5400 A483.15223; Infill 
G1 X3.809 Y-11.011 Z6.600 F5400 A483.16922; Connection 
G1 X5.680 Y-9.140 Z6.600 F5400 A483.26171; Infill 
G1 X5.554 Y-9.826 Z6.600 F5400 A483.28607; Connection 
G1 X4.217 Y-11.163 Z6.600 F5400 A483.35222; Infill 
G1 X4.582 Y-11.358 Z6.600 F5400 A483.36669; Connection 
G1 X5.429 Y-10.511 Z6.600 F5400 A483.40857; Infill 
G1 X5.304 Y-11.196 Z6.600 F5400 A483.43293; Connection 
G1 X4.920 Y-11.580 Z6.600 F5400 A483.45189; Infill 
G1 X4.920 Y-11.580 Z6.600 F1500 A482.15189; Retract 
G1 X4.920 Y-11.580 Z6.600 F3000; Retract 
G1 X0.588 Y-12.551 Z6.600 F9000; Travel Move 
G1 X0.588 Y-12.551 Z6.600 F1500 A483.45189; Restart 
G1 X-1.223 Y-14.363 Z6.600 F5400 A483.54144; Infill 
G1 X-0.808 Y-14.508 Z6.600 F5400 A483.55681; Connection 
G1 X0.351 Y-13.349 Z6.600 F5400 A483.61412; Infill 
G1 X0.345 Y-13.915 Z6.600 F5400 A483.63391; Connection 
G1 X-0.393 Y-14.653 Z6.600 F5400 A483.67040; Infill 
G1 X0.022 Y-14.798 Z6.600 F5400 A483.68577; Connection 
G1 X0.410 Y-14.410 Z6.600 F5400 A483.70495; Infill 
G1 X0.570 Y-14.810 Z6.600 F5400 A483.72001; Connection 
G1 X0.437 Y-14.943 Z6.600 F5400 A483.72659; Infill 
G1 X0.437 Y-14.943 Z6.600 F1500 A482.42659; Retract 
G1 X0.437 Y-14.943 Z6.600 F3000; Retract 
G1 X-2.593 Y-13.492 Z6.600 F9000; Travel Move 
G1 X-2.593 Y-13.492 Z6.600 F1500 A483.72659; Restart 
G1 X5.526 Y-5.374 Z6.600 F5400 A484.12797; Infill 
G1 X5.480 Y-4.860 Z6.600 F5400 A484.14602; Connection 
G1 X-2.728 Y-13.067 Z6.600 F5400 A484.55181; Infill 
G1 X-2.776 Y-12.556 Z6.600 F5400 A484.56977; Connection 
G1 X5.434 Y-4.345 Z6.600 F5400 A484.97571; Infill 
G1 X5.389 Y-3.831 Z6.600 F5400 A484.99376; Connection 
G1 X-2.822 Y-12.042 Z6.600 F5400 A485.39970; Infill 
G1 X-2.868 Y-11.527 Z6.600 F5400 A485.41775; Connection 
G1 X5.343 Y-3.317 Z6.600 F5400 A485.82369; Infill 
G1 X5.297 Y-2.802 Z6.600 F5400 A485.84174; Connection 
G1 X-2.913 Y-11.013 Z6.600 F5400 A486.24768; Infill 
M73 P62; Update Progress 
G1 X-2.959 Y-10.499 Z6.600 F5400 A486.26573; Connection 
G1 X5.251 Y-2.288 Z6.600 F5400 A486.67167; Infill 
G1 X5.206 Y-1.774 Z6.600 F5400 A486.68972; Connection 
G1 X-3.005 Y-9.984 Z6.600 F5400 A487.09565; Infill 
G1 X-3.051 Y-9.470 Z6.600 F5400 A487.11371; Connection 
G1 X5.160 Y-1.260 Z6.600 F5400 A487.51964; Infill 
G1 X5.114 Y-0.745 Z6.600 F5400 A487.53770; Connection 
G1 X-3.096 Y-8.956 Z6.600 F5400 A487.94363; Infill 
G1 X-3.142 Y-8.441 Z6.600 F5400 A487.96169; Connection 
G1 X5.069 Y-0.231 Z6.600 F5400 A488.36762; Infill 
G1 X5.023 Y0.283 Z6.600 F5400 A488.38567; Connection 
G1 X-3.188 Y-7.927 Z6.600 F5400 A488.79161; Infill 
G1 X-3.233 Y-7.413 Z6.600 F5400 A488.80966; Connection 
G1 X4.977 Y0.798 Z6.600 F5400 A489.21560; Infill 
G1 X4.931 Y1.312 Z6.600 F5400 A489.23365; Connection 
G1 X-3.279 Y-6.899 Z6.600 F5400 A489.63959; Infill 
G1 X-3.325 Y-6.384 Z6.600 F5400 A489.65764; Connection 
G1 X4.361 Y1.301 Z6.600 F5400 A490.03763; Infill 
G1 X3.674 Y1.174 Z6.600 F5400 A490.06205; Connection 
G1 X-3.371 Y-5.870 Z6.600 F5400 A490.41034; Infill 
G1 X-3.416 Y-5.356 Z6.600 F5400 A490.42839; Connection 
G1 X2.960 Y1.020 Z6.600 F5400 A490.74363; Infill 
G1 X2.202 Y0.823 Z6.600 F5400 A490.77102; Connection 
G1 X-3.462 Y-4.841 Z6.600 F5400 A491.05104; Infill 
G1 X-3.508 Y-4.327 Z6.600 F5400 A491.06909; Connection 
G1 X1.444 Y0.625 Z6.600 F5400 A491.31390; Infill 
G1 X0.686 Y0.427 Z6.600 F5400 A491.34129; Connection 
G1 X-3.553 Y-3.813 Z6.600 F5400 A491.55088; Infill 
G1 X-3.599 Y-3.298 Z6.600 F5400 A491.56893; Connection 
G1 X-0.072 Y0.229 Z6.600 F5400 A491.74331; Infill 
G1 X-0.868 Y-0.008 Z6.600 F5400 A491.77234; Connection 
G1 X-3.645 Y-2.784 Z6.600 F5400 A491.90961; Infill 
G1 X-3.691 Y-2.270 Z6.600 F5400 A491.92766; Connection 
G1 X-1.739 Y-0.319 Z6.600 F5400 A492.02413; Infill 
G1 X-2.610 Y-0.629 Z6.600 F5400 A492.05646; Connection 
G1 X-3.736 Y-1.755 Z6.600 F5400 A492.11213; Infill 
G1 X-3.782 Y-1.241 Z6.600 F5400 A492.13018; Connection 
G1 X-3.481 Y-0.940 Z6.600 F5400 A492.14506; Infill 
G1 X-3.481 Y-0.940 Z6.600 F1500 A490.84506; Retract 
G1 X-3.481 Y-0.940 Z6.600 F3000; Retract 
G1 X5.338 Y0.038 Z6.600 F9000; Travel Move 
G1 X5.338 Y0.038 Z6.600 F1500 A492.14506; Restart 
G1 X5.363 Y0.063 Z6.600 F5400 A492.14629; Infill 
G1 X5.292 Y0.553 Z6.600 F5400 A492.16358; Connection 
G1 X5.317 Y0.578 Z6.600 F5400 A492.16481; Infill 
G1 X5.246 Y1.067 Z6.600 F5400 A492.18210; Connection 
G1 X5.271 Y1.092 Z6.600 F5400 A492.18333; Infill 
G1 X5.408 Y-0.451 Z6.600 F5400 A492.23748; Connection 
G1 X5.384 Y-0.476 Z6.600 F5400 A492.23871; Infill 
G1 X5.454 Y-0.965 Z6.600 F5400 A492.25600; Connection 
G1 X5.429 Y-0.990 Z6.600 F5400 A492.25723; Infill 
G1 X5.500 Y-1.480 Z6.600 F5400 A492.27452; Connection 
G1 X5.475 Y-1.505 Z6.600 F5400 A492.27575; Infill 
G1 X5.546 Y-1.994 Z6.600 F5400 A492.29303; Connection 
G1 X5.521 Y-2.019 Z6.600 F5400 A492.29426; Infill 
G1 X5.591 Y-2.508 Z6.600 F5400 A492.31155; Connection 
G1 X5.566 Y-2.533 Z6.600 F5400 A492.31278; Infill 
G1 X5.637 Y-3.023 Z6.600 F5400 A492.33007; Connection 
G1 X5.612 Y-3.048 Z6.600 F5400 A492.33130; Infill 
G1 X5.683 Y-3.537 Z6.600 F5400 A492.34859; Connection 
G1 X5.658 Y-3.562 Z6.600 F5400 A492.34982; Infill 
G1 X5.728 Y-4.051 Z6.600 F5400 A492.36710; Connection 
G1 X5.704 Y-4.076 Z6.600 F5400 A492.36833; Infill 
G1 X5.774 Y-4.566 Z6.600 F5400 A492.38562; Connection 
G1 X5.749 Y-4.590 Z6.600 F5400 A492.38685; Infill 
G1 X5.820 Y-5.080 Z6.600 F5400 A492.40414; Connection 
G1 X5.795 Y-5.105 Z6.600 F5400 A492.40537; Infill 
G1 X5.866 Y-5.594 Z6.600 F5400 A492.42266; Connection 
G1 X5.841 Y-5.619 Z6.600 F5400 A492.42389; Infill 
G1 X5.911 Y-6.109 Z6.600 F5400 A492.44117; Connection 
G1 X5.886 Y-6.133 Z6.600 F5400 A492.44240; Infill 
; Chunk 65 
; Lower Position  6.4 
; Upper Position  6.6 
; Thickness       0.2 
; Width           0.4 
G1 X5.886 Y-6.133 Z6.600 F1500 A491.14240; Retract 
G1 X5.886 Y-6.133 Z6.600 F3000; Retract 
G1 X2.424 Y-12.901 Z6.600 F9000; Travel Move 
G1 X2.424 Y-12.901 Z6.600 F1500 A492.44240; Restart 
G1 X2.424 Y-14.514 Z6.600 F5400 A492.49876; Support 
; Chunk 66 
; Lower Position  6.6 
; Upper Position  6.8 
; Thickness       0.2 
; Width           0.4 
G1 X2.424 Y-14.514 Z6.600 F1500 A491.19876; Retract 
G1 X2.424 Y-14.514 Z6.600 F3000; Retract 
G1 X2.424 Y-14.514 Z6.800 F1380; Travel Move 
G1 X2.424 Y-14.503 Z6.800 F9000; Travel Move 
G1 X2.424 Y-14.503 Z6.800 F1500 A492.49876; Restart 
G1 X2.424 Y-12.901 Z6.800 F5400 A492.55475; Support 
; Chunk 67 
; Lower Position  6.6 
; Upper Position  6.8 
; Thickness       0.2 
; Width           0.4 
G1 X2.424 Y-12.901 Z6.800 F1500 A491.25475; Retract 
G1 X2.424 Y-12.901 Z6.800 F3000; Retract 
G1 X-2.238 Y-14.287 Z6.800 F9000; Travel Move 
G1 X-2.238 Y-14.287 Z6.800 F1500 A492.55475; Restart 
G1 X-2.622 Y-13.986 Z6.800 F5400 A492.57181; Inset 
G1 X-2.772 Y-13.793 Z6.800 F5400 A492.58037; Inset 
G1 X-2.970 Y-13.347 Z6.800 F5400 A492.59742; Inset 
G1 X-3.018 Y-13.065 Z6.800 F5400 A492.60741; Inset 
G1 X-4.096 Y-0.937 Z6.800 F5400 A493.03307; Inset 
G1 X-4.091 Y-0.865 Z6.800 F5400 A493.03560; Inset 
G1 X-4.047 Y-0.839 Z6.800 F5400 A493.03740; Inset 
G1 X-0.577 Y0.397 Z6.800 F5400 A493.16618; Inset 
G1 X1.861 Y1.071 Z6.800 F5400 A493.25458; Inset 
G1 X5.439 Y1.790 Z6.800 F5400 A493.38220; Inset 
G1 X5.486 Y1.790 Z6.800 F5400 A493.38382; Inset 
G1 X5.499 Y1.761 Z6.800 F5400 A493.38495; Inset 
G1 X6.299 Y-7.244 Z6.800 F5400 A493.70099; Inset 
G1 X6.293 Y-7.377 Z6.800 F5400 A493.70567; Inset 
G1 X5.337 Y-12.604 Z6.800 F5400 A493.89141; Inset 
G1 X5.188 Y-12.311 Z6.800 F5400 A493.90288; Inset 
G1 X4.741 Y-11.803 Z6.800 F5400 A493.92656; Inset 
G1 X4.608 Y-11.696 Z6.800 F5400 A493.93251; Inset 
G1 X3.917 Y-11.328 Z6.800 F5400 A493.95987; Inset 
G1 X3.421 Y-11.216 Z6.800 F5400 A493.97765; Inset 
G1 X2.765 Y-11.216 Z6.800 F5400 A494.00058; Inset 
G1 X2.598 Y-11.245 Z6.800 F5400 A494.00653; Inset 
G1 X1.959 Y-11.470 Z6.800 F5400 A494.03021; Inset 
G1 X1.811 Y-11.553 Z6.800 F5400 A494.03616; Inset 
G1 X1.212 Y-12.057 Z6.800 F5400 A494.06351; Inset 
G1 X0.923 Y-12.476 Z6.800 F5400 A494.08130; Inset 
G1 X0.686 Y-13.065 Z6.800 F5400 A494.10348; Inset 
G1 X0.605 Y-13.567 Z6.800 F5400 A494.12127; Inset 
G1 X0.689 Y-14.345 Z6.800 F5400 A494.14862; Inset 
G1 X0.739 Y-14.508 Z6.800 F5400 A494.15458; Inset 
G1 X1.043 Y-15.113 Z6.800 F5400 A494.17825; Inset 
G1 X1.145 Y-15.249 Z6.800 F5400 A494.18420; Inset 
G1 X1.544 Y-15.632 Z6.800 F5400 A494.20356; Inset 
G1 X-1.976 Y-14.403 Z6.800 F5400 A494.33393; Inset 
G1 X-2.238 Y-14.287 Z6.800 F5400 A494.34393; Inset 
G1 X-2.238 Y-14.287 Z6.800 F1500 A493.04393; Retract 
G1 X-2.238 Y-14.287 Z6.800 F3000; Retract 
G1 X1.970 Y-15.463 Z6.800 F9000; Travel Move 
G1 X1.970 Y-15.463 Z6.800 F1500 A494.34393; Restart 
G1 X2.624 Y-15.739 Z6.800 F5400 A494.36875; Inset 
G1 X3.295 Y-15.787 Z6.800 F5400 A494.39225; Inset 
G1 X3.694 Y-15.708 Z6.800 F5400 A494.40648; Inset 
G1 X4.226 Y-15.468 Z6.800 F5400 A494.42688; Inset 
G1 X4.549 Y-15.220 Z6.800 F5400 A494.44111; Inset 
G1 X4.956 Y-14.685 Z6.800 F5400 A494.46461; Inset 
G1 X5.002 Y-14.594 Z6.800 F5400 A494.46818; Inset 
G1 X5.194 Y-13.910 Z6.800 F5400 A494.49300; Inset 
G1 X5.146 Y-13.202 Z6.800 F5400 A494.51783; Inset 
G1 X4.866 Y-12.550 Z6.800 F5400 A494.54265; Inset 
G1 X4.463 Y-12.093 Z6.800 F5400 A494.56394; Inset 
G1 X3.863 Y-11.738 Z6.800 F5400 A494.58832; Inset 
G1 X3.472 Y-11.626 Z6.800 F5400 A494.60255; Inset 
G1 X2.799 Y-11.616 Z6.800 F5400 A494.62605; Inset 
G1 X2.124 Y-11.836 Z6.800 F5400 A494.65087; Inset 
G1 X1.571 Y-12.261 Z6.800 F5400 A494.67524; Inset 
G1 X1.284 Y-12.649 Z6.800 F5400 A494.69212; Inset 
G1 X1.047 Y-13.264 Z6.800 F5400 A494.71518; Inset 
G1 X1.005 Y-13.669 Z6.800 F5400 A494.72940; Inset 
G1 X1.111 Y-14.358 Z6.800 F5400 A494.75378; Inset 
G1 X1.446 Y-14.984 Z6.800 F5400 A494.77860; Inset 
G1 X1.970 Y-15.463 Z6.800 F5400 A494.80342; Inset 
G1 X1.970 Y-15.463 Z6.800 F1500 A493.50342; Retract 
G1 X1.970 Y-15.463 Z6.800 F3000; Retract 
G1 X2.150 Y-15.105 Z6.800 F9000; Travel Move 
G1 X2.150 Y-15.105 Z6.800 F1500 A494.80342; Restart 
G1 X2.675 Y-15.342 Z6.800 F2400 A494.82355; Inset 
G1 X3.240 Y-15.390 Z6.800 F2400 A494.84336; Inset 
G1 X3.541 Y-15.339 Z6.800 F2400 A494.85405; Inset 
G1 X4.050 Y-15.109 Z6.800 F2400 A494.87357; Inset 
G1 X4.288 Y-14.917 Z6.800 F2400 A494.88425; Inset 
G1 X4.625 Y-14.461 Z6.800 F2400 A494.90407; Inset 
G1 X4.793 Y-13.911 Z6.800 F2400 A494.92419; Inset 
G1 X4.769 Y-13.336 Z6.800 F2400 A494.94431; Inset 
G1 X4.554 Y-12.801 Z6.800 F2400 A494.96444; Inset 
G1 X4.174 Y-12.369 Z6.800 F2400 A494.98456; Inset 
G1 X3.679 Y-12.093 Z6.800 F2400 A495.00438; Inset 
G1 X3.383 Y-12.016 Z6.800 F2400 A495.01506; Inset 
G1 X2.816 Y-12.016 Z6.800 F2400 A495.03488; Inset 
G1 X2.274 Y-12.208 Z6.800 F2400 A495.05500; Inset 
G1 X1.833 Y-12.564 Z6.800 F2400 A495.07482; Inset 
G1 X1.651 Y-12.810 Z6.800 F2400 A495.08551; Inset 
G1 X1.443 Y-13.328 Z6.800 F2400 A495.10503; Inset 
G1 X1.404 Y-13.631 Z6.800 F2400 A495.11571; Inset 
G1 X1.476 Y-14.193 Z6.800 F2400 A495.13553; Inset 
G1 X1.735 Y-14.707 Z6.800 F2400 A495.15565; Inset 
G1 X2.150 Y-15.105 Z6.800 F2400 A495.17578; Inset 
G1 X2.150 Y-15.105 Z6.800 F1500 A493.87578; Retract 
G1 X2.150 Y-15.105 Z6.800 F3000; Retract 
G1 X-2.689 Y-14.468 Z6.800 F9000; Travel Move 
G1 X-2.689 Y-14.468 Z6.800 F1500 A495.17578; Restart 
G1 X-2.917 Y-14.258 Z6.800 F5400 A495.18663; Inset 
G1 X-3.108 Y-14.013 Z6.800 F5400 A495.19748; Inset 
G1 X-3.256 Y-13.740 Z6.800 F5400 A495.20833; Inset 
G1 X-3.358 Y-13.447 Z6.800 F5400 A495.21918; Inset 
G1 X-3.415 Y-13.117 Z6.800 F5400 A495.23089; Inset 
G1 X-4.497 Y-0.941 Z6.800 F5400 A495.65824; Inset 
G1 X-4.485 Y-0.768 Z6.800 F5400 A495.66430; Inset 
G1 X-4.438 Y-0.653 Z6.800 F5400 A495.66865; Inset 
G1 X-4.357 Y-0.558 Z6.800 F5400 A495.67301; Inset 
G1 X-4.219 Y-0.475 Z6.800 F5400 A495.67862; Inset 
G1 X-0.697 Y0.779 Z6.800 F5400 A495.80932; Inset 
G1 X1.768 Y1.460 Z6.800 F5400 A495.89873; Inset 
G1 X5.400 Y2.190 Z6.800 F5400 A496.02826; Inset 
G1 X5.555 Y2.190 Z6.800 F5400 A496.03367; Inset 
G1 X5.680 Y2.148 Z6.800 F5400 A496.03827; Inset 
G1 X5.812 Y2.042 Z6.800 F5400 A496.04419; Inset 
G1 X5.896 Y1.813 Z6.800 F5400 A496.05271; Inset 
G1 X6.700 Y-7.235 Z6.800 F5400 A496.37029; Inset 
G1 X6.692 Y-7.423 Z6.800 F5400 A496.37686; Inset 
G1 X5.406 Y-14.445 Z6.800 F5400 A496.62644; Inset 
G1 X5.303 Y-14.834 Z6.800 F5400 A496.64050; Inset 
G1 X5.150 Y-15.180 Z6.800 F5400 A496.65372; Inset 
G1 X4.943 Y-15.497 Z6.800 F5400 A496.66695; Inset 
G1 X4.690 Y-15.778 Z6.800 F5400 A496.68017; Inset 
G1 X4.394 Y-16.017 Z6.800 F5400 A496.69347; Inset 
G1 X4.094 Y-16.191 Z6.800 F5400 A496.70561; Inset 
G1 X3.740 Y-16.331 Z6.800 F5400 A496.71890; Inset 
G1 X3.370 Y-16.412 Z6.800 F5400 A496.73213; Inset 
G1 X2.993 Y-16.434 Z6.800 F5400 A496.74535; Inset 
G1 X2.616 Y-16.397 Z6.800 F5400 A496.75858; Inset 
G1 X2.227 Y-16.295 Z6.800 F5400 A496.77264; Inset 
G1 X-2.124 Y-14.775 Z6.800 F5400 A496.93377; Inset 
G1 X-2.430 Y-14.639 Z6.800 F5400 A496.94548; Inset 
G1 X-2.689 Y-14.468 Z6.800 F5400 A496.95634; Inset 
G1 X-2.689 Y-14.468 Z6.800 F1500 A495.65634; Retract 
G1 X-2.689 Y-14.468 Z6.800 F3000; Retract 
G1 X-2.936 Y-14.785 Z6.800 F9000; Travel Move 
G1 X-2.936 Y-14.785 Z6.800 F1500 A496.95634; Restart 
G1 X-3.213 Y-14.529 Z6.800 F2400 A496.96948; Inset 
G1 X-3.444 Y-14.233 Z6.800 F2400 A496.98263; Inset 
G1 X-3.623 Y-13.902 Z6.800 F2400 A496.99578; Inset 
G1 X-3.747 Y-13.547 Z6.800 F2400 A497.00892; Inset 
G1 X-3.812 Y-13.169 Z6.800 F2400 A497.02235; Inset 
G1 X-4.899 Y-0.944 Z6.800 F2400 A497.45139; Inset 
M73 P63; Update Progress 
G1 X-4.880 Y-0.676 Z6.800 F2400 A497.46081; Inset 
G1 X-4.783 Y-0.441 Z6.800 F2400 A497.46967; Inset 
G1 X-4.618 Y-0.249 Z6.800 F2400 A497.47852; Inset 
G1 X-4.391 Y-0.112 Z6.800 F2400 A497.48780; Inset 
G1 X-0.818 Y1.160 Z6.800 F2400 A497.62042; Inset 
G1 X1.675 Y1.850 Z6.800 F2400 A497.71083; Inset 
G1 X5.361 Y2.590 Z6.800 F2400 A497.84226; Inset 
G1 X5.621 Y2.590 Z6.800 F2400 A497.85136; Inset 
G1 X5.871 Y2.506 Z6.800 F2400 A497.86056; Inset 
G1 X6.085 Y2.341 Z6.800 F2400 A497.87003; Inset 
G1 X6.157 Y2.250 Z6.800 F2400 A497.87406; Inset 
G1 X6.270 Y1.995 Z6.800 F2400 A497.88383; Inset 
G1 X6.293 Y1.865 Z6.800 F2400 A497.88844; Inset 
G1 X7.101 Y-7.227 Z6.800 F2400 A498.20754; Inset 
G1 X7.090 Y-7.468 Z6.800 F2400 A498.21600; Inset 
G1 X5.797 Y-14.533 Z6.800 F2400 A498.46708; Inset 
G1 X5.681 Y-14.968 Z6.800 F2400 A498.48280; Inset 
G1 X5.502 Y-15.371 Z6.800 F2400 A498.49823; Inset 
G1 X5.262 Y-15.742 Z6.800 F2400 A498.51368; Inset 
G1 X4.966 Y-16.069 Z6.800 F2400 A498.52912; Inset 
G1 X4.621 Y-16.347 Z6.800 F2400 A498.54458; Inset 
G1 X4.269 Y-16.552 Z6.800 F2400 A498.55885; Inset 
G1 X3.857 Y-16.714 Z6.800 F2400 A498.57431; Inset 
G1 X3.426 Y-16.810 Z6.800 F2400 A498.58975; Inset 
G1 X2.985 Y-16.836 Z6.800 F2400 A498.60519; Inset 
G1 X2.545 Y-16.792 Z6.800 F2400 A498.62063; Inset 
G1 X2.111 Y-16.678 Z6.800 F2400 A498.63635; Inset 
G1 X-2.271 Y-15.147 Z6.800 F2400 A498.79861; Inset 
G1 X-2.622 Y-14.991 Z6.800 F2400 A498.81204; Inset 
G1 X-2.936 Y-14.785 Z6.800 F2400 A498.82519; Inset 
G1 X-2.936 Y-14.785 Z6.800 F1500 A497.52519; Retract 
G1 X-2.936 Y-14.785 Z6.800 F3000; Retract 
G1 X-1.841 Y-14.147 Z6.800 F9000; Travel Move 
G1 X-1.841 Y-14.147 Z6.800 F1500 A498.82519; Restart 
G1 X-2.669 Y-13.318 Z6.800 F5400 A498.86615; Infill 
G1 X-2.767 Y-12.661 Z6.800 F5400 A498.88939; Connection 
G1 X-0.980 Y-14.448 Z6.800 F5400 A498.97773; Infill 
G1 X-0.120 Y-14.748 Z6.800 F5400 A499.00960; Connection 
G1 X-2.822 Y-12.046 Z6.800 F5400 A499.14319; Infill 
G1 X-2.876 Y-11.432 Z6.800 F5400 A499.16476; Connection 
G1 X0.640 Y-14.948 Z6.800 F5400 A499.33861; Infill 
G1 X0.378 Y-14.125 Z6.800 F5400 A499.36880; Connection 
G1 X-2.931 Y-10.817 Z6.800 F5400 A499.53237; Infill 
G1 X-2.985 Y-10.202 Z6.800 F5400 A499.55395; Connection 
G1 X0.325 Y-13.512 Z6.800 F5400 A499.71759; Infill 
G1 X0.402 Y-13.030 Z6.800 F5400 A499.73468; Connection 
G1 X-3.040 Y-9.588 Z6.800 F5400 A499.90486; Infill 
G1 X-3.095 Y-8.973 Z6.800 F5400 A499.92643; Connection 
G1 X0.555 Y-12.623 Z6.800 F5400 A500.10690; Infill 
G1 X0.736 Y-12.243 Z6.800 F5400 A500.12159; Connection 
G1 X-3.149 Y-8.358 Z6.800 F5400 A500.31367; Infill 
G1 X-3.204 Y-7.744 Z6.800 F5400 A500.33525; Connection 
G1 X0.965 Y-11.912 Z6.800 F5400 A500.54135; Infill 
G1 X1.258 Y-11.645 Z6.800 F5400 A500.55521; Connection 
G1 X-3.259 Y-7.129 Z6.800 F5400 A500.77849; Infill 
G1 X-3.313 Y-6.514 Z6.800 F5400 A500.80006; Connection 
G1 X1.562 Y-11.389 Z6.800 F5400 A501.04108; Infill 
G1 X1.915 Y-11.183 Z6.800 F5400 A501.05539; Connection 
G1 X-3.368 Y-5.900 Z6.800 F5400 A501.31659; Infill 
G1 X-3.423 Y-5.285 Z6.800 F5400 A501.33816; Connection 
G1 X2.329 Y-11.036 Z6.800 F5400 A501.62251; Infill 
G1 X2.782 Y-10.930 Z6.800 F5400 A501.63880; Connection 
G1 X-3.477 Y-4.670 Z6.800 F5400 A501.94828; Infill 
G1 X-3.532 Y-4.056 Z6.800 F5400 A501.96986; Connection 
G1 X3.342 Y-10.930 Z6.800 F5400 A502.30973; Infill 
G1 X4.045 Y-11.072 Z6.800 F5400 A502.33478; Connection 
G1 X-3.586 Y-3.441 Z6.800 F5400 A502.71207; Infill 
G1 X-3.641 Y-2.826 Z6.800 F5400 A502.73364; Connection 
G1 X5.215 Y-11.682 Z6.800 F5400 A503.17148; Infill 
G1 X5.301 Y-11.209 Z6.800 F5400 A503.18831; Connection 
G1 X-3.696 Y-2.212 Z6.800 F5400 A503.63313; Infill 
G1 X-3.750 Y-1.597 Z6.800 F5400 A503.65471; Connection 
G1 X5.388 Y-10.735 Z6.800 F5400 A504.10652; Infill 
G1 X5.475 Y-10.262 Z6.800 F5400 A504.12334; Connection 
G1 X-3.751 Y-1.037 Z6.800 F5400 A504.57945; Infill 
G1 X-3.338 Y-0.890 Z6.800 F5400 A504.59477; Connection 
G1 X5.561 Y-9.789 Z6.800 F5400 A505.03474; Infill 
G1 X5.648 Y-9.315 Z6.800 F5400 A505.05157; Connection 
G1 X-2.925 Y-0.743 Z6.800 F5400 A505.47540; Infill 
G1 X-2.512 Y-0.596 Z6.800 F5400 A505.49072; Connection 
G1 X5.735 Y-8.842 Z6.800 F5400 A505.89842; Infill 
G1 X5.821 Y-8.368 Z6.800 F5400 A505.91524; Connection 
G1 X-2.099 Y-0.449 Z6.800 F5400 A506.30680; Infill 
G1 X-1.686 Y-0.302 Z6.800 F5400 A506.32213; Connection 
G1 X5.908 Y-7.895 Z6.800 F5400 A506.69755; Infill 
G1 X5.994 Y-7.422 Z6.800 F5400 A506.71438; Connection 
G1 X-1.273 Y-0.154 Z6.800 F5400 A507.07367; Infill 
G1 X-0.860 Y-0.007 Z6.800 F5400 A507.08899; Connection 
G1 X5.977 Y-6.844 Z6.800 F5400 A507.42699; Infill 
G1 X5.571 Y-5.878 Z6.800 F5400 A507.46363; Connection 
G1 X-0.444 Y0.137 Z6.800 F5400 A507.76099; Infill 
G1 X-0.005 Y0.258 Z6.800 F5400 A507.77690; Connection 
G1 X5.516 Y-5.263 Z6.800 F5400 A508.04987; Infill 
G1 X5.461 Y-4.648 Z6.800 F5400 A508.07144; Connection 
G1 X0.433 Y0.380 Z6.800 F5400 A508.32002; Infill 
G1 X0.872 Y0.501 Z6.800 F5400 A508.33593; Connection 
G1 X5.407 Y-4.034 Z6.800 F5400 A508.56013; Infill 
M73 P64; Update Progress 
G1 X5.352 Y-3.419 Z6.800 F5400 A508.58170; Connection 
G1 X1.311 Y0.622 Z6.800 F5400 A508.78150; Infill 
G1 X1.749 Y0.744 Z6.800 F5400 A508.79741; Connection 
G1 X5.297 Y-2.804 Z6.800 F5400 A508.97282; Infill 
G1 X5.243 Y-2.190 Z6.800 F5400 A508.99440; Connection 
G1 X2.205 Y0.848 Z6.800 F5400 A509.14460; Infill 
G1 X2.671 Y0.942 Z6.800 F5400 A509.16123; Connection 
G1 X5.188 Y-1.575 Z6.800 F5400 A509.28568; Infill 
G1 X5.133 Y-0.960 Z6.800 F5400 A509.30726; Connection 
G1 X3.137 Y1.036 Z6.800 F5400 A509.40595; Infill 
G1 X3.604 Y1.130 Z6.800 F5400 A509.42258; Connection 
G1 X5.079 Y-0.346 Z6.800 F5400 A509.49551; Infill 
G1 X5.024 Y0.269 Z6.800 F5400 A509.51709; Connection 
G1 X4.070 Y1.223 Z6.800 F5400 A509.56427; Infill 
G1 X4.536 Y1.317 Z6.800 F5400 A509.58090; Connection 
G1 X4.970 Y0.884 Z6.800 F5400 A509.60232; Infill 
G1 X4.970 Y0.884 Z6.800 F1500 A508.30232; Retract 
G1 X4.970 Y0.884 Z6.800 F3000; Retract 
G1 X5.237 Y1.177 Z6.800 F9000; Travel Move 
G1 X5.237 Y1.177 Z6.800 F1500 A509.60232; Restart 
G1 X5.266 Y1.147 Z6.800 F5400 A509.60379; Infill 
G1 X5.291 Y0.562 Z6.800 F5400 A509.62426; Connection 
G1 X5.321 Y0.532 Z6.800 F5400 A509.62573; Infill 
G1 X5.346 Y-0.053 Z6.800 F5400 A509.64619; Connection 
G1 X5.376 Y-0.082 Z6.800 F5400 A509.64766; Infill 
G1 X5.401 Y-0.667 Z6.800 F5400 A509.66813; Connection 
G1 X5.430 Y-0.697 Z6.800 F5400 A509.66960; Infill 
G1 X5.455 Y-1.282 Z6.800 F5400 A509.69007; Connection 
G1 X5.485 Y-1.312 Z6.800 F5400 A509.69154; Infill 
G1 X5.510 Y-1.897 Z6.800 F5400 A509.71201; Connection 
G1 X5.540 Y-1.926 Z6.800 F5400 A509.71348; Infill 
G1 X5.564 Y-2.511 Z6.800 F5400 A509.73394; Connection 
G1 X5.594 Y-2.541 Z6.800 F5400 A509.73541; Infill 
G1 X5.619 Y-3.126 Z6.800 F5400 A509.75588; Connection 
G1 X5.649 Y-3.156 Z6.800 F5400 A509.75735; Infill 
G1 X5.674 Y-3.741 Z6.800 F5400 A509.77782; Connection 
G1 X5.703 Y-3.770 Z6.800 F5400 A509.77929; Infill 
G1 X5.728 Y-4.355 Z6.800 F5400 A509.79976; Connection 
G1 X5.758 Y-4.385 Z6.800 F5400 A509.80123; Infill 
G1 X5.783 Y-4.970 Z6.800 F5400 A509.82170; Connection 
G1 X5.813 Y-5.000 Z6.800 F5400 A509.82317; Infill 
G1 X5.838 Y-5.585 Z6.800 F5400 A509.84363; Connection 
G1 X5.867 Y-5.614 Z6.800 F5400 A509.84510; Infill 
G1 X5.896 Y-6.203 Z6.800 F5400 A509.86570; Connection 
G1 X5.922 Y-6.229 Z6.800 F5400 A509.86700; Infill 
; Chunk 68 
; Lower Position  6.8 
; Upper Position  7 
; Thickness       0.2 
; Width           0.4 
G1 X5.922 Y-6.229 Z6.800 F1500 A508.56700; Retract 
G1 X5.922 Y-6.229 Z6.800 F3000; Retract 
G1 X5.922 Y-6.229 Z7.000 F1380; Travel Move 
G1 X-2.213 Y-14.242 Z7.000 F9000; Travel Move 
G1 X-2.213 Y-14.242 Z7.000 F1500 A509.86700; Restart 
G1 X-2.585 Y-13.952 Z7.000 F5400 A509.88347; Inset 
G1 X-2.730 Y-13.765 Z7.000 F5400 A509.89174; Inset 
G1 X-2.920 Y-13.334 Z7.000 F5400 A509.90822; Inset 
G1 X-2.968 Y-13.061 Z7.000 F5400 A509.91792; Inset 
G1 X-4.046 Y-0.933 Z7.000 F5400 A510.34358; Inset 
G1 X-4.043 Y-0.895 Z7.000 F5400 A510.34492; Inset 
G1 X-1.684 Y-0.014 Z7.000 F5400 A510.43295; Inset 
G1 X0.593 Y0.687 Z7.000 F5400 A510.51623; Inset 
G1 X3.092 Y1.304 Z7.000 F5400 A510.60623; Inset 
G1 X5.275 Y1.718 Z7.000 F5400 A510.68388; Inset 
G1 X5.486 Y1.789 Z7.000 F5400 A510.69169; Inset 
G1 X5.499 Y1.761 Z7.000 F5400 A510.69278; Inset 
G1 X6.197 Y-6.091 Z7.000 F5400 A510.96835; Inset 
G1 X6.178 Y-6.434 Z7.000 F5400 A510.98036; Inset 
G1 X6.246 Y-7.304 Z7.000 F5400 A511.01087; Inset 
G1 X5.300 Y-12.512 Z7.000 F5400 A511.19591; Inset 
G1 X5.188 Y-12.311 Z7.000 F5400 A511.20393; Inset 
G1 X4.741 Y-11.803 Z7.000 F5400 A511.22761; Inset 
G1 X4.608 Y-11.696 Z7.000 F5400 A511.23356; Inset 
G1 X3.917 Y-11.328 Z7.000 F5400 A511.26092; Inset 
G1 X3.421 Y-11.216 Z7.000 F5400 A511.27870; Inset 
G1 X2.765 Y-11.216 Z7.000 F5400 A511.30163; Inset 
G1 X2.598 Y-11.245 Z7.000 F5400 A511.30758; Inset 
G1 X1.959 Y-11.470 Z7.000 F5400 A511.33126; Inset 
G1 X1.811 Y-11.553 Z7.000 F5400 A511.33721; Inset 
G1 X1.212 Y-12.057 Z7.000 F5400 A511.36457; Inset 
G1 X0.923 Y-12.476 Z7.000 F5400 A511.38235; Inset 
G1 X0.686 Y-13.065 Z7.000 F5400 A511.40454; Inset 
G1 X0.605 Y-13.567 Z7.000 F5400 A511.42232; Inset 
G1 X0.689 Y-14.345 Z7.000 F5400 A511.44968; Inset 
G1 X0.739 Y-14.508 Z7.000 F5400 A511.45563; Inset 
G1 X1.043 Y-15.113 Z7.000 F5400 A511.47931; Inset 
G1 X1.456 Y-15.548 Z7.000 F5400 A511.50028; Inset 
G1 X-1.960 Y-14.355 Z7.000 F5400 A511.62676; Inset 
G1 X-2.213 Y-14.242 Z7.000 F5400 A511.63647; Inset 
G1 X-2.213 Y-14.242 Z7.000 F1500 A510.33647; Retract 
G1 X-2.213 Y-14.242 Z7.000 F3000; Retract 
G1 X1.970 Y-15.463 Z7.000 F9000; Travel Move 
G1 X1.970 Y-15.463 Z7.000 F1500 A511.63647; Restart 
G1 X2.624 Y-15.739 Z7.000 F5400 A511.66129; Inset 
G1 X3.295 Y-15.787 Z7.000 F5400 A511.68479; Inset 
G1 X3.694 Y-15.708 Z7.000 F5400 A511.69902; Inset 
G1 X4.291 Y-15.428 Z7.000 F5400 A511.72208; Inset 
G1 X4.602 Y-15.165 Z7.000 F5400 A511.73631; Inset 
G1 X5.002 Y-14.594 Z7.000 F5400 A511.76068; Inset 
G1 X5.194 Y-13.910 Z7.000 F5400 A511.78550; Inset 
G1 X5.146 Y-13.202 Z7.000 F5400 A511.81032; Inset 
G1 X4.866 Y-12.550 Z7.000 F5400 A511.83515; Inset 
G1 X4.463 Y-12.093 Z7.000 F5400 A511.85644; Inset 
G1 X3.863 Y-11.738 Z7.000 F5400 A511.88082; Inset 
G1 X3.472 Y-11.626 Z7.000 F5400 A511.89504; Inset 
G1 X2.799 Y-11.616 Z7.000 F5400 A511.91855; Inset 
G1 X2.124 Y-11.836 Z7.000 F5400 A511.94337; Inset 
G1 X1.571 Y-12.261 Z7.000 F5400 A511.96774; Inset 
G1 X1.284 Y-12.649 Z7.000 F5400 A511.98462; Inset 
G1 X1.047 Y-13.264 Z7.000 F5400 A512.00768; Inset 
G1 X1.005 Y-13.669 Z7.000 F5400 A512.02190; Inset 
G1 X1.111 Y-14.358 Z7.000 F5400 A512.04628; Inset 
G1 X1.446 Y-14.984 Z7.000 F5400 A512.07110; Inset 
G1 X1.970 Y-15.463 Z7.000 F5400 A512.09592; Inset 
G1 X1.970 Y-15.463 Z7.000 F1500 A510.79592; Retract 
G1 X1.970 Y-15.463 Z7.000 F3000; Retract 
G1 X2.150 Y-15.105 Z7.000 F9000; Travel Move 
G1 X2.150 Y-15.105 Z7.000 F1500 A512.09592; Restart 
G1 X2.675 Y-15.342 Z7.000 F2400 A512.11604; Inset 
G1 X3.240 Y-15.390 Z7.000 F2400 A512.13586; Inset 
G1 X3.541 Y-15.339 Z7.000 F2400 A512.14655; Inset 
G1 X4.050 Y-15.109 Z7.000 F2400 A512.16606; Inset 
G1 X4.288 Y-14.917 Z7.000 F2400 A512.17675; Inset 
G1 X4.625 Y-14.461 Z7.000 F2400 A512.19657; Inset 
G1 X4.793 Y-13.911 Z7.000 F2400 A512.21669; Inset 
G1 X4.769 Y-13.336 Z7.000 F2400 A512.23681; Inset 
G1 X4.554 Y-12.801 Z7.000 F2400 A512.25693; Inset 
G1 X4.174 Y-12.369 Z7.000 F2400 A512.27706; Inset 
G1 X3.679 Y-12.093 Z7.000 F2400 A512.29688; Inset 
G1 X3.383 Y-12.016 Z7.000 F2400 A512.30756; Inset 
G1 X2.816 Y-12.016 Z7.000 F2400 A512.32738; Inset 
G1 X2.274 Y-12.208 Z7.000 F2400 A512.34750; Inset 
G1 X1.833 Y-12.564 Z7.000 F2400 A512.36732; Inset 
G1 X1.651 Y-12.810 Z7.000 F2400 A512.37801; Inset 
G1 X1.443 Y-13.328 Z7.000 F2400 A512.39752; Inset 
G1 X1.404 Y-13.631 Z7.000 F2400 A512.40821; Inset 
G1 X1.476 Y-14.193 Z7.000 F2400 A512.42803; Inset 
G1 X1.735 Y-14.707 Z7.000 F2400 A512.44815; Inset 
G1 X2.150 Y-15.105 Z7.000 F2400 A512.46827; Inset 
G1 X2.150 Y-15.105 Z7.000 F1500 A511.16827; Retract 
G1 X2.150 Y-15.105 Z7.000 F3000; Retract 
G1 X-2.406 Y-14.594 Z7.000 F9000; Travel Move 
G1 X-2.406 Y-14.594 Z7.000 F1500 A512.46827; Restart 
G1 X-2.880 Y-14.223 Z7.000 F5400 A512.48932; Inset 
G1 X-3.066 Y-13.985 Z7.000 F5400 A512.49988; Inset 
G1 X-3.309 Y-13.434 Z7.000 F5400 A512.52094; Inset 
G1 X-3.365 Y-13.112 Z7.000 F5400 A512.53236; Inset 
G1 X-4.447 Y-0.936 Z7.000 F5400 A512.95971; Inset 
G1 X-4.436 Y-0.780 Z7.000 F5400 A512.96520; Inset 
G1 X-4.324 Y-0.597 Z7.000 F5400 A512.97269; Inset 
G1 X-4.197 Y-0.520 Z7.000 F5400 A512.97788; Inset 
G1 X-1.812 Y0.365 Z7.000 F5400 A513.06679; Inset 
G1 X0.486 Y1.073 Z7.000 F5400 A513.15087; Inset 
G1 X3.007 Y1.695 Z7.000 F5400 A513.24164; Inset 
G1 X5.179 Y2.107 Z7.000 F5400 A513.31895; Inset 
G1 X5.489 Y2.195 Z7.000 F5400 A513.33021; Inset 
G1 X5.660 Y2.163 Z7.000 F5400 A513.33626; Inset 
G1 X5.812 Y2.042 Z7.000 F5400 A513.34307; Inset 
G1 X5.896 Y1.813 Z7.000 F5400 A513.35158; Inset 
G1 X6.598 Y-6.088 Z7.000 F5400 A513.62889; Inset 
G1 X6.578 Y-6.418 Z7.000 F5400 A513.64044; Inset 
G1 X6.649 Y-7.324 Z7.000 F5400 A513.67224; Inset 
G1 X5.356 Y-14.437 Z7.000 F5400 A513.92497; Inset 
G1 X5.256 Y-14.815 Z7.000 F5400 A513.93865; Inset 
G1 X5.107 Y-15.152 Z7.000 F5400 A513.95151; Inset 
G1 X4.908 Y-15.461 Z7.000 F5400 A513.96437; Inset 
G1 X4.662 Y-15.735 Z7.000 F5400 A513.97723; Inset 
G1 X4.377 Y-15.967 Z7.000 F5400 A513.99009; Inset 
G1 X4.059 Y-16.152 Z7.000 F5400 A514.00296; Inset 
G1 X3.716 Y-16.285 Z7.000 F5400 A514.01582; Inset 
G1 X3.357 Y-16.363 Z7.000 F5400 A514.02868; Inset 
G1 X2.989 Y-16.384 Z7.000 F5400 A514.04155; Inset 
G1 X2.623 Y-16.347 Z7.000 F5400 A514.05441; Inset 
G1 X2.244 Y-16.247 Z7.000 F5400 A514.06810; Inset 
G1 X-2.107 Y-14.727 Z7.000 F5400 A514.22923; Inset 
G1 X-2.406 Y-14.594 Z7.000 F5400 A514.24066; Inset 
G1 X-2.406 Y-14.594 Z7.000 F1500 A512.94066; Retract 
G1 X-2.406 Y-14.594 Z7.000 F3000; Retract 
G1 X-2.905 Y-14.744 Z7.000 F9000; Travel Move 
G1 X-2.905 Y-14.744 Z7.000 F1500 A514.24066; Restart 
G1 X-3.175 Y-14.495 Z7.000 F2400 A514.25352; Inset 
G1 X-3.401 Y-14.205 Z7.000 F2400 A514.26637; Inset 
G1 X-3.577 Y-13.882 Z7.000 F2400 A514.27923; Inset 
G1 X-3.698 Y-13.535 Z7.000 F2400 A514.29208; Inset 
G1 X-3.761 Y-13.164 Z7.000 F2400 A514.30523; Inset 
G1 X-4.848 Y-0.940 Z7.000 F2400 A514.73427; Inset 
G1 X-4.830 Y-0.687 Z7.000 F2400 A514.74312; Inset 
G1 X-4.740 Y-0.468 Z7.000 F2400 A514.75141; Inset 
G1 X-4.586 Y-0.288 Z7.000 F2400 A514.75970; Inset 
G1 X-4.371 Y-0.158 Z7.000 F2400 A514.76846; Inset 
G1 X-1.941 Y0.744 Z7.000 F2400 A514.85909; Inset 
G1 X0.379 Y1.458 Z7.000 F2400 A514.94396; Inset 
G1 X2.922 Y2.086 Z7.000 F2400 A515.03551; Inset 
G1 X5.095 Y2.498 Z7.000 F2400 A515.11284; Inset 
G1 X5.242 Y2.560 Z7.000 F2400 A515.11842; Inset 
G1 X5.489 Y2.600 Z7.000 F2400 A515.12718; Inset 
G1 X5.758 Y2.557 Z7.000 F2400 A515.13669; Inset 
G1 X5.864 Y2.511 Z7.000 F2400 A515.14072; Inset 
G1 X6.085 Y2.341 Z7.000 F2400 A515.15048; Inset 
G1 X6.157 Y2.250 Z7.000 F2400 A515.15451; Inset 
G1 X6.270 Y1.995 Z7.000 F2400 A515.16428; Inset 
G1 X6.293 Y1.865 Z7.000 F2400 A515.16889; Inset 
G1 X6.999 Y-6.085 Z7.000 F2400 A515.44791; Inset 
G1 X6.977 Y-6.394 Z7.000 F2400 A515.45874; Inset 
G1 X7.052 Y-7.345 Z7.000 F2400 A515.49209; Inset 
G1 X5.747 Y-14.524 Z7.000 F2400 A515.74720; Inset 
G1 X5.635 Y-14.948 Z7.000 F2400 A515.76253; Inset 
G1 X5.460 Y-15.342 Z7.000 F2400 A515.77759; Inset 
G1 X5.227 Y-15.704 Z7.000 F2400 A515.79265; Inset 
G1 X4.939 Y-16.025 Z7.000 F2400 A515.80771; Inset 
G1 X4.605 Y-16.297 Z7.000 F2400 A515.82277; Inset 
G1 X4.233 Y-16.514 Z7.000 F2400 A515.83783; Inset 
G1 X3.831 Y-16.670 Z7.000 F2400 A515.85290; Inset 
G1 X3.410 Y-16.761 Z7.000 F2400 A515.86796; Inset 
G1 X2.980 Y-16.785 Z7.000 F2400 A515.88302; Inset 
G1 X2.552 Y-16.742 Z7.000 F2400 A515.89808; Inset 
G1 X2.127 Y-16.630 Z7.000 F2400 A515.91342; Inset 
G1 X-2.254 Y-15.099 Z7.000 F2400 A516.07568; Inset 
G1 X-2.598 Y-14.947 Z7.000 F2400 A516.08882; Inset 
G1 X-2.905 Y-14.744 Z7.000 F2400 A516.10168; Inset 
G1 X-2.905 Y-14.744 Z7.000 F1500 A514.80168; Retract 
G1 X-2.905 Y-14.744 Z7.000 F3000; Retract 
G1 X-2.329 Y-13.789 Z7.000 F9000; Travel Move 
G1 X-2.329 Y-13.789 Z7.000 F1500 A516.10168; Restart 
G1 X5.572 Y-5.888 Z7.000 F5400 A516.49228; Infill 
G1 X5.648 Y-6.372 Z7.000 F5400 A516.50940; Connection 
G1 X-2.003 Y-14.023 Z7.000 F5400 A516.88765; Infill 
G1 X-1.598 Y-14.178 Z7.000 F5400 A516.90280; Connection 
G1 X5.904 Y-6.676 Z7.000 F5400 A517.27369; Infill 
G1 X5.950 Y-7.189 Z7.000 F5400 A517.29170; Connection 
G1 X1.980 Y-11.159 Z7.000 F5400 A517.48798; Infill 
G1 X2.770 Y-10.930 Z7.000 F5400 A517.51673; Connection 
G1 X5.858 Y-7.842 Z7.000 F5400 A517.66940; Infill 
G1 X5.734 Y-8.526 Z7.000 F5400 A517.69373; Connection 
G1 X3.330 Y-10.930 Z7.000 F5400 A517.81256; Infill 
G1 X3.809 Y-11.011 Z7.000 F5400 A517.82955; Connection 
G1 X5.609 Y-9.211 Z7.000 F5400 A517.91854; Infill 
G1 X5.485 Y-9.895 Z7.000 F5400 A517.94286; Connection 
G1 X4.217 Y-11.163 Z7.000 F5400 A518.00556; Infill 
G1 X4.582 Y-11.358 Z7.000 F5400 A518.02004; Connection 
G1 X5.360 Y-10.580 Z7.000 F5400 A518.05851; Infill 
G1 X5.236 Y-11.264 Z7.000 F5400 A518.08284; Connection 
G1 X4.920 Y-11.580 Z7.000 F5400 A518.09845; Infill 
G1 X4.920 Y-11.580 Z7.000 F1500 A516.79845; Retract 
G1 X4.920 Y-11.580 Z7.000 F3000; Retract 
G1 X0.581 Y-12.559 Z7.000 F9000; Travel Move 
M73 P65; Update Progress 
G1 X0.581 Y-12.559 Z7.000 F1500 A518.09845; Restart 
G1 X-1.183 Y-14.323 Z7.000 F5400 A518.18567; Infill 
G1 X-0.768 Y-14.468 Z7.000 F5400 A518.20104; Connection 
G1 X0.351 Y-13.349 Z7.000 F5400 A518.25635; Infill 
G1 X0.354 Y-13.906 Z7.000 F5400 A518.27582; Connection 
G1 X-0.353 Y-14.613 Z7.000 F5400 A518.31077; Infill 
G1 X0.062 Y-14.758 Z7.000 F5400 A518.32614; Connection 
G1 X0.410 Y-14.410 Z7.000 F5400 A518.34335; Infill 
G1 X0.570 Y-14.810 Z7.000 F5400 A518.35841; Connection 
G1 X0.477 Y-14.903 Z7.000 F5400 A518.36302; Infill 
G1 X0.477 Y-14.903 Z7.000 F1500 A517.06302; Retract 
G1 X0.477 Y-14.903 Z7.000 F3000; Retract 
G1 X-2.555 Y-13.454 Z7.000 F9000; Travel Move 
G1 X-2.555 Y-13.454 Z7.000 F1500 A518.36302; Restart 
G1 X5.526 Y-5.374 Z7.000 F5400 A518.76252; Infill 
G1 X5.480 Y-4.860 Z7.000 F5400 A518.78057; Connection 
G1 X-2.684 Y-13.023 Z7.000 F5400 A519.18420; Infill 
G1 X-2.729 Y-12.509 Z7.000 F5400 A519.20225; Connection 
G1 X5.434 Y-4.345 Z7.000 F5400 A519.60587; Infill 
G1 X5.389 Y-3.831 Z7.000 F5400 A519.62392; Connection 
G1 X-2.775 Y-11.995 Z7.000 F5400 A520.02755; Infill 
G1 X-2.821 Y-11.481 Z7.000 F5400 A520.04560; Connection 
G1 X5.343 Y-3.317 Z7.000 F5400 A520.44923; Infill 
G1 X5.297 Y-2.802 Z7.000 F5400 A520.46728; Connection 
G1 X-2.867 Y-10.966 Z7.000 F5400 A520.87090; Infill 
G1 X-2.912 Y-10.452 Z7.000 F5400 A520.88895; Connection 
G1 X5.251 Y-2.288 Z7.000 F5400 A521.29258; Infill 
G1 X5.206 Y-1.774 Z7.000 F5400 A521.31063; Connection 
G1 X-2.958 Y-9.938 Z7.000 F5400 A521.71425; Infill 
G1 X-3.004 Y-9.423 Z7.000 F5400 A521.73230; Connection 
G1 X5.160 Y-1.260 Z7.000 F5400 A522.13593; Infill 
G1 X5.114 Y-0.745 Z7.000 F5400 A522.15398; Connection 
G1 X-3.049 Y-8.909 Z7.000 F5400 A522.55760; Infill 
G1 X-3.095 Y-8.395 Z7.000 F5400 A522.57566; Connection 
G1 X5.069 Y-0.231 Z7.000 F5400 A522.97928; Infill 
G1 X5.023 Y0.283 Z7.000 F5400 A522.99733; Connection 
G1 X-3.141 Y-7.880 Z7.000 F5400 A523.40095; Infill 
G1 X-3.187 Y-7.366 Z7.000 F5400 A523.41901; Connection 
G1 X4.977 Y0.798 Z7.000 F5400 A523.82263; Infill 
G1 X4.931 Y1.312 Z7.000 F5400 A523.84068; Connection 
G1 X-3.232 Y-6.852 Z7.000 F5400 A524.24431; Infill 
G1 X-3.278 Y-6.337 Z7.000 F5400 A524.26236; Connection 
G1 X4.302 Y1.242 Z7.000 F5400 A524.63711; Infill 
G1 X3.610 Y1.111 Z7.000 F5400 A524.66171; Connection 
G1 X-3.324 Y-5.823 Z7.000 F5400 A525.00454; Infill 
G1 X-3.369 Y-5.309 Z7.000 F5400 A525.02259; Connection 
G1 X2.901 Y0.962 Z7.000 F5400 A525.33263; Infill 
G1 X2.158 Y0.779 Z7.000 F5400 A525.35939; Connection 
G1 X-3.415 Y-4.795 Z7.000 F5400 A525.63494; Infill 
G1 X-3.461 Y-4.280 Z7.000 F5400 A525.65299; Connection 
G1 X1.415 Y0.595 Z7.000 F5400 A525.89404; Infill 
G1 X0.671 Y0.412 Z7.000 F5400 A525.92080; Connection 
G1 X-3.507 Y-3.766 Z7.000 F5400 A526.12736; Infill 
G1 X-3.552 Y-3.252 Z7.000 F5400 A526.14541; Connection 
G1 X-0.138 Y0.163 Z7.000 F5400 A526.31421; Infill 
G1 X-0.947 Y-0.087 Z7.000 F5400 A526.34382; Connection 
G1 X-3.598 Y-2.737 Z7.000 F5400 A526.47487; Infill 
G1 X-3.644 Y-2.223 Z7.000 F5400 A526.49292; Connection 
G1 X-1.774 Y-0.353 Z7.000 F5400 A526.58536; Infill 
G1 X-2.668 Y-0.687 Z7.000 F5400 A526.61870; Connection 
G1 X-3.689 Y-1.709 Z7.000 F5400 A526.66923; Infill 
G1 X-3.735 Y-1.194 Z7.000 F5400 A526.68728; Connection 
G1 X-3.561 Y-1.020 Z7.000 F5400 A526.69589; Infill 
G1 X-3.561 Y-1.020 Z7.000 F1500 A525.39589; Retract 
G1 X-3.561 Y-1.020 Z7.000 F3000; Retract 
G1 X5.384 Y-0.476 Z7.000 F9000; Travel Move 
G1 X5.384 Y-0.476 Z7.000 F1500 A526.69589; Restart 
G1 X5.408 Y-0.451 Z7.000 F5400 A526.69712; Infill 
G1 X5.338 Y0.038 Z7.000 F5400 A526.71441; Connection 
G1 X5.363 Y0.063 Z7.000 F5400 A526.71564; Infill 
G1 X5.292 Y0.553 Z7.000 F5400 A526.73293; Connection 
G1 X5.317 Y0.578 Z7.000 F5400 A526.73416; Infill 
G1 X5.246 Y1.067 Z7.000 F5400 A526.75145; Connection 
G1 X5.271 Y1.092 Z7.000 F5400 A526.75268; Infill 
G1 X5.454 Y-0.965 Z7.000 F5400 A526.82488; Connection 
G1 X5.429 Y-0.990 Z7.000 F5400 A526.82612; Infill 
G1 X5.500 Y-1.480 Z7.000 F5400 A526.84340; Connection 
G1 X5.475 Y-1.505 Z7.000 F5400 A526.84463; Infill 
G1 X5.546 Y-1.994 Z7.000 F5400 A526.86192; Connection 
G1 X5.521 Y-2.019 Z7.000 F5400 A526.86315; Infill 
G1 X5.591 Y-2.508 Z7.000 F5400 A526.88044; Connection 
G1 X5.566 Y-2.533 Z7.000 F5400 A526.88167; Infill 
G1 X5.637 Y-3.023 Z7.000 F5400 A526.89896; Connection 
G1 X5.612 Y-3.048 Z7.000 F5400 A526.90019; Infill 
G1 X5.683 Y-3.537 Z7.000 F5400 A526.91748; Connection 
G1 X5.658 Y-3.562 Z7.000 F5400 A526.91871; Infill 
G1 X5.728 Y-4.051 Z7.000 F5400 A526.93599; Connection 
G1 X5.704 Y-4.076 Z7.000 F5400 A526.93722; Infill 
G1 X5.774 Y-4.566 Z7.000 F5400 A526.95451; Connection 
G1 X5.749 Y-4.590 Z7.000 F5400 A526.95574; Infill 
G1 X5.820 Y-5.080 Z7.000 F5400 A526.97303; Connection 
G1 X5.795 Y-5.105 Z7.000 F5400 A526.97426; Infill 
G1 X5.866 Y-5.594 Z7.000 F5400 A526.99155; Connection 
G1 X5.841 Y-5.619 Z7.000 F5400 A526.99278; Infill 
G1 X5.909 Y-6.110 Z7.000 F5400 A527.01012; Connection 
G1 X5.886 Y-6.133 Z7.000 F5400 A527.01126; Infill 
; Chunk 69 
; Lower Position  6.8 
; Upper Position  7 
; Thickness       0.2 
; Width           0.4 
G1 X5.886 Y-6.133 Z7.000 F1500 A525.71126; Retract 
G1 X5.886 Y-6.133 Z7.000 F3000; Retract 
G1 X2.424 Y-12.901 Z7.000 F9000; Travel Move 
G1 X2.424 Y-12.901 Z7.000 F1500 A527.01126; Restart 
G1 X2.424 Y-14.527 Z7.000 F5400 A527.06809; Support 
; Chunk 70 
; Lower Position  7 
; Upper Position  7.2 
; Thickness       0.2 
; Width           0.4 
G1 X2.424 Y-14.527 Z7.000 F1500 A525.76809; Retract 
G1 X2.424 Y-14.527 Z7.000 F3000; Retract 
G1 X2.424 Y-14.527 Z7.200 F1380; Travel Move 
G1 X2.424 Y-14.527 Z7.200 F9000; Travel Move 
G1 X2.424 Y-14.527 Z7.200 F1500 A527.06809; Restart 
G1 X2.424 Y-12.901 Z7.200 F1620 A527.12492; Support 
; Chunk 71 
; Lower Position  7 
; Upper Position  7.2 
; Thickness       0.2 
; Width           0.4 
G1 X2.424 Y-12.901 Z7.200 F1500 A525.82492; Retract 
G1 X2.424 Y-12.901 Z7.200 F3000; Retract 
G1 X2.150 Y-15.105 Z7.200 F9000; Travel Move 
G1 X2.150 Y-15.105 Z7.200 F1500 A527.12492; Restart 
G1 X2.675 Y-15.342 Z7.200 F720 A527.14505; Inset 
G1 X3.240 Y-15.390 Z7.200 F720 A527.16486; Inset 
G1 X3.541 Y-15.339 Z7.200 F720 A527.17555; Inset 
G1 X4.050 Y-15.109 Z7.200 F720 A527.19506; Inset 
G1 X4.288 Y-14.917 Z7.200 F720 A527.20575; Inset 
G1 X4.625 Y-14.461 Z7.200 F720 A527.22557; Inset 
G1 X4.793 Y-13.911 Z7.200 F720 A527.24569; Inset 
G1 X4.769 Y-13.336 Z7.200 F720 A527.26581; Inset 
G1 X4.554 Y-12.801 Z7.200 F720 A527.28594; Inset 
G1 X4.174 Y-12.369 Z7.200 F720 A527.30606; Inset 
G1 X3.679 Y-12.093 Z7.200 F720 A527.32588; Inset 
G1 X3.383 Y-12.016 Z7.200 F720 A527.33656; Inset 
G1 X2.816 Y-12.016 Z7.200 F720 A527.35638; Inset 
G1 X2.274 Y-12.208 Z7.200 F720 A527.37650; Inset 
G1 X1.833 Y-12.564 Z7.200 F720 A527.39632; Inset 
G1 X1.651 Y-12.810 Z7.200 F720 A527.40701; Inset 
G1 X1.443 Y-13.328 Z7.200 F720 A527.42652; Inset 
G1 X1.404 Y-13.631 Z7.200 F720 A527.43721; Inset 
G1 X1.476 Y-14.193 Z7.200 F720 A527.45703; Inset 
G1 X1.735 Y-14.707 Z7.200 F720 A527.47715; Inset 
G1 X2.150 Y-15.105 Z7.200 F720 A527.49727; Inset 
G1 X2.150 Y-15.105 Z7.200 F1500 A526.19727; Retract 
G1 X2.150 Y-15.105 Z7.200 F3000; Retract 
G1 X1.848 Y-15.446 Z7.200 F9000; Travel Move 
G1 X1.848 Y-15.446 Z7.200 F1500 A527.49727; Restart 
G1 X1.539 Y-15.197 Z7.200 F720 A527.51112; Inset 
G1 X1.282 Y-14.904 Z7.200 F720 A527.52475; Inset 
G1 X1.081 Y-14.577 Z7.200 F720 A527.53817; Inset 
G1 X0.935 Y-14.215 Z7.200 F720 A527.55181; Inset 
G1 X0.852 Y-13.834 Z7.200 F720 A527.56544; Inset 
G1 X0.836 Y-13.438 Z7.200 F720 A527.57929; Inset 
M73 P66; Update Progress 
G1 X0.884 Y-13.058 Z7.200 F720 A527.59270; Inset 
G1 X0.998 Y-12.685 Z7.200 F720 A527.60634; Inset 
G1 X1.176 Y-12.331 Z7.200 F720 A527.62018; Inset 
G1 X1.409 Y-12.018 Z7.200 F720 A527.63382; Inset 
G1 X1.686 Y-11.752 Z7.200 F720 A527.64724; Inset 
G1 X2.009 Y-11.533 Z7.200 F720 A527.66087; Inset 
G1 X2.369 Y-11.370 Z7.200 F720 A527.67471; Inset 
G1 X2.747 Y-11.272 Z7.200 F720 A527.68835; Inset 
G1 X3.129 Y-11.240 Z7.200 F720 A527.70177; Inset 
G1 X3.518 Y-11.272 Z7.200 F720 A527.71540; Inset 
G1 X3.896 Y-11.370 Z7.200 F720 A527.72904; Inset 
G1 X4.251 Y-11.530 Z7.200 F720 A527.74267; Inset 
G1 X4.575 Y-11.748 Z7.200 F720 A527.75631; Inset 
G1 X4.856 Y-12.018 Z7.200 F720 A527.76993; Inset 
G1 X5.092 Y-12.336 Z7.200 F720 A527.78378; Inset 
G1 X5.267 Y-12.685 Z7.200 F720 A527.79741; Inset 
G1 X5.381 Y-13.058 Z7.200 F720 A527.81104; Inset 
G1 X5.429 Y-13.438 Z7.200 F720 A527.82447; Inset 
G1 X5.413 Y-13.828 Z7.200 F720 A527.83810; Inset 
G1 X5.330 Y-14.215 Z7.200 F720 A527.85194; Inset 
G1 X5.184 Y-14.577 Z7.200 F720 A527.86557; Inset 
G1 X4.979 Y-14.909 Z7.200 F720 A527.87920; Inset 
G1 X4.721 Y-15.201 Z7.200 F720 A527.89284; Inset 
G1 X4.418 Y-15.446 Z7.200 F720 A527.90647; Inset 
G1 X4.077 Y-15.635 Z7.200 F720 A527.92010; Inset 
G1 X3.709 Y-15.765 Z7.200 F720 A527.93374; Inset 
G1 X3.327 Y-15.830 Z7.200 F720 A527.94727; Inset 
G1 X2.937 Y-15.830 Z7.200 F720 A527.96090; Inset 
G1 X2.556 Y-15.765 Z7.200 F720 A527.97443; Inset 
G1 X2.188 Y-15.635 Z7.200 F720 A527.98807; Inset 
G1 X1.848 Y-15.446 Z7.200 F720 A528.00170; Inset 
G1 X1.848 Y-15.446 Z7.200 F1500 A526.70170; Retract 
G1 X1.848 Y-15.446 Z7.200 F3000; Retract 
G1 X5.965 Y-6.477 Z7.200 F9000; Travel Move 
G1 X5.965 Y-6.477 Z7.200 F1500 A528.00170; Restart 
G1 X5.877 Y-6.382 Z7.200 F1620 A528.00621; Inset 
G1 X5.803 Y-6.177 Z7.200 F1620 A528.01384; Inset 
G1 X5.099 Y1.742 Z7.200 F1620 A528.29178; Inset 
G1 X5.135 Y1.956 Z7.200 F1620 A528.29937; Inset 
G1 X5.214 Y2.076 Z7.200 F1620 A528.30439; Inset 
G1 X5.362 Y2.174 Z7.200 F1620 A528.31059; Inset 
G1 X5.490 Y2.195 Z7.200 F1620 A528.31512; Inset 
G1 X5.660 Y2.163 Z7.200 F1620 A528.32116; Inset 
G1 X5.812 Y2.042 Z7.200 F1620 A528.32796; Inset 
G1 X5.896 Y1.813 Z7.200 F1620 A528.33648; Inset 
G1 X6.598 Y-6.086 Z7.200 F1620 A528.61371; Inset 
G1 X6.583 Y-6.279 Z7.200 F1620 A528.62049; Inset 
G1 X6.497 Y-6.427 Z7.200 F1620 A528.62645; Inset 
G1 X6.372 Y-6.525 Z7.200 F1620 A528.63202; Inset 
G1 X6.206 Y-6.558 Z7.200 F1620 A528.63795; Inset 
G1 X6.079 Y-6.537 Z7.200 F1620 A528.64246; Inset 
G1 X5.965 Y-6.477 Z7.200 F1620 A528.64696; Inset 
G1 X5.965 Y-6.477 Z7.200 F1500 A527.34696; Retract 
G1 X5.965 Y-6.477 Z7.200 F3000; Retract 
G1 X5.718 Y-6.798 Z7.200 F9000; Travel Move 
G1 X5.718 Y-6.798 Z7.200 F1500 A528.64696; Restart 
G1 X5.539 Y-6.606 Z7.200 F720 A528.65614; Inset 
G1 X5.428 Y-6.359 Z7.200 F720 A528.66561; Inset 
G1 X5.406 Y-6.229 Z7.200 F720 A528.67022; Inset 
G1 X4.699 Y1.723 Z7.200 F720 A528.94933; Inset 
G1 X4.698 Y1.855 Z7.200 F720 A528.95394; Inset 
G1 X4.763 Y2.118 Z7.200 F720 A528.96339; Inset 
G1 X4.913 Y2.347 Z7.200 F720 A528.97297; Inset 
G1 X5.084 Y2.487 Z7.200 F720 A528.98069; Inset 
G1 X5.245 Y2.560 Z7.200 F720 A528.98686; Inset 
G1 X5.489 Y2.600 Z7.200 F720 A528.99553; Inset 
G1 X5.758 Y2.557 Z7.200 F720 A529.00504; Inset 
G1 X5.864 Y2.511 Z7.200 F720 A529.00907; Inset 
G1 X6.085 Y2.341 Z7.200 F720 A529.01884; Inset 
G1 X6.157 Y2.250 Z7.200 F720 A529.02287; Inset 
G1 X6.270 Y1.995 Z7.200 F720 A529.03263; Inset 
G1 X6.293 Y1.865 Z7.200 F720 A529.03724; Inset 
G1 X6.999 Y-6.084 Z7.200 F720 A529.31623; Inset 
G1 X6.977 Y-6.363 Z7.200 F720 A529.32603; Inset 
G1 X6.928 Y-6.503 Z7.200 F720 A529.33120; Inset 
G1 X6.795 Y-6.702 Z7.200 F720 A529.33957; Inset 
G1 X6.581 Y-6.870 Z7.200 F720 A529.34910; Inset 
G1 X6.475 Y-6.917 Z7.200 F720 A529.35313; Inset 
G1 X6.208 Y-6.963 Z7.200 F720 A529.36260; Inset 
G1 X5.949 Y-6.922 Z7.200 F720 A529.37177; Inset 
G1 X5.718 Y-6.798 Z7.200 F720 A529.38095; Inset 
; Chunk 72 
; Lower Position  7.2 
; Upper Position  7.4 
; Thickness       0.2 
; Width           0.4 
G1 X5.718 Y-6.798 Z7.200 F1500 A528.08095; Retract 
G1 X5.718 Y-6.798 Z7.200 F3000; Retract 
G1 X5.718 Y-6.798 Z7.400 F1380; Travel Move 
G1 X5.965 Y-6.477 Z7.400 F9000; Travel Move 
G1 X5.965 Y-6.477 Z7.400 F1500 A529.38095; Restart 
G1 X5.877 Y-6.382 Z7.400 F1620 A529.38545; Inset 
G1 X5.803 Y-6.177 Z7.400 F1620 A529.39309; Inset 
G1 X5.099 Y1.742 Z7.400 F1620 A529.67103; Inset 
G1 X5.135 Y1.956 Z7.400 F1620 A529.67862; Inset 
G1 X5.213 Y2.076 Z7.400 F1620 A529.68362; Inset 
G1 X5.361 Y2.174 Z7.400 F1620 A529.68981; Inset 
G1 X5.490 Y2.195 Z7.400 F1620 A529.69437; Inset 
G1 X5.660 Y2.163 Z7.400 F1620 A529.70040; Inset 
G1 X5.802 Y2.054 Z7.400 F1620 A529.70668; Inset 
G1 X5.896 Y1.813 Z7.400 F1620 A529.71572; Inset 
G1 X6.598 Y-6.086 Z7.400 F1620 A529.99295; Inset 
M73 P67; Update Progress 
G1 X6.585 Y-6.250 Z7.400 F1620 A529.99872; Inset 
G1 X6.510 Y-6.411 Z7.400 F1620 A530.00492; Inset 
G1 X6.333 Y-6.536 Z7.400 F1620 A530.01250; Inset 
G1 X6.206 Y-6.558 Z7.400 F1620 A530.01700; Inset 
G1 X6.079 Y-6.537 Z7.400 F1620 A530.02151; Inset 
G1 X5.965 Y-6.477 Z7.400 F1620 A530.02602; Inset 
G1 X5.965 Y-6.477 Z7.400 F1500 A528.72602; Retract 
G1 X5.965 Y-6.477 Z7.400 F3000; Retract 
G1 X5.718 Y-6.798 Z7.400 F9000; Travel Move 
G1 X5.718 Y-6.798 Z7.400 F1500 A530.02602; Restart 
G1 X5.539 Y-6.606 Z7.400 F720 A530.03520; Inset 
G1 X5.428 Y-6.359 Z7.400 F720 A530.04466; Inset 
G1 X5.406 Y-6.229 Z7.400 F720 A530.04928; Inset 
G1 X4.699 Y1.723 Z7.400 F720 A530.32838; Inset 
G1 X4.698 Y1.855 Z7.400 F720 A530.33299; Inset 
G1 X4.763 Y2.118 Z7.400 F720 A530.34245; Inset 
G1 X4.912 Y2.347 Z7.400 F720 A530.35200; Inset 
G1 X5.086 Y2.488 Z7.400 F720 A530.35981; Inset 
G1 X5.244 Y2.560 Z7.400 F720 A530.36588; Inset 
G1 X5.489 Y2.600 Z7.400 F720 A530.37459; Inset 
G1 X5.758 Y2.557 Z7.400 F720 A530.38409; Inset 
G1 X5.864 Y2.511 Z7.400 F720 A530.38812; Inset 
G1 X6.085 Y2.341 Z7.400 F720 A530.39789; Inset 
G1 X6.157 Y2.250 Z7.400 F720 A530.40192; Inset 
G1 X6.270 Y1.995 Z7.400 F720 A530.41169; Inset 
G1 X6.293 Y1.865 Z7.400 F720 A530.41630; Inset 
G1 X6.999 Y-6.084 Z7.400 F720 A530.69528; Inset 
G1 X6.978 Y-6.354 Z7.400 F720 A530.70475; Inset 
G1 X6.844 Y-6.640 Z7.400 F720 A530.71581; Inset 
G1 X6.700 Y-6.791 Z7.400 F720 A530.72311; Inset 
G1 X6.467 Y-6.919 Z7.400 F720 A530.73239; Inset 
G1 X6.208 Y-6.963 Z7.400 F720 A530.74156; Inset 
G1 X5.949 Y-6.922 Z7.400 F720 A530.75074; Inset 
G1 X5.718 Y-6.798 Z7.400 F720 A530.75991; Inset 
G1 X5.718 Y-6.798 Z7.400 F1500 A529.45991; Retract 
G1 X5.718 Y-6.798 Z7.400 F3000; Retract 
G1 X2.150 Y-15.105 Z7.400 F9000; Travel Move 
G1 X2.150 Y-15.105 Z7.400 F1500 A530.75991; Restart 
G1 X2.675 Y-15.342 Z7.400 F720 A530.78004; Inset 
G1 X3.240 Y-15.390 Z7.400 F720 A530.79985; Inset 
G1 X3.541 Y-15.339 Z7.400 F720 A530.81054; Inset 
G1 X4.050 Y-15.109 Z7.400 F720 A530.83006; Inset 
G1 X4.288 Y-14.917 Z7.400 F720 A530.84074; Inset 
G1 X4.625 Y-14.461 Z7.400 F720 A530.86056; Inset 
G1 X4.793 Y-13.911 Z7.400 F720 A530.88068; Inset 
G1 X4.769 Y-13.336 Z7.400 F720 A530.90080; Inset 
G1 X4.554 Y-12.801 Z7.400 F720 A530.92093; Inset 
G1 X4.174 Y-12.369 Z7.400 F720 A530.94105; Inset 
G1 X3.679 Y-12.093 Z7.400 F720 A530.96087; Inset 
G1 X3.383 Y-12.016 Z7.400 F720 A530.97155; Inset 
G1 X2.816 Y-12.016 Z7.400 F720 A530.99137; Inset 
G1 X2.274 Y-12.208 Z7.400 F720 A531.01149; Inset 
G1 X1.833 Y-12.564 Z7.400 F720 A531.03131; Inset 
G1 X1.651 Y-12.810 Z7.400 F720 A531.04200; Inset 
G1 X1.443 Y-13.328 Z7.400 F720 A531.06152; Inset 
G1 X1.404 Y-13.631 Z7.400 F720 A531.07220; Inset 
G1 X1.476 Y-14.193 Z7.400 F720 A531.09202; Inset 
G1 X1.735 Y-14.707 Z7.400 F720 A531.11214; Inset 
G1 X2.150 Y-15.105 Z7.400 F720 A531.13226; Inset 
G1 X2.150 Y-15.105 Z7.400 F1500 A529.83226; Retract 
G1 X2.150 Y-15.105 Z7.400 F3000; Retract 
G1 X1.853 Y-15.449 Z7.400 F9000; Travel Move 
G1 X1.853 Y-15.449 Z7.400 F1500 A531.13226; Restart 
G1 X1.535 Y-15.192 Z7.400 F720 A531.14652; Inset 
G1 X1.279 Y-14.899 Z7.400 F720 A531.16016; Inset 
G1 X1.084 Y-14.582 Z7.400 F720 A531.17316; Inset 
G1 X0.937 Y-14.221 Z7.400 F720 A531.18680; Inset 
G1 X0.853 Y-13.840 Z7.400 F720 A531.20042; Inset 
G1 X0.836 Y-13.432 Z7.400 F720 A531.21470; Inset 
G1 X0.883 Y-13.064 Z7.400 F720 A531.22768; Inset 
G1 X0.996 Y-12.690 Z7.400 F720 A531.24132; Inset 
G1 X1.180 Y-12.326 Z7.400 F720 A531.25558; Inset 
G1 X1.413 Y-12.013 Z7.400 F720 A531.26921; Inset 
G1 X1.681 Y-11.756 Z7.400 F720 A531.28221; Inset 
G1 X2.003 Y-11.537 Z7.400 F720 A531.29584; Inset 
G1 X2.375 Y-11.369 Z7.400 F720 A531.31010; Inset 
G1 X2.753 Y-11.272 Z7.400 F720 A531.32372; Inset 
G1 X3.142 Y-11.240 Z7.400 F720 A531.33737; Inset 
G1 X3.512 Y-11.272 Z7.400 F720 A531.35037; Inset 
G1 X3.890 Y-11.369 Z7.400 F720 A531.36401; Inset 
G1 X4.246 Y-11.528 Z7.400 F720 A531.37764; Inset 
G1 X4.570 Y-11.745 Z7.400 F720 A531.39128; Inset 
G1 X4.852 Y-12.013 Z7.400 F720 A531.40489; Inset 
G1 X5.095 Y-12.341 Z7.400 F720 A531.41916; Inset 
G1 X5.269 Y-12.690 Z7.400 F720 A531.43277; Inset 
G1 X5.382 Y-13.064 Z7.400 F720 A531.44642; Inset 
G1 X5.429 Y-13.432 Z7.400 F720 A531.45942; Inset 
G1 X5.414 Y-13.822 Z7.400 F720 A531.47305; Inset 
G1 X5.328 Y-14.221 Z7.400 F720 A531.48731; Inset 
G1 X5.181 Y-14.582 Z7.400 F720 A531.50093; Inset 
G1 X4.976 Y-14.913 Z7.400 F720 A531.51456; Inset 
G1 X4.717 Y-15.205 Z7.400 F720 A531.52819; Inset 
G1 X4.413 Y-15.449 Z7.400 F720 A531.54183; Inset 
G1 X4.071 Y-15.637 Z7.400 F720 A531.55546; Inset 
G1 X3.703 Y-15.766 Z7.400 F720 A531.56910; Inset 
G1 X3.328 Y-15.830 Z7.400 F720 A531.58242; Inset 
G1 X2.937 Y-15.830 Z7.400 F720 A531.59606; Inset 
G1 X2.562 Y-15.766 Z7.400 F720 A531.60938; Inset 
G1 X2.194 Y-15.637 Z7.400 F720 A531.62302; Inset 
G1 X1.853 Y-15.449 Z7.400 F720 A531.63664; Inset 
; Chunk 73 
; Lower Position  7.2 
; Upper Position  7.4 
; Thickness       0.2 
; Width           0.4 
G1 X1.853 Y-15.449 Z7.400 F1500 A530.33664; Retract 
G1 X1.853 Y-15.449 Z7.400 F3000; Retract 
G1 X2.424 Y-14.527 Z7.400 F9000; Travel Move 
G1 X2.424 Y-14.527 Z7.400 F1500 A531.63664; Restart 
G1 X2.424 Y-12.901 Z7.400 F1620 A531.69346; Support 
; Chunk 74 
; Lower Position  7.4 
; Upper Position  7.6 
; Thickness       0.2 
; Width           0.4 
G1 X2.424 Y-12.901 Z7.400 F1500 A530.39346; Retract 
G1 X2.424 Y-12.901 Z7.400 F3000; Retract 
G1 X2.424 Y-12.901 Z7.600 F1380; Travel Move 
G1 X2.424 Y-12.897 Z7.600 F9000; Travel Move 
G1 X2.424 Y-12.897 Z7.600 F1500 A531.69346; Restart 
G1 X2.424 Y-14.527 Z7.600 F1620 A531.75043; Support 
; Chunk 75 
; Lower Position  7.4 
; Upper Position  7.6 
; Thickness       0.2 
; Width           0.4 
G1 X2.424 Y-14.527 Z7.600 F1500 A530.45043; Retract 
G1 X2.424 Y-14.527 Z7.600 F3000; Retract 
G1 X2.150 Y-15.105 Z7.600 F9000; Travel Move 
G1 X2.150 Y-15.105 Z7.600 F1500 A531.75043; Restart 
G1 X2.675 Y-15.342 Z7.600 F720 A531.77056; Inset 
M73 P68; Update Progress 
G1 X3.240 Y-15.390 Z7.600 F720 A531.79037; Inset 
G1 X3.541 Y-15.339 Z7.600 F720 A531.80106; Inset 
G1 X4.050 Y-15.109 Z7.600 F720 A531.82057; Inset 
G1 X4.288 Y-14.917 Z7.600 F720 A531.83126; Inset 
G1 X4.625 Y-14.461 Z7.600 F720 A531.85108; Inset 
G1 X4.793 Y-13.911 Z7.600 F720 A531.87120; Inset 
G1 X4.769 Y-13.336 Z7.600 F720 A531.89132; Inset 
G1 X4.554 Y-12.801 Z7.600 F720 A531.91145; Inset 
G1 X4.174 Y-12.369 Z7.600 F720 A531.93157; Inset 
G1 X3.679 Y-12.093 Z7.600 F720 A531.95139; Inset 
G1 X3.383 Y-12.016 Z7.600 F720 A531.96207; Inset 
G1 X2.816 Y-12.016 Z7.600 F720 A531.98189; Inset 
G1 X2.274 Y-12.208 Z7.600 F720 A532.00201; Inset 
G1 X1.833 Y-12.564 Z7.600 F720 A532.02183; Inset 
G1 X1.651 Y-12.810 Z7.600 F720 A532.03252; Inset 
G1 X1.443 Y-13.328 Z7.600 F720 A532.05203; Inset 
G1 X1.404 Y-13.631 Z7.600 F720 A532.06272; Inset 
G1 X1.476 Y-14.193 Z7.600 F720 A532.08254; Inset 
G1 X1.735 Y-14.707 Z7.600 F720 A532.10266; Inset 
G1 X2.150 Y-15.105 Z7.600 F720 A532.12278; Inset 
G1 X2.150 Y-15.105 Z7.600 F1500 A530.82278; Retract 
G1 X2.150 Y-15.105 Z7.600 F3000; Retract 
G1 X1.858 Y-15.452 Z7.600 F9000; Travel Move 
G1 X1.858 Y-15.452 Z7.600 F1500 A532.12278; Restart 
G1 X1.531 Y-15.188 Z7.600 F720 A532.13746; Inset 
G1 X1.275 Y-14.894 Z7.600 F720 A532.15109; Inset 
G1 X1.087 Y-14.587 Z7.600 F720 A532.16367; Inset 
G1 X0.939 Y-14.226 Z7.600 F720 A532.17732; Inset 
G1 X0.854 Y-13.846 Z7.600 F720 A532.19093; Inset 
G1 X0.837 Y-13.426 Z7.600 F720 A532.20563; Inset 
G1 X0.882 Y-13.070 Z7.600 F720 A532.21819; Inset 
G1 X0.994 Y-12.696 Z7.600 F720 A532.23182; Inset 
G1 X1.183 Y-12.321 Z7.600 F720 A532.24650; Inset 
G1 X1.417 Y-12.009 Z7.600 F720 A532.26013; Inset 
G1 X1.677 Y-11.760 Z7.600 F720 A532.27271; Inset 
G1 X1.998 Y-11.540 Z7.600 F720 A532.28634; Inset 
G1 X2.381 Y-11.367 Z7.600 F720 A532.30102; Inset 
G1 X2.759 Y-11.271 Z7.600 F720 A532.31465; Inset 
G1 X3.117 Y-11.240 Z7.600 F720 A532.32723; Inset 
G1 X3.507 Y-11.271 Z7.600 F720 A532.34089; Inset 
G1 X3.885 Y-11.367 Z7.600 F720 A532.35451; Inset 
G1 X4.241 Y-11.525 Z7.600 F720 A532.36815; Inset 
G1 X4.565 Y-11.742 Z7.600 F720 A532.38178; Inset 
G1 X4.848 Y-12.009 Z7.600 F720 A532.39538; Inset 
G1 X5.098 Y-12.347 Z7.600 F720 A532.41006; Inset 
G1 X5.271 Y-12.695 Z7.600 F720 A532.42367; Inset 
G1 X5.383 Y-13.070 Z7.600 F720 A532.43732; Inset 
G1 X5.428 Y-13.426 Z7.600 F720 A532.44990; Inset 
G1 X5.414 Y-13.816 Z7.600 F720 A532.46353; Inset 
G1 X5.326 Y-14.227 Z7.600 F720 A532.47821; Inset 
G1 X5.179 Y-14.587 Z7.600 F720 A532.49182; Inset 
G1 X4.972 Y-14.917 Z7.600 F720 A532.50545; Inset 
G1 X4.713 Y-15.209 Z7.600 F720 A532.51908; Inset 
G1 X4.408 Y-15.452 Z7.600 F720 A532.53271; Inset 
G1 X4.066 Y-15.640 Z7.600 F720 A532.54634; Inset 
G1 X3.697 Y-15.767 Z7.600 F720 A532.55999; Inset 
G1 X3.328 Y-15.830 Z7.600 F720 A532.57310; Inset 
G1 X2.937 Y-15.830 Z7.600 F720 A532.58674; Inset 
G1 X2.568 Y-15.767 Z7.600 F720 A532.59985; Inset 
G1 X2.199 Y-15.640 Z7.600 F720 A532.61349; Inset 
G1 X1.858 Y-15.452 Z7.600 F720 A532.62710; Inset 
G1 X1.858 Y-15.452 Z7.600 F1500 A531.32710; Retract 
G1 X1.858 Y-15.452 Z7.600 F3000; Retract 
G1 X5.965 Y-6.477 Z7.600 F9000; Travel Move 
G1 X5.965 Y-6.477 Z7.600 F1500 A532.62710; Restart 
G1 X5.877 Y-6.382 Z7.600 F1620 A532.63161; Inset 
G1 X5.803 Y-6.177 Z7.600 F1620 A532.63925; Inset 
G1 X5.099 Y1.742 Z7.600 F1620 A532.91719; Inset 
G1 X5.142 Y1.982 Z7.600 F1620 A532.92571; Inset 
G1 X5.255 Y2.116 Z7.600 F1620 A532.93185; Inset 
G1 X5.430 Y2.189 Z7.600 F1620 A532.93848; Inset 
G1 X5.556 Y2.190 Z7.600 F1620 A532.94289; Inset 
G1 X5.680 Y2.148 Z7.600 F1620 A532.94744; Inset 
G1 X5.812 Y2.042 Z7.600 F1620 A532.95336; Inset 
G1 X5.896 Y1.813 Z7.600 F1620 A532.96188; Inset 
G1 X6.598 Y-6.085 Z7.600 F1620 A533.23910; Inset 
G1 X6.585 Y-6.251 Z7.600 F1620 A533.24489; Inset 
G1 X6.511 Y-6.410 Z7.600 F1620 A533.25102; Inset 
G1 X6.333 Y-6.536 Z7.600 F1620 A533.25866; Inset 
G1 X6.206 Y-6.558 Z7.600 F1620 A533.26317; Inset 
G1 X6.079 Y-6.537 Z7.600 F1620 A533.26767; Inset 
G1 X5.965 Y-6.477 Z7.600 F1620 A533.27218; Inset 
G1 X5.965 Y-6.477 Z7.600 F1500 A531.97218; Retract 
G1 X5.965 Y-6.477 Z7.600 F3000; Retract 
G1 X5.718 Y-6.798 Z7.600 F9000; Travel Move 
G1 X5.718 Y-6.798 Z7.600 F1500 A533.27218; Restart 
G1 X5.539 Y-6.606 Z7.600 F720 A533.28135; Inset 
G1 X5.428 Y-6.359 Z7.600 F720 A533.29083; Inset 
G1 X5.406 Y-6.229 Z7.600 F720 A533.29543; Inset 
G1 X4.699 Y1.723 Z7.600 F720 A533.57454; Inset 
G1 X4.698 Y1.855 Z7.600 F720 A533.57915; Inset 
G1 X4.765 Y2.126 Z7.600 F720 A533.58892; Inset 
G1 X4.992 Y2.422 Z7.600 F720 A533.60193; Inset 
G1 X5.128 Y2.511 Z7.600 F720 A533.60762; Inset 
G1 X5.366 Y2.589 Z7.600 F720 A533.61638; Inset 
G1 X5.621 Y2.590 Z7.600 F720 A533.62531; Inset 
G1 X5.870 Y2.506 Z7.600 F720 A533.63450; Inset 
G1 X6.085 Y2.341 Z7.600 F720 A533.64397; Inset 
G1 X6.157 Y2.250 Z7.600 F720 A533.64800; Inset 
G1 X6.270 Y1.995 Z7.600 F720 A533.65777; Inset 
G1 X6.293 Y1.865 Z7.600 F720 A533.66238; Inset 
G1 X6.999 Y-6.083 Z7.600 F720 A533.94135; Inset 
M73 P69; Update Progress 
G1 X6.978 Y-6.354 Z7.600 F720 A533.95083; Inset 
G1 X6.846 Y-6.638 Z7.600 F720 A533.96180; Inset 
G1 X6.699 Y-6.791 Z7.600 F720 A533.96920; Inset 
G1 X6.467 Y-6.919 Z7.600 F720 A533.97847; Inset 
G1 X6.208 Y-6.963 Z7.600 F720 A533.98764; Inset 
G1 X5.949 Y-6.922 Z7.600 F720 A533.99682; Inset 
G1 X5.718 Y-6.798 Z7.600 F720 A534.00599; Inset 
; Chunk 76 
; Lower Position  7.6 
; Upper Position  7.8 
; Thickness       0.2 
; Width           0.4 
G1 X5.718 Y-6.798 Z7.600 F1500 A532.70599; Retract 
G1 X5.718 Y-6.798 Z7.600 F3000; Retract 
G1 X5.718 Y-6.798 Z7.800 F1380; Travel Move 
G1 X5.965 Y-6.477 Z7.800 F9000; Travel Move 
G1 X5.965 Y-6.477 Z7.800 F1500 A534.00599; Restart 
G1 X5.877 Y-6.382 Z7.800 F1620 A534.01050; Inset 
G1 X5.803 Y-6.177 Z7.800 F1620 A534.01814; Inset 
G1 X5.099 Y1.742 Z7.800 F1620 A534.29608; Inset 
G1 X5.142 Y1.982 Z7.800 F1620 A534.30460; Inset 
G1 X5.256 Y2.117 Z7.800 F1620 A534.31078; Inset 
G1 X5.430 Y2.189 Z7.800 F1620 A534.31737; Inset 
G1 X5.556 Y2.190 Z7.800 F1620 A534.32178; Inset 
G1 X5.680 Y2.148 Z7.800 F1620 A534.32633; Inset 
G1 X5.812 Y2.042 Z7.800 F1620 A534.33225; Inset 
G1 X5.896 Y1.813 Z7.800 F1620 A534.34077; Inset 
G1 X6.598 Y-6.085 Z7.800 F1620 A534.61798; Inset 
G1 X6.584 Y-6.259 Z7.800 F1620 A534.62409; Inset 
G1 X6.513 Y-6.414 Z7.800 F1620 A534.63004; Inset 
G1 X6.372 Y-6.525 Z7.800 F1620 A534.63632; Inset 
G1 X6.206 Y-6.558 Z7.800 F1620 A534.64225; Inset 
G1 X6.079 Y-6.537 Z7.800 F1620 A534.64675; Inset 
G1 X5.965 Y-6.477 Z7.800 F1620 A534.65126; Inset 
G1 X5.965 Y-6.477 Z7.800 F1500 A533.35126; Retract 
G1 X5.965 Y-6.477 Z7.800 F3000; Retract 
G1 X5.718 Y-6.798 Z7.800 F9000; Travel Move 
G1 X5.718 Y-6.798 Z7.800 F1500 A534.65126; Restart 
G1 X5.539 Y-6.606 Z7.800 F720 A534.66043; Inset 
G1 X5.428 Y-6.359 Z7.800 F720 A534.66991; Inset 
G1 X5.406 Y-6.229 Z7.800 F720 A534.67451; Inset 
G1 X4.699 Y1.723 Z7.800 F720 A534.95362; Inset 
G1 X4.698 Y1.855 Z7.800 F720 A534.95823; Inset 
G1 X4.765 Y2.126 Z7.800 F720 A534.96800; Inset 
G1 X4.820 Y2.229 Z7.800 F720 A534.97206; Inset 
G1 X4.993 Y2.423 Z7.800 F720 A534.98113; Inset 
G1 X5.127 Y2.510 Z7.800 F720 A534.98673; Inset 
G1 X5.365 Y2.589 Z7.800 F720 A534.99552; Inset 
G1 X5.621 Y2.590 Z7.800 F720 A535.00447; Inset 
G1 X5.871 Y2.506 Z7.800 F720 A535.01366; Inset 
G1 X6.085 Y2.341 Z7.800 F720 A535.02313; Inset 
G1 X6.157 Y2.250 Z7.800 F720 A535.02716; Inset 
G1 X6.270 Y1.995 Z7.800 F720 A535.03693; Inset 
G1 X6.293 Y1.865 Z7.800 F720 A535.04154; Inset 
G1 X6.999 Y-6.083 Z7.800 F720 A535.32050; Inset 
G1 X6.978 Y-6.357 Z7.800 F720 A535.33009; Inset 
G1 X6.871 Y-6.606 Z7.800 F720 A535.33956; Inset 
G1 X6.800 Y-6.697 Z7.800 F720 A535.34362; Inset 
G1 X6.581 Y-6.870 Z7.800 F720 A535.35338; Inset 
G1 X6.475 Y-6.917 Z7.800 F720 A535.35741; Inset 
G1 X6.208 Y-6.963 Z7.800 F720 A535.36688; Inset 
G1 X5.949 Y-6.922 Z7.800 F720 A535.37606; Inset 
G1 X5.718 Y-6.798 Z7.800 F720 A535.38523; Inset 
G1 X5.718 Y-6.798 Z7.800 F1500 A534.08523; Retract 
G1 X5.718 Y-6.798 Z7.800 F3000; Retract 
G1 X2.151 Y-15.105 Z7.800 F9000; Travel Move 
G1 X2.151 Y-15.105 Z7.800 F1500 A535.38523; Restart 
G1 X2.675 Y-15.342 Z7.800 F720 A535.40535; Inset 
G1 X3.240 Y-15.390 Z7.800 F720 A535.42517; Inset 
G1 X3.541 Y-15.339 Z7.800 F720 A535.43586; Inset 
G1 X4.050 Y-15.109 Z7.800 F720 A535.45537; Inset 
G1 X4.288 Y-14.917 Z7.800 F720 A535.46606; Inset 
G1 X4.625 Y-14.461 Z7.800 F720 A535.48588; Inset 
G1 X4.793 Y-13.911 Z7.800 F720 A535.50600; Inset 
G1 X4.769 Y-13.336 Z7.800 F720 A535.52612; Inset 
G1 X4.554 Y-12.801 Z7.800 F720 A535.54624; Inset 
G1 X4.174 Y-12.369 Z7.800 F720 A535.56637; Inset 
G1 X3.679 Y-12.093 Z7.800 F720 A535.58619; Inset 
G1 X3.383 Y-12.016 Z7.800 F720 A535.59687; Inset 
G1 X2.816 Y-12.016 Z7.800 F720 A535.61669; Inset 
G1 X2.274 Y-12.208 Z7.800 F720 A535.63681; Inset 
G1 X1.833 Y-12.564 Z7.800 F720 A535.65663; Inset 
G1 X1.651 Y-12.810 Z7.800 F720 A535.66732; Inset 
G1 X1.443 Y-13.328 Z7.800 F720 A535.68683; Inset 
G1 X1.404 Y-13.631 Z7.800 F720 A535.69752; Inset 
G1 X1.476 Y-14.193 Z7.800 F720 A535.71733; Inset 
G1 X1.735 Y-14.707 Z7.800 F720 A535.73746; Inset 
G1 X2.151 Y-15.105 Z7.800 F720 A535.75758; Inset 
G1 X2.151 Y-15.105 Z7.800 F1500 A534.45758; Retract 
G1 X2.151 Y-15.105 Z7.800 F3000; Retract 
G1 X1.863 Y-15.455 Z7.800 F9000; Travel Move 
G1 X1.863 Y-15.455 Z7.800 F1500 A535.75758; Restart 
G1 X1.527 Y-15.184 Z7.800 F720 A535.77268; Inset 
G1 X1.272 Y-14.889 Z7.800 F720 A535.78631; Inset 
G1 X1.090 Y-14.593 Z7.800 F720 A535.79847; Inset 
G1 X0.941 Y-14.231 Z7.800 F720 A535.81213; Inset 
G1 X0.856 Y-13.852 Z7.800 F720 A535.82573; Inset 
G1 X0.837 Y-13.420 Z7.800 F720 A535.84086; Inset 
G1 X0.881 Y-13.076 Z7.800 F720 A535.85298; Inset 
G1 X0.992 Y-12.702 Z7.800 F720 A535.86661; Inset 
G1 X1.187 Y-12.316 Z7.800 F720 A535.88171; Inset 
G1 X1.421 Y-12.005 Z7.800 F720 A535.89534; Inset 
M73 P70; Update Progress 
G1 X1.672 Y-11.764 Z7.800 F720 A535.90750; Inset 
G1 X1.993 Y-11.543 Z7.800 F720 A535.92112; Inset 
G1 X2.387 Y-11.365 Z7.800 F720 A535.93622; Inset 
G1 X2.765 Y-11.270 Z7.800 F720 A535.94985; Inset 
G1 X3.111 Y-11.241 Z7.800 F720 A535.96201; Inset 
G1 X3.501 Y-11.270 Z7.800 F720 A535.97567; Inset 
G1 X3.879 Y-11.365 Z7.800 F720 A535.98930; Inset 
G1 X4.236 Y-11.523 Z7.800 F720 A536.00293; Inset 
G1 X4.561 Y-11.738 Z7.800 F720 A536.01656; Inset 
G1 X4.844 Y-12.005 Z7.800 F720 A536.03015; Inset 
G1 X5.101 Y-12.352 Z7.800 F720 A536.04525; Inset 
G1 X5.273 Y-12.701 Z7.800 F720 A536.05885; Inset 
G1 X5.384 Y-13.076 Z7.800 F720 A536.07251; Inset 
G1 X5.428 Y-13.420 Z7.800 F720 A536.08467; Inset 
G1 X5.415 Y-13.810 Z7.800 F720 A536.09830; Inset 
G1 X5.324 Y-14.232 Z7.800 F720 A536.11340; Inset 
G1 X5.176 Y-14.592 Z7.800 F720 A536.12699; Inset 
G1 X4.968 Y-14.922 Z7.800 F720 A536.14062; Inset 
G1 X4.708 Y-15.212 Z7.800 F720 A536.15425; Inset 
G1 X4.403 Y-15.455 Z7.800 F720 A536.16788; Inset 
G1 X4.061 Y-15.642 Z7.800 F720 A536.18151; Inset 
G1 X3.691 Y-15.769 Z7.800 F720 A536.19516; Inset 
G1 X3.328 Y-15.830 Z7.800 F720 A536.20806; Inset 
G1 X2.937 Y-15.830 Z7.800 F720 A536.22171; Inset 
G1 X2.574 Y-15.769 Z7.800 F720 A536.23460; Inset 
G1 X2.204 Y-15.642 Z7.800 F720 A536.24825; Inset 
G1 X1.863 Y-15.455 Z7.800 F720 A536.26185; Inset 
; Chunk 77 
; Lower Position  7.6 
; Upper Position  7.8 
; Thickness       0.2 
; Width           0.4 
G1 X1.863 Y-15.455 Z7.800 F1500 A534.96185; Retract 
G1 X1.863 Y-15.455 Z7.800 F3000; Retract 
G1 X2.424 Y-14.527 Z7.800 F9000; Travel Move 
G1 X2.424 Y-14.527 Z7.800 F1500 A536.26185; Restart 
G1 X2.424 Y-12.896 Z7.800 F1620 A536.31886; Support 
; Chunk 78 
; Lower Position  7.8 
; Upper Position  8 
; Thickness       0.2 
; Width           0.4 
G1 X2.424 Y-12.896 Z7.800 F1500 A535.01886; Retract 
G1 X2.424 Y-12.896 Z7.800 F3000; Retract 
G1 X2.424 Y-12.896 Z8.000 F1380; Travel Move 
G1 X2.424 Y-12.895 Z8.000 F9000; Travel Move 
G1 X2.424 Y-12.895 Z8.000 F1500 A536.31886; Restart 
G1 X2.424 Y-14.527 Z8.000 F1620 A536.37592; Support 
; Chunk 79 
; Lower Position  7.8 
; Upper Position  8 
; Thickness       0.2 
; Width           0.4 
G1 X2.424 Y-14.527 Z8.000 F1500 A535.07592; Retract 
G1 X2.424 Y-14.527 Z8.000 F3000; Retract 
G1 X2.151 Y-15.105 Z8.000 F9000; Travel Move 
G1 X2.151 Y-15.105 Z8.000 F1500 A536.37592; Restart 
G1 X2.675 Y-15.342 Z8.000 F720 A536.39605; Inset 
G1 X3.240 Y-15.390 Z8.000 F720 A536.41586; Inset 
G1 X3.541 Y-15.339 Z8.000 F720 A536.42655; Inset 
G1 X4.050 Y-15.109 Z8.000 F720 A536.44607; Inset 
G1 X4.288 Y-14.917 Z8.000 F720 A536.45675; Inset 
G1 X4.625 Y-14.461 Z8.000 F720 A536.47657; Inset 
G1 X4.793 Y-13.911 Z8.000 F720 A536.49669; Inset 
G1 X4.769 Y-13.336 Z8.000 F720 A536.51681; Inset 
G1 X4.554 Y-12.801 Z8.000 F720 A536.53694; Inset 
G1 X4.174 Y-12.369 Z8.000 F720 A536.55706; Inset 
G1 X3.679 Y-12.093 Z8.000 F720 A536.57688; Inset 
G1 X3.383 Y-12.016 Z8.000 F720 A536.58756; Inset 
G1 X2.816 Y-12.016 Z8.000 F720 A536.60738; Inset 
G1 X2.274 Y-12.208 Z8.000 F720 A536.62750; Inset 
G1 X1.833 Y-12.564 Z8.000 F720 A536.64732; Inset 
G1 X1.651 Y-12.810 Z8.000 F720 A536.65801; Inset 
G1 X1.443 Y-13.328 Z8.000 F720 A536.67753; Inset 
G1 X1.404 Y-13.631 Z8.000 F720 A536.68821; Inset 
G1 X1.476 Y-14.193 Z8.000 F720 A536.70803; Inset 
G1 X1.735 Y-14.707 Z8.000 F720 A536.72815; Inset 
G1 X2.151 Y-15.105 Z8.000 F720 A536.74827; Inset 
G1 X2.151 Y-15.105 Z8.000 F1500 A535.44827; Retract 
G1 X2.151 Y-15.105 Z8.000 F3000; Retract 
G1 X1.868 Y-15.458 Z8.000 F9000; Travel Move 
G1 X1.868 Y-15.458 Z8.000 F1500 A536.74827; Restart 
G1 X1.523 Y-15.179 Z8.000 F720 A536.76379; Inset 
G1 X1.269 Y-14.884 Z8.000 F720 A536.77742; Inset 
G1 X1.093 Y-14.598 Z8.000 F720 A536.78916; Inset 
G1 X0.943 Y-14.237 Z8.000 F720 A536.80282; Inset 
G1 X0.857 Y-13.858 Z8.000 F720 A536.81641; Inset 
G1 X0.838 Y-13.413 Z8.000 F720 A536.83197; Inset 
G1 X0.880 Y-13.081 Z8.000 F720 A536.84366; Inset 
G1 X0.990 Y-12.707 Z8.000 F720 A536.85729; Inset 
G1 X1.190 Y-12.311 Z8.000 F720 A536.87281; Inset 
G1 X1.425 Y-12.000 Z8.000 F720 A536.88644; Inset 
G1 X1.668 Y-11.768 Z8.000 F720 A536.89817; Inset 
G1 X1.988 Y-11.546 Z8.000 F720 A536.91180; Inset 
G1 X2.393 Y-11.363 Z8.000 F720 A536.92732; Inset 
G1 X2.770 Y-11.270 Z8.000 F720 A536.94090; Inset 
G1 X3.160 Y-11.241 Z8.000 F720 A536.95457; Inset 
G1 X3.494 Y-11.269 Z8.000 F720 A536.96631; Inset 
G1 X3.874 Y-11.364 Z8.000 F720 A536.97998; Inset 
G1 X4.231 Y-11.520 Z8.000 F720 A536.99360; Inset 
G1 X4.556 Y-11.735 Z8.000 F720 A537.00723; Inset 
G1 X4.840 Y-12.000 Z8.000 F720 A537.02082; Inset 
G1 X5.104 Y-12.357 Z8.000 F720 A537.03634; Inset 
G1 X5.275 Y-12.706 Z8.000 F720 A537.04993; Inset 
G1 X5.385 Y-13.081 Z8.000 F720 A537.06359; Inset 
G1 X5.427 Y-13.414 Z8.000 F720 A537.07533; Inset 
G1 X5.415 Y-13.804 Z8.000 F720 A537.08896; Inset 
G1 X5.322 Y-14.238 Z8.000 F720 A537.10447; Inset 
G1 X5.173 Y-14.597 Z8.000 F720 A537.11806; Inset 
G1 X4.965 Y-14.927 Z8.000 F720 A537.13169; Inset 
G1 X4.704 Y-15.216 Z8.000 F720 A537.14532; Inset 
G1 X4.398 Y-15.458 Z8.000 F720 A537.15894; Inset 
G1 X4.055 Y-15.644 Z8.000 F720 A537.17257; Inset 
G1 X3.686 Y-15.770 Z8.000 F720 A537.18623; Inset 
G1 X3.328 Y-15.830 Z8.000 F720 A537.19891; Inset 
G1 X2.937 Y-15.830 Z8.000 F720 A537.21257; Inset 
G1 X2.579 Y-15.770 Z8.000 F720 A537.22525; Inset 
G1 X2.210 Y-15.644 Z8.000 F720 A537.23891; Inset 
G1 X1.868 Y-15.458 Z8.000 F720 A537.25250; Inset 
G1 X1.868 Y-15.458 Z8.000 F1500 A535.95250; Retract 
G1 X1.868 Y-15.458 Z8.000 F3000; Retract 
G1 X5.965 Y-6.477 Z8.000 F9000; Travel Move 
G1 X5.965 Y-6.477 Z8.000 F1500 A537.25250; Restart 
G1 X5.877 Y-6.382 Z8.000 F1620 A537.25701; Inset 
G1 X5.803 Y-6.177 Z8.000 F1620 A537.26464; Inset 
G1 X5.099 Y1.742 Z8.000 F1620 A537.54259; Inset 
G1 X5.142 Y1.982 Z8.000 F1620 A537.55110; Inset 
G1 X5.257 Y2.118 Z8.000 F1620 A537.55732; Inset 
G1 X5.430 Y2.189 Z8.000 F1620 A537.56387; Inset 
G1 X5.556 Y2.189 Z8.000 F1620 A537.56829; Inset 
G1 X5.680 Y2.148 Z8.000 F1620 A537.57284; Inset 
G1 X5.812 Y2.042 Z8.000 F1620 A537.57876; Inset 
G1 X5.896 Y1.813 Z8.000 F1620 A537.58728; Inset 
G1 X6.598 Y-6.085 Z8.000 F1620 A537.86448; Inset 
G1 X6.584 Y-6.259 Z8.000 F1620 A537.87060; Inset 
G1 X6.513 Y-6.414 Z8.000 F1620 A537.87655; Inset 
G1 X6.372 Y-6.525 Z8.000 F1620 A537.88283; Inset 
G1 X6.206 Y-6.558 Z8.000 F1620 A537.88875; Inset 
G1 X6.079 Y-6.537 Z8.000 F1620 A537.89326; Inset 
G1 X5.965 Y-6.477 Z8.000 F1620 A537.89777; Inset 
G1 X5.965 Y-6.477 Z8.000 F1500 A536.59777; Retract 
G1 X5.965 Y-6.477 Z8.000 F3000; Retract 
G1 X5.718 Y-6.798 Z8.000 F9000; Travel Move 
G1 X5.718 Y-6.798 Z8.000 F1500 A537.89777; Restart 
G1 X5.539 Y-6.606 Z8.000 F720 A537.90694; Inset 
G1 X5.429 Y-6.359 Z8.000 F720 A537.91641; Inset 
G1 X5.406 Y-6.229 Z8.000 F720 A537.92103; Inset 
G1 X4.699 Y1.723 Z8.000 F720 A538.20013; Inset 
M73 P71; Update Progress 
G1 X4.698 Y1.855 Z8.000 F720 A538.20474; Inset 
G1 X4.765 Y2.126 Z8.000 F720 A538.21450; Inset 
G1 X4.820 Y2.229 Z8.000 F720 A538.21857; Inset 
G1 X4.993 Y2.423 Z8.000 F720 A538.22767; Inset 
G1 X5.125 Y2.510 Z8.000 F720 A538.23318; Inset 
G1 X5.365 Y2.589 Z8.000 F720 A538.24202; Inset 
G1 X5.621 Y2.590 Z8.000 F720 A538.25097; Inset 
G1 X5.871 Y2.506 Z8.000 F720 A538.26017; Inset 
G1 X6.085 Y2.341 Z8.000 F720 A538.26964; Inset 
G1 X6.157 Y2.250 Z8.000 F720 A538.27367; Inset 
G1 X6.270 Y1.995 Z8.000 F720 A538.28343; Inset 
G1 X6.293 Y1.865 Z8.000 F720 A538.28804; Inset 
G1 X6.999 Y-6.083 Z8.000 F720 A538.56700; Inset 
G1 X6.978 Y-6.357 Z8.000 F720 A538.57660; Inset 
G1 X6.871 Y-6.606 Z8.000 F720 A538.58607; Inset 
G1 X6.800 Y-6.697 Z8.000 F720 A538.59012; Inset 
G1 X6.581 Y-6.870 Z8.000 F720 A538.59989; Inset 
G1 X6.475 Y-6.917 Z8.000 F720 A538.60392; Inset 
G1 X6.208 Y-6.963 Z8.000 F720 A538.61339; Inset 
G1 X5.949 Y-6.922 Z8.000 F720 A538.62256; Inset 
G1 X5.718 Y-6.798 Z8.000 F720 A538.63174; Inset 
; Chunk 80 
; Lower Position  8 
; Upper Position  8.2 
; Thickness       0.2 
; Width           0.4 
G1 X5.718 Y-6.798 Z8.000 F1500 A537.33174; Retract 
G1 X5.718 Y-6.798 Z8.000 F3000; Retract 
G1 X5.718 Y-6.798 Z8.200 F1380; Travel Move 
G1 X5.965 Y-6.477 Z8.200 F9000; Travel Move 
G1 X5.965 Y-6.477 Z8.200 F1500 A538.63174; Restart 
G1 X5.877 Y-6.382 Z8.200 F1620 A538.63625; Inset 
G1 X5.803 Y-6.177 Z8.200 F1620 A538.64388; Inset 
G1 X5.099 Y1.742 Z8.200 F1620 A538.92182; Inset 
G1 X5.142 Y1.982 Z8.200 F1620 A538.93034; Inset 
G1 X5.258 Y2.118 Z8.200 F1620 A538.93659; Inset 
G1 X5.430 Y2.189 Z8.200 F1620 A538.94311; Inset 
G1 X5.556 Y2.189 Z8.200 F1620 A538.94753; Inset 
G1 X5.680 Y2.148 Z8.200 F1620 A538.95208; Inset 
G1 X5.812 Y2.042 Z8.200 F1620 A538.95800; Inset 
G1 X5.896 Y1.813 Z8.200 F1620 A538.96652; Inset 
G1 X6.598 Y-6.085 Z8.200 F1620 A539.24371; Inset 
G1 X6.584 Y-6.259 Z8.200 F1620 A539.24984; Inset 
G1 X6.513 Y-6.414 Z8.200 F1620 A539.25579; Inset 
G1 X6.372 Y-6.525 Z8.200 F1620 A539.26207; Inset 
G1 X6.206 Y-6.558 Z8.200 F1620 A539.26799; Inset 
G1 X6.079 Y-6.537 Z8.200 F1620 A539.27250; Inset 
G1 X5.965 Y-6.477 Z8.200 F1620 A539.27700; Inset 
G1 X5.965 Y-6.477 Z8.200 F1500 A537.97700; Retract 
G1 X5.965 Y-6.477 Z8.200 F3000; Retract 
G1 X5.718 Y-6.798 Z8.200 F9000; Travel Move 
G1 X5.718 Y-6.798 Z8.200 F1500 A539.27700; Restart 
G1 X5.539 Y-6.606 Z8.200 F720 A539.28618; Inset 
G1 X5.429 Y-6.359 Z8.200 F720 A539.29565; Inset 
G1 X5.406 Y-6.229 Z8.200 F720 A539.30026; Inset 
G1 X4.699 Y1.723 Z8.200 F720 A539.57937; Inset 
G1 X4.698 Y1.855 Z8.200 F720 A539.58398; Inset 
G1 X4.765 Y2.126 Z8.200 F720 A539.59374; Inset 
G1 X4.820 Y2.229 Z8.200 F720 A539.59780; Inset 
G1 X4.994 Y2.424 Z8.200 F720 A539.60695; Inset 
G1 X5.124 Y2.509 Z8.200 F720 A539.61237; Inset 
G1 X5.365 Y2.589 Z8.200 F720 A539.62124; Inset 
G1 X5.621 Y2.590 Z8.200 F720 A539.63021; Inset 
G1 X5.871 Y2.506 Z8.200 F720 A539.63940; Inset 
G1 X6.085 Y2.341 Z8.200 F720 A539.64887; Inset 
G1 X6.157 Y2.250 Z8.200 F720 A539.65290; Inset 
G1 X6.270 Y1.995 Z8.200 F720 A539.66267; Inset 
G1 X6.293 Y1.865 Z8.200 F720 A539.66728; Inset 
G1 X6.999 Y-6.083 Z8.200 F720 A539.94623; Inset 
G1 X6.978 Y-6.357 Z8.200 F720 A539.95584; Inset 
G1 X6.871 Y-6.606 Z8.200 F720 A539.96531; Inset 
G1 X6.800 Y-6.697 Z8.200 F720 A539.96936; Inset 
G1 X6.581 Y-6.870 Z8.200 F720 A539.97912; Inset 
G1 X6.475 Y-6.917 Z8.200 F720 A539.98315; Inset 
G1 X6.208 Y-6.963 Z8.200 F720 A539.99263; Inset 
G1 X5.949 Y-6.922 Z8.200 F720 A540.00180; Inset 
G1 X5.718 Y-6.798 Z8.200 F720 A540.01097; Inset 
G1 X5.718 Y-6.798 Z8.200 F1500 A538.71097; Retract 
G1 X5.718 Y-6.798 Z8.200 F3000; Retract 
G1 X2.151 Y-15.105 Z8.200 F9000; Travel Move 
G1 X2.151 Y-15.105 Z8.200 F1500 A540.01097; Restart 
G1 X2.675 Y-15.342 Z8.200 F720 A540.03110; Inset 
G1 X3.240 Y-15.390 Z8.200 F720 A540.05091; Inset 
G1 X3.541 Y-15.339 Z8.200 F720 A540.06160; Inset 
G1 X4.050 Y-15.109 Z8.200 F720 A540.08111; Inset 
M73 P72; Update Progress 
G1 X4.288 Y-14.917 Z8.200 F720 A540.09180; Inset 
G1 X4.625 Y-14.461 Z8.200 F720 A540.11162; Inset 
G1 X4.793 Y-13.911 Z8.200 F720 A540.13174; Inset 
G1 X4.769 Y-13.336 Z8.200 F720 A540.15186; Inset 
G1 X4.554 Y-12.801 Z8.200 F720 A540.17199; Inset 
G1 X4.174 Y-12.369 Z8.200 F720 A540.19211; Inset 
G1 X3.679 Y-12.093 Z8.200 F720 A540.21193; Inset 
G1 X3.383 Y-12.016 Z8.200 F720 A540.22261; Inset 
G1 X2.816 Y-12.016 Z8.200 F720 A540.24243; Inset 
G1 X2.274 Y-12.208 Z8.200 F720 A540.26255; Inset 
G1 X1.833 Y-12.564 Z8.200 F720 A540.28237; Inset 
G1 X1.651 Y-12.810 Z8.200 F720 A540.29306; Inset 
G1 X1.443 Y-13.328 Z8.200 F720 A540.31258; Inset 
G1 X1.404 Y-13.631 Z8.200 F720 A540.32326; Inset 
G1 X1.476 Y-14.193 Z8.200 F720 A540.34308; Inset 
G1 X1.735 Y-14.707 Z8.200 F720 A540.36320; Inset 
G1 X2.151 Y-15.105 Z8.200 F720 A540.38332; Inset 
G1 X2.151 Y-15.105 Z8.200 F1500 A539.08332; Retract 
G1 X2.151 Y-15.105 Z8.200 F3000; Retract 
G1 X1.873 Y-15.461 Z8.200 F9000; Travel Move 
G1 X1.873 Y-15.461 Z8.200 F1500 A540.38332; Restart 
G1 X1.519 Y-15.175 Z8.200 F720 A540.39926; Inset 
G1 X1.265 Y-14.879 Z8.200 F720 A540.41289; Inset 
G1 X1.096 Y-14.603 Z8.200 F720 A540.42420; Inset 
G1 X0.945 Y-14.242 Z8.200 F720 A540.43787; Inset 
G1 X0.858 Y-13.864 Z8.200 F720 A540.45145; Inset 
G1 X0.838 Y-13.407 Z8.200 F720 A540.46744; Inset 
G1 X0.879 Y-13.087 Z8.200 F720 A540.47870; Inset 
G1 X0.988 Y-12.713 Z8.200 F720 A540.49233; Inset 
G1 X1.193 Y-12.306 Z8.200 F720 A540.50827; Inset 
G1 X1.429 Y-11.996 Z8.200 F720 A540.52189; Inset 
G1 X1.663 Y-11.772 Z8.200 F720 A540.53320; Inset 
G1 X1.983 Y-11.549 Z8.200 F720 A540.54683; Inset 
G1 X2.398 Y-11.362 Z8.200 F720 A540.56277; Inset 
G1 X2.775 Y-11.269 Z8.200 F720 A540.57634; Inset 
G1 X3.166 Y-11.241 Z8.200 F720 A540.59002; Inset 
G1 X3.488 Y-11.269 Z8.200 F720 A540.60134; Inset 
G1 X3.868 Y-11.362 Z8.200 F720 A540.61501; Inset 
G1 X4.225 Y-11.518 Z8.200 F720 A540.62864; Inset 
G1 X4.551 Y-11.731 Z8.200 F720 A540.64227; Inset 
G1 X4.835 Y-11.996 Z8.200 F720 A540.65584; Inset 
G1 X5.106 Y-12.363 Z8.200 F720 A540.67178; Inset 
G1 X5.276 Y-12.712 Z8.200 F720 A540.68535; Inset 
G1 X5.386 Y-13.087 Z8.200 F720 A540.69903; Inset 
G1 X5.427 Y-13.408 Z8.200 F720 A540.71034; Inset 
G1 X5.416 Y-13.798 Z8.200 F720 A540.72397; Inset 
G1 X5.320 Y-14.244 Z8.200 F720 A540.73991; Inset 
G1 X5.170 Y-14.602 Z8.200 F720 A540.75348; Inset 
G1 X4.961 Y-14.931 Z8.200 F720 A540.76711; Inset 
G1 X4.700 Y-15.220 Z8.200 F720 A540.78074; Inset 
G1 X4.393 Y-15.461 Z8.200 F720 A540.79436; Inset 
G1 X4.050 Y-15.646 Z8.200 F720 A540.80799; Inset 
G1 X3.680 Y-15.771 Z8.200 F720 A540.82165; Inset 
G1 X3.328 Y-15.830 Z8.200 F720 A540.83413; Inset 
G1 X2.937 Y-15.830 Z8.200 F720 A540.84779; Inset 
G1 X2.585 Y-15.771 Z8.200 F720 A540.86027; Inset 
G1 X2.215 Y-15.646 Z8.200 F720 A540.87392; Inset 
G1 X1.873 Y-15.461 Z8.200 F720 A540.88750; Inset 
; Chunk 81 
; Lower Position  8 
; Upper Position  8.2 
; Thickness       0.2 
; Width           0.4 
G1 X1.873 Y-15.461 Z8.200 F1500 A539.58750; Retract 
G1 X1.873 Y-15.461 Z8.200 F3000; Retract 
G1 X2.424 Y-14.527 Z8.200 F9000; Travel Move 
G1 X2.424 Y-14.527 Z8.200 F1500 A540.88750; Restart 
G1 X2.424 Y-12.893 Z8.200 F1620 A540.94464; Support 
; Chunk 82 
; Lower Position  8.2 
; Upper Position  8.4 
; Thickness       0.2 
; Width           0.4 
G1 X2.424 Y-12.893 Z8.200 F1500 A539.64464; Retract 
G1 X2.424 Y-12.893 Z8.200 F3000; Retract 
G1 X2.424 Y-12.893 Z8.400 F1380; Travel Move 
G1 X2.424 Y-12.890 Z8.400 F9000; Travel Move 
G1 X2.424 Y-12.890 Z8.400 F1500 A540.94464; Restart 
G1 X2.424 Y-14.526 Z8.400 F1620 A541.00184; Support 
; Chunk 83 
; Lower Position  8.2 
; Upper Position  8.4 
; Thickness       0.2 
; Width           0.4 
G1 X2.424 Y-14.526 Z8.400 F1500 A539.70184; Retract 
G1 X2.424 Y-14.526 Z8.400 F3000; Retract 
G1 X2.151 Y-15.105 Z8.400 F9000; Travel Move 
G1 X2.151 Y-15.105 Z8.400 F1500 A541.00184; Restart 
G1 X2.675 Y-15.342 Z8.400 F720 A541.02197; Inset 
G1 X3.240 Y-15.390 Z8.400 F720 A541.04178; Inset 
G1 X3.541 Y-15.339 Z8.400 F720 A541.05247; Inset 
G1 X4.050 Y-15.109 Z8.400 F720 A541.07198; Inset 
G1 X4.288 Y-14.917 Z8.400 F720 A541.08267; Inset 
G1 X4.625 Y-14.461 Z8.400 F720 A541.10249; Inset 
G1 X4.793 Y-13.911 Z8.400 F720 A541.12261; Inset 
G1 X4.769 Y-13.336 Z8.400 F720 A541.14273; Inset 
G1 X4.554 Y-12.801 Z8.400 F720 A541.16286; Inset 
G1 X4.174 Y-12.369 Z8.400 F720 A541.18298; Inset 
G1 X3.679 Y-12.093 Z8.400 F720 A541.20280; Inset 
G1 X3.383 Y-12.016 Z8.400 F720 A541.21348; Inset 
G1 X2.816 Y-12.016 Z8.400 F720 A541.23330; Inset 
G1 X2.274 Y-12.208 Z8.400 F720 A541.25342; Inset 
G1 X1.833 Y-12.564 Z8.400 F720 A541.27324; Inset 
G1 X1.651 Y-12.810 Z8.400 F720 A541.28393; Inset 
G1 X1.443 Y-13.328 Z8.400 F720 A541.30344; Inset 
G1 X1.404 Y-13.631 Z8.400 F720 A541.31413; Inset 
G1 X1.476 Y-14.193 Z8.400 F720 A541.33395; Inset 
G1 X1.735 Y-14.707 Z8.400 F720 A541.35407; Inset 
G1 X2.151 Y-15.105 Z8.400 F720 A541.37419; Inset 
G1 X2.151 Y-15.105 Z8.400 F1500 A540.07419; Retract 
G1 X2.151 Y-15.105 Z8.400 F3000; Retract 
G1 X1.878 Y-15.464 Z8.400 F9000; Travel Move 
G1 X1.878 Y-15.464 Z8.400 F1500 A541.37419; Restart 
G1 X1.515 Y-15.171 Z8.400 F720 A541.39055; Inset 
G1 X1.262 Y-14.874 Z8.400 F720 A541.40417; Inset 
G1 X1.098 Y-14.608 Z8.400 F720 A541.41507; Inset 
G1 X0.947 Y-14.248 Z8.400 F720 A541.42875; Inset 
G1 X0.859 Y-13.870 Z8.400 F720 A541.44232; Inset 
G1 X0.839 Y-13.401 Z8.400 F720 A541.45873; Inset 
G1 X0.878 Y-13.093 Z8.400 F720 A541.46956; Inset 
G1 X0.986 Y-12.719 Z8.400 F720 A541.48319; Inset 
G1 X1.197 Y-12.301 Z8.400 F720 A541.49954; Inset 
G1 X1.434 Y-11.992 Z8.400 F720 A541.51317; Inset 
G1 X1.659 Y-11.776 Z8.400 F720 A541.52406; Inset 
G1 X1.978 Y-11.553 Z8.400 F720 A541.53769; Inset 
G1 X2.404 Y-11.360 Z8.400 F720 A541.55404; Inset 
G1 X2.783 Y-11.268 Z8.400 F720 A541.56767; Inset 
G1 X3.093 Y-11.241 Z8.400 F720 A541.57856; Inset 
G1 X3.484 Y-11.268 Z8.400 F720 A541.59224; Inset 
G1 X3.863 Y-11.360 Z8.400 F720 A541.60587; Inset 
G1 X4.220 Y-11.515 Z8.400 F720 A541.61950; Inset 
G1 X4.547 Y-11.728 Z8.400 F720 A541.63312; Inset 
G1 X4.831 Y-11.992 Z8.400 F720 A541.64669; Inset 
G1 X5.109 Y-12.368 Z8.400 F720 A541.66304; Inset 
G1 X5.278 Y-12.717 Z8.400 F720 A541.67661; Inset 
G1 X5.387 Y-13.093 Z8.400 F720 A541.69029; Inset 
G1 X5.426 Y-13.402 Z8.400 F720 A541.70119; Inset 
G1 X5.416 Y-13.792 Z8.400 F720 A541.71481; Inset 
G1 X5.318 Y-14.249 Z8.400 F720 A541.73116; Inset 
G1 X5.167 Y-14.607 Z8.400 F720 A541.74473; Inset 
G1 X4.957 Y-14.935 Z8.400 F720 A541.75836; Inset 
G1 X4.695 Y-15.224 Z8.400 F720 A541.77198; Inset 
G1 X4.388 Y-15.464 Z8.400 F720 A541.78561; Inset 
G1 X4.045 Y-15.648 Z8.400 F720 A541.79923; Inset 
G1 X3.674 Y-15.772 Z8.400 F720 A541.81290; Inset 
G1 X3.328 Y-15.830 Z8.400 F720 A541.82517; Inset 
G1 X2.937 Y-15.830 Z8.400 F720 A541.83883; Inset 
G1 X2.591 Y-15.772 Z8.400 F720 A541.85109; Inset 
G1 X2.220 Y-15.648 Z8.400 F720 A541.86476; Inset 
M73 P73; Update Progress 
G1 X1.878 Y-15.464 Z8.400 F720 A541.87833; Inset 
G1 X1.878 Y-15.464 Z8.400 F1500 A540.57833; Retract 
G1 X1.878 Y-15.464 Z8.400 F3000; Retract 
G1 X5.965 Y-6.477 Z8.400 F9000; Travel Move 
G1 X5.965 Y-6.477 Z8.400 F1500 A541.87833; Restart 
G1 X5.877 Y-6.382 Z8.400 F1620 A541.88284; Inset 
G1 X5.803 Y-6.177 Z8.400 F1620 A541.89047; Inset 
G1 X5.099 Y1.742 Z8.400 F1620 A542.16842; Inset 
G1 X5.142 Y1.982 Z8.400 F1620 A542.17694; Inset 
G1 X5.258 Y2.119 Z8.400 F1620 A542.18322; Inset 
G1 X5.430 Y2.189 Z8.400 F1620 A542.18970; Inset 
G1 X5.556 Y2.189 Z8.400 F1620 A542.19412; Inset 
G1 X5.680 Y2.148 Z8.400 F1620 A542.19867; Inset 
G1 X5.812 Y2.042 Z8.400 F1620 A542.20459; Inset 
G1 X5.896 Y1.813 Z8.400 F1620 A542.21311; Inset 
G1 X6.598 Y-6.084 Z8.400 F1620 A542.49030; Inset 
G1 X6.584 Y-6.259 Z8.400 F1620 A542.49643; Inset 
G1 X6.513 Y-6.414 Z8.400 F1620 A542.50238; Inset 
G1 X6.372 Y-6.525 Z8.400 F1620 A542.50866; Inset 
G1 X6.206 Y-6.558 Z8.400 F1620 A542.51458; Inset 
G1 X6.079 Y-6.537 Z8.400 F1620 A542.51909; Inset 
G1 X5.965 Y-6.477 Z8.400 F1620 A542.52360; Inset 
G1 X5.965 Y-6.477 Z8.400 F1500 A541.22360; Retract 
G1 X5.965 Y-6.477 Z8.400 F3000; Retract 
G1 X5.718 Y-6.798 Z8.400 F9000; Travel Move 
G1 X5.718 Y-6.798 Z8.400 F1500 A542.52360; Restart 
G1 X5.539 Y-6.606 Z8.400 F720 A542.53277; Inset 
G1 X5.429 Y-6.359 Z8.400 F720 A542.54224; Inset 
G1 X5.406 Y-6.229 Z8.400 F720 A542.54686; Inset 
G1 X4.699 Y1.723 Z8.400 F720 A542.82596; Inset 
G1 X4.698 Y1.855 Z8.400 F720 A542.83057; Inset 
G1 X4.765 Y2.126 Z8.400 F720 A542.84034; Inset 
G1 X4.820 Y2.229 Z8.400 F720 A542.84440; Inset 
G1 X4.995 Y2.425 Z8.400 F720 A542.85358; Inset 
G1 X5.123 Y2.508 Z8.400 F720 A542.85891; Inset 
G1 X5.364 Y2.589 Z8.400 F720 A542.86782; Inset 
G1 X5.621 Y2.590 Z8.400 F720 A542.87681; Inset 
G1 X5.871 Y2.506 Z8.400 F720 A542.88600; Inset 
G1 X6.085 Y2.341 Z8.400 F720 A542.89547; Inset 
G1 X6.157 Y2.250 Z8.400 F720 A542.89950; Inset 
G1 X6.270 Y1.995 Z8.400 F720 A542.90926; Inset 
G1 X6.293 Y1.865 Z8.400 F720 A542.91387; Inset 
G1 X6.999 Y-6.082 Z8.400 F720 A543.19281; Inset 
G1 X6.978 Y-6.357 Z8.400 F720 A543.20243; Inset 
G1 X6.871 Y-6.606 Z8.400 F720 A543.21190; Inset 
G1 X6.800 Y-6.697 Z8.400 F720 A543.21595; Inset 
G1 X6.581 Y-6.870 Z8.400 F720 A543.22571; Inset 
G1 X6.475 Y-6.917 Z8.400 F720 A543.22975; Inset 
G1 X6.208 Y-6.963 Z8.400 F720 A543.23922; Inset 
G1 X5.949 Y-6.922 Z8.400 F720 A543.24839; Inset 
G1 X5.718 Y-6.798 Z8.400 F720 A543.25757; Inset 
; Chunk 84 
; Lower Position  8.4 
; Upper Position  8.6 
; Thickness       0.2 
; Width           0.4 
G1 X5.718 Y-6.798 Z8.400 F1500 A541.95757; Retract 
G1 X5.718 Y-6.798 Z8.400 F3000; Retract 
G1 X5.718 Y-6.798 Z8.600 F1380; Travel Move 
G1 X5.965 Y-6.477 Z8.600 F9000; Travel Move 
G1 X5.965 Y-6.477 Z8.600 F1500 A543.25757; Restart 
G1 X5.877 Y-6.382 Z8.600 F1620 A543.26207; Inset 
G1 X5.803 Y-6.177 Z8.600 F1620 A543.26971; Inset 
G1 X5.099 Y1.742 Z8.600 F1620 A543.54765; Inset 
G1 X5.142 Y1.982 Z8.600 F1620 A543.55617; Inset 
G1 X5.259 Y2.120 Z8.600 F1620 A543.56249; Inset 
G1 X5.430 Y2.189 Z8.600 F1620 A543.56893; Inset 
G1 X5.556 Y2.189 Z8.600 F1620 A543.57336; Inset 
G1 X5.680 Y2.148 Z8.600 F1620 A543.57790; Inset 
G1 X5.812 Y2.042 Z8.600 F1620 A543.58383; Inset 
G1 X5.896 Y1.813 Z8.600 F1620 A543.59235; Inset 
G1 X6.598 Y-6.084 Z8.600 F1620 A543.86953; Inset 
G1 X6.584 Y-6.259 Z8.600 F1620 A543.87567; Inset 
G1 X6.513 Y-6.414 Z8.600 F1620 A543.88162; Inset 
G1 X6.372 Y-6.525 Z8.600 F1620 A543.88790; Inset 
G1 X6.206 Y-6.558 Z8.600 F1620 A543.89382; Inset 
G1 X6.079 Y-6.537 Z8.600 F1620 A543.89833; Inset 
G1 X5.965 Y-6.477 Z8.600 F1620 A543.90283; Inset 
G1 X5.965 Y-6.477 Z8.600 F1500 A542.60283; Retract 
G1 X5.965 Y-6.477 Z8.600 F3000; Retract 
G1 X5.718 Y-6.798 Z8.600 F9000; Travel Move 
G1 X5.718 Y-6.798 Z8.600 F1500 A543.90283; Restart 
G1 X5.539 Y-6.606 Z8.600 F720 A543.91201; Inset 
G1 X5.429 Y-6.359 Z8.600 F720 A543.92148; Inset 
G1 X5.406 Y-6.229 Z8.600 F720 A543.92609; Inset 
G1 X4.699 Y1.723 Z8.600 F720 A544.20520; Inset 
G1 X4.698 Y1.855 Z8.600 F720 A544.20981; Inset 
G1 X4.765 Y2.126 Z8.600 F720 A544.21957; Inset 
G1 X4.820 Y2.229 Z8.600 F720 A544.22363; Inset 
G1 X4.996 Y2.425 Z8.600 F720 A544.23285; Inset 
G1 X5.121 Y2.508 Z8.600 F720 A544.23810; Inset 
G1 X5.364 Y2.589 Z8.600 F720 A544.24705; Inset 
G1 X5.621 Y2.590 Z8.600 F720 A544.25604; Inset 
G1 X5.871 Y2.506 Z8.600 F720 A544.26523; Inset 
G1 X6.085 Y2.341 Z8.600 F720 A544.27470; Inset 
G1 X6.157 Y2.250 Z8.600 F720 A544.27873; Inset 
G1 X6.270 Y1.995 Z8.600 F720 A544.28850; Inset 
M73 P74; Update Progress 
G1 X6.293 Y1.865 Z8.600 F720 A544.29311; Inset 
G1 X6.999 Y-6.082 Z8.600 F720 A544.57204; Inset 
G1 X6.978 Y-6.357 Z8.600 F720 A544.58167; Inset 
G1 X6.870 Y-6.606 Z8.600 F720 A544.59114; Inset 
G1 X6.800 Y-6.697 Z8.600 F720 A544.59519; Inset 
G1 X6.581 Y-6.870 Z8.600 F720 A544.60495; Inset 
G1 X6.475 Y-6.917 Z8.600 F720 A544.60898; Inset 
G1 X6.208 Y-6.963 Z8.600 F720 A544.61845; Inset 
G1 X5.949 Y-6.922 Z8.600 F720 A544.62763; Inset 
G1 X5.718 Y-6.798 Z8.600 F720 A544.63680; Inset 
G1 X5.718 Y-6.798 Z8.600 F1500 A543.33680; Retract 
G1 X5.718 Y-6.798 Z8.600 F3000; Retract 
G1 X2.151 Y-15.105 Z8.600 F9000; Travel Move 
G1 X2.151 Y-15.105 Z8.600 F1500 A544.63680; Restart 
G1 X2.675 Y-15.342 Z8.600 F720 A544.65692; Inset 
G1 X3.240 Y-15.390 Z8.600 F720 A544.67674; Inset 
G1 X3.541 Y-15.339 Z8.600 F720 A544.68743; Inset 
G1 X4.050 Y-15.109 Z8.600 F720 A544.70694; Inset 
G1 X4.288 Y-14.917 Z8.600 F720 A544.71763; Inset 
G1 X4.625 Y-14.461 Z8.600 F720 A544.73745; Inset 
G1 X4.793 Y-13.911 Z8.600 F720 A544.75757; Inset 
G1 X4.769 Y-13.336 Z8.600 F720 A544.77769; Inset 
G1 X4.554 Y-12.801 Z8.600 F720 A544.79782; Inset 
G1 X4.174 Y-12.369 Z8.600 F720 A544.81794; Inset 
G1 X3.679 Y-12.093 Z8.600 F720 A544.83776; Inset 
G1 X3.383 Y-12.016 Z8.600 F720 A544.84844; Inset 
G1 X2.816 Y-12.016 Z8.600 F720 A544.86826; Inset 
G1 X2.274 Y-12.208 Z8.600 F720 A544.88838; Inset 
G1 X1.833 Y-12.564 Z8.600 F720 A544.90820; Inset 
G1 X1.651 Y-12.810 Z8.600 F720 A544.91889; Inset 
G1 X1.443 Y-13.328 Z8.600 F720 A544.93840; Inset 
G1 X1.404 Y-13.631 Z8.600 F720 A544.94909; Inset 
G1 X1.476 Y-14.193 Z8.600 F720 A544.96891; Inset 
G1 X1.735 Y-14.707 Z8.600 F720 A544.98903; Inset 
G1 X2.151 Y-15.105 Z8.600 F720 A545.00915; Inset 
G1 X2.151 Y-15.105 Z8.600 F1500 A543.70915; Retract 
G1 X2.151 Y-15.105 Z8.600 F3000; Retract 
G1 X1.884 Y-15.468 Z8.600 F9000; Travel Move 
G1 X1.884 Y-15.468 Z8.600 F1500 A545.00915; Restart 
G1 X1.541 Y-15.198 Z8.600 F720 A545.02440; Inset 
G1 X1.284 Y-14.906 Z8.600 F720 A545.03801; Inset 
G1 X1.102 Y-14.614 Z8.600 F720 A545.05004; Inset 
G1 X0.934 Y-14.211 Z8.600 F720 A545.06530; Inset 
G1 X0.852 Y-13.831 Z8.600 F720 A545.07889; Inset 
G1 X0.835 Y-13.441 Z8.600 F720 A545.09252; Inset 
G1 X0.885 Y-13.055 Z8.600 F720 A545.10615; Inset 
G1 X0.999 Y-12.682 Z8.600 F720 A545.11979; Inset 
G1 X1.174 Y-12.335 Z8.600 F720 A545.13338; Inset 
G1 X1.438 Y-11.987 Z8.600 F720 A545.14862; Inset 
G1 X1.688 Y-11.750 Z8.600 F720 A545.16066; Inset 
G1 X2.010 Y-11.533 Z8.600 F720 A545.17427; Inset 
G1 X2.410 Y-11.358 Z8.600 F720 A545.18952; Inset 
G1 X2.743 Y-11.273 Z8.600 F720 A545.20155; Inset 
G1 X3.133 Y-11.240 Z8.600 F720 A545.21520; Inset 
G1 X3.522 Y-11.273 Z8.600 F720 A545.22885; Inset 
G1 X3.855 Y-11.358 Z8.600 F720 A545.24089; Inset 
G1 X4.255 Y-11.532 Z8.600 F720 A545.25614; Inset 
G1 X4.577 Y-11.750 Z8.600 F720 A545.26973; Inset 
G1 X4.858 Y-12.020 Z8.600 F720 A545.28336; Inset 
G1 X5.090 Y-12.334 Z8.600 F720 A545.29700; Inset 
G1 X5.266 Y-12.682 Z8.600 F720 A545.31063; Inset 
G1 X5.380 Y-13.055 Z8.600 F720 A545.32426; Inset 
G1 X5.430 Y-13.441 Z8.600 F720 A545.33790; Inset 
G1 X5.413 Y-13.831 Z8.600 F720 A545.35153; Inset 
G1 X5.331 Y-14.211 Z8.600 F720 A545.36512; Inset 
G1 X5.163 Y-14.614 Z8.600 F720 A545.38037; Inset 
G1 X4.982 Y-14.906 Z8.600 F720 A545.39240; Inset 
G1 X4.723 Y-15.199 Z8.600 F720 A545.40606; Inset 
G1 X4.420 Y-15.444 Z8.600 F720 A545.41969; Inset 
G1 X4.080 Y-15.634 Z8.600 F720 A545.43332; Inset 
G1 X3.712 Y-15.764 Z8.600 F720 A545.44696; Inset 
G1 X3.327 Y-15.830 Z8.600 F720 A545.46059; Inset 
G1 X2.938 Y-15.830 Z8.600 F720 A545.47422; Inset 
G1 X2.553 Y-15.764 Z8.600 F720 A545.48786; Inset 
G1 X2.185 Y-15.634 Z8.600 F720 A545.50151; Inset 
G1 X1.884 Y-15.468 Z8.600 F720 A545.51354; Inset 
; Chunk 85 
; Lower Position  8.4 
; Upper Position  8.6 
; Thickness       0.2 
; Width           0.4 
G1 X1.884 Y-15.468 Z8.600 F1500 A544.21354; Retract 
G1 X1.884 Y-15.468 Z8.600 F3000; Retract 
G1 X2.424 Y-14.526 Z8.600 F9000; Travel Move 
G1 X2.424 Y-14.526 Z8.600 F1500 A545.51354; Restart 
G1 X2.424 Y-12.885 Z8.600 F1620 A545.57093; Support 
; Chunk 86 
; Lower Position  8.6 
; Upper Position  8.8 
; Thickness       0.2 
; Width           0.4 
G1 X2.424 Y-12.885 Z8.600 F1500 A544.27093; Retract 
G1 X2.424 Y-12.885 Z8.600 F3000; Retract 
G1 X2.424 Y-12.885 Z8.800 F1380; Travel Move 
G1 X2.424 Y-12.878 Z8.800 F9000; Travel Move 
G1 X2.424 Y-12.878 Z8.800 F1500 A545.57093; Restart 
G1 X2.424 Y-14.526 Z8.800 F1620 A545.62853; Support 
; Chunk 87 
; Lower Position  8.6 
; Upper Position  8.8 
; Thickness       0.2 
; Width           0.4 
G1 X2.424 Y-14.526 Z8.800 F1500 A544.32853; Retract 
G1 X2.424 Y-14.526 Z8.800 F3000; Retract 
G1 X2.151 Y-15.105 Z8.800 F9000; Travel Move 
G1 X2.151 Y-15.105 Z8.800 F1500 A545.62853; Restart 
G1 X2.675 Y-15.342 Z8.800 F720 A545.64865; Inset 
G1 X3.240 Y-15.390 Z8.800 F720 A545.66847; Inset 
G1 X3.541 Y-15.339 Z8.800 F720 A545.67915; Inset 
G1 X4.050 Y-15.109 Z8.800 F720 A545.69867; Inset 
G1 X4.288 Y-14.917 Z8.800 F720 A545.70935; Inset 
G1 X4.625 Y-14.461 Z8.800 F720 A545.72917; Inset 
G1 X4.793 Y-13.911 Z8.800 F720 A545.74930; Inset 
G1 X4.769 Y-13.336 Z8.800 F720 A545.76942; Inset 
G1 X4.554 Y-12.801 Z8.800 F720 A545.78954; Inset 
G1 X4.174 Y-12.369 Z8.800 F720 A545.80966; Inset 
G1 X3.679 Y-12.093 Z8.800 F720 A545.82948; Inset 
G1 X3.383 Y-12.016 Z8.800 F720 A545.84017; Inset 
G1 X2.816 Y-12.016 Z8.800 F720 A545.85999; Inset 
G1 X2.274 Y-12.208 Z8.800 F720 A545.88011; Inset 
G1 X1.833 Y-12.564 Z8.800 F720 A545.89993; Inset 
G1 X1.651 Y-12.810 Z8.800 F720 A545.91061; Inset 
G1 X1.443 Y-13.328 Z8.800 F720 A545.93013; Inset 
G1 X1.404 Y-13.631 Z8.800 F720 A545.94081; Inset 
G1 X1.476 Y-14.193 Z8.800 F720 A545.96063; Inset 
G1 X1.735 Y-14.707 Z8.800 F720 A545.98075; Inset 
G1 X2.151 Y-15.105 Z8.800 F720 A546.00088; Inset 
G1 X2.151 Y-15.105 Z8.800 F1500 A544.70088; Retract 
G1 X2.151 Y-15.105 Z8.800 F3000; Retract 
G1 X1.889 Y-15.471 Z8.800 F9000; Travel Move 
G1 X1.889 Y-15.471 Z8.800 F1500 A546.00088; Restart 
G1 X1.541 Y-15.198 Z8.800 F720 A546.01635; Inset 
G1 X1.284 Y-14.906 Z8.800 F720 A546.02995; Inset 
G1 X1.104 Y-14.619 Z8.800 F720 A546.04177; Inset 
G1 X0.934 Y-14.211 Z8.800 F720 A546.05724; Inset 
M73 P75; Update Progress 
G1 X0.852 Y-13.831 Z8.800 F720 A546.07082; Inset 
G1 X0.835 Y-13.441 Z8.800 F720 A546.08445; Inset 
G1 X0.885 Y-13.055 Z8.800 F720 A546.09809; Inset 
G1 X0.999 Y-12.682 Z8.800 F720 A546.11172; Inset 
G1 X1.174 Y-12.335 Z8.800 F720 A546.12531; Inset 
G1 X1.442 Y-11.983 Z8.800 F720 A546.14077; Inset 
G1 X1.688 Y-11.750 Z8.800 F720 A546.15259; Inset 
G1 X2.010 Y-11.533 Z8.800 F720 A546.16619; Inset 
G1 X2.416 Y-11.356 Z8.800 F720 A546.18167; Inset 
G1 X2.743 Y-11.273 Z8.800 F720 A546.19348; Inset 
G1 X3.133 Y-11.240 Z8.800 F720 A546.20713; Inset 
G1 X3.522 Y-11.273 Z8.800 F720 A546.22079; Inset 
G1 X3.849 Y-11.356 Z8.800 F720 A546.23261; Inset 
G1 X4.255 Y-11.533 Z8.800 F720 A546.24807; Inset 
G1 X4.577 Y-11.750 Z8.800 F720 A546.26166; Inset 
G1 X4.859 Y-12.020 Z8.800 F720 A546.27529; Inset 
G1 X5.090 Y-12.334 Z8.800 F720 A546.28893; Inset 
G1 X5.266 Y-12.682 Z8.800 F720 A546.30256; Inset 
G1 X5.380 Y-13.055 Z8.800 F720 A546.31619; Inset 
G1 X5.430 Y-13.441 Z8.800 F720 A546.32983; Inset 
G1 X5.413 Y-13.831 Z8.800 F720 A546.34346; Inset 
G1 X5.331 Y-14.211 Z8.800 F720 A546.35705; Inset 
G1 X5.161 Y-14.619 Z8.800 F720 A546.37251; Inset 
G1 X4.982 Y-14.906 Z8.800 F720 A546.38433; Inset 
G1 X4.723 Y-15.199 Z8.800 F720 A546.39799; Inset 
G1 X4.420 Y-15.444 Z8.800 F720 A546.41162; Inset 
G1 X4.080 Y-15.634 Z8.800 F720 A546.42525; Inset 
G1 X3.712 Y-15.764 Z8.800 F720 A546.43889; Inset 
G1 X3.327 Y-15.830 Z8.800 F720 A546.45252; Inset 
G1 X2.938 Y-15.830 Z8.800 F720 A546.46615; Inset 
G1 X2.553 Y-15.764 Z8.800 F720 A546.47979; Inset 
G1 X2.185 Y-15.634 Z8.800 F720 A546.49345; Inset 
G1 X1.889 Y-15.471 Z8.800 F720 A546.50526; Inset 
G1 X1.889 Y-15.471 Z8.800 F1500 A545.20526; Retract 
G1 X1.889 Y-15.471 Z8.800 F3000; Retract 
G1 X5.965 Y-6.477 Z8.800 F9000; Travel Move 
G1 X5.965 Y-6.477 Z8.800 F1500 A546.50526; Restart 
G1 X5.877 Y-6.382 Z8.800 F1620 A546.50977; Inset 
G1 X5.803 Y-6.177 Z8.800 F1620 A546.51741; Inset 
G1 X5.099 Y1.742 Z8.800 F1620 A546.79535; Inset 
G1 X5.142 Y1.982 Z8.800 F1620 A546.80387; Inset 
G1 X5.260 Y2.120 Z8.800 F1620 A546.81022; Inset 
G1 X5.430 Y2.189 Z8.800 F1620 A546.81663; Inset 
G1 X5.557 Y2.189 Z8.800 F1620 A546.82106; Inset 
G1 X5.680 Y2.148 Z8.800 F1620 A546.82560; Inset 
G1 X5.812 Y2.042 Z8.800 F1620 A546.83153; Inset 
G1 X5.896 Y1.813 Z8.800 F1620 A546.84004; Inset 
G1 X6.598 Y-6.084 Z8.800 F1620 A547.11721; Inset 
G1 X6.584 Y-6.259 Z8.800 F1620 A547.12337; Inset 
G1 X6.513 Y-6.414 Z8.800 F1620 A547.12931; Inset 
G1 X6.372 Y-6.525 Z8.800 F1620 A547.13559; Inset 
G1 X6.206 Y-6.558 Z8.800 F1620 A547.14152; Inset 
G1 X6.079 Y-6.537 Z8.800 F1620 A547.14602; Inset 
G1 X5.965 Y-6.477 Z8.800 F1620 A547.15053; Inset 
G1 X5.965 Y-6.477 Z8.800 F1500 A545.85053; Retract 
G1 X5.965 Y-6.477 Z8.800 F3000; Retract 
G1 X5.718 Y-6.798 Z8.800 F9000; Travel Move 
G1 X5.718 Y-6.798 Z8.800 F1500 A547.15053; Restart 
G1 X5.539 Y-6.606 Z8.800 F720 A547.15971; Inset 
G1 X5.429 Y-6.359 Z8.800 F720 A547.16918; Inset 
G1 X5.406 Y-6.229 Z8.800 F720 A547.17378; Inset 
G1 X4.699 Y1.723 Z8.800 F720 A547.45289; Inset 
G1 X4.698 Y1.855 Z8.800 F720 A547.45750; Inset 
G1 X4.765 Y2.126 Z8.800 F720 A547.46727; Inset 
G1 X4.820 Y2.229 Z8.800 F720 A547.47132; Inset 
G1 X4.997 Y2.426 Z8.800 F720 A547.48058; Inset 
G1 X5.120 Y2.507 Z8.800 F720 A547.48574; Inset 
G1 X5.364 Y2.589 Z8.800 F720 A547.49473; Inset 
G1 X5.621 Y2.590 Z8.800 F720 A547.50374; Inset 
G1 X5.871 Y2.506 Z8.800 F720 A547.51293; Inset 
G1 X6.085 Y2.341 Z8.800 F720 A547.52240; Inset 
G1 X6.157 Y2.250 Z8.800 F720 A547.52643; Inset 
G1 X6.270 Y1.995 Z8.800 F720 A547.53619; Inset 
G1 X6.293 Y1.865 Z8.800 F720 A547.54080; Inset 
G1 X6.999 Y-6.082 Z8.800 F720 A547.81972; Inset 
G1 X6.978 Y-6.357 Z8.800 F720 A547.82936; Inset 
G1 X6.871 Y-6.606 Z8.800 F720 A547.83883; Inset 
G1 X6.800 Y-6.697 Z8.800 F720 A547.84288; Inset 
G1 X6.581 Y-6.870 Z8.800 F720 A547.85265; Inset 
G1 X6.475 Y-6.917 Z8.800 F720 A547.85668; Inset 
G1 X6.208 Y-6.963 Z8.800 F720 A547.86615; Inset 
G1 X5.949 Y-6.922 Z8.800 F720 A547.87532; Inset 
G1 X5.718 Y-6.798 Z8.800 F720 A547.88450; Inset 
; Chunk 88 
; Lower Position  8.8 
; Upper Position  9 
; Thickness       0.2 
; Width           0.4 
G1 X5.718 Y-6.798 Z8.800 F1500 A546.58450; Retract 
G1 X5.718 Y-6.798 Z8.800 F3000; Retract 
G1 X5.718 Y-6.798 Z9.000 F1380; Travel Move 
G1 X5.965 Y-6.477 Z9.000 F9000; Travel Move 
G1 X5.965 Y-6.477 Z9.000 F1500 A547.88450; Restart 
G1 X5.877 Y-6.382 Z9.000 F1620 A547.88900; Inset 
G1 X5.803 Y-6.177 Z9.000 F1620 A547.89664; Inset 
G1 X5.099 Y1.742 Z9.000 F1620 A548.17458; Inset 
G1 X5.142 Y1.982 Z9.000 F1620 A548.18310; Inset 
G1 X5.261 Y2.121 Z9.000 F1620 A548.18949; Inset 
G1 X5.430 Y2.189 Z9.000 F1620 A548.19586; Inset 
G1 X5.557 Y2.189 Z9.000 F1620 A548.20030; Inset 
G1 X5.680 Y2.148 Z9.000 F1620 A548.20484; Inset 
G1 X5.812 Y2.042 Z9.000 F1620 A548.21076; Inset 
G1 X5.896 Y1.813 Z9.000 F1620 A548.21928; Inset 
G1 X6.598 Y-6.084 Z9.000 F1620 A548.49644; Inset 
M73 P76; Update Progress 
G1 X6.584 Y-6.260 Z9.000 F1620 A548.50261; Inset 
G1 X6.513 Y-6.414 Z9.000 F1620 A548.50855; Inset 
G1 X6.372 Y-6.525 Z9.000 F1620 A548.51483; Inset 
G1 X6.206 Y-6.558 Z9.000 F1620 A548.52075; Inset 
G1 X6.079 Y-6.537 Z9.000 F1620 A548.52526; Inset 
G1 X5.965 Y-6.477 Z9.000 F1620 A548.52977; Inset 
G1 X5.965 Y-6.477 Z9.000 F1500 A547.22977; Retract 
G1 X5.965 Y-6.477 Z9.000 F3000; Retract 
G1 X5.718 Y-6.798 Z9.000 F9000; Travel Move 
G1 X5.718 Y-6.798 Z9.000 F1500 A548.52977; Restart 
G1 X5.539 Y-6.606 Z9.000 F720 A548.53894; Inset 
G1 X5.429 Y-6.359 Z9.000 F720 A548.54841; Inset 
G1 X5.406 Y-6.229 Z9.000 F720 A548.55302; Inset 
G1 X4.699 Y1.723 Z9.000 F720 A548.83213; Inset 
G1 X4.698 Y1.855 Z9.000 F720 A548.83674; Inset 
G1 X4.765 Y2.126 Z9.000 F720 A548.84650; Inset 
G1 X4.820 Y2.229 Z9.000 F720 A548.85056; Inset 
G1 X4.998 Y2.427 Z9.000 F720 A548.85986; Inset 
G1 X5.119 Y2.506 Z9.000 F720 A548.86493; Inset 
G1 X5.363 Y2.589 Z9.000 F720 A548.87395; Inset 
G1 X5.621 Y2.590 Z9.000 F720 A548.88297; Inset 
G1 X5.871 Y2.506 Z9.000 F720 A548.89216; Inset 
G1 X6.085 Y2.341 Z9.000 F720 A548.90163; Inset 
G1 X6.157 Y2.250 Z9.000 F720 A548.90566; Inset 
G1 X6.270 Y1.995 Z9.000 F720 A548.91543; Inset 
G1 X6.293 Y1.865 Z9.000 F720 A548.92004; Inset 
G1 X6.999 Y-6.082 Z9.000 F720 A549.19895; Inset 
G1 X6.978 Y-6.357 Z9.000 F720 A549.20860; Inset 
G1 X6.871 Y-6.606 Z9.000 F720 A549.21807; Inset 
G1 X6.800 Y-6.697 Z9.000 F720 A549.22212; Inset 
G1 X6.581 Y-6.870 Z9.000 F720 A549.23188; Inset 
G1 X6.475 Y-6.917 Z9.000 F720 A549.23591; Inset 
G1 X6.208 Y-6.963 Z9.000 F720 A549.24538; Inset 
G1 X5.949 Y-6.922 Z9.000 F720 A549.25456; Inset 
G1 X5.718 Y-6.798 Z9.000 F720 A549.26373; Inset 
G1 X5.718 Y-6.798 Z9.000 F1500 A547.96373; Retract 
G1 X5.718 Y-6.798 Z9.000 F3000; Retract 
G1 X2.151 Y-15.105 Z9.000 F9000; Travel Move 
G1 X2.151 Y-15.105 Z9.000 F1500 A549.26373; Restart 
G1 X2.675 Y-15.342 Z9.000 F720 A549.28385; Inset 
G1 X3.240 Y-15.390 Z9.000 F720 A549.30367; Inset 
G1 X3.541 Y-15.339 Z9.000 F720 A549.31436; Inset 
G1 X4.050 Y-15.109 Z9.000 F720 A549.33387; Inset 
G1 X4.288 Y-14.917 Z9.000 F720 A549.34456; Inset 
G1 X4.625 Y-14.461 Z9.000 F720 A549.36438; Inset 
G1 X4.793 Y-13.911 Z9.000 F720 A549.38450; Inset 
G1 X4.769 Y-13.336 Z9.000 F720 A549.40462; Inset 
G1 X4.554 Y-12.801 Z9.000 F720 A549.42475; Inset 
G1 X4.174 Y-12.369 Z9.000 F720 A549.44487; Inset 
G1 X3.679 Y-12.093 Z9.000 F720 A549.46469; Inset 
G1 X3.383 Y-12.016 Z9.000 F720 A549.47537; Inset 
G1 X2.816 Y-12.016 Z9.000 F720 A549.49519; Inset 
G1 X2.274 Y-12.208 Z9.000 F720 A549.51531; Inset 
G1 X1.833 Y-12.564 Z9.000 F720 A549.53513; Inset 
G1 X1.651 Y-12.810 Z9.000 F720 A549.54582; Inset 
G1 X1.443 Y-13.328 Z9.000 F720 A549.56533; Inset 
G1 X1.404 Y-13.631 Z9.000 F720 A549.57602; Inset 
G1 X1.476 Y-14.193 Z9.000 F720 A549.59584; Inset 
G1 X1.735 Y-14.707 Z9.000 F720 A549.61596; Inset 
G1 X2.151 Y-15.105 Z9.000 F720 A549.63608; Inset 
G1 X2.151 Y-15.105 Z9.000 F1500 A548.33608; Retract 
G1 X2.151 Y-15.105 Z9.000 F3000; Retract 
G1 X1.894 Y-15.474 Z9.000 F9000; Travel Move 
G1 X1.894 Y-15.474 Z9.000 F1500 A549.63608; Restart 
G1 X1.540 Y-15.198 Z9.000 F720 A549.65177; Inset 
G1 X1.283 Y-14.906 Z9.000 F720 A549.66537; Inset 
G1 X1.107 Y-14.624 Z9.000 F720 A549.67697; Inset 
G1 X0.934 Y-14.211 Z9.000 F720 A549.69265; Inset 
G1 X0.852 Y-13.831 Z9.000 F720 A549.70623; Inset 
G1 X0.835 Y-13.441 Z9.000 F720 A549.71987; Inset 
G1 X0.885 Y-13.055 Z9.000 F720 A549.73350; Inset 
G1 X0.999 Y-12.682 Z9.000 F720 A549.74713; Inset 
G1 X1.174 Y-12.335 Z9.000 F720 A549.76071; Inset 
G1 X1.446 Y-11.978 Z9.000 F720 A549.77640; Inset 
G1 X1.687 Y-11.751 Z9.000 F720 A549.78800; Inset 
G1 X2.010 Y-11.533 Z9.000 F720 A549.80160; Inset 
G1 X2.421 Y-11.354 Z9.000 F720 A549.81728; Inset 
G1 X2.743 Y-11.273 Z9.000 F720 A549.82889; Inset 
G1 X3.133 Y-11.240 Z9.000 F720 A549.84255; Inset 
G1 X3.522 Y-11.273 Z9.000 F720 A549.85620; Inset 
G1 X3.844 Y-11.354 Z9.000 F720 A549.86781; Inset 
G1 X4.255 Y-11.533 Z9.000 F720 A549.88349; Inset 
G1 X4.577 Y-11.750 Z9.000 F720 A549.89707; Inset 
G1 X4.859 Y-12.020 Z9.000 F720 A549.91070; Inset 
G1 X5.090 Y-12.334 Z9.000 F720 A549.92434; Inset 
G1 X5.266 Y-12.682 Z9.000 F720 A549.93797; Inset 
G1 X5.380 Y-13.055 Z9.000 F720 A549.95160; Inset 
G1 X5.430 Y-13.441 Z9.000 F720 A549.96524; Inset 
G1 X5.413 Y-13.831 Z9.000 F720 A549.97887; Inset 
G1 X5.331 Y-14.211 Z9.000 F720 A549.99245; Inset 
G1 X5.158 Y-14.624 Z9.000 F720 A550.00813; Inset 
G1 X4.982 Y-14.906 Z9.000 F720 A550.01974; Inset 
G1 X4.723 Y-15.199 Z9.000 F720 A550.03339; Inset 
G1 X4.420 Y-15.444 Z9.000 F720 A550.04703; Inset 
G1 X4.080 Y-15.634 Z9.000 F720 A550.06066; Inset 
G1 X3.712 Y-15.764 Z9.000 F720 A550.07430; Inset 
G1 X3.327 Y-15.830 Z9.000 F720 A550.08793; Inset 
G1 X2.938 Y-15.830 Z9.000 F720 A550.10156; Inset 
G1 X2.553 Y-15.764 Z9.000 F720 A550.11520; Inset 
G1 X2.185 Y-15.634 Z9.000 F720 A550.12885; Inset 
G1 X1.894 Y-15.474 Z9.000 F720 A550.14046; Inset 
; Chunk 89 
; Lower Position  8.8 
; Upper Position  9 
; Thickness       0.2 
; Width           0.4 
G1 X1.894 Y-15.474 Z9.000 F1500 A548.84046; Retract 
G1 X1.894 Y-15.474 Z9.000 F3000; Retract 
G1 X2.424 Y-14.525 Z9.000 F9000; Travel Move 
G1 X2.424 Y-14.525 Z9.000 F1500 A550.14046; Restart 
G1 X2.424 Y-12.874 Z9.000 F1620 A550.19817; Support 
; Chunk 90 
; Lower Position  9 
; Upper Position  9.2 
; Thickness       0.2 
; Width           0.4 
G1 X2.424 Y-12.874 Z9.000 F1500 A548.89817; Retract 
G1 X2.424 Y-12.874 Z9.000 F3000; Retract 
G1 X2.424 Y-12.874 Z9.200 F1380; Travel Move 
G1 X2.424 Y-12.858 Z9.200 F9000; Travel Move 
G1 X2.424 Y-12.858 Z9.200 F1500 A550.19817; Restart 
G1 X2.424 Y-14.523 Z9.200 F1620 A550.25640; Support 
M73 P77; Update Progress 
; Chunk 91 
; Lower Position  9 
; Upper Position  9.2 
; Thickness       0.2 
; Width           0.4 
G1 X2.424 Y-14.523 Z9.200 F1500 A548.95640; Retract 
G1 X2.424 Y-14.523 Z9.200 F3000; Retract 
G1 X2.151 Y-15.105 Z9.200 F9000; Travel Move 
G1 X2.151 Y-15.105 Z9.200 F1500 A550.25640; Restart 
G1 X2.675 Y-15.342 Z9.200 F720 A550.27652; Inset 
G1 X3.240 Y-15.390 Z9.200 F720 A550.29634; Inset 
G1 X3.541 Y-15.339 Z9.200 F720 A550.30702; Inset 
G1 X4.050 Y-15.109 Z9.200 F720 A550.32654; Inset 
G1 X4.288 Y-14.917 Z9.200 F720 A550.33722; Inset 
G1 X4.625 Y-14.461 Z9.200 F720 A550.35704; Inset 
G1 X4.793 Y-13.911 Z9.200 F720 A550.37716; Inset 
G1 X4.769 Y-13.336 Z9.200 F720 A550.39729; Inset 
G1 X4.554 Y-12.801 Z9.200 F720 A550.41741; Inset 
G1 X4.174 Y-12.369 Z9.200 F720 A550.43753; Inset 
G1 X3.679 Y-12.093 Z9.200 F720 A550.45735; Inset 
G1 X3.383 Y-12.016 Z9.200 F720 A550.46804; Inset 
G1 X2.816 Y-12.016 Z9.200 F720 A550.48785; Inset 
G1 X2.274 Y-12.208 Z9.200 F720 A550.50798; Inset 
G1 X1.833 Y-12.564 Z9.200 F720 A550.52780; Inset 
G1 X1.651 Y-12.810 Z9.200 F720 A550.53848; Inset 
G1 X1.443 Y-13.328 Z9.200 F720 A550.55800; Inset 
G1 X1.404 Y-13.631 Z9.200 F720 A550.56868; Inset 
G1 X1.476 Y-14.193 Z9.200 F720 A550.58850; Inset 
G1 X1.735 Y-14.707 Z9.200 F720 A550.60862; Inset 
G1 X2.151 Y-15.105 Z9.200 F720 A550.62875; Inset 
G1 X2.151 Y-15.105 Z9.200 F1500 A549.32875; Retract 
G1 X2.151 Y-15.105 Z9.200 F3000; Retract 
G1 X1.899 Y-15.477 Z9.200 F9000; Travel Move 
G1 X1.899 Y-15.477 Z9.200 F1500 A550.62875; Restart 
G1 X1.540 Y-15.198 Z9.200 F720 A550.64464; Inset 
G1 X1.283 Y-14.906 Z9.200 F720 A550.65825; Inset 
G1 X1.110 Y-14.630 Z9.200 F720 A550.66963; Inset 
G1 X0.934 Y-14.211 Z9.200 F720 A550.68553; Inset 
G1 X0.852 Y-13.831 Z9.200 F720 A550.69911; Inset 
G1 X0.835 Y-13.441 Z9.200 F720 A550.71274; Inset 
G1 X0.885 Y-13.055 Z9.200 F720 A550.72637; Inset 
G1 X0.999 Y-12.682 Z9.200 F720 A550.74000; Inset 
G1 X1.174 Y-12.335 Z9.200 F720 A550.75358; Inset 
G1 X1.450 Y-11.974 Z9.200 F720 A550.76948; Inset 
G1 X1.687 Y-11.751 Z9.200 F720 A550.78087; Inset 
G1 X2.010 Y-11.533 Z9.200 F720 A550.79447; Inset 
G1 X2.427 Y-11.353 Z9.200 F720 A550.81037; Inset 
G1 X2.743 Y-11.273 Z9.200 F720 A550.82176; Inset 
G1 X3.133 Y-11.240 Z9.200 F720 A550.83542; Inset 
G1 X3.522 Y-11.273 Z9.200 F720 A550.84908; Inset 
G1 X3.838 Y-11.353 Z9.200 F720 A550.86047; Inset 
G1 X4.255 Y-11.533 Z9.200 F720 A550.87636; Inset 
G1 X4.577 Y-11.750 Z9.200 F720 A550.88994; Inset 
G1 X4.859 Y-12.020 Z9.200 F720 A550.90357; Inset 
G1 X5.090 Y-12.334 Z9.200 F720 A550.91720; Inset 
G1 X5.266 Y-12.682 Z9.200 F720 A550.93084; Inset 
G1 X5.380 Y-13.055 Z9.200 F720 A550.94447; Inset 
G1 X5.430 Y-13.441 Z9.200 F720 A550.95811; Inset 
G1 X5.413 Y-13.831 Z9.200 F720 A550.97174; Inset 
G1 X5.331 Y-14.211 Z9.200 F720 A550.98532; Inset 
G1 X5.155 Y-14.630 Z9.200 F720 A551.00121; Inset 
G1 X4.982 Y-14.906 Z9.200 F720 A551.01260; Inset 
G1 X4.723 Y-15.199 Z9.200 F720 A551.02626; Inset 
G1 X4.420 Y-15.444 Z9.200 F720 A551.03989; Inset 
G1 X4.080 Y-15.634 Z9.200 F720 A551.05353; Inset 
G1 X3.712 Y-15.764 Z9.200 F720 A551.06716; Inset 
G1 X3.327 Y-15.830 Z9.200 F720 A551.08080; Inset 
G1 X2.938 Y-15.830 Z9.200 F720 A551.09443; Inset 
G1 X2.553 Y-15.764 Z9.200 F720 A551.10806; Inset 
G1 X2.185 Y-15.634 Z9.200 F720 A551.12173; Inset 
G1 X1.899 Y-15.477 Z9.200 F720 A551.13312; Inset 
G1 X1.899 Y-15.477 Z9.200 F1500 A549.83312; Retract 
G1 X1.899 Y-15.477 Z9.200 F3000; Retract 
G1 X5.965 Y-6.477 Z9.200 F9000; Travel Move 
G1 X5.965 Y-6.477 Z9.200 F1500 A551.13312; Restart 
G1 X5.877 Y-6.382 Z9.200 F1620 A551.13762; Inset 
G1 X5.803 Y-6.177 Z9.200 F1620 A551.14526; Inset 
G1 X5.099 Y1.742 Z9.200 F1620 A551.42320; Inset 
G1 X5.142 Y1.982 Z9.200 F1620 A551.43172; Inset 
G1 X5.261 Y2.121 Z9.200 F1620 A551.43814; Inset 
G1 X5.430 Y2.189 Z9.200 F1620 A551.44448; Inset 
G1 X5.557 Y2.189 Z9.200 F1620 A551.44892; Inset 
G1 X5.680 Y2.148 Z9.200 F1620 A551.45346; Inset 
G1 X5.812 Y2.042 Z9.200 F1620 A551.45938; Inset 
G1 X5.896 Y1.813 Z9.200 F1620 A551.46790; Inset 
G1 X6.598 Y-6.084 Z9.200 F1620 A551.74506; Inset 
G1 X6.584 Y-6.260 Z9.200 F1620 A551.75123; Inset 
G1 X6.513 Y-6.414 Z9.200 F1620 A551.75717; Inset 
G1 X6.372 Y-6.525 Z9.200 F1620 A551.76345; Inset 
G1 X6.206 Y-6.558 Z9.200 F1620 A551.76937; Inset 
G1 X6.079 Y-6.537 Z9.200 F1620 A551.77388; Inset 
G1 X5.965 Y-6.477 Z9.200 F1620 A551.77839; Inset 
G1 X5.965 Y-6.477 Z9.200 F1500 A550.47839; Retract 
G1 X5.965 Y-6.477 Z9.200 F3000; Retract 
G1 X5.718 Y-6.798 Z9.200 F9000; Travel Move 
G1 X5.718 Y-6.798 Z9.200 F1500 A551.77839; Restart 
G1 X5.539 Y-6.606 Z9.200 F720 A551.78756; Inset 
G1 X5.429 Y-6.359 Z9.200 F720 A551.79703; Inset 
G1 X5.406 Y-6.229 Z9.200 F720 A551.80165; Inset 
G1 X4.699 Y1.723 Z9.200 F720 A552.08075; Inset 
G1 X4.698 Y1.855 Z9.200 F720 A552.08536; Inset 
G1 X4.765 Y2.126 Z9.200 F720 A552.09513; Inset 
G1 X4.820 Y2.229 Z9.200 F720 A552.09918; Inset 
G1 X4.998 Y2.427 Z9.200 F720 A552.10852; Inset 
G1 X5.118 Y2.506 Z9.200 F720 A552.11350; Inset 
G1 X5.363 Y2.589 Z9.200 F720 A552.12256; Inset 
G1 X5.622 Y2.590 Z9.200 F720 A552.13160; Inset 
G1 X5.871 Y2.506 Z9.200 F720 A552.14078; Inset 
G1 X6.085 Y2.341 Z9.200 F720 A552.15025; Inset 
G1 X6.157 Y2.250 Z9.200 F720 A552.15428; Inset 
G1 X6.270 Y1.995 Z9.200 F720 A552.16405; Inset 
G1 X6.293 Y1.865 Z9.200 F720 A552.16866; Inset 
G1 X6.999 Y-6.081 Z9.200 F720 A552.44756; Inset 
M73 P78; Update Progress 
G1 X6.978 Y-6.357 Z9.200 F720 A552.45722; Inset 
G1 X6.870 Y-6.606 Z9.200 F720 A552.46669; Inset 
G1 X6.800 Y-6.697 Z9.200 F720 A552.47074; Inset 
G1 X6.581 Y-6.870 Z9.200 F720 A552.48050; Inset 
G1 X6.475 Y-6.917 Z9.200 F720 A552.48453; Inset 
G1 X6.208 Y-6.963 Z9.200 F720 A552.49400; Inset 
G1 X5.949 Y-6.922 Z9.200 F720 A552.50318; Inset 
G1 X5.718 Y-6.798 Z9.200 F720 A552.51235; Inset 
; Chunk 92 
; Lower Position  9.2 
; Upper Position  9.4 
; Thickness       0.2 
; Width           0.4 
G1 X5.718 Y-6.798 Z9.200 F1500 A551.21235; Retract 
G1 X5.718 Y-6.798 Z9.200 F3000; Retract 
G1 X5.718 Y-6.798 Z9.400 F1380; Travel Move 
G1 X5.965 Y-6.477 Z9.400 F9000; Travel Move 
G1 X5.965 Y-6.477 Z9.400 F1500 A552.51235; Restart 
G1 X5.877 Y-6.382 Z9.400 F1620 A552.51686; Inset 
G1 X5.803 Y-6.177 Z9.400 F1620 A552.52449; Inset 
G1 X5.099 Y1.742 Z9.400 F1620 A552.80244; Inset 
G1 X5.142 Y1.982 Z9.400 F1620 A552.81096; Inset 
G1 X5.262 Y2.122 Z9.400 F1620 A552.81742; Inset 
G1 X5.429 Y2.189 Z9.400 F1620 A552.82371; Inset 
G1 X5.557 Y2.189 Z9.400 F1620 A552.82816; Inset 
G1 X5.680 Y2.148 Z9.400 F1620 A552.83270; Inset 
G1 X5.812 Y2.042 Z9.400 F1620 A552.83862; Inset 
G1 X5.896 Y1.813 Z9.400 F1620 A552.84714; Inset 
G1 X6.598 Y-6.083 Z9.400 F1620 A553.12428; Inset 
G1 X6.584 Y-6.260 Z9.400 F1620 A553.13047; Inset 
G1 X6.513 Y-6.414 Z9.400 F1620 A553.13641; Inset 
G1 X6.372 Y-6.525 Z9.400 F1620 A553.14268; Inset 
G1 X6.206 Y-6.558 Z9.400 F1620 A553.14861; Inset 
G1 X6.079 Y-6.537 Z9.400 F1620 A553.15312; Inset 
G1 X5.965 Y-6.477 Z9.400 F1620 A553.15762; Inset 
G1 X5.965 Y-6.477 Z9.400 F1500 A551.85762; Retract 
G1 X5.965 Y-6.477 Z9.400 F3000; Retract 
G1 X5.718 Y-6.798 Z9.400 F9000; Travel Move 
G1 X5.718 Y-6.798 Z9.400 F1500 A553.15762; Restart 
G1 X5.539 Y-6.606 Z9.400 F720 A553.16680; Inset 
G1 X5.429 Y-6.359 Z9.400 F720 A553.17627; Inset 
G1 X5.406 Y-6.229 Z9.400 F720 A553.18088; Inset 
G1 X4.699 Y1.723 Z9.400 F720 A553.45999; Inset 
G1 X4.698 Y1.855 Z9.400 F720 A553.46460; Inset 
G1 X4.765 Y2.126 Z9.400 F720 A553.47436; Inset 
G1 X4.820 Y2.229 Z9.400 F720 A553.47841; Inset 
G1 X4.999 Y2.428 Z9.400 F720 A553.48779; Inset 
G1 X5.116 Y2.505 Z9.400 F720 A553.49268; Inset 
G1 X5.363 Y2.589 Z9.400 F720 A553.50178; Inset 
G1 X5.622 Y2.590 Z9.400 F720 A553.51083; Inset 
G1 X5.871 Y2.506 Z9.400 F720 A553.52002; Inset 
G1 X6.085 Y2.341 Z9.400 F720 A553.52949; Inset 
G1 X6.157 Y2.250 Z9.400 F720 A553.53352; Inset 
G1 X6.270 Y1.995 Z9.400 F720 A553.54328; Inset 
G1 X6.293 Y1.865 Z9.400 F720 A553.54789; Inset 
G1 X6.999 Y-6.081 Z9.400 F720 A553.82679; Inset 
G1 X6.978 Y-6.357 Z9.400 F720 A553.83646; Inset 
G1 X6.870 Y-6.606 Z9.400 F720 A553.84593; Inset 
G1 X6.800 Y-6.697 Z9.400 F720 A553.84997; Inset 
G1 X6.581 Y-6.870 Z9.400 F720 A553.85973; Inset 
G1 X6.475 Y-6.917 Z9.400 F720 A553.86377; Inset 
G1 X6.208 Y-6.963 Z9.400 F720 A553.87324; Inset 
G1 X5.949 Y-6.922 Z9.400 F720 A553.88241; Inset 
G1 X5.718 Y-6.798 Z9.400 F720 A553.89158; Inset 
G1 X5.718 Y-6.798 Z9.400 F1500 A552.59158; Retract 
G1 X5.718 Y-6.798 Z9.400 F3000; Retract 
G1 X2.151 Y-15.105 Z9.400 F9000; Travel Move 
G1 X2.151 Y-15.105 Z9.400 F1500 A553.89158; Restart 
G1 X2.675 Y-15.342 Z9.400 F720 A553.91171; Inset 
G1 X3.240 Y-15.390 Z9.400 F720 A553.93153; Inset 
G1 X3.541 Y-15.339 Z9.400 F720 A553.94221; Inset 
G1 X4.050 Y-15.109 Z9.400 F720 A553.96173; Inset 
G1 X4.288 Y-14.917 Z9.400 F720 A553.97241; Inset 
G1 X4.625 Y-14.461 Z9.400 F720 A553.99223; Inset 
G1 X4.793 Y-13.911 Z9.400 F720 A554.01235; Inset 
G1 X4.769 Y-13.336 Z9.400 F720 A554.03248; Inset 
G1 X4.554 Y-12.801 Z9.400 F720 A554.05260; Inset 
G1 X4.174 Y-12.369 Z9.400 F720 A554.07272; Inset 
G1 X3.679 Y-12.093 Z9.400 F720 A554.09254; Inset 
G1 X3.383 Y-12.016 Z9.400 F720 A554.10323; Inset 
G1 X2.816 Y-12.016 Z9.400 F720 A554.12304; Inset 
G1 X2.274 Y-12.208 Z9.400 F720 A554.14317; Inset 
G1 X1.833 Y-12.564 Z9.400 F720 A554.16299; Inset 
G1 X1.651 Y-12.810 Z9.400 F720 A554.17367; Inset 
G1 X1.443 Y-13.328 Z9.400 F720 A554.19319; Inset 
G1 X1.404 Y-13.631 Z9.400 F720 A554.20387; Inset 
G1 X1.476 Y-14.193 Z9.400 F720 A554.22369; Inset 
G1 X1.735 Y-14.707 Z9.400 F720 A554.24381; Inset 
G1 X2.151 Y-15.105 Z9.400 F720 A554.26394; Inset 
G1 X2.151 Y-15.105 Z9.400 F1500 A552.96394; Retract 
G1 X2.151 Y-15.105 Z9.400 F3000; Retract 
G1 X1.904 Y-15.480 Z9.400 F9000; Travel Move 
G1 X1.904 Y-15.480 Z9.400 F1500 A554.26394; Restart 
G1 X1.540 Y-15.198 Z9.400 F720 A554.28005; Inset 
G1 X1.283 Y-14.906 Z9.400 F720 A554.29365; Inset 
G1 X1.113 Y-14.635 Z9.400 F720 A554.30482; Inset 
G1 X0.934 Y-14.211 Z9.400 F720 A554.32093; Inset 
G1 X0.852 Y-13.831 Z9.400 F720 A554.33450; Inset 
G1 X0.835 Y-13.441 Z9.400 F720 A554.34814; Inset 
G1 X0.885 Y-13.055 Z9.400 F720 A554.36177; Inset 
G1 X0.999 Y-12.682 Z9.400 F720 A554.37540; Inset 
M73 P79; Update Progress 
G1 X1.174 Y-12.335 Z9.400 F720 A554.38897; Inset 
G1 X1.455 Y-11.970 Z9.400 F720 A554.40509; Inset 
G1 X1.687 Y-11.751 Z9.400 F720 A554.41626; Inset 
G1 X2.010 Y-11.533 Z9.400 F720 A554.42986; Inset 
G1 X2.433 Y-11.351 Z9.400 F720 A554.44597; Inset 
G1 X2.743 Y-11.273 Z9.400 F720 A554.45715; Inset 
G1 X3.133 Y-11.240 Z9.400 F720 A554.47081; Inset 
G1 X3.522 Y-11.273 Z9.400 F720 A554.48447; Inset 
G1 X3.832 Y-11.351 Z9.400 F720 A554.49565; Inset 
G1 X4.255 Y-11.533 Z9.400 F720 A554.51176; Inset 
G1 X4.577 Y-11.750 Z9.400 F720 A554.52533; Inset 
G1 X4.859 Y-12.020 Z9.400 F720 A554.53897; Inset 
G1 X5.090 Y-12.334 Z9.400 F720 A554.55260; Inset 
G1 X5.266 Y-12.682 Z9.400 F720 A554.56624; Inset 
G1 X5.380 Y-13.055 Z9.400 F720 A554.57987; Inset 
G1 X5.430 Y-13.441 Z9.400 F720 A554.59350; Inset 
G1 X5.413 Y-13.831 Z9.400 F720 A554.60713; Inset 
G1 X5.331 Y-14.210 Z9.400 F720 A554.62070; Inset 
G1 X5.152 Y-14.635 Z9.400 F720 A554.63682; Inset 
G1 X4.982 Y-14.906 Z9.400 F720 A554.64799; Inset 
G1 X4.723 Y-15.199 Z9.400 F720 A554.66166; Inset 
G1 X4.420 Y-15.444 Z9.400 F720 A554.67529; Inset 
G1 X4.080 Y-15.634 Z9.400 F720 A554.68892; Inset 
G1 X3.712 Y-15.764 Z9.400 F720 A554.70256; Inset 
G1 X3.327 Y-15.830 Z9.400 F720 A554.71619; Inset 
G1 X2.938 Y-15.830 Z9.400 F720 A554.72982; Inset 
G1 X2.553 Y-15.764 Z9.400 F720 A554.74346; Inset 
G1 X2.185 Y-15.634 Z9.400 F720 A554.75712; Inset 
G1 X1.904 Y-15.480 Z9.400 F720 A554.76830; Inset 
; Chunk 93 
; Lower Position  9.2 
; Upper Position  9.4 
; Thickness       0.2 
; Width           0.4 
G1 X1.904 Y-15.480 Z9.400 F1500 A553.46830; Retract 
G1 X1.904 Y-15.480 Z9.400 F3000; Retract 
G1 X2.424 Y-14.520 Z9.400 F9000; Travel Move 
G1 X2.424 Y-14.520 Z9.400 F1500 A554.76830; Restart 
G1 X2.424 Y-12.866 Z9.400 F1620 A554.82611; Support 
; Chunk 94 
; Lower Position  9.4 
; Upper Position  9.6 
; Thickness       0.2 
; Width           0.4 
G1 X2.424 Y-12.866 Z9.400 F1500 A553.52611; Retract 
G1 X2.424 Y-12.866 Z9.400 F3000; Retract 
G1 X2.424 Y-12.866 Z9.600 F1380; Travel Move 
G1 X2.424 Y-12.865 Z9.600 F9000; Travel Move 
G1 X2.424 Y-12.865 Z9.600 F1500 A554.82611; Restart 
G1 X2.424 Y-14.527 Z9.600 F1620 A554.88421; Support 
; Chunk 95 
; Lower Position  9.4 
; Upper Position  9.6 
; Thickness       0.2 
; Width           0.4 
G1 X2.424 Y-14.527 Z9.600 F1500 A553.58421; Retract 
G1 X2.424 Y-14.527 Z9.600 F3000; Retract 
G1 X2.151 Y-15.105 Z9.600 F9000; Travel Move 
G1 X2.151 Y-15.105 Z9.600 F1500 A554.88421; Restart 
G1 X2.675 Y-15.342 Z9.600 F720 A554.90433; Inset 
G1 X3.240 Y-15.390 Z9.600 F720 A554.92415; Inset 
G1 X3.541 Y-15.339 Z9.600 F720 A554.93483; Inset 
G1 X4.050 Y-15.109 Z9.600 F720 A554.95435; Inset 
G1 X4.288 Y-14.917 Z9.600 F720 A554.96503; Inset 
G1 X4.625 Y-14.461 Z9.600 F720 A554.98485; Inset 
G1 X4.793 Y-13.911 Z9.600 F720 A555.00498; Inset 
G1 X4.769 Y-13.336 Z9.600 F720 A555.02510; Inset 
G1 X4.554 Y-12.801 Z9.600 F720 A555.04522; Inset 
G1 X4.174 Y-12.369 Z9.600 F720 A555.06534; Inset 
G1 X3.679 Y-12.093 Z9.600 F720 A555.08516; Inset 
G1 X3.383 Y-12.016 Z9.600 F720 A555.09585; Inset 
G1 X2.816 Y-12.016 Z9.600 F720 A555.11567; Inset 
G1 X2.274 Y-12.208 Z9.600 F720 A555.13579; Inset 
G1 X1.833 Y-12.564 Z9.600 F720 A555.15561; Inset 
G1 X1.651 Y-12.810 Z9.600 F720 A555.16629; Inset 
G1 X1.443 Y-13.328 Z9.600 F720 A555.18581; Inset 
G1 X1.404 Y-13.631 Z9.600 F720 A555.19649; Inset 
G1 X1.476 Y-14.193 Z9.600 F720 A555.21631; Inset 
G1 X1.735 Y-14.707 Z9.600 F720 A555.23643; Inset 
G1 X2.151 Y-15.105 Z9.600 F720 A555.25656; Inset 
G1 X2.151 Y-15.105 Z9.600 F1500 A553.95656; Retract 
G1 X2.151 Y-15.105 Z9.600 F3000; Retract 
G1 X1.909 Y-15.484 Z9.600 F9000; Travel Move 
G1 X1.909 Y-15.484 Z9.600 F1500 A555.25656; Restart 
G1 X1.540 Y-15.198 Z9.600 F720 A555.27288; Inset 
G1 X1.283 Y-14.906 Z9.600 F720 A555.28648; Inset 
G1 X1.116 Y-14.640 Z9.600 F720 A555.29744; Inset 
G1 X0.934 Y-14.210 Z9.600 F720 A555.31377; Inset 
G1 X0.852 Y-13.831 Z9.600 F720 A555.32733; Inset 
G1 X0.835 Y-13.441 Z9.600 F720 A555.34097; Inset 
G1 X0.885 Y-13.055 Z9.600 F720 A555.35460; Inset 
G1 X0.999 Y-12.682 Z9.600 F720 A555.36823; Inset 
G1 X1.174 Y-12.335 Z9.600 F720 A555.38180; Inset 
G1 X1.459 Y-11.965 Z9.600 F720 A555.39813; Inset 
G1 X1.687 Y-11.751 Z9.600 F720 A555.40909; Inset 
G1 X2.010 Y-11.533 Z9.600 F720 A555.42268; Inset 
G1 X2.439 Y-11.349 Z9.600 F720 A555.43901; Inset 
G1 X2.743 Y-11.273 Z9.600 F720 A555.44997; Inset 
G1 X3.133 Y-11.240 Z9.600 F720 A555.46364; Inset 
G1 X3.522 Y-11.273 Z9.600 F720 A555.47731; Inset 
G1 X3.826 Y-11.349 Z9.600 F720 A555.48827; Inset 
G1 X4.256 Y-11.533 Z9.600 F720 A555.50459; Inset 
G1 X4.577 Y-11.750 Z9.600 F720 A555.51816; Inset 
G1 X4.858 Y-12.020 Z9.600 F720 A555.53179; Inset 
G1 X5.090 Y-12.334 Z9.600 F720 A555.54543; Inset 
G1 X5.266 Y-12.682 Z9.600 F720 A555.55906; Inset 
G1 X5.380 Y-13.055 Z9.600 F720 A555.57270; Inset 
G1 X5.430 Y-13.441 Z9.600 F720 A555.58633; Inset 
G1 X5.413 Y-13.831 Z9.600 F720 A555.59996; Inset 
G1 X5.331 Y-14.210 Z9.600 F720 A555.61353; Inset 
G1 X5.149 Y-14.640 Z9.600 F720 A555.62985; Inset 
G1 X4.982 Y-14.906 Z9.600 F720 A555.64081; Inset 
G1 X4.723 Y-15.199 Z9.600 F720 A555.65448; Inset 
G1 X4.420 Y-15.444 Z9.600 F720 A555.66811; Inset 
G1 X4.080 Y-15.634 Z9.600 F720 A555.68175; Inset 
G1 X3.712 Y-15.764 Z9.600 F720 A555.69538; Inset 
G1 X3.327 Y-15.830 Z9.600 F720 A555.70902; Inset 
G1 X2.938 Y-15.830 Z9.600 F720 A555.72265; Inset 
G1 X2.553 Y-15.764 Z9.600 F720 A555.73628; Inset 
G1 X2.185 Y-15.634 Z9.600 F720 A555.74995; Inset 
G1 X1.909 Y-15.484 Z9.600 F720 A555.76091; Inset 
G1 X1.909 Y-15.484 Z9.600 F1500 A554.46091; Retract 
G1 X1.909 Y-15.484 Z9.600 F3000; Retract 
G1 X5.965 Y-6.477 Z9.600 F9000; Travel Move 
G1 X5.965 Y-6.477 Z9.600 F1500 A555.76091; Restart 
G1 X5.877 Y-6.382 Z9.600 F1620 A555.76542; Inset 
G1 X5.803 Y-6.177 Z9.600 F1620 A555.77306; Inset 
G1 X5.099 Y1.742 Z9.600 F1620 A556.05100; Inset 
G1 X5.142 Y1.982 Z9.600 F1620 A556.05952; Inset 
G1 X5.263 Y2.123 Z9.600 F1620 A556.06602; Inset 
G1 X5.429 Y2.189 Z9.600 F1620 A556.07227; Inset 
G1 X5.557 Y2.189 Z9.600 F1620 A556.07673; Inset 
G1 X5.680 Y2.148 Z9.600 F1620 A556.08126; Inset 
G1 X5.812 Y2.042 Z9.600 F1620 A556.08718; Inset 
G1 X5.896 Y1.813 Z9.600 F1620 A556.09570; Inset 
G1 X6.598 Y-6.083 Z9.600 F1620 A556.37284; Inset 
G1 X6.584 Y-6.260 Z9.600 F1620 A556.37903; Inset 
G1 X6.513 Y-6.414 Z9.600 F1620 A556.38497; Inset 
G1 X6.372 Y-6.525 Z9.600 F1620 A556.39125; Inset 
G1 X6.206 Y-6.558 Z9.600 F1620 A556.39717; Inset 
G1 X6.079 Y-6.537 Z9.600 F1620 A556.40168; Inset 
G1 X5.965 Y-6.477 Z9.600 F1620 A556.40619; Inset 
G1 X5.965 Y-6.477 Z9.600 F1500 A555.10619; Retract 
G1 X5.965 Y-6.477 Z9.600 F3000; Retract 
G1 X5.718 Y-6.798 Z9.600 F9000; Travel Move 
G1 X5.718 Y-6.798 Z9.600 F1500 A556.40619; Restart 
G1 X5.539 Y-6.606 Z9.600 F720 A556.41536; Inset 
G1 X5.429 Y-6.359 Z9.600 F720 A556.42483; Inset 
G1 X5.406 Y-6.229 Z9.600 F720 A556.42944; Inset 
G1 X4.699 Y1.723 Z9.600 F720 A556.70855; Inset 
M73 P80; Update Progress 
G1 X4.698 Y1.855 Z9.600 F720 A556.71316; Inset 
G1 X4.765 Y2.126 Z9.600 F720 A556.72292; Inset 
G1 X4.820 Y2.229 Z9.600 F720 A556.72697; Inset 
G1 X5.000 Y2.429 Z9.600 F720 A556.73639; Inset 
G1 X5.115 Y2.504 Z9.600 F720 A556.74120; Inset 
G1 X5.362 Y2.589 Z9.600 F720 A556.75033; Inset 
G1 X5.622 Y2.590 Z9.600 F720 A556.75939; Inset 
G1 X5.871 Y2.506 Z9.600 F720 A556.76858; Inset 
G1 X6.085 Y2.341 Z9.600 F720 A556.77805; Inset 
G1 X6.157 Y2.250 Z9.600 F720 A556.78208; Inset 
G1 X6.270 Y1.995 Z9.600 F720 A556.79184; Inset 
G1 X6.293 Y1.865 Z9.600 F720 A556.79646; Inset 
G1 X6.999 Y-6.081 Z9.600 F720 A557.07534; Inset 
G1 X6.978 Y-6.357 Z9.600 F720 A557.08502; Inset 
G1 X6.870 Y-6.606 Z9.600 F720 A557.09449; Inset 
G1 X6.800 Y-6.697 Z9.600 F720 A557.09853; Inset 
G1 X6.581 Y-6.870 Z9.600 F720 A557.10830; Inset 
G1 X6.475 Y-6.917 Z9.600 F720 A557.11233; Inset 
G1 X6.208 Y-6.963 Z9.600 F720 A557.12180; Inset 
G1 X5.949 Y-6.922 Z9.600 F720 A557.13097; Inset 
G1 X5.718 Y-6.798 Z9.600 F720 A557.14015; Inset 
; Chunk 96 
; Lower Position  9.6 
; Upper Position  9.8 
; Thickness       0.2 
; Width           0.4 
G1 X5.718 Y-6.798 Z9.600 F1500 A555.84015; Retract 
G1 X5.718 Y-6.798 Z9.600 F3000; Retract 
G1 X5.718 Y-6.798 Z9.800 F1380; Travel Move 
G1 X5.965 Y-6.477 Z9.800 F9000; Travel Move 
G1 X5.965 Y-6.477 Z9.800 F1500 A557.14015; Restart 
G1 X5.877 Y-6.382 Z9.800 F1620 A557.14466; Inset 
G1 X5.803 Y-6.177 Z9.800 F1620 A557.15230; Inset 
G1 X5.099 Y1.742 Z9.800 F1620 A557.43023; Inset 
G1 X5.142 Y1.982 Z9.800 F1620 A557.43875; Inset 
G1 X5.264 Y2.124 Z9.800 F1620 A557.44529; Inset 
G1 X5.429 Y2.189 Z9.800 F1620 A557.45150; Inset 
G1 X5.557 Y2.189 Z9.800 F1620 A557.45597; Inset 
G1 X5.680 Y2.148 Z9.800 F1620 A557.46049; Inset 
G1 X5.812 Y2.042 Z9.800 F1620 A557.46642; Inset 
G1 X5.896 Y1.813 Z9.800 F1620 A557.47494; Inset 
G1 X6.598 Y-6.083 Z9.800 F1620 A557.75207; Inset 
G1 X6.584 Y-6.260 Z9.800 F1620 A557.75827; Inset 
G1 X6.513 Y-6.414 Z9.800 F1620 A557.76420; Inset 
G1 X6.372 Y-6.525 Z9.800 F1620 A557.77048; Inset 
G1 X6.206 Y-6.558 Z9.800 F1620 A557.77641; Inset 
G1 X6.079 Y-6.537 Z9.800 F1620 A557.78091; Inset 
G1 X5.965 Y-6.477 Z9.800 F1620 A557.78542; Inset 
G1 X5.965 Y-6.477 Z9.800 F1500 A556.48542; Retract 
G1 X5.965 Y-6.477 Z9.800 F3000; Retract 
G1 X5.718 Y-6.798 Z9.800 F9000; Travel Move 
G1 X5.718 Y-6.798 Z9.800 F1500 A557.78542; Restart 
G1 X5.539 Y-6.606 Z9.800 F720 A557.79460; Inset 
G1 X5.429 Y-6.359 Z9.800 F720 A557.80407; Inset 
G1 X5.406 Y-6.229 Z9.800 F720 A557.80868; Inset 
G1 X4.699 Y1.723 Z9.800 F720 A558.08778; Inset 
G1 X4.698 Y1.855 Z9.800 F720 A558.09239; Inset 
G1 X4.765 Y2.126 Z9.800 F720 A558.10216; Inset 
G1 X4.820 Y2.229 Z9.800 F720 A558.10620; Inset 
G1 X5.001 Y2.429 Z9.800 F720 A558.11566; Inset 
G1 X5.114 Y2.504 Z9.800 F720 A558.12038; Inset 
G1 X5.362 Y2.588 Z9.800 F720 A558.12956; Inset 
G1 X5.622 Y2.590 Z9.800 F720 A558.13863; Inset 
G1 X5.871 Y2.506 Z9.800 F720 A558.14781; Inset 
G1 X6.085 Y2.341 Z9.800 F720 A558.15728; Inset 
G1 X6.157 Y2.250 Z9.800 F720 A558.16131; Inset 
G1 X6.270 Y1.995 Z9.800 F720 A558.17108; Inset 
G1 X6.293 Y1.865 Z9.800 F720 A558.17569; Inset 
G1 X6.999 Y-6.081 Z9.800 F720 A558.45457; Inset 
G1 X6.978 Y-6.357 Z9.800 F720 A558.46426; Inset 
G1 X6.870 Y-6.606 Z9.800 F720 A558.47373; Inset 
G1 X6.800 Y-6.697 Z9.800 F720 A558.47777; Inset 
G1 X6.581 Y-6.870 Z9.800 F720 A558.48753; Inset 
G1 X6.475 Y-6.917 Z9.800 F720 A558.49156; Inset 
G1 X6.208 Y-6.963 Z9.800 F720 A558.50103; Inset 
G1 X5.949 Y-6.922 Z9.800 F720 A558.51021; Inset 
G1 X5.718 Y-6.798 Z9.800 F720 A558.51938; Inset 
G1 X5.718 Y-6.798 Z9.800 F1500 A557.21938; Retract 
G1 X5.718 Y-6.798 Z9.800 F3000; Retract 
G1 X2.151 Y-15.105 Z9.800 F9000; Travel Move 
G1 X2.151 Y-15.105 Z9.800 F1500 A558.51938; Restart 
G1 X2.675 Y-15.342 Z9.800 F720 A558.53950; Inset 
G1 X3.240 Y-15.390 Z9.800 F720 A558.55932; Inset 
M73 P81; Update Progress 
G1 X3.541 Y-15.339 Z9.800 F720 A558.57001; Inset 
G1 X4.050 Y-15.109 Z9.800 F720 A558.58952; Inset 
G1 X4.288 Y-14.917 Z9.800 F720 A558.60021; Inset 
G1 X4.625 Y-14.461 Z9.800 F720 A558.62003; Inset 
G1 X4.793 Y-13.911 Z9.800 F720 A558.64015; Inset 
G1 X4.769 Y-13.336 Z9.800 F720 A558.66027; Inset 
G1 X4.554 Y-12.801 Z9.800 F720 A558.68040; Inset 
G1 X4.174 Y-12.369 Z9.800 F720 A558.70052; Inset 
G1 X3.679 Y-12.093 Z9.800 F720 A558.72034; Inset 
G1 X3.383 Y-12.016 Z9.800 F720 A558.73102; Inset 
G1 X2.816 Y-12.016 Z9.800 F720 A558.75084; Inset 
G1 X2.274 Y-12.208 Z9.800 F720 A558.77096; Inset 
G1 X1.833 Y-12.564 Z9.800 F720 A558.79078; Inset 
G1 X1.651 Y-12.810 Z9.800 F720 A558.80147; Inset 
G1 X1.443 Y-13.328 Z9.800 F720 A558.82098; Inset 
G1 X1.404 Y-13.631 Z9.800 F720 A558.83167; Inset 
G1 X1.476 Y-14.193 Z9.800 F720 A558.85149; Inset 
G1 X1.735 Y-14.707 Z9.800 F720 A558.87161; Inset 
G1 X2.151 Y-15.105 Z9.800 F720 A558.89173; Inset 
G1 X2.151 Y-15.105 Z9.800 F1500 A557.59173; Retract 
G1 X2.151 Y-15.105 Z9.800 F3000; Retract 
G1 X1.845 Y-15.444 Z9.800 F9000; Travel Move 
G1 X1.845 Y-15.444 Z9.800 F1500 A558.89173; Restart 
G1 X1.542 Y-15.199 Z9.800 F720 A558.90537; Inset 
G1 X1.284 Y-14.906 Z9.800 F720 A558.91900; Inset 
G1 X1.079 Y-14.574 Z9.800 F720 A558.93263; Inset 
G1 X0.934 Y-14.212 Z9.800 F720 A558.94627; Inset 
G1 X0.852 Y-13.831 Z9.800 F720 A558.95990; Inset 
G1 X0.835 Y-13.441 Z9.800 F720 A558.97354; Inset 
G1 X0.885 Y-13.055 Z9.800 F720 A558.98717; Inset 
G1 X0.999 Y-12.682 Z9.800 F720 A559.00080; Inset 
G1 X1.175 Y-12.334 Z9.800 F720 A559.01444; Inset 
G1 X1.407 Y-12.020 Z9.800 F720 A559.02807; Inset 
G1 X1.688 Y-11.750 Z9.800 F720 A559.04170; Inset 
G1 X2.011 Y-11.532 Z9.800 F720 A559.05534; Inset 
G1 X2.367 Y-11.371 Z9.800 F720 A559.06897; Inset 
G1 X2.744 Y-11.273 Z9.800 F720 A559.08261; Inset 
G1 X3.133 Y-11.240 Z9.800 F720 A559.09624; Inset 
G1 X3.521 Y-11.273 Z9.800 F720 A559.10987; Inset 
G1 X3.898 Y-11.371 Z9.800 F720 A559.12351; Inset 
G1 X4.254 Y-11.532 Z9.800 F720 A559.13714; Inset 
G1 X4.577 Y-11.750 Z9.800 F720 A559.15078; Inset 
G1 X4.858 Y-12.020 Z9.800 F720 A559.16441; Inset 
G1 X5.090 Y-12.334 Z9.800 F720 A559.17804; Inset 
G1 X5.266 Y-12.682 Z9.800 F720 A559.19168; Inset 
G1 X5.380 Y-13.055 Z9.800 F720 A559.20531; Inset 
G1 X5.430 Y-13.441 Z9.800 F720 A559.21894; Inset 
G1 X5.413 Y-13.831 Z9.800 F720 A559.23258; Inset 
G1 X5.331 Y-14.212 Z9.800 F720 A559.24621; Inset 
G1 X5.186 Y-14.574 Z9.800 F720 A559.25985; Inset 
G1 X4.981 Y-14.906 Z9.800 F720 A559.27348; Inset 
G1 X4.723 Y-15.199 Z9.800 F720 A559.28711; Inset 
G1 X4.420 Y-15.444 Z9.800 F720 A559.30075; Inset 
G1 X4.080 Y-15.634 Z9.800 F720 A559.31438; Inset 
G1 X3.712 Y-15.764 Z9.800 F720 A559.32802; Inset 
G1 X3.327 Y-15.830 Z9.800 F720 A559.34165; Inset 
G1 X2.938 Y-15.830 Z9.800 F720 A559.35528; Inset 
G1 X2.553 Y-15.764 Z9.800 F720 A559.36892; Inset 
G1 X2.185 Y-15.634 Z9.800 F720 A559.38255; Inset 
G1 X1.845 Y-15.444 Z9.800 F720 A559.39618; Inset 
; Chunk 97 
; Lower Position  9.6 
; Upper Position  9.8 
; Thickness       0.2 
; Width           0.4 
G1 X1.845 Y-15.444 Z9.800 F1500 A558.09618; Retract 
G1 X1.845 Y-15.444 Z9.800 F3000; Retract 
G1 X2.424 Y-14.528 Z9.800 F9000; Travel Move 
G1 X2.424 Y-14.528 Z9.800 F1500 A559.39618; Restart 
G1 X2.424 Y-12.865 Z9.800 F1620 A559.45431; Support 
; Chunk 98 
; Lower Position  9.8 
; Upper Position  10 
; Thickness       0.2 
; Width           0.4 
G1 X2.424 Y-12.865 Z9.800 F1500 A558.15431; Retract 
G1 X2.424 Y-12.865 Z9.800 F3000; Retract 
G1 X2.424 Y-12.865 Z10.000 F1380; Travel Move 
G1 X2.424 Y-12.865 Z10.000 F9000; Travel Move 
G1 X2.424 Y-12.865 Z10.000 F1500 A559.45431; Restart 
G1 X2.424 Y-14.528 Z10.000 F1620 A559.51245; Support 
; Chunk 99 
; Lower Position  9.8 
; Upper Position  10 
; Thickness       0.2 
; Width           0.4 
G1 X2.424 Y-14.528 Z10.000 F1500 A558.21245; Retract 
G1 X2.424 Y-14.528 Z10.000 F3000; Retract 
G1 X2.151 Y-15.105 Z10.000 F9000; Travel Move 
G1 X2.151 Y-15.105 Z10.000 F1500 A559.51245; Restart 
G1 X2.675 Y-15.342 Z10.000 F720 A559.53257; Inset 
G1 X3.240 Y-15.390 Z10.000 F720 A559.55239; Inset 
G1 X3.541 Y-15.339 Z10.000 F720 A559.56307; Inset 
G1 X4.050 Y-15.109 Z10.000 F720 A559.58259; Inset 
G1 X4.288 Y-14.917 Z10.000 F720 A559.59327; Inset 
G1 X4.625 Y-14.461 Z10.000 F720 A559.61309; Inset 
G1 X4.793 Y-13.911 Z10.000 F720 A559.63321; Inset 
G1 X4.769 Y-13.336 Z10.000 F720 A559.65334; Inset 
G1 X4.554 Y-12.801 Z10.000 F720 A559.67346; Inset 
G1 X4.174 Y-12.369 Z10.000 F720 A559.69358; Inset 
G1 X3.679 Y-12.093 Z10.000 F720 A559.71340; Inset 
G1 X3.383 Y-12.016 Z10.000 F720 A559.72409; Inset 
G1 X2.816 Y-12.016 Z10.000 F720 A559.74391; Inset 
G1 X2.274 Y-12.208 Z10.000 F720 A559.76403; Inset 
G1 X1.833 Y-12.564 Z10.000 F720 A559.78385; Inset 
G1 X1.651 Y-12.810 Z10.000 F720 A559.79453; Inset 
G1 X1.443 Y-13.328 Z10.000 F720 A559.81405; Inset 
G1 X1.404 Y-13.631 Z10.000 F720 A559.82473; Inset 
G1 X1.476 Y-14.193 Z10.000 F720 A559.84455; Inset 
G1 X1.735 Y-14.707 Z10.000 F720 A559.86467; Inset 
G1 X2.151 Y-15.105 Z10.000 F720 A559.88480; Inset 
G1 X2.151 Y-15.105 Z10.000 F1500 A558.58480; Retract 
G1 X2.151 Y-15.105 Z10.000 F3000; Retract 
G1 X1.845 Y-15.444 Z10.000 F9000; Travel Move 
G1 X1.845 Y-15.444 Z10.000 F1500 A559.88480; Restart 
G1 X1.542 Y-15.199 Z10.000 F720 A559.89843; Inset 
G1 X1.284 Y-14.906 Z10.000 F720 A559.91206; Inset 
G1 X1.079 Y-14.574 Z10.000 F720 A559.92570; Inset 
G1 X0.934 Y-14.212 Z10.000 F720 A559.93933; Inset 
G1 X0.852 Y-13.831 Z10.000 F720 A559.95297; Inset 
G1 X0.835 Y-13.441 Z10.000 F720 A559.96660; Inset 
G1 X0.885 Y-13.055 Z10.000 F720 A559.98023; Inset 
G1 X0.999 Y-12.682 Z10.000 F720 A559.99387; Inset 
G1 X1.175 Y-12.334 Z10.000 F720 A560.00750; Inset 
G1 X1.407 Y-12.020 Z10.000 F720 A560.02114; Inset 
G1 X1.688 Y-11.750 Z10.000 F720 A560.03477; Inset 
G1 X2.011 Y-11.532 Z10.000 F720 A560.04840; Inset 
G1 X2.367 Y-11.371 Z10.000 F720 A560.06204; Inset 
G1 X2.744 Y-11.273 Z10.000 F720 A560.07567; Inset 
G1 X3.133 Y-11.240 Z10.000 F720 A560.08930; Inset 
G1 X3.521 Y-11.273 Z10.000 F720 A560.10294; Inset 
G1 X3.898 Y-11.371 Z10.000 F720 A560.11657; Inset 
G1 X4.254 Y-11.532 Z10.000 F720 A560.13021; Inset 
G1 X4.577 Y-11.750 Z10.000 F720 A560.14384; Inset 
G1 X4.859 Y-12.020 Z10.000 F720 A560.15747; Inset 
G1 X5.090 Y-12.334 Z10.000 F720 A560.17111; Inset 
G1 X5.266 Y-12.682 Z10.000 F720 A560.18474; Inset 
G1 X5.380 Y-13.055 Z10.000 F720 A560.19838; Inset 
G1 X5.430 Y-13.441 Z10.000 F720 A560.21201; Inset 
G1 X5.413 Y-13.831 Z10.000 F720 A560.22564; Inset 
G1 X5.331 Y-14.212 Z10.000 F720 A560.23928; Inset 
G1 X5.186 Y-14.574 Z10.000 F720 A560.25291; Inset 
G1 X4.981 Y-14.906 Z10.000 F720 A560.26655; Inset 
G1 X4.723 Y-15.199 Z10.000 F720 A560.28018; Inset 
G1 X4.420 Y-15.444 Z10.000 F720 A560.29381; Inset 
G1 X4.080 Y-15.634 Z10.000 F720 A560.30745; Inset 
G1 X3.712 Y-15.764 Z10.000 F720 A560.32108; Inset 
G1 X3.327 Y-15.830 Z10.000 F720 A560.33472; Inset 
G1 X2.938 Y-15.830 Z10.000 F720 A560.34835; Inset 
M73 P82; Update Progress 
G1 X2.553 Y-15.764 Z10.000 F720 A560.36198; Inset 
G1 X2.185 Y-15.634 Z10.000 F720 A560.37562; Inset 
G1 X1.845 Y-15.444 Z10.000 F720 A560.38925; Inset 
G1 X1.845 Y-15.444 Z10.000 F1500 A559.08925; Retract 
G1 X1.845 Y-15.444 Z10.000 F3000; Retract 
G1 X5.965 Y-6.477 Z10.000 F9000; Travel Move 
G1 X5.965 Y-6.477 Z10.000 F1500 A560.38925; Restart 
G1 X5.877 Y-6.382 Z10.000 F1620 A560.39376; Inset 
G1 X5.803 Y-6.177 Z10.000 F1620 A560.40140; Inset 
G1 X5.099 Y1.742 Z10.000 F1620 A560.67934; Inset 
G1 X5.142 Y1.982 Z10.000 F1620 A560.68786; Inset 
G1 X5.265 Y2.124 Z10.000 F1620 A560.69442; Inset 
G1 X5.429 Y2.189 Z10.000 F1620 A560.70061; Inset 
G1 X5.557 Y2.189 Z10.000 F1620 A560.70507; Inset 
G1 X5.680 Y2.148 Z10.000 F1620 A560.70960; Inset 
G1 X5.812 Y2.042 Z10.000 F1620 A560.71552; Inset 
G1 X5.896 Y1.813 Z10.000 F1620 A560.72404; Inset 
G1 X6.598 Y-6.083 Z10.000 F1620 A561.00116; Inset 
G1 X6.584 Y-6.260 Z10.000 F1620 A561.00737; Inset 
G1 X6.513 Y-6.414 Z10.000 F1620 A561.01331; Inset 
G1 X6.372 Y-6.525 Z10.000 F1620 A561.01958; Inset 
G1 X6.206 Y-6.558 Z10.000 F1620 A561.02551; Inset 
G1 X6.079 Y-6.537 Z10.000 F1620 A561.03001; Inset 
G1 X5.965 Y-6.477 Z10.000 F1620 A561.03452; Inset 
G1 X5.965 Y-6.477 Z10.000 F1500 A559.73452; Retract 
G1 X5.965 Y-6.477 Z10.000 F3000; Retract 
G1 X5.718 Y-6.798 Z10.000 F9000; Travel Move 
G1 X5.718 Y-6.798 Z10.000 F1500 A561.03452; Restart 
G1 X5.539 Y-6.606 Z10.000 F720 A561.04370; Inset 
G1 X5.429 Y-6.359 Z10.000 F720 A561.05317; Inset 
G1 X5.406 Y-6.229 Z10.000 F720 A561.05778; Inset 
G1 X4.699 Y1.723 Z10.000 F720 A561.33689; Inset 
G1 X4.698 Y1.855 Z10.000 F720 A561.34150; Inset 
G1 X4.765 Y2.126 Z10.000 F720 A561.35126; Inset 
G1 X4.820 Y2.228 Z10.000 F720 A561.35531; Inset 
G1 X5.002 Y2.430 Z10.000 F720 A561.36480; Inset 
G1 X5.112 Y2.503 Z10.000 F720 A561.36943; Inset 
G1 X5.362 Y2.588 Z10.000 F720 A561.37865; Inset 
G1 X5.622 Y2.590 Z10.000 F720 A561.38773; Inset 
G1 X5.871 Y2.506 Z10.000 F720 A561.39691; Inset 
G1 X6.085 Y2.341 Z10.000 F720 A561.40638; Inset 
G1 X6.157 Y2.250 Z10.000 F720 A561.41041; Inset 
G1 X6.270 Y1.995 Z10.000 F720 A561.42018; Inset 
G1 X6.293 Y1.865 Z10.000 F720 A561.42479; Inset 
G1 X6.999 Y-6.081 Z10.000 F720 A561.70366; Inset 
G1 X6.978 Y-6.357 Z10.000 F720 A561.71336; Inset 
G1 X6.870 Y-6.606 Z10.000 F720 A561.72283; Inset 
G1 X6.800 Y-6.697 Z10.000 F720 A561.72687; Inset 
G1 X6.581 Y-6.870 Z10.000 F720 A561.73663; Inset 
G1 X6.475 Y-6.917 Z10.000 F720 A561.74066; Inset 
G1 X6.208 Y-6.963 Z10.000 F720 A561.75014; Inset 
G1 X5.949 Y-6.922 Z10.000 F720 A561.75931; Inset 
G1 X5.718 Y-6.798 Z10.000 F720 A561.76848; Inset 
; Chunk 100 
; Lower Position  10 
; Upper Position  10.2 
; Thickness       0.2 
; Width           0.4 
G1 X5.718 Y-6.798 Z10.000 F1500 A560.46848; Retract 
G1 X5.718 Y-6.798 Z10.000 F3000; Retract 
G1 X5.718 Y-6.798 Z10.200 F1380; Travel Move 
G1 X5.965 Y-6.477 Z10.200 F9000; Travel Move 
G1 X5.965 Y-6.477 Z10.200 F1500 A561.76848; Restart 
G1 X5.877 Y-6.382 Z10.200 F1620 A561.77299; Inset 
G1 X5.803 Y-6.177 Z10.200 F1620 A561.78063; Inset 
G1 X5.099 Y1.742 Z10.200 F1620 A562.05857; Inset 
G1 X5.142 Y1.982 Z10.200 F1620 A562.06709; Inset 
G1 X5.265 Y2.125 Z10.200 F1620 A562.07369; Inset 
G1 X5.429 Y2.189 Z10.200 F1620 A562.07984; Inset 
G1 X5.557 Y2.189 Z10.200 F1620 A562.08431; Inset 
G1 X5.680 Y2.148 Z10.200 F1620 A562.08883; Inset 
G1 X5.812 Y2.042 Z10.200 F1620 A562.09475; Inset 
G1 X5.896 Y1.813 Z10.200 F1620 A562.10327; Inset 
G1 X6.598 Y-6.083 Z10.200 F1620 A562.38039; Inset 
G1 X6.584 Y-6.260 Z10.200 F1620 A562.38661; Inset 
G1 X6.513 Y-6.414 Z10.200 F1620 A562.39254; Inset 
G1 X6.372 Y-6.525 Z10.200 F1620 A562.39882; Inset 
G1 X6.206 Y-6.558 Z10.200 F1620 A562.40474; Inset 
G1 X6.079 Y-6.537 Z10.200 F1620 A562.40925; Inset 
G1 X5.965 Y-6.477 Z10.200 F1620 A562.41376; Inset 
G1 X5.965 Y-6.477 Z10.200 F1500 A561.11376; Retract 
G1 X5.965 Y-6.477 Z10.200 F3000; Retract 
G1 X5.718 Y-6.798 Z10.200 F9000; Travel Move 
G1 X5.718 Y-6.798 Z10.200 F1500 A562.41376; Restart 
G1 X5.539 Y-6.606 Z10.200 F720 A562.42293; Inset 
G1 X5.429 Y-6.359 Z10.200 F720 A562.43240; Inset 
G1 X5.406 Y-6.229 Z10.200 F720 A562.43702; Inset 
G1 X4.699 Y1.723 Z10.200 F720 A562.71612; Inset 
G1 X4.698 Y1.855 Z10.200 F720 A562.72073; Inset 
G1 X4.765 Y2.126 Z10.200 F720 A562.73050; Inset 
G1 X4.820 Y2.228 Z10.200 F720 A562.73454; Inset 
G1 X5.003 Y2.431 Z10.200 F720 A562.74407; Inset 
G1 X5.111 Y2.502 Z10.200 F720 A562.74862; Inset 
G1 X5.361 Y2.588 Z10.200 F720 A562.75787; Inset 
G1 X5.622 Y2.590 Z10.200 F720 A562.76697; Inset 
M73 P83; Update Progress 
G1 X5.871 Y2.506 Z10.200 F720 A562.77615; Inset 
G1 X6.085 Y2.341 Z10.200 F720 A562.78562; Inset 
G1 X6.157 Y2.250 Z10.200 F720 A562.78965; Inset 
G1 X6.270 Y1.995 Z10.200 F720 A562.79941; Inset 
G1 X6.293 Y1.865 Z10.200 F720 A562.80403; Inset 
G1 X6.999 Y-6.080 Z10.200 F720 A563.08289; Inset 
G1 X6.978 Y-6.357 Z10.200 F720 A563.09259; Inset 
G1 X6.870 Y-6.606 Z10.200 F720 A563.10206; Inset 
G1 X6.800 Y-6.697 Z10.200 F720 A563.10610; Inset 
G1 X6.581 Y-6.870 Z10.200 F720 A563.11587; Inset 
G1 X6.475 Y-6.917 Z10.200 F720 A563.11990; Inset 
G1 X6.208 Y-6.963 Z10.200 F720 A563.12937; Inset 
G1 X5.949 Y-6.922 Z10.200 F720 A563.13854; Inset 
G1 X5.718 Y-6.798 Z10.200 F720 A563.14772; Inset 
G1 X5.718 Y-6.798 Z10.200 F1500 A561.84772; Retract 
G1 X5.718 Y-6.798 Z10.200 F3000; Retract 
G1 X2.151 Y-15.105 Z10.200 F9000; Travel Move 
G1 X2.151 Y-15.105 Z10.200 F1500 A563.14772; Restart 
G1 X2.675 Y-15.342 Z10.200 F720 A563.16784; Inset 
G1 X3.240 Y-15.390 Z10.200 F720 A563.18766; Inset 
G1 X3.541 Y-15.339 Z10.200 F720 A563.19834; Inset 
G1 X4.050 Y-15.109 Z10.200 F720 A563.21786; Inset 
G1 X4.288 Y-14.917 Z10.200 F720 A563.22854; Inset 
G1 X4.625 Y-14.461 Z10.200 F720 A563.24836; Inset 
G1 X4.793 Y-13.911 Z10.200 F720 A563.26849; Inset 
G1 X4.769 Y-13.336 Z10.200 F720 A563.28861; Inset 
G1 X4.554 Y-12.801 Z10.200 F720 A563.30873; Inset 
G1 X4.174 Y-12.369 Z10.200 F720 A563.32885; Inset 
G1 X3.679 Y-12.093 Z10.200 F720 A563.34867; Inset 
G1 X3.383 Y-12.016 Z10.200 F720 A563.35936; Inset 
G1 X2.816 Y-12.016 Z10.200 F720 A563.37918; Inset 
G1 X2.274 Y-12.208 Z10.200 F720 A563.39930; Inset 
G1 X1.833 Y-12.564 Z10.200 F720 A563.41912; Inset 
G1 X1.651 Y-12.810 Z10.200 F720 A563.42980; Inset 
G1 X1.443 Y-13.328 Z10.200 F720 A563.44932; Inset 
G1 X1.404 Y-13.631 Z10.200 F720 A563.46000; Inset 
G1 X1.476 Y-14.193 Z10.200 F720 A563.47982; Inset 
G1 X1.735 Y-14.707 Z10.200 F720 A563.49994; Inset 
G1 X2.151 Y-15.105 Z10.200 F720 A563.52007; Inset 
G1 X2.151 Y-15.105 Z10.200 F1500 A562.22007; Retract 
G1 X2.151 Y-15.105 Z10.200 F3000; Retract 
G1 X1.845 Y-15.444 Z10.200 F9000; Travel Move 
G1 X1.845 Y-15.444 Z10.200 F1500 A563.52007; Restart 
G1 X1.542 Y-15.199 Z10.200 F720 A563.53370; Inset 
G1 X1.284 Y-14.906 Z10.200 F720 A563.54734; Inset 
G1 X1.079 Y-14.574 Z10.200 F720 A563.56097; Inset 
G1 X0.934 Y-14.212 Z10.200 F720 A563.57461; Inset 
G1 X0.852 Y-13.831 Z10.200 F720 A563.58824; Inset 
G1 X0.835 Y-13.441 Z10.200 F720 A563.60187; Inset 
G1 X0.885 Y-13.055 Z10.200 F720 A563.61551; Inset 
G1 X0.999 Y-12.682 Z10.200 F720 A563.62914; Inset 
G1 X1.175 Y-12.334 Z10.200 F720 A563.64277; Inset 
G1 X1.407 Y-12.020 Z10.200 F720 A563.65641; Inset 
G1 X1.688 Y-11.750 Z10.200 F720 A563.67004; Inset 
G1 X2.011 Y-11.532 Z10.200 F720 A563.68367; Inset 
G1 X2.367 Y-11.371 Z10.200 F720 A563.69731; Inset 
G1 X2.744 Y-11.273 Z10.200 F720 A563.71094; Inset 
G1 X3.133 Y-11.240 Z10.200 F720 A563.72458; Inset 
G1 X3.521 Y-11.273 Z10.200 F720 A563.73821; Inset 
G1 X3.898 Y-11.371 Z10.200 F720 A563.75184; Inset 
G1 X4.254 Y-11.532 Z10.200 F720 A563.76548; Inset 
G1 X4.577 Y-11.750 Z10.200 F720 A563.77911; Inset 
G1 X4.859 Y-12.020 Z10.200 F720 A563.79275; Inset 
G1 X5.090 Y-12.334 Z10.200 F720 A563.80638; Inset 
G1 X5.266 Y-12.682 Z10.200 F720 A563.82002; Inset 
G1 X5.380 Y-13.055 Z10.200 F720 A563.83365; Inset 
G1 X5.430 Y-13.441 Z10.200 F720 A563.84728; Inset 
G1 X5.413 Y-13.831 Z10.200 F720 A563.86091; Inset 
G1 X5.331 Y-14.212 Z10.200 F720 A563.87455; Inset 
G1 X5.186 Y-14.574 Z10.200 F720 A563.88818; Inset 
G1 X4.981 Y-14.906 Z10.200 F720 A563.90182; Inset 
G1 X4.723 Y-15.199 Z10.200 F720 A563.91545; Inset 
G1 X4.420 Y-15.444 Z10.200 F720 A563.92908; Inset 
G1 X4.080 Y-15.634 Z10.200 F720 A563.94272; Inset 
G1 X3.712 Y-15.764 Z10.200 F720 A563.95635; Inset 
G1 X3.327 Y-15.830 Z10.200 F720 A563.96999; Inset 
G1 X2.938 Y-15.830 Z10.200 F720 A563.98362; Inset 
G1 X2.553 Y-15.764 Z10.200 F720 A563.99725; Inset 
G1 X2.185 Y-15.634 Z10.200 F720 A564.01089; Inset 
G1 X1.845 Y-15.444 Z10.200 F720 A564.02452; Inset 
; Chunk 101 
; Lower Position  10 
; Upper Position  10.2 
; Thickness       0.2 
; Width           0.4 
G1 X1.845 Y-15.444 Z10.200 F1500 A562.72452; Retract 
G1 X1.845 Y-15.444 Z10.200 F3000; Retract 
G1 X2.424 Y-14.528 Z10.200 F9000; Travel Move 
G1 X2.424 Y-14.528 Z10.200 F1500 A564.02452; Restart 
G1 X2.424 Y-12.864 Z10.200 F1620 A564.08267; Support 
; Chunk 102 
; Lower Position  10.2 
; Upper Position  10.4 
; Thickness       0.2 
; Width           0.4 
G1 X2.424 Y-12.864 Z10.200 F1500 A562.78267; Retract 
G1 X2.424 Y-12.864 Z10.200 F3000; Retract 
G1 X2.424 Y-12.864 Z10.400 F1380; Travel Move 
G1 X2.424 Y-12.864 Z10.400 F9000; Travel Move 
G1 X2.424 Y-12.864 Z10.400 F1500 A564.08267; Restart 
G1 X2.424 Y-14.528 Z10.400 F1620 A564.14085; Support 
; Chunk 103 
; Lower Position  10.2 
; Upper Position  10.4 
; Thickness       0.2 
; Width           0.4 
G1 X2.424 Y-14.528 Z10.400 F1500 A562.84085; Retract 
G1 X2.424 Y-14.528 Z10.400 F3000; Retract 
G1 X2.151 Y-15.105 Z10.400 F9000; Travel Move 
G1 X2.151 Y-15.105 Z10.400 F1500 A564.14085; Restart 
G1 X2.675 Y-15.342 Z10.400 F720 A564.16097; Inset 
G1 X3.240 Y-15.390 Z10.400 F720 A564.18079; Inset 
G1 X3.541 Y-15.339 Z10.400 F720 A564.19147; Inset 
G1 X4.050 Y-15.109 Z10.400 F720 A564.21099; Inset 
G1 X4.288 Y-14.917 Z10.400 F720 A564.22168; Inset 
G1 X4.625 Y-14.461 Z10.400 F720 A564.24150; Inset 
G1 X4.793 Y-13.911 Z10.400 F720 A564.26162; Inset 
G1 X4.769 Y-13.336 Z10.400 F720 A564.28174; Inset 
G1 X4.554 Y-12.801 Z10.400 F720 A564.30186; Inset 
G1 X4.174 Y-12.369 Z10.400 F720 A564.32199; Inset 
G1 X3.679 Y-12.093 Z10.400 F720 A564.34180; Inset 
G1 X3.383 Y-12.016 Z10.400 F720 A564.35249; Inset 
G1 X2.816 Y-12.016 Z10.400 F720 A564.37231; Inset 
G1 X2.274 Y-12.208 Z10.400 F720 A564.39243; Inset 
G1 X1.833 Y-12.564 Z10.400 F720 A564.41225; Inset 
G1 X1.651 Y-12.810 Z10.400 F720 A564.42293; Inset 
G1 X1.443 Y-13.328 Z10.400 F720 A564.44245; Inset 
G1 X1.404 Y-13.631 Z10.400 F720 A564.45314; Inset 
G1 X1.476 Y-14.193 Z10.400 F720 A564.47295; Inset 
G1 X1.735 Y-14.707 Z10.400 F720 A564.49308; Inset 
G1 X2.151 Y-15.105 Z10.400 F720 A564.51320; Inset 
G1 X2.151 Y-15.105 Z10.400 F1500 A563.21320; Retract 
G1 X2.151 Y-15.105 Z10.400 F3000; Retract 
G1 X1.845 Y-15.444 Z10.400 F9000; Travel Move 
G1 X1.845 Y-15.444 Z10.400 F1500 A564.51320; Restart 
G1 X1.542 Y-15.199 Z10.400 F720 A564.52683; Inset 
G1 X1.284 Y-14.906 Z10.400 F720 A564.54047; Inset 
M73 P84; Update Progress 
G1 X1.079 Y-14.574 Z10.400 F720 A564.55410; Inset 
G1 X0.934 Y-14.212 Z10.400 F720 A564.56774; Inset 
G1 X0.852 Y-13.831 Z10.400 F720 A564.58137; Inset 
G1 X0.835 Y-13.441 Z10.400 F720 A564.59500; Inset 
G1 X0.885 Y-13.055 Z10.400 F720 A564.60864; Inset 
G1 X0.999 Y-12.682 Z10.400 F720 A564.62227; Inset 
G1 X1.175 Y-12.334 Z10.400 F720 A564.63590; Inset 
G1 X1.407 Y-12.020 Z10.400 F720 A564.64954; Inset 
G1 X1.688 Y-11.750 Z10.400 F720 A564.66317; Inset 
G1 X2.011 Y-11.532 Z10.400 F720 A564.67681; Inset 
G1 X2.367 Y-11.371 Z10.400 F720 A564.69044; Inset 
G1 X2.744 Y-11.273 Z10.400 F720 A564.70408; Inset 
G1 X3.133 Y-11.240 Z10.400 F720 A564.71771; Inset 
G1 X3.521 Y-11.273 Z10.400 F720 A564.73134; Inset 
G1 X3.898 Y-11.371 Z10.400 F720 A564.74497; Inset 
G1 X4.254 Y-11.532 Z10.400 F720 A564.75861; Inset 
G1 X4.577 Y-11.750 Z10.400 F720 A564.77224; Inset 
G1 X4.859 Y-12.020 Z10.400 F720 A564.78588; Inset 
G1 X5.090 Y-12.334 Z10.400 F720 A564.79951; Inset 
G1 X5.266 Y-12.682 Z10.400 F720 A564.81315; Inset 
G1 X5.380 Y-13.055 Z10.400 F720 A564.82678; Inset 
G1 X5.430 Y-13.441 Z10.400 F720 A564.84041; Inset 
G1 X5.413 Y-13.831 Z10.400 F720 A564.85405; Inset 
G1 X5.331 Y-14.212 Z10.400 F720 A564.86768; Inset 
G1 X5.186 Y-14.574 Z10.400 F720 A564.88131; Inset 
G1 X4.981 Y-14.906 Z10.400 F720 A564.89495; Inset 
G1 X4.723 Y-15.199 Z10.400 F720 A564.90858; Inset 
G1 X4.420 Y-15.444 Z10.400 F720 A564.92221; Inset 
G1 X4.080 Y-15.634 Z10.400 F720 A564.93585; Inset 
G1 X3.712 Y-15.764 Z10.400 F720 A564.94948; Inset 
G1 X3.327 Y-15.830 Z10.400 F720 A564.96312; Inset 
G1 X2.938 Y-15.830 Z10.400 F720 A564.97675; Inset 
G1 X2.553 Y-15.764 Z10.400 F720 A564.99038; Inset 
G1 X2.185 Y-15.634 Z10.400 F720 A565.00402; Inset 
G1 X1.845 Y-15.444 Z10.400 F720 A565.01765; Inset 
G1 X1.845 Y-15.444 Z10.400 F1500 A563.71765; Retract 
G1 X1.845 Y-15.444 Z10.400 F3000; Retract 
G1 X5.965 Y-6.477 Z10.400 F9000; Travel Move 
G1 X5.965 Y-6.477 Z10.400 F1500 A565.01765; Restart 
G1 X5.877 Y-6.382 Z10.400 F1620 A565.02216; Inset 
G1 X5.803 Y-6.177 Z10.400 F1620 A565.02979; Inset 
G1 X5.099 Y1.742 Z10.400 F1620 A565.30774; Inset 
G1 X5.142 Y1.982 Z10.400 F1620 A565.31626; Inset 
G1 X5.266 Y2.126 Z10.400 F1620 A565.32290; Inset 
G1 X5.429 Y2.189 Z10.400 F1620 A565.32900; Inset 
G1 X5.557 Y2.189 Z10.400 F1620 A565.33348; Inset 
G1 X5.680 Y2.148 Z10.400 F1620 A565.33800; Inset 
G1 X5.812 Y2.042 Z10.400 F1620 A565.34392; Inset 
G1 X5.896 Y1.813 Z10.400 F1620 A565.35244; Inset 
G1 X6.598 Y-6.082 Z10.400 F1620 A565.62955; Inset 
G1 X6.584 Y-6.260 Z10.400 F1620 A565.63578; Inset 
G1 X6.513 Y-6.414 Z10.400 F1620 A565.64171; Inset 
G1 X6.372 Y-6.525 Z10.400 F1620 A565.64799; Inset 
G1 X6.206 Y-6.558 Z10.400 F1620 A565.65391; Inset 
G1 X6.079 Y-6.537 Z10.400 F1620 A565.65842; Inset 
G1 X5.965 Y-6.477 Z10.400 F1620 A565.66293; Inset 
G1 X5.965 Y-6.477 Z10.400 F1500 A564.36293; Retract 
G1 X5.965 Y-6.477 Z10.400 F3000; Retract 
G1 X5.718 Y-6.798 Z10.400 F9000; Travel Move 
G1 X5.718 Y-6.798 Z10.400 F1500 A565.66293; Restart 
G1 X5.539 Y-6.606 Z10.400 F720 A565.67210; Inset 
G1 X5.429 Y-6.359 Z10.400 F720 A565.68157; Inset 
G1 X5.406 Y-6.229 Z10.400 F720 A565.68619; Inset 
G1 X4.699 Y1.723 Z10.400 F720 A565.96529; Inset 
G1 X4.698 Y1.855 Z10.400 F720 A565.96990; Inset 
G1 X4.765 Y2.126 Z10.400 F720 A565.97967; Inset 
G1 X4.820 Y2.228 Z10.400 F720 A565.98371; Inset 
G1 X5.004 Y2.431 Z10.400 F720 A565.99328; Inset 
G1 X5.110 Y2.502 Z10.400 F720 A565.99773; Inset 
G1 X5.361 Y2.588 Z10.400 F720 A566.00703; Inset 
G1 X5.622 Y2.590 Z10.400 F720 A566.01614; Inset 
G1 X5.871 Y2.506 Z10.400 F720 A566.02532; Inset 
G1 X6.085 Y2.341 Z10.400 F720 A566.03479; Inset 
G1 X6.157 Y2.250 Z10.400 F720 A566.03882; Inset 
G1 X6.270 Y1.995 Z10.400 F720 A566.04858; Inset 
G1 X6.293 Y1.865 Z10.400 F720 A566.05319; Inset 
G1 X6.999 Y-6.080 Z10.400 F720 A566.33205; Inset 
G1 X6.978 Y-6.357 Z10.400 F720 A566.34176; Inset 
G1 X6.870 Y-6.606 Z10.400 F720 A566.35123; Inset 
G1 X6.800 Y-6.697 Z10.400 F720 A566.35527; Inset 
G1 X6.581 Y-6.870 Z10.400 F720 A566.36503; Inset 
G1 X6.475 Y-6.917 Z10.400 F720 A566.36907; Inset 
G1 X6.208 Y-6.963 Z10.400 F720 A566.37854; Inset 
G1 X5.949 Y-6.922 Z10.400 F720 A566.38771; Inset 
G1 X5.718 Y-6.798 Z10.400 F720 A566.39688; Inset 
; Chunk 104 
; Lower Position  10.4 
; Upper Position  10.6 
; Thickness       0.2 
; Width           0.4 
G1 X5.718 Y-6.798 Z10.400 F1500 A565.09688; Retract 
G1 X5.718 Y-6.798 Z10.400 F3000; Retract 
G1 X5.718 Y-6.798 Z10.600 F1380; Travel Move 
G1 X5.965 Y-6.477 Z10.600 F9000; Travel Move 
G1 X5.965 Y-6.477 Z10.600 F1500 A566.39688; Restart 
G1 X5.877 Y-6.382 Z10.600 F1620 A566.40139; Inset 
G1 X5.803 Y-6.177 Z10.600 F1620 A566.40903; Inset 
G1 X5.099 Y1.742 Z10.600 F1620 A566.68697; Inset 
G1 X5.142 Y1.982 Z10.600 F1620 A566.69549; Inset 
G1 X5.267 Y2.126 Z10.600 F1620 A566.70216; Inset 
G1 X5.429 Y2.189 Z10.600 F1620 A566.70823; Inset 
G1 X5.557 Y2.189 Z10.600 F1620 A566.71272; Inset 
G1 X5.680 Y2.148 Z10.600 F1620 A566.71723; Inset 
G1 X5.812 Y2.042 Z10.600 F1620 A566.72316; Inset 
G1 X5.896 Y1.813 Z10.600 F1620 A566.73167; Inset 
G1 X6.598 Y-6.082 Z10.600 F1620 A567.00878; Inset 
M73 P85; Update Progress 
G1 X6.584 Y-6.260 Z10.600 F1620 A567.01501; Inset 
G1 X6.513 Y-6.414 Z10.600 F1620 A567.02094; Inset 
G1 X6.372 Y-6.525 Z10.600 F1620 A567.02722; Inset 
G1 X6.206 Y-6.558 Z10.600 F1620 A567.03314; Inset 
G1 X6.079 Y-6.537 Z10.600 F1620 A567.03765; Inset 
G1 X5.965 Y-6.477 Z10.600 F1620 A567.04216; Inset 
G1 X5.965 Y-6.477 Z10.600 F1500 A565.74216; Retract 
G1 X5.965 Y-6.477 Z10.600 F3000; Retract 
G1 X5.718 Y-6.798 Z10.600 F9000; Travel Move 
G1 X5.718 Y-6.798 Z10.600 F1500 A567.04216; Restart 
G1 X5.539 Y-6.606 Z10.600 F720 A567.05134; Inset 
G1 X5.429 Y-6.359 Z10.600 F720 A567.06081; Inset 
G1 X5.406 Y-6.229 Z10.600 F720 A567.06542; Inset 
G1 X4.699 Y1.723 Z10.600 F720 A567.34452; Inset 
G1 X4.698 Y1.855 Z10.600 F720 A567.34913; Inset 
G1 X4.765 Y2.126 Z10.600 F720 A567.35890; Inset 
G1 X4.820 Y2.228 Z10.600 F720 A567.36294; Inset 
G1 X5.004 Y2.432 Z10.600 F720 A567.37255; Inset 
G1 X5.109 Y2.501 Z10.600 F720 A567.37692; Inset 
G1 X5.361 Y2.588 Z10.600 F720 A567.38624; Inset 
G1 X5.622 Y2.590 Z10.600 F720 A567.39537; Inset 
G1 X5.871 Y2.506 Z10.600 F720 A567.40455; Inset 
G1 X6.085 Y2.341 Z10.600 F720 A567.41402; Inset 
G1 X6.157 Y2.250 Z10.600 F720 A567.41805; Inset 
G1 X6.270 Y1.995 Z10.600 F720 A567.42782; Inset 
G1 X6.293 Y1.865 Z10.600 F720 A567.43242; Inset 
G1 X6.999 Y-6.080 Z10.600 F720 A567.71127; Inset 
G1 X6.978 Y-6.357 Z10.600 F720 A567.72100; Inset 
G1 X6.870 Y-6.606 Z10.600 F720 A567.73047; Inset 
G1 X6.800 Y-6.697 Z10.600 F720 A567.73450; Inset 
G1 X6.581 Y-6.870 Z10.600 F720 A567.74427; Inset 
G1 X6.475 Y-6.917 Z10.600 F720 A567.74830; Inset 
G1 X6.208 Y-6.963 Z10.600 F720 A567.75777; Inset 
G1 X5.949 Y-6.922 Z10.600 F720 A567.76694; Inset 
G1 X5.718 Y-6.798 Z10.600 F720 A567.77612; Inset 
G1 X5.718 Y-6.798 Z10.600 F1500 A566.47612; Retract 
G1 X5.718 Y-6.798 Z10.600 F3000; Retract 
G1 X2.151 Y-15.105 Z10.600 F9000; Travel Move 
G1 X2.151 Y-15.105 Z10.600 F1500 A567.77612; Restart 
G1 X2.675 Y-15.342 Z10.600 F720 A567.79624; Inset 
G1 X3.240 Y-15.390 Z10.600 F720 A567.81606; Inset 
G1 X3.541 Y-15.339 Z10.600 F720 A567.82674; Inset 
G1 X4.050 Y-15.109 Z10.600 F720 A567.84626; Inset 
G1 X4.288 Y-14.917 Z10.600 F720 A567.85694; Inset 
G1 X4.625 Y-14.461 Z10.600 F720 A567.87676; Inset 
G1 X4.793 Y-13.911 Z10.600 F720 A567.89689; Inset 
G1 X4.769 Y-13.336 Z10.600 F720 A567.91701; Inset 
G1 X4.554 Y-12.801 Z10.600 F720 A567.93713; Inset 
G1 X4.174 Y-12.369 Z10.600 F720 A567.95725; Inset 
G1 X3.679 Y-12.093 Z10.600 F720 A567.97707; Inset 
G1 X3.383 Y-12.016 Z10.600 F720 A567.98776; Inset 
G1 X2.816 Y-12.016 Z10.600 F720 A568.00758; Inset 
G1 X2.274 Y-12.208 Z10.600 F720 A568.02770; Inset 
G1 X1.833 Y-12.564 Z10.600 F720 A568.04752; Inset 
G1 X1.651 Y-12.810 Z10.600 F720 A568.05820; Inset 
G1 X1.443 Y-13.328 Z10.600 F720 A568.07772; Inset 
G1 X1.404 Y-13.631 Z10.600 F720 A568.08840; Inset 
G1 X1.476 Y-14.193 Z10.600 F720 A568.10822; Inset 
G1 X1.735 Y-14.707 Z10.600 F720 A568.12835; Inset 
G1 X2.151 Y-15.105 Z10.600 F720 A568.14847; Inset 
G1 X2.151 Y-15.105 Z10.600 F1500 A566.84847; Retract 
G1 X2.151 Y-15.105 Z10.600 F3000; Retract 
G1 X1.845 Y-15.444 Z10.600 F9000; Travel Move 
G1 X1.845 Y-15.444 Z10.600 F1500 A568.14847; Restart 
G1 X1.542 Y-15.199 Z10.600 F720 A568.16210; Inset 
G1 X1.284 Y-14.906 Z10.600 F720 A568.17573; Inset 
G1 X1.079 Y-14.574 Z10.600 F720 A568.18937; Inset 
G1 X0.934 Y-14.212 Z10.600 F720 A568.20300; Inset 
G1 X0.852 Y-13.831 Z10.600 F720 A568.21664; Inset 
G1 X0.835 Y-13.441 Z10.600 F720 A568.23027; Inset 
G1 X0.885 Y-13.055 Z10.600 F720 A568.24390; Inset 
G1 X0.999 Y-12.682 Z10.600 F720 A568.25754; Inset 
G1 X1.175 Y-12.334 Z10.600 F720 A568.27117; Inset 
G1 X1.407 Y-12.020 Z10.600 F720 A568.28481; Inset 
G1 X1.688 Y-11.750 Z10.600 F720 A568.29844; Inset 
G1 X2.011 Y-11.532 Z10.600 F720 A568.31207; Inset 
G1 X2.367 Y-11.371 Z10.600 F720 A568.32571; Inset 
G1 X2.744 Y-11.273 Z10.600 F720 A568.33934; Inset 
G1 X3.133 Y-11.240 Z10.600 F720 A568.35298; Inset 
G1 X3.521 Y-11.273 Z10.600 F720 A568.36661; Inset 
G1 X3.898 Y-11.371 Z10.600 F720 A568.38024; Inset 
G1 X4.254 Y-11.532 Z10.600 F720 A568.39388; Inset 
G1 X4.577 Y-11.750 Z10.600 F720 A568.40751; Inset 
G1 X4.859 Y-12.020 Z10.600 F720 A568.42114; Inset 
G1 X5.090 Y-12.334 Z10.600 F720 A568.43478; Inset 
G1 X5.266 Y-12.682 Z10.600 F720 A568.44841; Inset 
G1 X5.380 Y-13.055 Z10.600 F720 A568.46205; Inset 
G1 X5.430 Y-13.441 Z10.600 F720 A568.47568; Inset 
G1 X5.413 Y-13.831 Z10.600 F720 A568.48931; Inset 
G1 X5.331 Y-14.212 Z10.600 F720 A568.50295; Inset 
G1 X5.186 Y-14.574 Z10.600 F720 A568.51658; Inset 
G1 X4.981 Y-14.906 Z10.600 F720 A568.53022; Inset 
G1 X4.723 Y-15.199 Z10.600 F720 A568.54385; Inset 
G1 X4.420 Y-15.444 Z10.600 F720 A568.55748; Inset 
G1 X4.080 Y-15.634 Z10.600 F720 A568.57112; Inset 
G1 X3.712 Y-15.764 Z10.600 F720 A568.58475; Inset 
G1 X3.327 Y-15.830 Z10.600 F720 A568.59839; Inset 
G1 X2.938 Y-15.830 Z10.600 F720 A568.61202; Inset 
G1 X2.553 Y-15.764 Z10.600 F720 A568.62565; Inset 
G1 X2.185 Y-15.634 Z10.600 F720 A568.63928; Inset 
G1 X1.845 Y-15.444 Z10.600 F720 A568.65292; Inset 
; Chunk 105 
; Lower Position  10.4 
; Upper Position  10.6 
; Thickness       0.2 
; Width           0.4 
G1 X1.845 Y-15.444 Z10.600 F1500 A567.35292; Retract 
G1 X1.845 Y-15.444 Z10.600 F3000; Retract 
G1 X2.424 Y-14.528 Z10.600 F9000; Travel Move 
G1 X2.424 Y-14.528 Z10.600 F1500 A568.65292; Restart 
G1 X2.424 Y-12.862 Z10.600 F1620 A568.71114; Support 
M73 P86; Update Progress 
; Chunk 106 
; Lower Position  10.6 
; Upper Position  10.8 
; Thickness       0.2 
; Width           0.4 
G1 X2.424 Y-12.862 Z10.600 F1500 A567.41114; Retract 
G1 X2.424 Y-12.862 Z10.600 F3000; Retract 
G1 X2.424 Y-12.862 Z10.800 F1380; Travel Move 
G1 X2.424 Y-12.860 Z10.800 F9000; Travel Move 
G1 X2.424 Y-12.860 Z10.800 F1500 A568.71114; Restart 
G1 X2.424 Y-14.528 Z10.800 F1620 A568.76943; Support 
; Chunk 107 
; Lower Position  10.6 
; Upper Position  10.8 
; Thickness       0.2 
; Width           0.4 
G1 X2.424 Y-14.528 Z10.800 F1500 A567.46943; Retract 
G1 X2.424 Y-14.528 Z10.800 F3000; Retract 
G1 X2.151 Y-15.105 Z10.800 F9000; Travel Move 
G1 X2.151 Y-15.105 Z10.800 F1500 A568.76943; Restart 
G1 X2.675 Y-15.342 Z10.800 F720 A568.78955; Inset 
G1 X3.240 Y-15.390 Z10.800 F720 A568.80937; Inset 
G1 X3.541 Y-15.339 Z10.800 F720 A568.82006; Inset 
G1 X4.050 Y-15.109 Z10.800 F720 A568.83957; Inset 
G1 X4.288 Y-14.917 Z10.800 F720 A568.85026; Inset 
G1 X4.625 Y-14.461 Z10.800 F720 A568.87008; Inset 
G1 X4.793 Y-13.911 Z10.800 F720 A568.89020; Inset 
G1 X4.769 Y-13.336 Z10.800 F720 A568.91032; Inset 
G1 X4.554 Y-12.801 Z10.800 F720 A568.93045; Inset 
G1 X4.174 Y-12.369 Z10.800 F720 A568.95057; Inset 
G1 X3.679 Y-12.093 Z10.800 F720 A568.97039; Inset 
G1 X3.383 Y-12.016 Z10.800 F720 A568.98107; Inset 
G1 X2.816 Y-12.016 Z10.800 F720 A569.00089; Inset 
G1 X2.274 Y-12.208 Z10.800 F720 A569.02101; Inset 
G1 X1.833 Y-12.564 Z10.800 F720 A569.04083; Inset 
G1 X1.651 Y-12.810 Z10.800 F720 A569.05152; Inset 
G1 X1.443 Y-13.328 Z10.800 F720 A569.07103; Inset 
G1 X1.404 Y-13.631 Z10.800 F720 A569.08172; Inset 
G1 X1.476 Y-14.193 Z10.800 F720 A569.10154; Inset 
G1 X1.735 Y-14.707 Z10.800 F720 A569.12166; Inset 
G1 X2.151 Y-15.105 Z10.800 F720 A569.14178; Inset 
G1 X2.151 Y-15.105 Z10.800 F1500 A567.84178; Retract 
G1 X2.151 Y-15.105 Z10.800 F3000; Retract 
G1 X1.845 Y-15.444 Z10.800 F9000; Travel Move 
G1 X1.845 Y-15.444 Z10.800 F1500 A569.14178; Restart 
G1 X1.542 Y-15.199 Z10.800 F720 A569.15542; Inset 
G1 X1.284 Y-14.906 Z10.800 F720 A569.16905; Inset 
G1 X1.079 Y-14.574 Z10.800 F720 A569.18268; Inset 
G1 X0.934 Y-14.212 Z10.800 F720 A569.19632; Inset 
G1 X0.852 Y-13.831 Z10.800 F720 A569.20995; Inset 
G1 X0.835 Y-13.441 Z10.800 F720 A569.22359; Inset 
G1 X0.885 Y-13.055 Z10.800 F720 A569.23722; Inset 
G1 X0.999 Y-12.682 Z10.800 F720 A569.25085; Inset 
G1 X1.175 Y-12.334 Z10.800 F720 A569.26449; Inset 
G1 X1.407 Y-12.020 Z10.800 F720 A569.27812; Inset 
G1 X1.688 Y-11.750 Z10.800 F720 A569.29175; Inset 
G1 X2.011 Y-11.532 Z10.800 F720 A569.30539; Inset 
G1 X2.367 Y-11.371 Z10.800 F720 A569.31902; Inset 
G1 X2.744 Y-11.273 Z10.800 F720 A569.33266; Inset 
G1 X3.133 Y-11.240 Z10.800 F720 A569.34629; Inset 
G1 X3.521 Y-11.273 Z10.800 F720 A569.35992; Inset 
G1 X3.898 Y-11.371 Z10.800 F720 A569.37356; Inset 
G1 X4.254 Y-11.532 Z10.800 F720 A569.38719; Inset 
G1 X4.577 Y-11.750 Z10.800 F720 A569.40083; Inset 
G1 X4.859 Y-12.020 Z10.800 F720 A569.41446; Inset 
G1 X5.090 Y-12.334 Z10.800 F720 A569.42809; Inset 
G1 X5.266 Y-12.682 Z10.800 F720 A569.44173; Inset 
G1 X5.380 Y-13.055 Z10.800 F720 A569.45536; Inset 
G1 X5.430 Y-13.441 Z10.800 F720 A569.46899; Inset 
G1 X5.413 Y-13.831 Z10.800 F720 A569.48263; Inset 
G1 X5.331 Y-14.212 Z10.800 F720 A569.49626; Inset 
G1 X5.186 Y-14.574 Z10.800 F720 A569.50990; Inset 
G1 X4.981 Y-14.906 Z10.800 F720 A569.52353; Inset 
G1 X4.723 Y-15.199 Z10.800 F720 A569.53716; Inset 
G1 X4.420 Y-15.444 Z10.800 F720 A569.55080; Inset 
G1 X4.080 Y-15.634 Z10.800 F720 A569.56443; Inset 
G1 X3.712 Y-15.764 Z10.800 F720 A569.57807; Inset 
G1 X3.327 Y-15.830 Z10.800 F720 A569.59170; Inset 
G1 X2.938 Y-15.830 Z10.800 F720 A569.60533; Inset 
G1 X2.553 Y-15.764 Z10.800 F720 A569.61897; Inset 
G1 X2.185 Y-15.634 Z10.800 F720 A569.63260; Inset 
G1 X1.845 Y-15.444 Z10.800 F720 A569.64623; Inset 
G1 X1.845 Y-15.444 Z10.800 F1500 A568.34623; Retract 
G1 X1.845 Y-15.444 Z10.800 F3000; Retract 
G1 X5.965 Y-6.477 Z10.800 F9000; Travel Move 
G1 X5.965 Y-6.477 Z10.800 F1500 A569.64623; Restart 
G1 X5.877 Y-6.382 Z10.800 F1620 A569.65074; Inset 
G1 X5.803 Y-6.177 Z10.800 F1620 A569.65838; Inset 
G1 X5.099 Y1.742 Z10.800 F1620 A569.93632; Inset 
G1 X5.142 Y1.982 Z10.800 F1620 A569.94484; Inset 
G1 X5.268 Y2.127 Z10.800 F1620 A569.95155; Inset 
G1 X5.429 Y2.188 Z10.800 F1620 A569.95758; Inset 
G1 X5.557 Y2.189 Z10.800 F1620 A569.96207; Inset 
G1 X5.680 Y2.148 Z10.800 F1620 A569.96658; Inset 
G1 X5.812 Y2.042 Z10.800 F1620 A569.97251; Inset 
G1 X5.896 Y1.813 Z10.800 F1620 A569.98103; Inset 
G1 X6.598 Y-6.082 Z10.800 F1620 A570.25812; Inset 
G1 X6.584 Y-6.260 Z10.800 F1620 A570.26437; Inset 
G1 X6.513 Y-6.414 Z10.800 F1620 A570.27030; Inset 
G1 X6.372 Y-6.525 Z10.800 F1620 A570.27657; Inset 
G1 X6.206 Y-6.558 Z10.800 F1620 A570.28250; Inset 
G1 X6.079 Y-6.537 Z10.800 F1620 A570.28700; Inset 
G1 X5.965 Y-6.477 Z10.800 F1620 A570.29151; Inset 
G1 X5.965 Y-6.477 Z10.800 F1500 A568.99151; Retract 
G1 X5.965 Y-6.477 Z10.800 F3000; Retract 
G1 X5.718 Y-6.798 Z10.800 F9000; Travel Move 
G1 X5.718 Y-6.798 Z10.800 F1500 A570.29151; Restart 
G1 X5.539 Y-6.606 Z10.800 F720 A570.30069; Inset 
G1 X5.429 Y-6.359 Z10.800 F720 A570.31016; Inset 
G1 X5.406 Y-6.229 Z10.800 F720 A570.31477; Inset 
G1 X4.699 Y1.723 Z10.800 F720 A570.59387; Inset 
G1 X4.698 Y1.855 Z10.800 F720 A570.59848; Inset 
G1 X4.765 Y2.126 Z10.800 F720 A570.60825; Inset 
G1 X4.820 Y2.228 Z10.800 F720 A570.61229; Inset 
G1 X5.005 Y2.433 Z10.800 F720 A570.62194; Inset 
G1 X5.107 Y2.500 Z10.800 F720 A570.62622; Inset 
G1 X5.360 Y2.588 Z10.800 F720 A570.63558; Inset 
G1 X5.622 Y2.590 Z10.800 F720 A570.64472; Inset 
G1 X5.871 Y2.506 Z10.800 F720 A570.65390; Inset 
G1 X6.085 Y2.341 Z10.800 F720 A570.66337; Inset 
G1 X6.157 Y2.250 Z10.800 F720 A570.66740; Inset 
G1 X6.270 Y1.995 Z10.800 F720 A570.67716; Inset 
G1 X6.293 Y1.865 Z10.800 F720 A570.68178; Inset 
G1 X6.999 Y-6.080 Z10.800 F720 A570.96061; Inset 
M73 P87; Update Progress 
G1 X6.978 Y-6.357 Z10.800 F720 A570.97035; Inset 
G1 X6.870 Y-6.606 Z10.800 F720 A570.97982; Inset 
G1 X6.800 Y-6.697 Z10.800 F720 A570.98385; Inset 
G1 X6.581 Y-6.870 Z10.800 F720 A570.99362; Inset 
G1 X6.475 Y-6.917 Z10.800 F720 A570.99765; Inset 
G1 X6.208 Y-6.963 Z10.800 F720 A571.00712; Inset 
G1 X5.949 Y-6.922 Z10.800 F720 A571.01629; Inset 
G1 X5.718 Y-6.798 Z10.800 F720 A571.02547; Inset 
; Chunk 108 
; Lower Position  10.8 
; Upper Position  11 
; Thickness       0.2 
; Width           0.4 
G1 X5.718 Y-6.798 Z10.800 F1500 A569.72547; Retract 
G1 X5.718 Y-6.798 Z10.800 F3000; Retract 
G1 X5.718 Y-6.798 Z11.000 F1380; Travel Move 
G1 X5.965 Y-6.477 Z11.000 F9000; Travel Move 
G1 X5.965 Y-6.477 Z11.000 F1500 A571.02547; Restart 
G1 X5.877 Y-6.382 Z11.000 F1620 A571.02998; Inset 
G1 X5.803 Y-6.177 Z11.000 F1620 A571.03762; Inset 
G1 X5.099 Y1.742 Z11.000 F1620 A571.31555; Inset 
G1 X5.142 Y1.982 Z11.000 F1620 A571.32407; Inset 
G1 X5.268 Y2.128 Z11.000 F1620 A571.33082; Inset 
G1 X5.429 Y2.188 Z11.000 F1620 A571.33681; Inset 
G1 X5.557 Y2.189 Z11.000 F1620 A571.34131; Inset 
G1 X5.680 Y2.148 Z11.000 F1620 A571.34582; Inset 
G1 X5.812 Y2.042 Z11.000 F1620 A571.35174; Inset 
G1 X5.896 Y1.813 Z11.000 F1620 A571.36026; Inset 
G1 X6.598 Y-6.082 Z11.000 F1620 A571.63735; Inset 
G1 X6.584 Y-6.260 Z11.000 F1620 A571.64360; Inset 
G1 X6.513 Y-6.414 Z11.000 F1620 A571.64953; Inset 
G1 X6.372 Y-6.525 Z11.000 F1620 A571.65581; Inset 
G1 X6.206 Y-6.558 Z11.000 F1620 A571.66173; Inset 
G1 X6.079 Y-6.537 Z11.000 F1620 A571.66624; Inset 
G1 X5.965 Y-6.477 Z11.000 F1620 A571.67075; Inset 
G1 X5.965 Y-6.477 Z11.000 F1500 A570.37075; Retract 
G1 X5.965 Y-6.477 Z11.000 F3000; Retract 
G1 X5.718 Y-6.798 Z11.000 F9000; Travel Move 
G1 X5.718 Y-6.798 Z11.000 F1500 A571.67075; Restart 
G1 X5.539 Y-6.606 Z11.000 F720 A571.67992; Inset 
G1 X5.429 Y-6.359 Z11.000 F720 A571.68939; Inset 
G1 X5.406 Y-6.229 Z11.000 F720 A571.69400; Inset 
G1 X4.699 Y1.723 Z11.000 F720 A571.97311; Inset 
G1 X4.698 Y1.855 Z11.000 F720 A571.97772; Inset 
G1 X4.765 Y2.126 Z11.000 F720 A571.98748; Inset 
G1 X4.820 Y2.228 Z11.000 F720 A571.99152; Inset 
G1 X5.006 Y2.434 Z11.000 F720 A572.00121; Inset 
G1 X5.106 Y2.500 Z11.000 F720 A572.00540; Inset 
G1 X5.360 Y2.588 Z11.000 F720 A572.01481; Inset 
G1 X5.622 Y2.590 Z11.000 F720 A572.02396; Inset 
G1 X5.871 Y2.506 Z11.000 F720 A572.03313; Inset 
G1 X6.085 Y2.341 Z11.000 F720 A572.04260; Inset 
G1 X6.157 Y2.250 Z11.000 F720 A572.04663; Inset 
G1 X6.270 Y1.995 Z11.000 F720 A572.05640; Inset 
G1 X6.293 Y1.865 Z11.000 F720 A572.06101; Inset 
G1 X6.999 Y-6.079 Z11.000 F720 A572.33984; Inset 
G1 X6.978 Y-6.357 Z11.000 F720 A572.34958; Inset 
G1 X6.870 Y-6.606 Z11.000 F720 A572.35905; Inset 
G1 X6.800 Y-6.697 Z11.000 F720 A572.36309; Inset 
G1 X6.581 Y-6.870 Z11.000 F720 A572.37285; Inset 
G1 X6.475 Y-6.917 Z11.000 F720 A572.37688; Inset 
G1 X6.208 Y-6.963 Z11.000 F720 A572.38635; Inset 
G1 X5.949 Y-6.922 Z11.000 F720 A572.39553; Inset 
G1 X5.718 Y-6.798 Z11.000 F720 A572.40470; Inset 
G1 X5.718 Y-6.798 Z11.000 F1500 A571.10470; Retract 
G1 X5.718 Y-6.798 Z11.000 F3000; Retract 
G1 X2.151 Y-15.105 Z11.000 F9000; Travel Move 
G1 X2.151 Y-15.105 Z11.000 F1500 A572.40470; Restart 
G1 X2.675 Y-15.342 Z11.000 F720 A572.42483; Inset 
G1 X3.240 Y-15.390 Z11.000 F720 A572.44464; Inset 
G1 X3.541 Y-15.339 Z11.000 F720 A572.45533; Inset 
G1 X4.050 Y-15.109 Z11.000 F720 A572.47485; Inset 
G1 X4.288 Y-14.917 Z11.000 F720 A572.48553; Inset 
G1 X4.625 Y-14.461 Z11.000 F720 A572.50535; Inset 
G1 X4.793 Y-13.911 Z11.000 F720 A572.52547; Inset 
G1 X4.769 Y-13.336 Z11.000 F720 A572.54559; Inset 
G1 X4.554 Y-12.801 Z11.000 F720 A572.56572; Inset 
G1 X4.174 Y-12.369 Z11.000 F720 A572.58584; Inset 
G1 X3.679 Y-12.093 Z11.000 F720 A572.60566; Inset 
G1 X3.383 Y-12.016 Z11.000 F720 A572.61634; Inset 
G1 X2.816 Y-12.016 Z11.000 F720 A572.63616; Inset 
G1 X2.274 Y-12.208 Z11.000 F720 A572.65628; Inset 
G1 X1.833 Y-12.564 Z11.000 F720 A572.67610; Inset 
G1 X1.651 Y-12.810 Z11.000 F720 A572.68679; Inset 
G1 X1.443 Y-13.328 Z11.000 F720 A572.70631; Inset 
G1 X1.404 Y-13.631 Z11.000 F720 A572.71699; Inset 
G1 X1.476 Y-14.193 Z11.000 F720 A572.73681; Inset 
G1 X1.735 Y-14.707 Z11.000 F720 A572.75693; Inset 
G1 X2.151 Y-15.105 Z11.000 F720 A572.77705; Inset 
G1 X2.151 Y-15.105 Z11.000 F1500 A571.47705; Retract 
G1 X2.151 Y-15.105 Z11.000 F3000; Retract 
G1 X1.845 Y-15.444 Z11.000 F9000; Travel Move 
G1 X1.845 Y-15.444 Z11.000 F1500 A572.77705; Restart 
G1 X1.542 Y-15.199 Z11.000 F720 A572.79069; Inset 
G1 X1.284 Y-14.906 Z11.000 F720 A572.80432; Inset 
G1 X1.079 Y-14.574 Z11.000 F720 A572.81795; Inset 
G1 X0.934 Y-14.212 Z11.000 F720 A572.83159; Inset 
G1 X0.852 Y-13.831 Z11.000 F720 A572.84522; Inset 
G1 X0.835 Y-13.441 Z11.000 F720 A572.85886; Inset 
M73 P88; Update Progress 
G1 X0.885 Y-13.055 Z11.000 F720 A572.87249; Inset 
G1 X0.999 Y-12.682 Z11.000 F720 A572.88612; Inset 
G1 X1.175 Y-12.334 Z11.000 F720 A572.89976; Inset 
G1 X1.407 Y-12.020 Z11.000 F720 A572.91339; Inset 
G1 X1.688 Y-11.750 Z11.000 F720 A572.92703; Inset 
G1 X2.011 Y-11.532 Z11.000 F720 A572.94066; Inset 
G1 X2.367 Y-11.371 Z11.000 F720 A572.95429; Inset 
G1 X2.744 Y-11.273 Z11.000 F720 A572.96793; Inset 
G1 X3.133 Y-11.240 Z11.000 F720 A572.98156; Inset 
G1 X3.521 Y-11.273 Z11.000 F720 A572.99519; Inset 
G1 X3.898 Y-11.371 Z11.000 F720 A573.00883; Inset 
G1 X4.254 Y-11.532 Z11.000 F720 A573.02246; Inset 
G1 X4.577 Y-11.750 Z11.000 F720 A573.03610; Inset 
G1 X4.859 Y-12.020 Z11.000 F720 A573.04973; Inset 
G1 X5.090 Y-12.334 Z11.000 F720 A573.06336; Inset 
G1 X5.266 Y-12.682 Z11.000 F720 A573.07700; Inset 
G1 X5.380 Y-13.055 Z11.000 F720 A573.09063; Inset 
G1 X5.430 Y-13.441 Z11.000 F720 A573.10426; Inset 
G1 X5.413 Y-13.831 Z11.000 F720 A573.11790; Inset 
G1 X5.331 Y-14.212 Z11.000 F720 A573.13153; Inset 
G1 X5.186 Y-14.574 Z11.000 F720 A573.14517; Inset 
G1 X4.981 Y-14.906 Z11.000 F720 A573.15880; Inset 
G1 X4.723 Y-15.199 Z11.000 F720 A573.17243; Inset 
G1 X4.420 Y-15.444 Z11.000 F720 A573.18607; Inset 
G1 X4.080 Y-15.634 Z11.000 F720 A573.19970; Inset 
G1 X3.712 Y-15.764 Z11.000 F720 A573.21334; Inset 
G1 X3.327 Y-15.830 Z11.000 F720 A573.22697; Inset 
G1 X2.938 Y-15.830 Z11.000 F720 A573.24060; Inset 
G1 X2.553 Y-15.764 Z11.000 F720 A573.25424; Inset 
G1 X2.185 Y-15.634 Z11.000 F720 A573.26787; Inset 
G1 X1.845 Y-15.444 Z11.000 F720 A573.28151; Inset 
; Chunk 109 
; Lower Position  10.8 
; Upper Position  11 
; Thickness       0.2 
; Width           0.4 
G1 X1.845 Y-15.444 Z11.000 F1500 A571.98151; Retract 
G1 X1.845 Y-15.444 Z11.000 F3000; Retract 
G1 X2.424 Y-14.528 Z11.000 F9000; Travel Move 
G1 X2.424 Y-14.528 Z11.000 F1500 A573.28151; Restart 
G1 X2.424 Y-12.857 Z11.000 F1620 A573.33991; Support 
; Chunk 110 
; Lower Position  11 
; Upper Position  11.2 
; Thickness       0.2 
; Width           0.4 
G1 X2.424 Y-12.857 Z11.000 F1500 A572.03991; Retract 
G1 X2.424 Y-12.857 Z11.000 F3000; Retract 
G1 X2.424 Y-12.857 Z11.200 F1380; Travel Move 
G1 X2.424 Y-12.862 Z11.200 F9000; Travel Move 
G1 X2.424 Y-12.862 Z11.200 F1500 A573.33991; Restart 
G1 X2.424 Y-14.528 Z11.200 F1620 A573.39812; Support 
; Chunk 111 
; Lower Position  11 
; Upper Position  11.2 
; Thickness       0.2 
; Width           0.4 
G1 X2.424 Y-14.528 Z11.200 F1500 A572.09812; Retract 
G1 X2.424 Y-14.528 Z11.200 F3000; Retract 
G1 X2.151 Y-15.105 Z11.200 F9000; Travel Move 
G1 X2.151 Y-15.105 Z11.200 F1500 A573.39812; Restart 
G1 X2.675 Y-15.342 Z11.200 F720 A573.41825; Inset 
G1 X3.240 Y-15.390 Z11.200 F720 A573.43807; Inset 
G1 X3.541 Y-15.339 Z11.200 F720 A573.44875; Inset 
G1 X4.050 Y-15.109 Z11.200 F720 A573.46827; Inset 
G1 X4.288 Y-14.917 Z11.200 F720 A573.47895; Inset 
G1 X4.625 Y-14.461 Z11.200 F720 A573.49877; Inset 
G1 X4.793 Y-13.911 Z11.200 F720 A573.51889; Inset 
G1 X4.769 Y-13.336 Z11.200 F720 A573.53901; Inset 
G1 X4.554 Y-12.801 Z11.200 F720 A573.55914; Inset 
G1 X4.174 Y-12.369 Z11.200 F720 A573.57926; Inset 
G1 X3.679 Y-12.093 Z11.200 F720 A573.59908; Inset 
G1 X3.383 Y-12.016 Z11.200 F720 A573.60977; Inset 
G1 X2.816 Y-12.016 Z11.200 F720 A573.62958; Inset 
G1 X2.274 Y-12.208 Z11.200 F720 A573.64971; Inset 
G1 X1.833 Y-12.564 Z11.200 F720 A573.66952; Inset 
G1 X1.651 Y-12.810 Z11.200 F720 A573.68021; Inset 
G1 X1.443 Y-13.328 Z11.200 F720 A573.69973; Inset 
G1 X1.404 Y-13.631 Z11.200 F720 A573.71041; Inset 
G1 X1.476 Y-14.193 Z11.200 F720 A573.73023; Inset 
G1 X1.735 Y-14.707 Z11.200 F720 A573.75035; Inset 
G1 X2.151 Y-15.105 Z11.200 F720 A573.77048; Inset 
G1 X2.151 Y-15.105 Z11.200 F1500 A572.47048; Retract 
G1 X2.151 Y-15.105 Z11.200 F3000; Retract 
G1 X1.845 Y-15.444 Z11.200 F9000; Travel Move 
G1 X1.845 Y-15.444 Z11.200 F1500 A573.77048; Restart 
G1 X1.542 Y-15.199 Z11.200 F720 A573.78411; Inset 
G1 X1.284 Y-14.906 Z11.200 F720 A573.79774; Inset 
G1 X1.079 Y-14.574 Z11.200 F720 A573.81138; Inset 
G1 X0.934 Y-14.212 Z11.200 F720 A573.82501; Inset 
G1 X0.852 Y-13.831 Z11.200 F720 A573.83865; Inset 
G1 X0.835 Y-13.441 Z11.200 F720 A573.85228; Inset 
G1 X0.885 Y-13.055 Z11.200 F720 A573.86591; Inset 
G1 X0.999 Y-12.682 Z11.200 F720 A573.87954; Inset 
G1 X1.175 Y-12.334 Z11.200 F720 A573.89318; Inset 
G1 X1.407 Y-12.020 Z11.200 F720 A573.90681; Inset 
G1 X1.688 Y-11.750 Z11.200 F720 A573.92045; Inset 
G1 X2.011 Y-11.532 Z11.200 F720 A573.93408; Inset 
G1 X2.367 Y-11.371 Z11.200 F720 A573.94772; Inset 
G1 X2.744 Y-11.273 Z11.200 F720 A573.96135; Inset 
G1 X3.133 Y-11.240 Z11.200 F720 A573.97498; Inset 
G1 X3.521 Y-11.273 Z11.200 F720 A573.98862; Inset 
G1 X3.898 Y-11.371 Z11.200 F720 A574.00225; Inset 
G1 X4.254 Y-11.532 Z11.200 F720 A574.01588; Inset 
G1 X4.577 Y-11.750 Z11.200 F720 A574.02952; Inset 
G1 X4.859 Y-12.020 Z11.200 F720 A574.04315; Inset 
G1 X5.090 Y-12.334 Z11.200 F720 A574.05679; Inset 
G1 X5.266 Y-12.682 Z11.200 F720 A574.07042; Inset 
G1 X5.380 Y-13.055 Z11.200 F720 A574.08405; Inset 
G1 X5.430 Y-13.441 Z11.200 F720 A574.09769; Inset 
G1 X5.413 Y-13.831 Z11.200 F720 A574.11132; Inset 
G1 X5.331 Y-14.212 Z11.200 F720 A574.12495; Inset 
G1 X5.186 Y-14.574 Z11.200 F720 A574.13859; Inset 
G1 X4.981 Y-14.906 Z11.200 F720 A574.15222; Inset 
G1 X4.723 Y-15.199 Z11.200 F720 A574.16586; Inset 
G1 X4.420 Y-15.444 Z11.200 F720 A574.17949; Inset 
G1 X4.080 Y-15.634 Z11.200 F720 A574.19312; Inset 
G1 X3.712 Y-15.764 Z11.200 F720 A574.20676; Inset 
G1 X3.327 Y-15.830 Z11.200 F720 A574.22039; Inset 
G1 X2.938 Y-15.830 Z11.200 F720 A574.23402; Inset 
G1 X2.553 Y-15.764 Z11.200 F720 A574.24766; Inset 
G1 X2.185 Y-15.634 Z11.200 F720 A574.26129; Inset 
G1 X1.845 Y-15.444 Z11.200 F720 A574.27493; Inset 
G1 X1.845 Y-15.444 Z11.200 F1500 A572.97493; Retract 
G1 X1.845 Y-15.444 Z11.200 F3000; Retract 
G1 X5.965 Y-6.477 Z11.200 F9000; Travel Move 
G1 X5.965 Y-6.477 Z11.200 F1500 A574.27493; Restart 
G1 X5.877 Y-6.382 Z11.200 F1620 A574.27944; Inset 
G1 X5.803 Y-6.177 Z11.200 F1620 A574.28708; Inset 
G1 X5.099 Y1.742 Z11.200 F1620 A574.56501; Inset 
G1 X5.142 Y1.982 Z11.200 F1620 A574.57353; Inset 
G1 X5.269 Y2.128 Z11.200 F1620 A574.58032; Inset 
G1 X5.429 Y2.188 Z11.200 F1620 A574.58627; Inset 
G1 X5.557 Y2.189 Z11.200 F1620 A574.59077; Inset 
G1 X5.680 Y2.148 Z11.200 F1620 A574.59528; Inset 
G1 X5.812 Y2.042 Z11.200 F1620 A574.60120; Inset 
G1 X5.896 Y1.813 Z11.200 F1620 A574.60972; Inset 
G1 X6.598 Y-6.081 Z11.200 F1620 A574.88680; Inset 
G1 X6.584 Y-6.260 Z11.200 F1620 A574.89307; Inset 
G1 X6.513 Y-6.414 Z11.200 F1620 A574.89899; Inset 
G1 X6.372 Y-6.525 Z11.200 F1620 A574.90527; Inset 
G1 X6.206 Y-6.558 Z11.200 F1620 A574.91119; Inset 
G1 X6.079 Y-6.537 Z11.200 F1620 A574.91570; Inset 
G1 X5.965 Y-6.477 Z11.200 F1620 A574.92021; Inset 
G1 X5.965 Y-6.477 Z11.200 F1500 A573.62021; Retract 
G1 X5.965 Y-6.477 Z11.200 F3000; Retract 
G1 X5.718 Y-6.798 Z11.200 F9000; Travel Move 
G1 X5.718 Y-6.798 Z11.200 F1500 A574.92021; Restart 
G1 X5.539 Y-6.606 Z11.200 F720 A574.92938; Inset 
G1 X5.429 Y-6.359 Z11.200 F720 A574.93885; Inset 
G1 X5.406 Y-6.229 Z11.200 F720 A574.94346; Inset 
G1 X4.699 Y1.723 Z11.200 F720 A575.22257; Inset 
M73 P89; Update Progress 
G1 X4.698 Y1.855 Z11.200 F720 A575.22718; Inset 
G1 X4.765 Y2.126 Z11.200 F720 A575.23695; Inset 
G1 X4.820 Y2.228 Z11.200 F720 A575.24098; Inset 
G1 X5.007 Y2.434 Z11.200 F720 A575.25071; Inset 
G1 X5.105 Y2.499 Z11.200 F720 A575.25481; Inset 
G1 X5.360 Y2.588 Z11.200 F720 A575.26425; Inset 
G1 X5.622 Y2.590 Z11.200 F720 A575.27342; Inset 
G1 X5.871 Y2.506 Z11.200 F720 A575.28259; Inset 
G1 X6.085 Y2.341 Z11.200 F720 A575.29206; Inset 
G1 X6.157 Y2.250 Z11.200 F720 A575.29609; Inset 
G1 X6.270 Y1.995 Z11.200 F720 A575.30586; Inset 
G1 X6.293 Y1.865 Z11.200 F720 A575.31047; Inset 
G1 X6.999 Y-6.079 Z11.200 F720 A575.58929; Inset 
G1 X6.978 Y-6.357 Z11.200 F720 A575.59904; Inset 
G1 X6.870 Y-6.606 Z11.200 F720 A575.60852; Inset 
G1 X6.800 Y-6.697 Z11.200 F720 A575.61255; Inset 
G1 X6.581 Y-6.870 Z11.200 F720 A575.62231; Inset 
G1 X6.475 Y-6.917 Z11.200 F720 A575.62634; Inset 
G1 X6.208 Y-6.963 Z11.200 F720 A575.63581; Inset 
G1 X5.949 Y-6.922 Z11.200 F720 A575.64499; Inset 
G1 X5.718 Y-6.798 Z11.200 F720 A575.65416; Inset 
; Chunk 112 
; Lower Position  11.2 
; Upper Position  11.4 
; Thickness       0.2 
; Width           0.4 
G1 X5.718 Y-6.798 Z11.200 F1500 A574.35416; Retract 
G1 X5.718 Y-6.798 Z11.200 F3000; Retract 
G1 X5.718 Y-6.798 Z11.400 F1380; Travel Move 
G1 X5.968 Y-6.472 Z11.400 F9000; Travel Move 
G1 X5.968 Y-6.472 Z11.400 F1500 A575.65416; Restart 
G1 X5.882 Y-6.379 Z11.400 F1620 A575.65861; Inset 
G1 X5.809 Y-6.176 Z11.400 F1620 A575.66614; Inset 
G1 X5.107 Y1.718 Z11.400 F1620 A575.94321; Inset 
G1 X5.121 Y1.895 Z11.400 F1620 A575.94942; Inset 
G1 X5.171 Y2.012 Z11.400 F1620 A575.95386; Inset 
G1 X5.256 Y2.106 Z11.400 F1620 A575.95831; Inset 
G1 X5.390 Y2.179 Z11.400 F1620 A575.96363; Inset 
G1 X5.557 Y2.183 Z11.400 F1620 A575.96946; Inset 
G1 X5.677 Y2.143 Z11.400 F1620 A575.97390; Inset 
G1 X5.807 Y2.039 Z11.400 F1620 A575.97973; Inset 
G1 X5.890 Y1.813 Z11.400 F1620 A575.98815; Inset 
G1 X6.594 Y-6.107 Z11.400 F1620 A576.26609; Inset 
G1 X6.558 Y-6.319 Z11.400 F1620 A576.27363; Inset 
G1 X6.489 Y-6.426 Z11.400 F1620 A576.27807; Inset 
G1 X6.356 Y-6.526 Z11.400 F1620 A576.28390; Inset 
G1 X6.206 Y-6.552 Z11.400 F1620 A576.28923; Inset 
G1 X6.081 Y-6.532 Z11.400 F1620 A576.29367; Inset 
G1 X5.968 Y-6.472 Z11.400 F1620 A576.29811; Inset 
G1 X5.968 Y-6.472 Z11.400 F1500 A574.99811; Retract 
G1 X5.968 Y-6.472 Z11.400 F3000; Retract 
G1 X5.721 Y-6.794 Z11.400 F9000; Travel Move 
G1 X5.721 Y-6.794 Z11.400 F1500 A576.29811; Restart 
G1 X5.544 Y-6.603 Z11.400 F720 A576.30722; Inset 
G1 X5.434 Y-6.357 Z11.400 F720 A576.31663; Inset 
G1 X5.412 Y-6.228 Z11.400 F720 A576.32121; Inset 
G1 X4.706 Y1.716 Z11.400 F720 A576.60002; Inset 
G1 X4.727 Y1.992 Z11.400 F720 A576.60971; Inset 
G1 X4.830 Y2.231 Z11.400 F720 A576.61882; Inset 
G1 X5.005 Y2.424 Z11.400 F720 A576.62793; Inset 
G1 X5.241 Y2.554 Z11.400 F720 A576.63734; Inset 
G1 X5.352 Y2.582 Z11.400 F720 A576.64134; Inset 
G1 X5.621 Y2.584 Z11.400 F720 A576.65074; Inset 
G1 X5.868 Y2.501 Z11.400 F720 A576.65985; Inset 
G1 X6.081 Y2.337 Z11.400 F720 A576.66926; Inset 
G1 X6.152 Y2.247 Z11.400 F720 A576.67325; Inset 
G1 X6.265 Y1.994 Z11.400 F720 A576.68295; Inset 
G1 X6.287 Y1.864 Z11.400 F720 A576.68753; Inset 
G1 X6.994 Y-6.088 Z11.400 F720 A576.96664; Inset 
G1 X6.995 Y-6.219 Z11.400 F720 A576.97121; Inset 
G1 X6.930 Y-6.480 Z11.400 F720 A576.98062; Inset 
G1 X6.789 Y-6.699 Z11.400 F720 A576.98973; Inset 
G1 X6.578 Y-6.865 Z11.400 F720 A576.99914; Inset 
G1 X6.473 Y-6.912 Z11.400 F720 A577.00313; Inset 
G1 X6.208 Y-6.958 Z11.400 F720 A577.01254; Inset 
G1 X5.951 Y-6.916 Z11.400 F720 A577.02165; Inset 
G1 X5.721 Y-6.794 Z11.400 F720 A577.03076; Inset 
G1 X5.721 Y-6.794 Z11.400 F1500 A575.73076; Retract 
G1 X5.721 Y-6.794 Z11.400 F3000; Retract 
G1 X2.151 Y-15.105 Z11.400 F9000; Travel Move 
G1 X2.151 Y-15.105 Z11.400 F1500 A577.03076; Restart 
G1 X2.675 Y-15.342 Z11.400 F720 A577.05088; Inset 
M73 P90; Update Progress 
G1 X3.240 Y-15.390 Z11.400 F720 A577.07070; Inset 
G1 X3.541 Y-15.339 Z11.400 F720 A577.08138; Inset 
G1 X4.050 Y-15.109 Z11.400 F720 A577.10090; Inset 
G1 X4.288 Y-14.917 Z11.400 F720 A577.11158; Inset 
G1 X4.625 Y-14.461 Z11.400 F720 A577.13140; Inset 
G1 X4.793 Y-13.911 Z11.400 F720 A577.15152; Inset 
G1 X4.769 Y-13.336 Z11.400 F720 A577.17165; Inset 
G1 X4.554 Y-12.801 Z11.400 F720 A577.19177; Inset 
G1 X4.174 Y-12.369 Z11.400 F720 A577.21189; Inset 
G1 X3.679 Y-12.093 Z11.400 F720 A577.23171; Inset 
G1 X3.383 Y-12.016 Z11.400 F720 A577.24240; Inset 
G1 X2.816 Y-12.016 Z11.400 F720 A577.26222; Inset 
G1 X2.274 Y-12.208 Z11.400 F720 A577.28234; Inset 
G1 X1.833 Y-12.564 Z11.400 F720 A577.30216; Inset 
G1 X1.651 Y-12.810 Z11.400 F720 A577.31284; Inset 
G1 X1.443 Y-13.328 Z11.400 F720 A577.33236; Inset 
G1 X1.404 Y-13.631 Z11.400 F720 A577.34304; Inset 
G1 X1.476 Y-14.193 Z11.400 F720 A577.36286; Inset 
G1 X1.735 Y-14.707 Z11.400 F720 A577.38298; Inset 
G1 X2.151 Y-15.105 Z11.400 F720 A577.40311; Inset 
G1 X2.151 Y-15.105 Z11.400 F1500 A576.10311; Retract 
G1 X2.151 Y-15.105 Z11.400 F3000; Retract 
G1 X1.845 Y-15.444 Z11.400 F9000; Travel Move 
G1 X1.845 Y-15.444 Z11.400 F1500 A577.40311; Restart 
G1 X1.542 Y-15.199 Z11.400 F720 A577.41674; Inset 
G1 X1.284 Y-14.906 Z11.400 F720 A577.43037; Inset 
G1 X1.079 Y-14.574 Z11.400 F720 A577.44401; Inset 
G1 X0.934 Y-14.212 Z11.400 F720 A577.45764; Inset 
G1 X0.852 Y-13.831 Z11.400 F720 A577.47128; Inset 
G1 X0.835 Y-13.441 Z11.400 F720 A577.48491; Inset 
G1 X0.885 Y-13.055 Z11.400 F720 A577.49854; Inset 
G1 X0.999 Y-12.682 Z11.400 F720 A577.51218; Inset 
G1 X1.175 Y-12.334 Z11.400 F720 A577.52581; Inset 
G1 X1.407 Y-12.020 Z11.400 F720 A577.53945; Inset 
G1 X1.688 Y-11.750 Z11.400 F720 A577.55308; Inset 
G1 X2.011 Y-11.532 Z11.400 F720 A577.56671; Inset 
G1 X2.367 Y-11.371 Z11.400 F720 A577.58035; Inset 
G1 X2.744 Y-11.273 Z11.400 F720 A577.59398; Inset 
G1 X3.133 Y-11.240 Z11.400 F720 A577.60762; Inset 
G1 X3.521 Y-11.273 Z11.400 F720 A577.62125; Inset 
G1 X3.898 Y-11.371 Z11.400 F720 A577.63488; Inset 
G1 X4.254 Y-11.532 Z11.400 F720 A577.64852; Inset 
G1 X4.577 Y-11.750 Z11.400 F720 A577.66215; Inset 
G1 X4.859 Y-12.020 Z11.400 F720 A577.67578; Inset 
G1 X5.090 Y-12.334 Z11.400 F720 A577.68942; Inset 
G1 X5.266 Y-12.682 Z11.400 F720 A577.70305; Inset 
G1 X5.380 Y-13.055 Z11.400 F720 A577.71669; Inset 
G1 X5.430 Y-13.441 Z11.400 F720 A577.73032; Inset 
G1 X5.413 Y-13.831 Z11.400 F720 A577.74395; Inset 
G1 X5.331 Y-14.212 Z11.400 F720 A577.75759; Inset 
G1 X5.186 Y-14.574 Z11.400 F720 A577.77122; Inset 
G1 X4.981 Y-14.906 Z11.400 F720 A577.78486; Inset 
G1 X4.723 Y-15.199 Z11.400 F720 A577.79849; Inset 
G1 X4.420 Y-15.444 Z11.400 F720 A577.81212; Inset 
G1 X4.080 Y-15.634 Z11.400 F720 A577.82576; Inset 
G1 X3.712 Y-15.764 Z11.400 F720 A577.83939; Inset 
G1 X3.327 Y-15.830 Z11.400 F720 A577.85303; Inset 
G1 X2.938 Y-15.830 Z11.400 F720 A577.86666; Inset 
G1 X2.553 Y-15.764 Z11.400 F720 A577.88029; Inset 
G1 X2.185 Y-15.634 Z11.400 F720 A577.89393; Inset 
G1 X1.845 Y-15.444 Z11.400 F720 A577.90756; Inset 
; Chunk 113 
; Lower Position  11.2 
; Upper Position  11.4 
; Thickness       0.2 
; Width           0.4 
G1 X1.845 Y-15.444 Z11.400 F1500 A576.60756; Retract 
G1 X1.845 Y-15.444 Z11.400 F3000; Retract 
G1 X2.424 Y-14.528 Z11.400 F9000; Travel Move 
G1 X2.424 Y-14.528 Z11.400 F1500 A577.90756; Restart 
G1 X2.424 Y-12.859 Z11.400 F1620 A577.96588; Support 
; Chunk 114 
; Lower Position  11.4 
; Upper Position  11.6 
; Thickness       0.2 
; Width           0.4 
G1 X2.424 Y-12.859 Z11.400 F1500 A576.66588; Retract 
G1 X2.424 Y-12.859 Z11.400 F3000; Retract 
G1 X2.424 Y-12.859 Z11.600 F1380; Travel Move 
G1 X2.424 Y-12.859 Z11.600 F9000; Travel Move 
G1 X2.424 Y-12.859 Z11.600 F1500 A577.96588; Restart 
G1 X2.424 Y-14.528 Z11.600 F1620 A578.02423; Support 
; Chunk 115 
; Lower Position  11.4 
; Upper Position  11.6 
; Thickness       0.2 
; Width           0.4 
G1 X2.424 Y-14.528 Z11.600 F1500 A576.72423; Retract 
G1 X2.424 Y-14.528 Z11.600 F3000; Retract 
G1 X2.151 Y-15.105 Z11.600 F9000; Travel Move 
G1 X2.151 Y-15.105 Z11.600 F1500 A578.02423; Restart 
G1 X2.675 Y-15.342 Z11.600 F720 A578.04435; Inset 
G1 X3.240 Y-15.390 Z11.600 F720 A578.06417; Inset 
G1 X3.541 Y-15.339 Z11.600 F720 A578.07485; Inset 
G1 X4.050 Y-15.109 Z11.600 F720 A578.09437; Inset 
G1 X4.288 Y-14.917 Z11.600 F720 A578.10505; Inset 
G1 X4.625 Y-14.461 Z11.600 F720 A578.12487; Inset 
G1 X4.793 Y-13.911 Z11.600 F720 A578.14500; Inset 
G1 X4.769 Y-13.336 Z11.600 F720 A578.16512; Inset 
G1 X4.554 Y-12.801 Z11.600 F720 A578.18524; Inset 
G1 X4.174 Y-12.369 Z11.600 F720 A578.20536; Inset 
G1 X3.679 Y-12.093 Z11.600 F720 A578.22518; Inset 
G1 X3.383 Y-12.016 Z11.600 F720 A578.23587; Inset 
G1 X2.816 Y-12.016 Z11.600 F720 A578.25569; Inset 
G1 X2.274 Y-12.208 Z11.600 F720 A578.27581; Inset 
G1 X1.833 Y-12.564 Z11.600 F720 A578.29563; Inset 
G1 X1.651 Y-12.810 Z11.600 F720 A578.30631; Inset 
G1 X1.443 Y-13.328 Z11.600 F720 A578.32583; Inset 
G1 X1.404 Y-13.631 Z11.600 F720 A578.33651; Inset 
G1 X1.476 Y-14.193 Z11.600 F720 A578.35633; Inset 
G1 X1.735 Y-14.707 Z11.600 F720 A578.37645; Inset 
G1 X2.151 Y-15.105 Z11.600 F720 A578.39658; Inset 
G1 X2.151 Y-15.105 Z11.600 F1500 A577.09658; Retract 
G1 X2.151 Y-15.105 Z11.600 F3000; Retract 
G1 X1.845 Y-15.444 Z11.600 F9000; Travel Move 
G1 X1.845 Y-15.444 Z11.600 F1500 A578.39658; Restart 
G1 X1.542 Y-15.199 Z11.600 F720 A578.41021; Inset 
G1 X1.284 Y-14.906 Z11.600 F720 A578.42384; Inset 
G1 X1.079 Y-14.574 Z11.600 F720 A578.43748; Inset 
G1 X0.934 Y-14.212 Z11.600 F720 A578.45111; Inset 
G1 X0.852 Y-13.831 Z11.600 F720 A578.46475; Inset 
G1 X0.835 Y-13.441 Z11.600 F720 A578.47838; Inset 
G1 X0.885 Y-13.055 Z11.600 F720 A578.49201; Inset 
G1 X0.999 Y-12.682 Z11.600 F720 A578.50565; Inset 
G1 X1.175 Y-12.334 Z11.600 F720 A578.51928; Inset 
G1 X1.407 Y-12.020 Z11.600 F720 A578.53292; Inset 
G1 X1.688 Y-11.750 Z11.600 F720 A578.54655; Inset 
G1 X2.011 Y-11.532 Z11.600 F720 A578.56018; Inset 
G1 X2.367 Y-11.371 Z11.600 F720 A578.57382; Inset 
G1 X2.744 Y-11.273 Z11.600 F720 A578.58745; Inset 
G1 X3.133 Y-11.240 Z11.600 F720 A578.60108; Inset 
G1 X3.521 Y-11.273 Z11.600 F720 A578.61472; Inset 
G1 X3.898 Y-11.371 Z11.600 F720 A578.62835; Inset 
G1 X4.254 Y-11.532 Z11.600 F720 A578.64199; Inset 
G1 X4.577 Y-11.750 Z11.600 F720 A578.65562; Inset 
G1 X4.859 Y-12.020 Z11.600 F720 A578.66925; Inset 
G1 X5.090 Y-12.334 Z11.600 F720 A578.68289; Inset 
G1 X5.266 Y-12.682 Z11.600 F720 A578.69652; Inset 
G1 X5.380 Y-13.055 Z11.600 F720 A578.71015; Inset 
G1 X5.430 Y-13.441 Z11.600 F720 A578.72379; Inset 
G1 X5.413 Y-13.831 Z11.600 F720 A578.73742; Inset 
G1 X5.331 Y-14.212 Z11.600 F720 A578.75106; Inset 
G1 X5.186 Y-14.574 Z11.600 F720 A578.76469; Inset 
G1 X4.981 Y-14.906 Z11.600 F720 A578.77832; Inset 
G1 X4.723 Y-15.199 Z11.600 F720 A578.79196; Inset 
G1 X4.420 Y-15.444 Z11.600 F720 A578.80559; Inset 
G1 X4.080 Y-15.634 Z11.600 F720 A578.81923; Inset 
G1 X3.712 Y-15.764 Z11.600 F720 A578.83286; Inset 
M73 P91; Update Progress 
G1 X3.327 Y-15.830 Z11.600 F720 A578.84650; Inset 
G1 X2.938 Y-15.830 Z11.600 F720 A578.86013; Inset 
G1 X2.553 Y-15.764 Z11.600 F720 A578.87376; Inset 
G1 X2.186 Y-15.634 Z11.600 F720 A578.88739; Inset 
G1 X1.845 Y-15.444 Z11.600 F720 A578.90103; Inset 
G1 X1.845 Y-15.444 Z11.600 F1500 A577.60103; Retract 
G1 X1.845 Y-15.444 Z11.600 F3000; Retract 
G1 X6.137 Y-6.292 Z11.600 F9000; Travel Move 
G1 X6.137 Y-6.292 Z11.600 F1500 A578.90103; Restart 
G1 X6.074 Y-6.224 Z11.600 F1620 A578.90426; Inset 
G1 X6.049 Y-6.130 Z11.600 F1620 A578.90767; Inset 
G1 X5.350 Y1.740 Z11.600 F1620 A579.18387; Inset 
G1 X5.380 Y1.891 Z11.600 F1620 A579.18926; Inset 
G1 X5.482 Y1.947 Z11.600 F1620 A579.19333; Inset 
G1 X5.582 Y1.915 Z11.600 F1620 A579.19699; Inset 
G1 X5.622 Y1.872 Z11.600 F1620 A579.19905; Inset 
G1 X5.650 Y1.766 Z11.600 F1620 A579.20288; Inset 
G1 X6.349 Y-6.103 Z11.600 F1620 A579.47908; Inset 
G1 X6.319 Y-6.255 Z11.600 F1620 A579.48447; Inset 
G1 X6.263 Y-6.299 Z11.600 F1620 A579.48696; Inset 
G1 X6.193 Y-6.311 Z11.600 F1620 A579.48945; Inset 
G1 X6.137 Y-6.292 Z11.600 F1620 A579.49151; Inset 
G1 X6.137 Y-6.292 Z11.600 F1500 A578.19151; Retract 
G1 X6.137 Y-6.292 Z11.600 F3000; Retract 
G1 X5.946 Y-6.650 Z11.600 F9000; Travel Move 
G1 X5.946 Y-6.650 Z11.600 F1500 A579.49151; Restart 
G1 X5.803 Y-6.540 Z11.600 F720 A579.49781; Inset 
G1 X5.703 Y-6.389 Z11.600 F720 A579.50412; Inset 
G1 X5.654 Y-6.199 Z11.600 F720 A579.51101; Inset 
G1 X4.948 Y1.737 Z11.600 F720 A579.78954; Inset 
G1 X4.963 Y1.934 Z11.600 F720 A579.79643; Inset 
G1 X5.038 Y2.107 Z11.600 F720 A579.80303; Inset 
G1 X5.232 Y2.283 Z11.600 F720 A579.81217; Inset 
G1 X5.410 Y2.345 Z11.600 F720 A579.81877; Inset 
G1 X5.670 Y2.322 Z11.600 F720 A579.82790; Inset 
G1 X5.829 Y2.237 Z11.600 F720 A579.83421; Inset 
G1 X5.994 Y2.034 Z11.600 F720 A579.84335; Inset 
G1 X6.045 Y1.835 Z11.600 F720 A579.85053; Inset 
G1 X6.751 Y-6.101 Z11.600 F720 A580.12906; Inset 
G1 X6.736 Y-6.298 Z11.600 F720 A580.13595; Inset 
G1 X6.616 Y-6.530 Z11.600 F720 A580.14508; Inset 
G1 X6.393 Y-6.682 Z11.600 F720 A580.15451; Inset 
G1 X6.199 Y-6.716 Z11.600 F720 A580.16141; Inset 
G1 X5.946 Y-6.650 Z11.600 F720 A580.17055; Inset 
; Chunk 116 
; Lower Position  11.6 
; Upper Position  11.8 
; Thickness       0.2 
; Width           0.4 
G1 X5.946 Y-6.650 Z11.600 F1500 A578.87055; Retract 
G1 X5.946 Y-6.650 Z11.600 F3000; Retract 
G1 X5.946 Y-6.650 Z11.800 F1380; Travel Move 
G1 X2.151 Y-15.105 Z11.800 F9000; Travel Move 
G1 X2.151 Y-15.105 Z11.800 F1500 A580.17055; Restart 
G1 X2.675 Y-15.342 Z11.800 F720 A580.19067; Inset 
G1 X3.240 Y-15.390 Z11.800 F720 A580.21049; Inset 
G1 X3.541 Y-15.339 Z11.800 F720 A580.22117; Inset 
G1 X4.050 Y-15.109 Z11.800 F720 A580.24069; Inset 
G1 X4.288 Y-14.917 Z11.800 F720 A580.25137; Inset 
G1 X4.625 Y-14.461 Z11.800 F720 A580.27119; Inset 
G1 X4.793 Y-13.911 Z11.800 F720 A580.29132; Inset 
G1 X4.769 Y-13.336 Z11.800 F720 A580.31144; Inset 
G1 X4.554 Y-12.801 Z11.800 F720 A580.33156; Inset 
G1 X4.174 Y-12.369 Z11.800 F720 A580.35168; Inset 
G1 X3.679 Y-12.093 Z11.800 F720 A580.37150; Inset 
G1 X3.383 Y-12.016 Z11.800 F720 A580.38219; Inset 
G1 X2.816 Y-12.016 Z11.800 F720 A580.40201; Inset 
G1 X2.274 Y-12.208 Z11.800 F720 A580.42213; Inset 
G1 X1.833 Y-12.564 Z11.800 F720 A580.44195; Inset 
G1 X1.651 Y-12.810 Z11.800 F720 A580.45263; Inset 
G1 X1.443 Y-13.328 Z11.800 F720 A580.47215; Inset 
G1 X1.404 Y-13.631 Z11.800 F720 A580.48283; Inset 
G1 X1.476 Y-14.193 Z11.800 F720 A580.50265; Inset 
G1 X1.735 Y-14.707 Z11.800 F720 A580.52277; Inset 
G1 X2.151 Y-15.105 Z11.800 F720 A580.54290; Inset 
G1 X2.151 Y-15.105 Z11.800 F1500 A579.24290; Retract 
G1 X2.151 Y-15.105 Z11.800 F3000; Retract 
G1 X1.845 Y-15.444 Z11.800 F9000; Travel Move 
G1 X1.845 Y-15.444 Z11.800 F1500 A580.54290; Restart 
G1 X1.542 Y-15.199 Z11.800 F720 A580.55653; Inset 
G1 X1.284 Y-14.906 Z11.800 F720 A580.57016; Inset 
G1 X1.079 Y-14.574 Z11.800 F720 A580.58380; Inset 
G1 X0.934 Y-14.212 Z11.800 F720 A580.59743; Inset 
G1 X0.852 Y-13.831 Z11.800 F720 A580.61107; Inset 
G1 X0.835 Y-13.441 Z11.800 F720 A580.62470; Inset 
G1 X0.885 Y-13.055 Z11.800 F720 A580.63833; Inset 
G1 X0.999 Y-12.682 Z11.800 F720 A580.65197; Inset 
G1 X1.175 Y-12.334 Z11.800 F720 A580.66560; Inset 
G1 X1.407 Y-12.020 Z11.800 F720 A580.67924; Inset 
G1 X1.688 Y-11.750 Z11.800 F720 A580.69287; Inset 
G1 X2.011 Y-11.532 Z11.800 F720 A580.70650; Inset 
G1 X2.367 Y-11.371 Z11.800 F720 A580.72014; Inset 
G1 X2.744 Y-11.273 Z11.800 F720 A580.73377; Inset 
G1 X3.133 Y-11.240 Z11.800 F720 A580.74740; Inset 
G1 X3.521 Y-11.273 Z11.800 F720 A580.76104; Inset 
G1 X3.899 Y-11.371 Z11.800 F720 A580.77467; Inset 
G1 X4.254 Y-11.532 Z11.800 F720 A580.78831; Inset 
G1 X4.577 Y-11.750 Z11.800 F720 A580.80194; Inset 
G1 X4.859 Y-12.020 Z11.800 F720 A580.81557; Inset 
G1 X5.090 Y-12.334 Z11.800 F720 A580.82921; Inset 
G1 X5.266 Y-12.682 Z11.800 F720 A580.84284; Inset 
M73 P92; Update Progress 
G1 X5.380 Y-13.055 Z11.800 F720 A580.85648; Inset 
G1 X5.430 Y-13.441 Z11.800 F720 A580.87011; Inset 
G1 X5.413 Y-13.831 Z11.800 F720 A580.88374; Inset 
G1 X5.331 Y-14.212 Z11.800 F720 A580.89738; Inset 
G1 X5.186 Y-14.574 Z11.800 F720 A580.91101; Inset 
G1 X4.981 Y-14.906 Z11.800 F720 A580.92465; Inset 
G1 X4.723 Y-15.199 Z11.800 F720 A580.93828; Inset 
G1 X4.420 Y-15.444 Z11.800 F720 A580.95191; Inset 
G1 X4.080 Y-15.634 Z11.800 F720 A580.96555; Inset 
G1 X3.712 Y-15.764 Z11.800 F720 A580.97918; Inset 
G1 X3.328 Y-15.830 Z11.800 F720 A580.99281; Inset 
G1 X2.938 Y-15.830 Z11.800 F720 A581.00645; Inset 
G1 X2.553 Y-15.764 Z11.800 F720 A581.02008; Inset 
G1 X2.186 Y-15.634 Z11.800 F720 A581.03371; Inset 
G1 X1.845 Y-15.444 Z11.800 F720 A581.04735; Inset 
; Chunk 117 
; Lower Position  11.6 
; Upper Position  11.8 
; Thickness       0.2 
; Width           0.4 
G1 X1.845 Y-15.444 Z11.800 F1500 A579.74735; Retract 
G1 X1.845 Y-15.444 Z11.800 F3000; Retract 
G1 X2.424 Y-14.528 Z11.800 F9000; Travel Move 
G1 X2.424 Y-14.528 Z11.800 F1500 A581.04735; Restart 
G1 X2.424 Y-12.858 Z11.800 F1620 A581.10574; Support 
; Chunk 118 
; Lower Position  11.8 
; Upper Position  12 
; Thickness       0.2 
; Width           0.4 
G1 X2.424 Y-12.858 Z11.800 F1500 A579.80574; Retract 
G1 X2.424 Y-12.858 Z11.800 F3000; Retract 
G1 X2.424 Y-12.858 Z12.000 F1380; Travel Move 
G1 X2.424 Y-12.855 Z12.000 F9000; Travel Move 
G1 X2.424 Y-12.855 Z12.000 F1500 A581.10574; Restart 
G1 X2.424 Y-14.528 Z12.000 F1620 A581.16420; Support 
; Chunk 119 
; Lower Position  11.8 
; Upper Position  12 
; Thickness       0.2 
; Width           0.4 
G1 X2.424 Y-14.528 Z12.000 F1500 A579.86420; Retract 
G1 X2.424 Y-14.528 Z12.000 F3000; Retract 
G1 X2.151 Y-15.105 Z12.000 F9000; Travel Move 
G1 X2.151 Y-15.105 Z12.000 F1500 A581.16420; Restart 
G1 X2.675 Y-15.342 Z12.000 F720 A581.18432; Inset 
G1 X3.240 Y-15.390 Z12.000 F720 A581.20414; Inset 
G1 X3.541 Y-15.339 Z12.000 F720 A581.21483; Inset 
G1 X4.050 Y-15.109 Z12.000 F720 A581.23434; Inset 
G1 X4.288 Y-14.917 Z12.000 F720 A581.24503; Inset 
G1 X4.625 Y-14.461 Z12.000 F720 A581.26485; Inset 
G1 X4.793 Y-13.911 Z12.000 F720 A581.28497; Inset 
G1 X4.769 Y-13.336 Z12.000 F720 A581.30509; Inset 
G1 X4.554 Y-12.801 Z12.000 F720 A581.32522; Inset 
G1 X4.174 Y-12.369 Z12.000 F720 A581.34534; Inset 
G1 X3.679 Y-12.093 Z12.000 F720 A581.36516; Inset 
G1 X3.383 Y-12.016 Z12.000 F720 A581.37584; Inset 
G1 X2.816 Y-12.016 Z12.000 F720 A581.39566; Inset 
G1 X2.274 Y-12.208 Z12.000 F720 A581.41578; Inset 
G1 X1.833 Y-12.564 Z12.000 F720 A581.43560; Inset 
G1 X1.651 Y-12.810 Z12.000 F720 A581.44629; Inset 
G1 X1.443 Y-13.328 Z12.000 F720 A581.46580; Inset 
G1 X1.404 Y-13.631 Z12.000 F720 A581.47649; Inset 
G1 X1.476 Y-14.193 Z12.000 F720 A581.49631; Inset 
G1 X1.735 Y-14.707 Z12.000 F720 A581.51643; Inset 
G1 X2.151 Y-15.105 Z12.000 F720 A581.53655; Inset 
G1 X2.151 Y-15.105 Z12.000 F1500 A580.23655; Retract 
G1 X2.151 Y-15.105 Z12.000 F3000; Retract 
G1 X1.845 Y-15.444 Z12.000 F9000; Travel Move 
G1 X1.845 Y-15.444 Z12.000 F1500 A581.53655; Restart 
G1 X1.542 Y-15.199 Z12.000 F720 A581.55019; Inset 
G1 X1.284 Y-14.906 Z12.000 F720 A581.56382; Inset 
G1 X1.079 Y-14.574 Z12.000 F720 A581.57745; Inset 
G1 X0.934 Y-14.212 Z12.000 F720 A581.59109; Inset 
G1 X0.852 Y-13.831 Z12.000 F720 A581.60472; Inset 
G1 X0.835 Y-13.441 Z12.000 F720 A581.61836; Inset 
G1 X0.885 Y-13.055 Z12.000 F720 A581.63199; Inset 
G1 X0.999 Y-12.682 Z12.000 F720 A581.64562; Inset 
G1 X1.175 Y-12.334 Z12.000 F720 A581.65926; Inset 
G1 X1.407 Y-12.020 Z12.000 F720 A581.67289; Inset 
G1 X1.688 Y-11.750 Z12.000 F720 A581.68652; Inset 
G1 X2.011 Y-11.532 Z12.000 F720 A581.70016; Inset 
G1 X2.367 Y-11.371 Z12.000 F720 A581.71379; Inset 
G1 X2.744 Y-11.273 Z12.000 F720 A581.72743; Inset 
G1 X3.133 Y-11.240 Z12.000 F720 A581.74106; Inset 
G1 X3.521 Y-11.273 Z12.000 F720 A581.75469; Inset 
G1 X3.899 Y-11.371 Z12.000 F720 A581.76833; Inset 
G1 X4.254 Y-11.532 Z12.000 F720 A581.78196; Inset 
G1 X4.577 Y-11.750 Z12.000 F720 A581.79560; Inset 
G1 X4.859 Y-12.020 Z12.000 F720 A581.80923; Inset 
G1 X5.090 Y-12.334 Z12.000 F720 A581.82286; Inset 
G1 X5.266 Y-12.682 Z12.000 F720 A581.83650; Inset 
G1 X5.380 Y-13.055 Z12.000 F720 A581.85013; Inset 
G1 X5.430 Y-13.441 Z12.000 F720 A581.86376; Inset 
G1 X5.413 Y-13.831 Z12.000 F720 A581.87740; Inset 
G1 X5.331 Y-14.212 Z12.000 F720 A581.89103; Inset 
G1 X5.186 Y-14.574 Z12.000 F720 A581.90467; Inset 
G1 X4.981 Y-14.906 Z12.000 F720 A581.91830; Inset 
G1 X4.723 Y-15.199 Z12.000 F720 A581.93193; Inset 
G1 X4.420 Y-15.444 Z12.000 F720 A581.94557; Inset 
G1 X4.080 Y-15.634 Z12.000 F720 A581.95920; Inset 
G1 X3.712 Y-15.764 Z12.000 F720 A581.97284; Inset 
G1 X3.328 Y-15.830 Z12.000 F720 A581.98647; Inset 
G1 X2.938 Y-15.830 Z12.000 F720 A582.00010; Inset 
G1 X2.553 Y-15.764 Z12.000 F720 A582.01374; Inset 
G1 X2.186 Y-15.634 Z12.000 F720 A582.02737; Inset 
G1 X1.845 Y-15.444 Z12.000 F720 A582.04100; Inset 
; Chunk 120 
; Lower Position  12 
; Upper Position  12.2 
; Thickness       0.2 
; Width           0.4 
G1 X1.845 Y-15.444 Z12.000 F1500 A580.74100; Retract 
G1 X1.845 Y-15.444 Z12.000 F3000; Retract 
G1 X1.845 Y-15.444 Z12.200 F1380; Travel Move 
G1 X2.295 Y-14.779 Z12.200 F9000; Travel Move 
G1 X2.295 Y-14.779 Z12.200 F1500 A582.04100; Restart 
G1 X1.929 Y-14.429 Z12.200 F1620 A582.05869; Inset 
G1 X1.702 Y-13.977 Z12.200 F1620 A582.07637; Inset 
G1 X1.648 Y-13.729 Z12.200 F1620 A582.08524; Inset 
G1 X1.670 Y-13.224 Z12.200 F1620 A582.10292; Inset 
G1 X1.858 Y-12.754 Z12.200 F1620 A582.12060; Inset 
G1 X2.009 Y-12.550 Z12.200 F1620 A582.12948; Inset 
G1 X2.403 Y-12.233 Z12.200 F1620 A582.14716; Inset 
G1 X2.880 Y-12.064 Z12.200 F1620 A582.16484; Inset 
G1 X3.386 Y-12.064 Z12.200 F1620 A582.18253; Inset 
G1 X3.862 Y-12.233 Z12.200 F1620 A582.20021; Inset 
G1 X4.073 Y-12.375 Z12.200 F1620 A582.20908; Inset 
G1 X4.407 Y-12.754 Z12.200 F1620 A582.22676; Inset 
G1 X4.595 Y-13.224 Z12.200 F1620 A582.24444; Inset 
G1 X4.617 Y-13.729 Z12.200 F1620 A582.26213; Inset 
G1 X4.469 Y-14.213 Z12.200 F1620 A582.27981; Inset 
G1 X4.336 Y-14.429 Z12.200 F1620 A582.28868; Inset 
G1 X3.971 Y-14.779 Z12.200 F1620 A582.30636; Inset 
G1 X3.510 Y-14.987 Z12.200 F1620 A582.32405; Inset 
G1 X3.259 Y-15.030 Z12.200 F1620 A582.33292; Inset 
G1 X2.756 Y-14.987 Z12.200 F1620 A582.35060; Inset 
G1 X2.295 Y-14.779 Z12.200 F1620 A582.36828; Inset 
G1 X2.295 Y-14.779 Z12.200 F1500 A581.06828; Retract 
G1 X2.295 Y-14.779 Z12.200 F3000; Retract 
G1 X2.070 Y-15.111 Z12.200 F9000; Travel Move 
G1 X2.070 Y-15.111 Z12.200 F1500 A582.36828; Restart 
G1 X1.819 Y-14.909 Z12.200 F1620 A582.37953; Inset 
G1 X1.607 Y-14.668 Z12.200 F1620 A582.39079; Inset 
G1 X1.438 Y-14.393 Z12.200 F1620 A582.40204; Inset 
G1 X1.318 Y-14.095 Z12.200 F1620 A582.41330; Inset 
G1 X1.250 Y-13.780 Z12.200 F1620 A582.42455; Inset 
G1 X1.236 Y-13.459 Z12.200 F1620 A582.43580; Inset 
G1 X1.277 Y-13.139 Z12.200 F1620 A582.44706; Inset 
G1 X1.372 Y-12.831 Z12.200 F1620 A582.45831; Inset 
G1 X1.517 Y-12.544 Z12.200 F1620 A582.46956; Inset 
G1 X1.708 Y-12.285 Z12.200 F1620 A582.48082; Inset 
G1 X1.940 Y-12.062 Z12.200 F1620 A582.49207; Inset 
G1 X2.207 Y-11.882 Z12.200 F1620 A582.50333; Inset 
G1 X2.500 Y-11.750 Z12.200 F1620 A582.51458; Inset 
G1 X2.812 Y-11.669 Z12.200 F1620 A582.52583; Inset 
G1 X3.133 Y-11.641 Z12.200 F1620 A582.53708; Inset 
G1 X3.453 Y-11.669 Z12.200 F1620 A582.54834; Inset 
G1 X3.765 Y-11.750 Z12.200 F1620 A582.55959; Inset 
G1 X4.058 Y-11.882 Z12.200 F1620 A582.57084; Inset 
G1 X4.325 Y-12.062 Z12.200 F1620 A582.58210; Inset 
G1 X4.557 Y-12.285 Z12.200 F1620 A582.59335; Inset 
G1 X4.749 Y-12.544 Z12.200 F1620 A582.60460; Inset 
G1 X4.894 Y-12.831 Z12.200 F1620 A582.61586; Inset 
G1 X4.988 Y-13.139 Z12.200 F1620 A582.62711; Inset 
G1 X5.029 Y-13.459 Z12.200 F1620 A582.63837; Inset 
G1 X5.015 Y-13.780 Z12.200 F1620 A582.64962; Inset 
G1 X4.947 Y-14.095 Z12.200 F1620 A582.66087; Inset 
G1 X4.827 Y-14.393 Z12.200 F1620 A582.67213; Inset 
G1 X4.658 Y-14.668 Z12.200 F1620 A582.68338; Inset 
G1 X4.446 Y-14.909 Z12.200 F1620 A582.69463; Inset 
G1 X4.195 Y-15.111 Z12.200 F1620 A582.70589; Inset 
G1 X3.914 Y-15.268 Z12.200 F1620 A582.71714; Inset 
G1 X3.611 Y-15.376 Z12.200 F1620 A582.72839; Inset 
G1 X3.294 Y-15.430 Z12.200 F1620 A582.73965; Inset 
G1 X2.972 Y-15.430 Z12.200 F1620 A582.75090; Inset 
G1 X2.654 Y-15.376 Z12.200 F1620 A582.76215; Inset 
G1 X2.351 Y-15.268 Z12.200 F1620 A582.77341; Inset 
G1 X2.070 Y-15.111 Z12.200 F1620 A582.78466; Inset 
G1 X2.070 Y-15.111 Z12.200 F1500 A581.48466; Retract 
G1 X2.070 Y-15.111 Z12.200 F3000; Retract 
G1 X1.845 Y-15.444 Z12.200 F9000; Travel Move 
G1 X1.845 Y-15.444 Z12.200 F1500 A582.78466; Restart 
G1 X1.542 Y-15.199 Z12.200 F720 A582.79829; Inset 
G1 X1.284 Y-14.906 Z12.200 F720 A582.81193; Inset 
G1 X1.079 Y-14.574 Z12.200 F720 A582.82556; Inset 
G1 X0.934 Y-14.212 Z12.200 F720 A582.83919; Inset 
G1 X0.852 Y-13.831 Z12.200 F720 A582.85283; Inset 
G1 X0.835 Y-13.441 Z12.200 F720 A582.86646; Inset 
G1 X0.885 Y-13.055 Z12.200 F720 A582.88010; Inset 
G1 X0.999 Y-12.682 Z12.200 F720 A582.89373; Inset 
G1 X1.175 Y-12.334 Z12.200 F720 A582.90736; Inset 
G1 X1.407 Y-12.020 Z12.200 F720 A582.92100; Inset 
G1 X1.688 Y-11.750 Z12.200 F720 A582.93463; Inset 
G1 X2.011 Y-11.532 Z12.200 F720 A582.94826; Inset 
G1 X2.367 Y-11.371 Z12.200 F720 A582.96190; Inset 
G1 X2.744 Y-11.273 Z12.200 F720 A582.97553; Inset 
G1 X3.133 Y-11.240 Z12.200 F720 A582.98917; Inset 
G1 X3.521 Y-11.273 Z12.200 F720 A583.00280; Inset 
G1 X3.899 Y-11.371 Z12.200 F720 A583.01643; Inset 
G1 X4.254 Y-11.532 Z12.200 F720 A583.03007; Inset 
M73 P93; Update Progress 
G1 X4.577 Y-11.750 Z12.200 F720 A583.04370; Inset 
G1 X4.859 Y-12.020 Z12.200 F720 A583.05734; Inset 
G1 X5.090 Y-12.334 Z12.200 F720 A583.07097; Inset 
G1 X5.266 Y-12.682 Z12.200 F720 A583.08461; Inset 
G1 X5.380 Y-13.055 Z12.200 F720 A583.09824; Inset 
G1 X5.430 Y-13.441 Z12.200 F720 A583.11187; Inset 
G1 X5.413 Y-13.831 Z12.200 F720 A583.12550; Inset 
G1 X5.331 Y-14.212 Z12.200 F720 A583.13914; Inset 
G1 X5.186 Y-14.574 Z12.200 F720 A583.15277; Inset 
G1 X4.981 Y-14.906 Z12.200 F720 A583.16641; Inset 
G1 X4.724 Y-15.199 Z12.200 F720 A583.18004; Inset 
G1 X4.420 Y-15.444 Z12.200 F720 A583.19367; Inset 
G1 X4.080 Y-15.634 Z12.200 F720 A583.20731; Inset 
G1 X3.712 Y-15.764 Z12.200 F720 A583.22094; Inset 
G1 X3.328 Y-15.830 Z12.200 F720 A583.23458; Inset 
G1 X2.938 Y-15.830 Z12.200 F720 A583.24821; Inset 
G1 X2.553 Y-15.764 Z12.200 F720 A583.26184; Inset 
G1 X2.185 Y-15.634 Z12.200 F720 A583.27548; Inset 
G1 X1.845 Y-15.444 Z12.200 F720 A583.28911; Inset 
G1 X1.845 Y-15.444 Z12.200 F1500 A581.98911; Retract 
G1 X1.845 Y-15.444 Z12.200 F3000; Retract 
G1 X2.502 Y-14.559 Z12.200 F9000; Travel Move 
G1 X2.502 Y-14.559 Z12.200 F1500 A583.28911; Restart 
G1 X4.157 Y-12.903 Z12.200 F1620 A583.37095; Infill 
G1 X3.895 Y-12.605 Z12.200 F1620 A583.38482; Connection 
G1 X2.204 Y-14.296 Z12.200 F1620 A583.46840; Infill 
G1 X2.002 Y-13.938 Z12.200 F1620 A583.48277; Connection 
G1 X3.524 Y-12.416 Z12.200 F1620 A583.55799; Infill 
G1 X3.030 Y-12.350 Z12.200 F1620 A583.57541; Connection 
G1 X1.947 Y-13.433 Z12.200 F1620 A583.62894; Infill 
G1 X1.947 Y-13.433 Z12.200 F1500 A582.32894; Retract 
G1 X1.947 Y-13.433 Z12.200 F3000; Retract 
G1 X2.907 Y-14.713 Z12.200 F9000; Travel Move 
G1 X2.907 Y-14.713 Z12.200 F1500 A583.62894; Restart 
G1 X4.313 Y-13.307 Z12.200 F1620 A583.69843; Infill 
G1 X4.259 Y-13.921 Z12.200 F1620 A583.71997; Connection 
G1 X3.505 Y-14.676 Z12.200 F1620 A583.75726; Infill 
; Chunk 121 
; Lower Position  12.2 
; Upper Position  12.4 
; Thickness       0.2 
; Width           0.4 
G1 X3.505 Y-14.676 Z12.200 F1500 A582.45726; Retract 
G1 X3.505 Y-14.676 Z12.200 F3000; Retract 
G1 X3.505 Y-14.676 Z12.400 F1380; Travel Move 
G1 X2.295 Y-14.779 Z12.400 F9000; Travel Move 
G1 X2.295 Y-14.779 Z12.400 F1500 A583.75726; Restart 
G1 X1.929 Y-14.429 Z12.400 F1620 A583.77494; Inset 
G1 X1.796 Y-14.213 Z12.400 F1620 A583.78381; Inset 
G1 X1.648 Y-13.729 Z12.400 F1620 A583.80150; Inset 
G1 X1.670 Y-13.224 Z12.400 F1620 A583.81918; Inset 
G1 X1.858 Y-12.754 Z12.400 F1620 A583.83686; Inset 
G1 X2.192 Y-12.375 Z12.400 F1620 A583.85454; Inset 
G1 X2.403 Y-12.233 Z12.400 F1620 A583.86342; Inset 
G1 X2.880 Y-12.064 Z12.400 F1620 A583.88110; Inset 
G1 X3.386 Y-12.064 Z12.400 F1620 A583.89878; Inset 
G1 X3.862 Y-12.233 Z12.400 F1620 A583.91647; Inset 
G1 X4.256 Y-12.550 Z12.400 F1620 A583.93415; Inset 
G1 X4.407 Y-12.754 Z12.400 F1620 A583.94302; Inset 
G1 X4.595 Y-13.224 Z12.400 F1620 A583.96070; Inset 
G1 X4.617 Y-13.729 Z12.400 F1620 A583.97838; Inset 
G1 X4.563 Y-13.977 Z12.400 F1620 A583.98726; Inset 
G1 X4.336 Y-14.429 Z12.400 F1620 A584.00494; Inset 
G1 X3.971 Y-14.779 Z12.400 F1620 A584.02262; Inset 
G1 X3.510 Y-14.987 Z12.400 F1620 A584.04030; Inset 
G1 X3.259 Y-15.030 Z12.400 F1620 A584.04918; Inset 
G1 X2.756 Y-14.987 Z12.400 F1620 A584.06686; Inset 
G1 X2.295 Y-14.779 Z12.400 F1620 A584.08454; Inset 
G1 X2.295 Y-14.779 Z12.400 F1500 A582.78454; Retract 
G1 X2.295 Y-14.779 Z12.400 F3000; Retract 
G1 X2.070 Y-15.111 Z12.400 F9000; Travel Move 
G1 X2.070 Y-15.111 Z12.400 F1500 A584.08454; Restart 
G1 X1.819 Y-14.909 Z12.400 F1620 A584.09579; Inset 
G1 X1.607 Y-14.668 Z12.400 F1620 A584.10705; Inset 
G1 X1.438 Y-14.393 Z12.400 F1620 A584.11830; Inset 
G1 X1.318 Y-14.095 Z12.400 F1620 A584.12956; Inset 
G1 X1.250 Y-13.780 Z12.400 F1620 A584.14081; Inset 
G1 X1.236 Y-13.459 Z12.400 F1620 A584.15206; Inset 
G1 X1.277 Y-13.139 Z12.400 F1620 A584.16332; Inset 
G1 X1.372 Y-12.831 Z12.400 F1620 A584.17457; Inset 
G1 X1.517 Y-12.544 Z12.400 F1620 A584.18582; Inset 
G1 X1.708 Y-12.285 Z12.400 F1620 A584.19707; Inset 
G1 X1.940 Y-12.062 Z12.400 F1620 A584.20833; Inset 
G1 X2.207 Y-11.882 Z12.400 F1620 A584.21959; Inset 
G1 X2.500 Y-11.750 Z12.400 F1620 A584.23084; Inset 
G1 X2.812 Y-11.669 Z12.400 F1620 A584.24209; Inset 
G1 X3.133 Y-11.641 Z12.400 F1620 A584.25334; Inset 
G1 X3.453 Y-11.669 Z12.400 F1620 A584.26460; Inset 
G1 X3.765 Y-11.750 Z12.400 F1620 A584.27585; Inset 
G1 X4.058 Y-11.882 Z12.400 F1620 A584.28710; Inset 
G1 X4.325 Y-12.062 Z12.400 F1620 A584.29836; Inset 
G1 X4.557 Y-12.285 Z12.400 F1620 A584.30961; Inset 
G1 X4.749 Y-12.544 Z12.400 F1620 A584.32086; Inset 
G1 X4.894 Y-12.831 Z12.400 F1620 A584.33212; Inset 
G1 X4.988 Y-13.139 Z12.400 F1620 A584.34337; Inset 
G1 X5.029 Y-13.459 Z12.400 F1620 A584.35462; Inset 
G1 X5.015 Y-13.780 Z12.400 F1620 A584.36588; Inset 
G1 X4.947 Y-14.095 Z12.400 F1620 A584.37713; Inset 
G1 X4.827 Y-14.393 Z12.400 F1620 A584.38838; Inset 
G1 X4.658 Y-14.668 Z12.400 F1620 A584.39964; Inset 
G1 X4.446 Y-14.909 Z12.400 F1620 A584.41089; Inset 
G1 X4.195 Y-15.111 Z12.400 F1620 A584.42215; Inset 
G1 X3.914 Y-15.268 Z12.400 F1620 A584.43340; Inset 
G1 X3.611 Y-15.376 Z12.400 F1620 A584.44465; Inset 
G1 X3.294 Y-15.430 Z12.400 F1620 A584.45590; Inset 
G1 X2.972 Y-15.430 Z12.400 F1620 A584.46716; Inset 
G1 X2.654 Y-15.376 Z12.400 F1620 A584.47841; Inset 
G1 X2.351 Y-15.268 Z12.400 F1620 A584.48967; Inset 
G1 X2.070 Y-15.111 Z12.400 F1620 A584.50092; Inset 
G1 X2.070 Y-15.111 Z12.400 F1500 A583.20092; Retract 
G1 X2.070 Y-15.111 Z12.400 F3000; Retract 
G1 X1.845 Y-15.444 Z12.400 F9000; Travel Move 
G1 X1.845 Y-15.444 Z12.400 F1500 A584.50092; Restart 
G1 X1.542 Y-15.199 Z12.400 F720 A584.51455; Inset 
G1 X1.284 Y-14.906 Z12.400 F720 A584.52819; Inset 
G1 X1.079 Y-14.574 Z12.400 F720 A584.54182; Inset 
G1 X0.934 Y-14.212 Z12.400 F720 A584.55545; Inset 
G1 X0.852 Y-13.831 Z12.400 F720 A584.56909; Inset 
G1 X0.835 Y-13.441 Z12.400 F720 A584.58272; Inset 
G1 X0.885 Y-13.055 Z12.400 F720 A584.59636; Inset 
G1 X0.999 Y-12.682 Z12.400 F720 A584.60999; Inset 
G1 X1.175 Y-12.334 Z12.400 F720 A584.62362; Inset 
G1 X1.407 Y-12.020 Z12.400 F720 A584.63726; Inset 
G1 X1.688 Y-11.750 Z12.400 F720 A584.65089; Inset 
G1 X2.011 Y-11.532 Z12.400 F720 A584.66452; Inset 
G1 X2.367 Y-11.371 Z12.400 F720 A584.67816; Inset 
G1 X2.744 Y-11.273 Z12.400 F720 A584.69179; Inset 
G1 X3.133 Y-11.240 Z12.400 F720 A584.70543; Inset 
G1 X3.521 Y-11.273 Z12.400 F720 A584.71906; Inset 
G1 X3.899 Y-11.371 Z12.400 F720 A584.73269; Inset 
G1 X4.254 Y-11.532 Z12.400 F720 A584.74633; Inset 
G1 X4.577 Y-11.750 Z12.400 F720 A584.75996; Inset 
G1 X4.859 Y-12.020 Z12.400 F720 A584.77360; Inset 
G1 X5.090 Y-12.334 Z12.400 F720 A584.78723; Inset 
G1 X5.266 Y-12.682 Z12.400 F720 A584.80087; Inset 
G1 X5.380 Y-13.055 Z12.400 F720 A584.81450; Inset 
G1 X5.430 Y-13.441 Z12.400 F720 A584.82813; Inset 
G1 X5.413 Y-13.831 Z12.400 F720 A584.84176; Inset 
G1 X5.331 Y-14.212 Z12.400 F720 A584.85540; Inset 
G1 X5.186 Y-14.574 Z12.400 F720 A584.86903; Inset 
G1 X4.981 Y-14.906 Z12.400 F720 A584.88266; Inset 
G1 X4.724 Y-15.199 Z12.400 F720 A584.89630; Inset 
G1 X4.420 Y-15.444 Z12.400 F720 A584.90993; Inset 
G1 X4.080 Y-15.634 Z12.400 F720 A584.92357; Inset 
G1 X3.712 Y-15.764 Z12.400 F720 A584.93720; Inset 
G1 X3.328 Y-15.830 Z12.400 F720 A584.95084; Inset 
G1 X2.938 Y-15.830 Z12.400 F720 A584.96447; Inset 
G1 X2.553 Y-15.764 Z12.400 F720 A584.97810; Inset 
G1 X2.185 Y-15.634 Z12.400 F720 A584.99174; Inset 
G1 X1.845 Y-15.444 Z12.400 F720 A585.00537; Inset 
G1 X1.845 Y-15.444 Z12.400 F1500 A583.70537; Retract 
G1 X1.845 Y-15.444 Z12.400 F3000; Retract 
G1 X2.482 Y-14.550 Z12.400 F9000; Travel Move 
G1 X2.482 Y-14.550 Z12.400 F1500 A585.00537; Restart 
G1 X2.112 Y-14.179 Z12.400 F1620 A585.02368; Infill 
G1 X1.946 Y-13.454 Z12.400 F1620 A585.04969; Connection 
G1 X3.233 Y-14.741 Z12.400 F1620 A585.11332; Infill 
G1 X3.658 Y-14.606 Z12.400 F1620 A585.12891; Connection 
G1 X2.063 Y-13.011 Z12.400 F1620 A585.20777; Infill 
G1 X2.299 Y-12.687 Z12.400 F1620 A585.22179; Connection 
G1 X3.983 Y-14.371 Z12.400 F1620 A585.30505; Infill 
G1 X4.212 Y-14.039 Z12.400 F1620 A585.31912; Connection 
G1 X2.629 Y-12.456 Z12.400 F1620 A585.39739; Infill 
G1 X3.083 Y-12.350 Z12.400 F1620 A585.41369; Connection 
G1 X4.325 Y-13.592 Z12.400 F1620 A585.47510; Infill 
G1 X4.062 Y-12.770 Z12.400 F1620 A585.50527; Connection 
G1 X4.021 Y-12.728 Z12.400 F1620 A585.50735; Infill 
; Chunk 122 
; Lower Position  12.4 
; Upper Position  12.6 
; Thickness       0.2 
; Width           0.4 
G1 X4.021 Y-12.728 Z12.400 F1500 A584.20735; Retract 
G1 X4.021 Y-12.728 Z12.400 F3000; Retract 
G1 X4.021 Y-12.728 Z12.600 F1380; Travel Move 
G1 X2.295 Y-14.779 Z12.600 F9000; Travel Move 
G1 X2.295 Y-14.779 Z12.600 F1500 A585.50735; Restart 
G1 X1.929 Y-14.429 Z12.600 F1620 A585.52503; Inset 
G1 X1.796 Y-14.213 Z12.600 F1620 A585.53390; Inset 
G1 X1.648 Y-13.729 Z12.600 F1620 A585.55158; Inset 
G1 X1.670 Y-13.224 Z12.600 F1620 A585.56926; Inset 
G1 X1.858 Y-12.754 Z12.600 F1620 A585.58695; Inset 
G1 X2.193 Y-12.375 Z12.600 F1620 A585.60463; Inset 
G1 X2.634 Y-12.128 Z12.600 F1620 A585.62231; Inset 
G1 X3.133 Y-12.043 Z12.600 F1620 A585.63999; Inset 
G1 X3.386 Y-12.064 Z12.600 F1620 A585.64887; Inset 
G1 X3.862 Y-12.233 Z12.600 F1620 A585.66655; Inset 
G1 X4.256 Y-12.550 Z12.600 F1620 A585.68423; Inset 
G1 X4.407 Y-12.754 Z12.600 F1620 A585.69310; Inset 
G1 X4.595 Y-13.224 Z12.600 F1620 A585.71079; Inset 
G1 X4.617 Y-13.729 Z12.600 F1620 A585.72847; Inset 
G1 X4.563 Y-13.977 Z12.600 F1620 A585.73734; Inset 
G1 X4.336 Y-14.429 Z12.600 F1620 A585.75502; Inset 
G1 X4.168 Y-14.619 Z12.600 F1620 A585.76390; Inset 
G1 X3.749 Y-14.903 Z12.600 F1620 A585.78158; Inset 
G1 X3.510 Y-14.987 Z12.600 F1620 A585.79045; Inset 
G1 X3.006 Y-15.030 Z12.600 F1620 A585.80813; Inset 
G1 X2.516 Y-14.903 Z12.600 F1620 A585.82582; Inset 
G1 X2.295 Y-14.779 Z12.600 F1620 A585.83469; Inset 
G1 X2.295 Y-14.779 Z12.600 F1500 A584.53469; Retract 
G1 X2.295 Y-14.779 Z12.600 F3000; Retract 
G1 X2.070 Y-15.111 Z12.600 F9000; Travel Move 
G1 X2.070 Y-15.111 Z12.600 F1500 A585.83469; Restart 
G1 X1.819 Y-14.909 Z12.600 F1620 A585.84594; Inset 
G1 X1.607 Y-14.668 Z12.600 F1620 A585.85720; Inset 
G1 X1.438 Y-14.393 Z12.600 F1620 A585.86845; Inset 
G1 X1.318 Y-14.095 Z12.600 F1620 A585.87971; Inset 
G1 X1.250 Y-13.780 Z12.600 F1620 A585.89096; Inset 
G1 X1.236 Y-13.459 Z12.600 F1620 A585.90221; Inset 
G1 X1.277 Y-13.139 Z12.600 F1620 A585.91347; Inset 
M73 P94; Update Progress 
G1 X1.372 Y-12.831 Z12.600 F1620 A585.92472; Inset 
G1 X1.516 Y-12.544 Z12.600 F1620 A585.93597; Inset 
G1 X1.708 Y-12.285 Z12.600 F1620 A585.94723; Inset 
G1 X1.940 Y-12.063 Z12.600 F1620 A585.95848; Inset 
G1 X2.207 Y-11.882 Z12.600 F1620 A585.96973; Inset 
G1 X2.500 Y-11.750 Z12.600 F1620 A585.98098; Inset 
G1 X2.812 Y-11.669 Z12.600 F1620 A585.99224; Inset 
G1 X3.133 Y-11.641 Z12.600 F1620 A586.00349; Inset 
G1 X3.453 Y-11.669 Z12.600 F1620 A586.01475; Inset 
G1 X3.765 Y-11.750 Z12.600 F1620 A586.02600; Inset 
G1 X4.058 Y-11.882 Z12.600 F1620 A586.03725; Inset 
G1 X4.325 Y-12.062 Z12.600 F1620 A586.04851; Inset 
G1 X4.557 Y-12.285 Z12.600 F1620 A586.05976; Inset 
G1 X4.749 Y-12.544 Z12.600 F1620 A586.07101; Inset 
G1 X4.894 Y-12.831 Z12.600 F1620 A586.08227; Inset 
G1 X4.988 Y-13.139 Z12.600 F1620 A586.09352; Inset 
G1 X5.029 Y-13.459 Z12.600 F1620 A586.10477; Inset 
G1 X5.015 Y-13.780 Z12.600 F1620 A586.11603; Inset 
G1 X4.947 Y-14.095 Z12.600 F1620 A586.12728; Inset 
G1 X4.827 Y-14.393 Z12.600 F1620 A586.13853; Inset 
G1 X4.658 Y-14.668 Z12.600 F1620 A586.14979; Inset 
G1 X4.446 Y-14.909 Z12.600 F1620 A586.16104; Inset 
G1 X4.195 Y-15.111 Z12.600 F1620 A586.17229; Inset 
G1 X3.914 Y-15.268 Z12.600 F1620 A586.18355; Inset 
G1 X3.611 Y-15.376 Z12.600 F1620 A586.19480; Inset 
G1 X3.294 Y-15.430 Z12.600 F1620 A586.20605; Inset 
G1 X2.972 Y-15.430 Z12.600 F1620 A586.21731; Inset 
G1 X2.654 Y-15.376 Z12.600 F1620 A586.22856; Inset 
G1 X2.351 Y-15.268 Z12.600 F1620 A586.23982; Inset 
G1 X2.070 Y-15.111 Z12.600 F1620 A586.25107; Inset 
G1 X2.070 Y-15.111 Z12.600 F1500 A584.95107; Retract 
G1 X2.070 Y-15.111 Z12.600 F3000; Retract 
G1 X1.845 Y-15.444 Z12.600 F9000; Travel Move 
G1 X1.845 Y-15.444 Z12.600 F1500 A586.25107; Restart 
G1 X1.542 Y-15.199 Z12.600 F720 A586.26470; Inset 
G1 X1.284 Y-14.906 Z12.600 F720 A586.27833; Inset 
G1 X1.079 Y-14.574 Z12.600 F720 A586.29197; Inset 
G1 X0.934 Y-14.212 Z12.600 F720 A586.30560; Inset 
G1 X0.852 Y-13.831 Z12.600 F720 A586.31924; Inset 
G1 X0.835 Y-13.441 Z12.600 F720 A586.33287; Inset 
G1 X0.885 Y-13.055 Z12.600 F720 A586.34650; Inset 
G1 X0.999 Y-12.682 Z12.600 F720 A586.36013; Inset 
G1 X1.175 Y-12.334 Z12.600 F720 A586.37377; Inset 
G1 X1.407 Y-12.020 Z12.600 F720 A586.38741; Inset 
G1 X1.688 Y-11.750 Z12.600 F720 A586.40104; Inset 
G1 X2.011 Y-11.532 Z12.600 F720 A586.41467; Inset 
G1 X2.367 Y-11.371 Z12.600 F720 A586.42831; Inset 
G1 X2.744 Y-11.273 Z12.600 F720 A586.44194; Inset 
G1 X3.133 Y-11.240 Z12.600 F720 A586.45557; Inset 
G1 X3.521 Y-11.273 Z12.600 F720 A586.46921; Inset 
G1 X3.899 Y-11.371 Z12.600 F720 A586.48284; Inset 
G1 X4.254 Y-11.532 Z12.600 F720 A586.49648; Inset 
G1 X4.577 Y-11.750 Z12.600 F720 A586.51011; Inset 
G1 X4.859 Y-12.020 Z12.600 F720 A586.52374; Inset 
G1 X5.090 Y-12.334 Z12.600 F720 A586.53738; Inset 
G1 X5.266 Y-12.682 Z12.600 F720 A586.55101; Inset 
G1 X5.380 Y-13.055 Z12.600 F720 A586.56464; Inset 
G1 X5.430 Y-13.441 Z12.600 F720 A586.57828; Inset 
G1 X5.413 Y-13.831 Z12.600 F720 A586.59191; Inset 
G1 X5.331 Y-14.212 Z12.600 F720 A586.60555; Inset 
G1 X5.186 Y-14.574 Z12.600 F720 A586.61918; Inset 
G1 X4.981 Y-14.906 Z12.600 F720 A586.63281; Inset 
G1 X4.724 Y-15.199 Z12.600 F720 A586.64645; Inset 
G1 X4.420 Y-15.444 Z12.600 F720 A586.66008; Inset 
G1 X4.080 Y-15.634 Z12.600 F720 A586.67372; Inset 
G1 X3.712 Y-15.764 Z12.600 F720 A586.68735; Inset 
G1 X3.328 Y-15.830 Z12.600 F720 A586.70099; Inset 
G1 X2.938 Y-15.830 Z12.600 F720 A586.71462; Inset 
G1 X2.553 Y-15.764 Z12.600 F720 A586.72825; Inset 
G1 X2.185 Y-15.634 Z12.600 F720 A586.74189; Inset 
G1 X1.845 Y-15.444 Z12.600 F720 A586.75552; Inset 
G1 X1.845 Y-15.444 Z12.600 F1500 A585.45552; Retract 
G1 X1.845 Y-15.444 Z12.600 F3000; Retract 
G1 X2.496 Y-14.564 Z12.600 F9000; Travel Move 
G1 X2.496 Y-14.564 Z12.600 F1500 A586.75552; Restart 
G1 X4.158 Y-12.902 Z12.600 F1620 A586.83767; Infill 
G1 X3.883 Y-12.617 Z12.600 F1620 A586.85152; Connection 
G1 X2.204 Y-14.296 Z12.600 F1620 A586.93453; Infill 
G1 X2.009 Y-13.931 Z12.600 F1620 A586.94900; Connection 
G1 X3.524 Y-12.416 Z12.600 F1620 A587.02387; Infill 
G1 X3.029 Y-12.351 Z12.600 F1620 A587.04130; Connection 
G1 X1.947 Y-13.433 Z12.600 F1620 A587.09482; Infill 
G1 X1.947 Y-13.433 Z12.600 F1500 A585.79482; Retract 
G1 X1.947 Y-13.433 Z12.600 F3000; Retract 
G1 X2.910 Y-14.710 Z12.600 F9000; Travel Move 
G1 X2.910 Y-14.710 Z12.600 F1500 A587.09482; Restart 
G1 X4.313 Y-13.307 Z12.600 F1620 A587.16414; Infill 
G1 X4.284 Y-13.896 Z12.600 F1620 A587.18475; Connection 
G1 X3.489 Y-14.691 Z12.600 F1620 A587.22405; Infill 
; Chunk 123 
; Lower Position  12.6 
; Upper Position  12.8 
; Thickness       0.2 
; Width           0.4 
G1 X3.489 Y-14.691 Z12.600 F1500 A585.92405; Retract 
G1 X3.489 Y-14.691 Z12.600 F3000; Retract 
G1 X3.489 Y-14.691 Z12.800 F1380; Travel Move 
G1 X2.097 Y-14.619 Z12.800 F9000; Travel Move 
G1 X2.097 Y-14.619 Z12.800 F1500 A587.22405; Restart 
G1 X1.929 Y-14.429 Z12.800 F1620 A587.23292; Inset 
G1 X1.702 Y-13.977 Z12.800 F1620 A587.25060; Inset 
G1 X1.648 Y-13.729 Z12.800 F1620 A587.25948; Inset 
G1 X1.670 Y-13.224 Z12.800 F1620 A587.27716; Inset 
G1 X1.858 Y-12.754 Z12.800 F1620 A587.29484; Inset 
G1 X2.193 Y-12.375 Z12.800 F1620 A587.31252; Inset 
G1 X2.634 Y-12.128 Z12.800 F1620 A587.33020; Inset 
G1 X3.133 Y-12.043 Z12.800 F1620 A587.34789; Inset 
G1 X3.631 Y-12.128 Z12.800 F1620 A587.36557; Inset 
G1 X4.073 Y-12.375 Z12.800 F1620 A587.38325; Inset 
G1 X4.407 Y-12.754 Z12.800 F1620 A587.40093; Inset 
G1 X4.595 Y-13.224 Z12.800 F1620 A587.41862; Inset 
G1 X4.617 Y-13.729 Z12.800 F1620 A587.43630; Inset 
G1 X4.563 Y-13.977 Z12.800 F1620 A587.44517; Inset 
G1 X4.336 Y-14.429 Z12.800 F1620 A587.46285; Inset 
G1 X4.168 Y-14.619 Z12.800 F1620 A587.47173; Inset 
G1 X3.749 Y-14.903 Z12.800 F1620 A587.48941; Inset 
G1 X3.259 Y-15.030 Z12.800 F1620 A587.50709; Inset 
G1 X3.006 Y-15.030 Z12.800 F1620 A587.51596; Inset 
G1 X2.516 Y-14.903 Z12.800 F1620 A587.53365; Inset 
G1 X2.097 Y-14.619 Z12.800 F1620 A587.55133; Inset 
G1 X2.097 Y-14.619 Z12.800 F1500 A586.25133; Retract 
G1 X2.097 Y-14.619 Z12.800 F3000; Retract 
G1 X2.070 Y-15.111 Z12.800 F9000; Travel Move 
G1 X2.070 Y-15.111 Z12.800 F1500 A587.55133; Restart 
G1 X1.819 Y-14.909 Z12.800 F1620 A587.56258; Inset 
G1 X1.607 Y-14.668 Z12.800 F1620 A587.57383; Inset 
G1 X1.438 Y-14.393 Z12.800 F1620 A587.58509; Inset 
G1 X1.318 Y-14.095 Z12.800 F1620 A587.59634; Inset 
G1 X1.250 Y-13.780 Z12.800 F1620 A587.60759; Inset 
G1 X1.236 Y-13.459 Z12.800 F1620 A587.61885; Inset 
G1 X1.277 Y-13.139 Z12.800 F1620 A587.63010; Inset 
G1 X1.372 Y-12.831 Z12.800 F1620 A587.64135; Inset 
G1 X1.517 Y-12.544 Z12.800 F1620 A587.65261; Inset 
G1 X1.708 Y-12.285 Z12.800 F1620 A587.66386; Inset 
G1 X1.940 Y-12.063 Z12.800 F1620 A587.67511; Inset 
G1 X2.207 Y-11.882 Z12.800 F1620 A587.68637; Inset 
G1 X2.500 Y-11.750 Z12.800 F1620 A587.69762; Inset 
G1 X2.812 Y-11.669 Z12.800 F1620 A587.70887; Inset 
G1 X3.133 Y-11.641 Z12.800 F1620 A587.72013; Inset 
G1 X3.453 Y-11.669 Z12.800 F1620 A587.73138; Inset 
G1 X3.765 Y-11.750 Z12.800 F1620 A587.74264; Inset 
G1 X4.058 Y-11.882 Z12.800 F1620 A587.75389; Inset 
G1 X4.325 Y-12.063 Z12.800 F1620 A587.76514; Inset 
G1 X4.557 Y-12.285 Z12.800 F1620 A587.77639; Inset 
G1 X4.749 Y-12.544 Z12.800 F1620 A587.78765; Inset 
G1 X4.894 Y-12.831 Z12.800 F1620 A587.79890; Inset 
G1 X4.988 Y-13.139 Z12.800 F1620 A587.81016; Inset 
G1 X5.029 Y-13.459 Z12.800 F1620 A587.82141; Inset 
G1 X5.015 Y-13.780 Z12.800 F1620 A587.83266; Inset 
G1 X4.947 Y-14.095 Z12.800 F1620 A587.84392; Inset 
G1 X4.827 Y-14.393 Z12.800 F1620 A587.85517; Inset 
G1 X4.658 Y-14.668 Z12.800 F1620 A587.86642; Inset 
G1 X4.446 Y-14.909 Z12.800 F1620 A587.87767; Inset 
G1 X4.195 Y-15.111 Z12.800 F1620 A587.88893; Inset 
G1 X3.914 Y-15.268 Z12.800 F1620 A587.90018; Inset 
G1 X3.611 Y-15.376 Z12.800 F1620 A587.91144; Inset 
G1 X3.294 Y-15.430 Z12.800 F1620 A587.92269; Inset 
G1 X2.972 Y-15.430 Z12.800 F1620 A587.93394; Inset 
G1 X2.654 Y-15.376 Z12.800 F1620 A587.94520; Inset 
G1 X2.351 Y-15.268 Z12.800 F1620 A587.95645; Inset 
G1 X2.070 Y-15.111 Z12.800 F1620 A587.96770; Inset 
G1 X2.070 Y-15.111 Z12.800 F1500 A586.66770; Retract 
G1 X2.070 Y-15.111 Z12.800 F3000; Retract 
G1 X1.845 Y-15.444 Z12.800 F9000; Travel Move 
G1 X1.845 Y-15.444 Z12.800 F1500 A587.96770; Restart 
G1 X1.542 Y-15.199 Z12.800 F720 A587.98134; Inset 
G1 X1.284 Y-14.906 Z12.800 F720 A587.99497; Inset 
G1 X1.079 Y-14.574 Z12.800 F720 A588.00860; Inset 
G1 X0.934 Y-14.212 Z12.800 F720 A588.02224; Inset 
G1 X0.852 Y-13.831 Z12.800 F720 A588.03587; Inset 
G1 X0.835 Y-13.441 Z12.800 F720 A588.04951; Inset 
G1 X0.885 Y-13.055 Z12.800 F720 A588.06314; Inset 
G1 X0.999 Y-12.682 Z12.800 F720 A588.07677; Inset 
G1 X1.175 Y-12.334 Z12.800 F720 A588.09041; Inset 
G1 X1.407 Y-12.020 Z12.800 F720 A588.10404; Inset 
G1 X1.688 Y-11.750 Z12.800 F720 A588.11767; Inset 
G1 X2.011 Y-11.532 Z12.800 F720 A588.13131; Inset 
G1 X2.367 Y-11.371 Z12.800 F720 A588.14494; Inset 
G1 X2.744 Y-11.273 Z12.800 F720 A588.15858; Inset 
G1 X3.133 Y-11.240 Z12.800 F720 A588.17221; Inset 
G1 X3.521 Y-11.273 Z12.800 F720 A588.18584; Inset 
G1 X3.899 Y-11.371 Z12.800 F720 A588.19948; Inset 
G1 X4.254 Y-11.532 Z12.800 F720 A588.21311; Inset 
G1 X4.577 Y-11.750 Z12.800 F720 A588.22675; Inset 
G1 X4.859 Y-12.020 Z12.800 F720 A588.24038; Inset 
G1 X5.090 Y-12.334 Z12.800 F720 A588.25401; Inset 
G1 X5.266 Y-12.682 Z12.800 F720 A588.26765; Inset 
G1 X5.380 Y-13.055 Z12.800 F720 A588.28128; Inset 
G1 X5.430 Y-13.441 Z12.800 F720 A588.29491; Inset 
G1 X5.413 Y-13.831 Z12.800 F720 A588.30855; Inset 
G1 X5.331 Y-14.212 Z12.800 F720 A588.32218; Inset 
G1 X5.186 Y-14.574 Z12.800 F720 A588.33582; Inset 
G1 X4.981 Y-14.906 Z12.800 F720 A588.34945; Inset 
G1 X4.724 Y-15.199 Z12.800 F720 A588.36308; Inset 
G1 X4.420 Y-15.444 Z12.800 F720 A588.37672; Inset 
G1 X4.080 Y-15.634 Z12.800 F720 A588.39035; Inset 
G1 X3.712 Y-15.764 Z12.800 F720 A588.40399; Inset 
G1 X3.328 Y-15.830 Z12.800 F720 A588.41762; Inset 
G1 X2.938 Y-15.830 Z12.800 F720 A588.43125; Inset 
G1 X2.553 Y-15.764 Z12.800 F720 A588.44489; Inset 
G1 X2.186 Y-15.634 Z12.800 F720 A588.45852; Inset 
G1 X1.845 Y-15.444 Z12.800 F720 A588.47216; Inset 
G1 X1.845 Y-15.444 Z12.800 F1500 A587.17216; Retract 
G1 X1.845 Y-15.444 Z12.800 F3000; Retract 
G1 X2.435 Y-14.502 Z12.800 F9000; Travel Move 
G1 X2.435 Y-14.502 Z12.800 F1500 A588.47216; Restart 
G1 X2.136 Y-14.204 Z12.800 F1620 A588.48689; Infill 
G1 X1.946 Y-13.454 Z12.800 F1620 A588.51395; Connection 
M73 P95; Update Progress 
G1 X3.234 Y-14.741 Z12.800 F1620 A588.57760; Infill 
G1 X3.666 Y-14.614 Z12.800 F1620 A588.59336; Connection 
G1 X2.063 Y-13.011 Z12.800 F1620 A588.67259; Infill 
G1 X2.299 Y-12.687 Z12.800 F1620 A588.68660; Connection 
G1 X3.995 Y-14.383 Z12.800 F1620 A588.77046; Infill 
G1 X4.212 Y-14.039 Z12.800 F1620 A588.78466; Connection 
G1 X2.630 Y-12.458 Z12.800 F1620 A588.86284; Infill 
G1 X3.075 Y-12.343 Z12.800 F1620 A588.87891; Connection 
G1 X4.325 Y-13.592 Z12.800 F1620 A588.94069; Infill 
; Chunk 124 
; Lower Position  12.8 
; Upper Position  13 
; Thickness       0.2 
; Width           0.4 
G1 X4.325 Y-13.592 Z12.800 F1500 A587.64069; Retract 
G1 X4.325 Y-13.592 Z12.800 F3000; Retract 
G1 X4.325 Y-13.592 Z13.000 F1380; Travel Move 
G1 X2.097 Y-14.619 Z13.000 F9000; Travel Move 
G1 X2.097 Y-14.619 Z13.000 F1500 A588.94069; Restart 
G1 X1.929 Y-14.429 Z13.000 F1620 A588.94956; Inset 
G1 X1.702 Y-13.977 Z13.000 F1620 A588.96724; Inset 
G1 X1.648 Y-13.729 Z13.000 F1620 A588.97612; Inset 
G1 X1.670 Y-13.224 Z13.000 F1620 A588.99380; Inset 
G1 X1.858 Y-12.754 Z13.000 F1620 A589.01148; Inset 
G1 X2.193 Y-12.375 Z13.000 F1620 A589.02917; Inset 
G1 X2.634 Y-12.128 Z13.000 F1620 A589.04685; Inset 
G1 X3.133 Y-12.043 Z13.000 F1620 A589.06453; Inset 
G1 X3.631 Y-12.128 Z13.000 F1620 A589.08221; Inset 
G1 X4.073 Y-12.375 Z13.000 F1620 A589.09989; Inset 
G1 X4.407 Y-12.754 Z13.000 F1620 A589.11757; Inset 
G1 X4.595 Y-13.224 Z13.000 F1620 A589.13526; Inset 
G1 X4.617 Y-13.729 Z13.000 F1620 A589.15294; Inset 
G1 X4.563 Y-13.977 Z13.000 F1620 A589.16181; Inset 
G1 X4.336 Y-14.429 Z13.000 F1620 A589.17949; Inset 
G1 X4.168 Y-14.619 Z13.000 F1620 A589.18837; Inset 
G1 X3.749 Y-14.903 Z13.000 F1620 A589.20605; Inset 
G1 X3.259 Y-15.030 Z13.000 F1620 A589.22373; Inset 
G1 X3.006 Y-15.030 Z13.000 F1620 A589.23261; Inset 
G1 X2.516 Y-14.903 Z13.000 F1620 A589.25029; Inset 
G1 X2.097 Y-14.619 Z13.000 F1620 A589.26797; Inset 
G1 X2.097 Y-14.619 Z13.000 F1500 A587.96797; Retract 
G1 X2.097 Y-14.619 Z13.000 F3000; Retract 
G1 X2.070 Y-15.111 Z13.000 F9000; Travel Move 
G1 X2.070 Y-15.111 Z13.000 F1500 A589.26797; Restart 
G1 X1.819 Y-14.909 Z13.000 F1620 A589.27922; Inset 
G1 X1.607 Y-14.668 Z13.000 F1620 A589.29047; Inset 
G1 X1.438 Y-14.393 Z13.000 F1620 A589.30173; Inset 
G1 X1.318 Y-14.095 Z13.000 F1620 A589.31298; Inset 
G1 X1.250 Y-13.780 Z13.000 F1620 A589.32424; Inset 
G1 X1.236 Y-13.459 Z13.000 F1620 A589.33549; Inset 
G1 X1.277 Y-13.139 Z13.000 F1620 A589.34674; Inset 
G1 X1.372 Y-12.831 Z13.000 F1620 A589.35800; Inset 
G1 X1.517 Y-12.544 Z13.000 F1620 A589.36925; Inset 
G1 X1.708 Y-12.285 Z13.000 F1620 A589.38050; Inset 
G1 X1.940 Y-12.062 Z13.000 F1620 A589.39176; Inset 
G1 X2.207 Y-11.882 Z13.000 F1620 A589.40301; Inset 
G1 X2.500 Y-11.750 Z13.000 F1620 A589.41426; Inset 
G1 X2.812 Y-11.669 Z13.000 F1620 A589.42552; Inset 
G1 X3.133 Y-11.641 Z13.000 F1620 A589.43677; Inset 
G1 X3.453 Y-11.669 Z13.000 F1620 A589.44802; Inset 
G1 X3.765 Y-11.750 Z13.000 F1620 A589.45928; Inset 
G1 X4.058 Y-11.882 Z13.000 F1620 A589.47053; Inset 
G1 X4.325 Y-12.063 Z13.000 F1620 A589.48178; Inset 
G1 X4.557 Y-12.285 Z13.000 F1620 A589.49303; Inset 
G1 X4.749 Y-12.544 Z13.000 F1620 A589.50429; Inset 
G1 X4.894 Y-12.831 Z13.000 F1620 A589.51554; Inset 
G1 X4.988 Y-13.139 Z13.000 F1620 A589.52680; Inset 
G1 X5.029 Y-13.459 Z13.000 F1620 A589.53805; Inset 
G1 X5.015 Y-13.780 Z13.000 F1620 A589.54930; Inset 
G1 X4.947 Y-14.095 Z13.000 F1620 A589.56056; Inset 
G1 X4.827 Y-14.393 Z13.000 F1620 A589.57181; Inset 
G1 X4.658 Y-14.668 Z13.000 F1620 A589.58306; Inset 
G1 X4.446 Y-14.909 Z13.000 F1620 A589.59432; Inset 
G1 X4.195 Y-15.111 Z13.000 F1620 A589.60557; Inset 
G1 X3.914 Y-15.268 Z13.000 F1620 A589.61682; Inset 
G1 X3.611 Y-15.376 Z13.000 F1620 A589.62808; Inset 
G1 X3.294 Y-15.430 Z13.000 F1620 A589.63933; Inset 
G1 X2.972 Y-15.430 Z13.000 F1620 A589.65058; Inset 
G1 X2.654 Y-15.376 Z13.000 F1620 A589.66184; Inset 
G1 X2.351 Y-15.268 Z13.000 F1620 A589.67309; Inset 
G1 X2.070 Y-15.111 Z13.000 F1620 A589.68434; Inset 
G1 X2.070 Y-15.111 Z13.000 F1500 A588.38434; Retract 
G1 X2.070 Y-15.111 Z13.000 F3000; Retract 
G1 X1.845 Y-15.444 Z13.000 F9000; Travel Move 
G1 X1.845 Y-15.444 Z13.000 F1500 A589.68434; Restart 
G1 X1.542 Y-15.199 Z13.000 F720 A589.69798; Inset 
G1 X1.284 Y-14.906 Z13.000 F720 A589.71161; Inset 
G1 X1.079 Y-14.574 Z13.000 F720 A589.72525; Inset 
G1 X0.934 Y-14.212 Z13.000 F720 A589.73888; Inset 
G1 X0.852 Y-13.831 Z13.000 F720 A589.75251; Inset 
G1 X0.835 Y-13.441 Z13.000 F720 A589.76615; Inset 
G1 X0.885 Y-13.055 Z13.000 F720 A589.77978; Inset 
G1 X0.999 Y-12.682 Z13.000 F720 A589.79341; Inset 
G1 X1.175 Y-12.334 Z13.000 F720 A589.80705; Inset 
G1 X1.407 Y-12.020 Z13.000 F720 A589.82068; Inset 
G1 X1.688 Y-11.750 Z13.000 F720 A589.83432; Inset 
G1 X2.011 Y-11.532 Z13.000 F720 A589.84795; Inset 
G1 X2.367 Y-11.371 Z13.000 F720 A589.86158; Inset 
G1 X2.744 Y-11.273 Z13.000 F720 A589.87522; Inset 
G1 X3.133 Y-11.240 Z13.000 F720 A589.88885; Inset 
G1 X3.521 Y-11.273 Z13.000 F720 A589.90248; Inset 
G1 X3.899 Y-11.371 Z13.000 F720 A589.91612; Inset 
G1 X4.254 Y-11.532 Z13.000 F720 A589.92975; Inset 
G1 X4.577 Y-11.750 Z13.000 F720 A589.94339; Inset 
G1 X4.859 Y-12.020 Z13.000 F720 A589.95702; Inset 
G1 X5.090 Y-12.334 Z13.000 F720 A589.97066; Inset 
G1 X5.266 Y-12.682 Z13.000 F720 A589.98429; Inset 
G1 X5.380 Y-13.055 Z13.000 F720 A589.99792; Inset 
G1 X5.430 Y-13.441 Z13.000 F720 A590.01155; Inset 
G1 X5.413 Y-13.831 Z13.000 F720 A590.02519; Inset 
G1 X5.331 Y-14.212 Z13.000 F720 A590.03882; Inset 
G1 X5.186 Y-14.574 Z13.000 F720 A590.05246; Inset 
G1 X4.981 Y-14.906 Z13.000 F720 A590.06609; Inset 
G1 X4.724 Y-15.199 Z13.000 F720 A590.07973; Inset 
G1 X4.420 Y-15.444 Z13.000 F720 A590.09336; Inset 
G1 X4.080 Y-15.634 Z13.000 F720 A590.10699; Inset 
G1 X3.712 Y-15.764 Z13.000 F720 A590.12063; Inset 
G1 X3.328 Y-15.830 Z13.000 F720 A590.13426; Inset 
G1 X2.938 Y-15.830 Z13.000 F720 A590.14789; Inset 
G1 X2.553 Y-15.764 Z13.000 F720 A590.16153; Inset 
G1 X2.186 Y-15.634 Z13.000 F720 A590.17516; Inset 
G1 X1.845 Y-15.444 Z13.000 F720 A590.18880; Inset 
G1 X1.845 Y-15.444 Z13.000 F1500 A588.88880; Retract 
G1 X1.845 Y-15.444 Z13.000 F3000; Retract 
G1 X2.508 Y-14.552 Z13.000 F9000; Travel Move 
G1 X2.508 Y-14.552 Z13.000 F1500 A590.18880; Restart 
G1 X4.157 Y-12.903 Z13.000 F1620 A590.27031; Infill 
G1 X3.895 Y-12.605 Z13.000 F1620 A590.28418; Connection 
G1 X2.198 Y-14.302 Z13.000 F1620 A590.36804; Infill 
G1 X2.002 Y-13.938 Z13.000 F1620 A590.38249; Connection 
G1 X3.537 Y-12.403 Z13.000 F1620 A590.45837; Infill 
G1 X3.029 Y-12.351 Z13.000 F1620 A590.47620; Connection 
G1 X1.947 Y-13.433 Z13.000 F1620 A590.52971; Infill 
G1 X2.910 Y-14.710 Z13.000 F1620 A590.58563; Connection 
G1 X4.313 Y-13.307 Z13.000 F1620 A590.65496; Infill 
G1 X4.284 Y-13.896 Z13.000 F1620 A590.67557; Connection 
G1 X3.511 Y-14.669 Z13.000 F1620 A590.71377; Infill 
; Chunk 125 
; Lower Position  13 
; Upper Position  13.2 
; Thickness       0.2 
; Width           0.4 
G1 X3.511 Y-14.669 Z13.000 F1500 A589.41377; Retract 
G1 X3.511 Y-14.669 Z13.000 F3000; Retract 
G1 X3.511 Y-14.669 Z13.200 F1380; Travel Move 
G1 X2.097 Y-14.619 Z13.200 F9000; Travel Move 
G1 X2.097 Y-14.619 Z13.200 F1500 A590.71377; Restart 
G1 X1.929 Y-14.429 Z13.200 F1620 A590.72265; Inset 
G1 X1.702 Y-13.977 Z13.200 F1620 A590.74033; Inset 
G1 X1.648 Y-13.729 Z13.200 F1620 A590.74920; Inset 
G1 X1.670 Y-13.224 Z13.200 F1620 A590.76688; Inset 
G1 X1.858 Y-12.754 Z13.200 F1620 A590.78457; Inset 
G1 X2.009 Y-12.550 Z13.200 F1620 A590.79344; Inset 
G1 X2.403 Y-12.233 Z13.200 F1620 A590.81112; Inset 
G1 X2.880 Y-12.064 Z13.200 F1620 A590.82880; Inset 
G1 X3.133 Y-12.043 Z13.200 F1620 A590.83767; Inset 
G1 X3.631 Y-12.128 Z13.200 F1620 A590.85536; Inset 
G1 X4.073 Y-12.375 Z13.200 F1620 A590.87304; Inset 
G1 X4.407 Y-12.754 Z13.200 F1620 A590.89072; Inset 
G1 X4.595 Y-13.224 Z13.200 F1620 A590.90840; Inset 
G1 X4.617 Y-13.729 Z13.200 F1620 A590.92609; Inset 
G1 X4.469 Y-14.213 Z13.200 F1620 A590.94377; Inset 
G1 X4.336 Y-14.429 Z13.200 F1620 A590.95264; Inset 
G1 X3.971 Y-14.779 Z13.200 F1620 A590.97032; Inset 
G1 X3.749 Y-14.903 Z13.200 F1620 A590.97920; Inset 
G1 X3.259 Y-15.030 Z13.200 F1620 A590.99688; Inset 
G1 X2.756 Y-14.987 Z13.200 F1620 A591.01456; Inset 
G1 X2.516 Y-14.903 Z13.200 F1620 A591.02343; Inset 
G1 X2.097 Y-14.619 Z13.200 F1620 A591.04111; Inset 
G1 X2.097 Y-14.619 Z13.200 F1500 A589.74111; Retract 
G1 X2.097 Y-14.619 Z13.200 F3000; Retract 
G1 X2.070 Y-15.111 Z13.200 F9000; Travel Move 
G1 X2.070 Y-15.111 Z13.200 F1500 A591.04111; Restart 
G1 X1.819 Y-14.909 Z13.200 F1620 A591.05237; Inset 
G1 X1.607 Y-14.668 Z13.200 F1620 A591.06362; Inset 
G1 X1.438 Y-14.393 Z13.200 F1620 A591.07487; Inset 
G1 X1.318 Y-14.095 Z13.200 F1620 A591.08613; Inset 
G1 X1.250 Y-13.780 Z13.200 F1620 A591.09738; Inset 
G1 X1.236 Y-13.459 Z13.200 F1620 A591.10863; Inset 
G1 X1.277 Y-13.139 Z13.200 F1620 A591.11989; Inset 
G1 X1.372 Y-12.831 Z13.200 F1620 A591.13114; Inset 
G1 X1.517 Y-12.544 Z13.200 F1620 A591.14240; Inset 
G1 X1.708 Y-12.285 Z13.200 F1620 A591.15365; Inset 
G1 X1.940 Y-12.062 Z13.200 F1620 A591.16490; Inset 
G1 X2.207 Y-11.882 Z13.200 F1620 A591.17616; Inset 
G1 X2.500 Y-11.750 Z13.200 F1620 A591.18741; Inset 
G1 X2.812 Y-11.669 Z13.200 F1620 A591.19866; Inset 
G1 X3.133 Y-11.641 Z13.200 F1620 A591.20991; Inset 
G1 X3.453 Y-11.669 Z13.200 F1620 A591.22117; Inset 
G1 X3.765 Y-11.750 Z13.200 F1620 A591.23242; Inset 
G1 X4.058 Y-11.882 Z13.200 F1620 A591.24367; Inset 
G1 X4.325 Y-12.062 Z13.200 F1620 A591.25493; Inset 
G1 X4.557 Y-12.285 Z13.200 F1620 A591.26618; Inset 
G1 X4.749 Y-12.544 Z13.200 F1620 A591.27743; Inset 
G1 X4.894 Y-12.831 Z13.200 F1620 A591.28869; Inset 
G1 X4.988 Y-13.139 Z13.200 F1620 A591.29994; Inset 
G1 X5.029 Y-13.459 Z13.200 F1620 A591.31120; Inset 
G1 X5.015 Y-13.780 Z13.200 F1620 A591.32245; Inset 
G1 X4.947 Y-14.095 Z13.200 F1620 A591.33370; Inset 
G1 X4.827 Y-14.393 Z13.200 F1620 A591.34496; Inset 
G1 X4.658 Y-14.668 Z13.200 F1620 A591.35621; Inset 
G1 X4.446 Y-14.909 Z13.200 F1620 A591.36746; Inset 
G1 X4.195 Y-15.111 Z13.200 F1620 A591.37872; Inset 
G1 X3.914 Y-15.268 Z13.200 F1620 A591.38997; Inset 
G1 X3.611 Y-15.376 Z13.200 F1620 A591.40122; Inset 
G1 X3.294 Y-15.430 Z13.200 F1620 A591.41248; Inset 
G1 X2.972 Y-15.430 Z13.200 F1620 A591.42373; Inset 
G1 X2.654 Y-15.376 Z13.200 F1620 A591.43498; Inset 
G1 X2.351 Y-15.268 Z13.200 F1620 A591.44624; Inset 
G1 X2.070 Y-15.111 Z13.200 F1620 A591.45749; Inset 
G1 X2.070 Y-15.111 Z13.200 F1500 A590.15749; Retract 
G1 X2.070 Y-15.111 Z13.200 F3000; Retract 
G1 X1.845 Y-15.444 Z13.200 F9000; Travel Move 
G1 X1.845 Y-15.444 Z13.200 F1500 A591.45749; Restart 
G1 X1.542 Y-15.199 Z13.200 F720 A591.47112; Inset 
G1 X1.284 Y-14.906 Z13.200 F720 A591.48476; Inset 
G1 X1.079 Y-14.574 Z13.200 F720 A591.49839; Inset 
G1 X0.934 Y-14.212 Z13.200 F720 A591.51203; Inset 
G1 X0.852 Y-13.831 Z13.200 F720 A591.52566; Inset 
G1 X0.835 Y-13.441 Z13.200 F720 A591.53929; Inset 
G1 X0.885 Y-13.055 Z13.200 F720 A591.55293; Inset 
G1 X0.999 Y-12.682 Z13.200 F720 A591.56656; Inset 
G1 X1.175 Y-12.334 Z13.200 F720 A591.58019; Inset 
M73 P96; Update Progress 
G1 X1.407 Y-12.020 Z13.200 F720 A591.59383; Inset 
G1 X1.688 Y-11.750 Z13.200 F720 A591.60746; Inset 
G1 X2.011 Y-11.532 Z13.200 F720 A591.62109; Inset 
G1 X2.367 Y-11.371 Z13.200 F720 A591.63473; Inset 
G1 X2.744 Y-11.273 Z13.200 F720 A591.64836; Inset 
G1 X3.133 Y-11.240 Z13.200 F720 A591.66200; Inset 
G1 X3.521 Y-11.273 Z13.200 F720 A591.67563; Inset 
G1 X3.899 Y-11.371 Z13.200 F720 A591.68926; Inset 
G1 X4.254 Y-11.532 Z13.200 F720 A591.70290; Inset 
G1 X4.577 Y-11.750 Z13.200 F720 A591.71653; Inset 
G1 X4.859 Y-12.020 Z13.200 F720 A591.73017; Inset 
G1 X5.090 Y-12.334 Z13.200 F720 A591.74380; Inset 
G1 X5.266 Y-12.682 Z13.200 F720 A591.75744; Inset 
G1 X5.380 Y-13.055 Z13.200 F720 A591.77107; Inset 
G1 X5.430 Y-13.441 Z13.200 F720 A591.78470; Inset 
G1 X5.413 Y-13.831 Z13.200 F720 A591.79834; Inset 
G1 X5.331 Y-14.212 Z13.200 F720 A591.81197; Inset 
G1 X5.186 Y-14.574 Z13.200 F720 A591.82560; Inset 
G1 X4.981 Y-14.906 Z13.200 F720 A591.83924; Inset 
G1 X4.724 Y-15.199 Z13.200 F720 A591.85287; Inset 
G1 X4.420 Y-15.444 Z13.200 F720 A591.86650; Inset 
G1 X4.080 Y-15.634 Z13.200 F720 A591.88014; Inset 
G1 X3.712 Y-15.764 Z13.200 F720 A591.89377; Inset 
G1 X3.328 Y-15.830 Z13.200 F720 A591.90741; Inset 
G1 X2.938 Y-15.830 Z13.200 F720 A591.92104; Inset 
G1 X2.553 Y-15.764 Z13.200 F720 A591.93467; Inset 
G1 X2.186 Y-15.634 Z13.200 F720 A591.94831; Inset 
G1 X1.845 Y-15.444 Z13.200 F720 A591.96194; Inset 
G1 X1.845 Y-15.444 Z13.200 F1500 A590.66194; Retract 
G1 X1.845 Y-15.444 Z13.200 F3000; Retract 
G1 X2.435 Y-14.502 Z13.200 F9000; Travel Move 
G1 X2.435 Y-14.502 Z13.200 F1500 A591.96194; Restart 
G1 X2.136 Y-14.204 Z13.200 F1620 A591.97668; Infill 
G1 X1.946 Y-13.454 Z13.200 F1620 A592.00374; Connection 
G1 X3.233 Y-14.741 Z13.200 F1620 A592.06737; Infill 
G1 X3.671 Y-14.619 Z13.200 F1620 A592.08326; Connection 
G1 X2.063 Y-13.011 Z13.200 F1620 A592.16273; Infill 
G1 X2.298 Y-12.685 Z13.200 F1620 A592.17676; Connection 
G1 X3.983 Y-14.371 Z13.200 F1620 A592.26009; Infill 
G1 X4.220 Y-14.048 Z13.200 F1620 A592.27410; Connection 
G1 X2.629 Y-12.456 Z13.200 F1620 A592.35278; Infill 
G1 X3.068 Y-12.335 Z13.200 F1620 A592.36870; Connection 
G1 X4.325 Y-13.592 Z13.200 F1620 A592.43085; Infill 
; Chunk 126 
; Lower Position  13.2 
; Upper Position  13.4 
; Thickness       0.2 
; Width           0.4 
G1 X4.325 Y-13.592 Z13.200 F1500 A591.13085; Retract 
G1 X4.325 Y-13.592 Z13.200 F3000; Retract 
G1 X4.325 Y-13.592 Z13.400 F1380; Travel Move 
G1 X2.295 Y-14.779 Z13.400 F9000; Travel Move 
G1 X2.295 Y-14.779 Z13.400 F1500 A592.43085; Restart 
G1 X1.929 Y-14.429 Z13.400 F1620 A592.44853; Inset 
G1 X1.702 Y-13.977 Z13.400 F1620 A592.46622; Inset 
G1 X1.648 Y-13.729 Z13.400 F1620 A592.47509; Inset 
G1 X1.670 Y-13.224 Z13.400 F1620 A592.49277; Inset 
G1 X1.858 Y-12.754 Z13.400 F1620 A592.51045; Inset 
G1 X2.009 Y-12.550 Z13.400 F1620 A592.51933; Inset 
G1 X2.403 Y-12.233 Z13.400 F1620 A592.53701; Inset 
G1 X2.880 Y-12.064 Z13.400 F1620 A592.55469; Inset 
G1 X3.386 Y-12.064 Z13.400 F1620 A592.57237; Inset 
G1 X3.862 Y-12.233 Z13.400 F1620 A592.59005; Inset 
G1 X4.073 Y-12.375 Z13.400 F1620 A592.59893; Inset 
G1 X4.407 Y-12.754 Z13.400 F1620 A592.61661; Inset 
G1 X4.595 Y-13.224 Z13.400 F1620 A592.63429; Inset 
G1 X4.617 Y-13.729 Z13.400 F1620 A592.65197; Inset 
G1 X4.469 Y-14.213 Z13.400 F1620 A592.66966; Inset 
G1 X4.336 Y-14.429 Z13.400 F1620 A592.67853; Inset 
G1 X3.971 Y-14.779 Z13.400 F1620 A592.69621; Inset 
G1 X3.510 Y-14.987 Z13.400 F1620 A592.71389; Inset 
G1 X3.259 Y-15.030 Z13.400 F1620 A592.72277; Inset 
G1 X2.756 Y-14.987 Z13.400 F1620 A592.74045; Inset 
G1 X2.295 Y-14.779 Z13.400 F1620 A592.75813; Inset 
G1 X2.295 Y-14.779 Z13.400 F1500 A591.45813; Retract 
G1 X2.295 Y-14.779 Z13.400 F3000; Retract 
G1 X2.070 Y-15.111 Z13.400 F9000; Travel Move 
G1 X2.070 Y-15.111 Z13.400 F1500 A592.75813; Restart 
G1 X1.819 Y-14.909 Z13.400 F1620 A592.76938; Inset 
G1 X1.607 Y-14.668 Z13.400 F1620 A592.78064; Inset 
G1 X1.438 Y-14.393 Z13.400 F1620 A592.79189; Inset 
G1 X1.318 Y-14.095 Z13.400 F1620 A592.80315; Inset 
G1 X1.250 Y-13.780 Z13.400 F1620 A592.81440; Inset 
G1 X1.236 Y-13.459 Z13.400 F1620 A592.82565; Inset 
G1 X1.277 Y-13.139 Z13.400 F1620 A592.83691; Inset 
G1 X1.372 Y-12.831 Z13.400 F1620 A592.84816; Inset 
G1 X1.517 Y-12.544 Z13.400 F1620 A592.85941; Inset 
G1 X1.708 Y-12.285 Z13.400 F1620 A592.87066; Inset 
G1 X1.940 Y-12.062 Z13.400 F1620 A592.88192; Inset 
G1 X2.207 Y-11.882 Z13.400 F1620 A592.89317; Inset 
G1 X2.500 Y-11.750 Z13.400 F1620 A592.90442; Inset 
G1 X2.812 Y-11.669 Z13.400 F1620 A592.91568; Inset 
G1 X3.133 Y-11.641 Z13.400 F1620 A592.92693; Inset 
G1 X3.453 Y-11.669 Z13.400 F1620 A592.93819; Inset 
G1 X3.765 Y-11.750 Z13.400 F1620 A592.94944; Inset 
G1 X4.058 Y-11.882 Z13.400 F1620 A592.96069; Inset 
G1 X4.325 Y-12.062 Z13.400 F1620 A592.97195; Inset 
G1 X4.557 Y-12.285 Z13.400 F1620 A592.98320; Inset 
G1 X4.749 Y-12.544 Z13.400 F1620 A592.99445; Inset 
G1 X4.894 Y-12.831 Z13.400 F1620 A593.00571; Inset 
G1 X4.988 Y-13.139 Z13.400 F1620 A593.01696; Inset 
G1 X5.029 Y-13.459 Z13.400 F1620 A593.02821; Inset 
G1 X5.015 Y-13.780 Z13.400 F1620 A593.03947; Inset 
G1 X4.947 Y-14.095 Z13.400 F1620 A593.05072; Inset 
G1 X4.827 Y-14.393 Z13.400 F1620 A593.06197; Inset 
G1 X4.658 Y-14.668 Z13.400 F1620 A593.07323; Inset 
G1 X4.446 Y-14.909 Z13.400 F1620 A593.08448; Inset 
G1 X4.195 Y-15.111 Z13.400 F1620 A593.09573; Inset 
G1 X3.914 Y-15.268 Z13.400 F1620 A593.10699; Inset 
G1 X3.611 Y-15.376 Z13.400 F1620 A593.11824; Inset 
G1 X3.294 Y-15.430 Z13.400 F1620 A593.12949; Inset 
G1 X2.972 Y-15.430 Z13.400 F1620 A593.14075; Inset 
G1 X2.654 Y-15.376 Z13.400 F1620 A593.15200; Inset 
G1 X2.351 Y-15.268 Z13.400 F1620 A593.16326; Inset 
G1 X2.070 Y-15.111 Z13.400 F1620 A593.17451; Inset 
G1 X2.070 Y-15.111 Z13.400 F1500 A591.87451; Retract 
G1 X2.070 Y-15.111 Z13.400 F3000; Retract 
G1 X1.845 Y-15.444 Z13.400 F9000; Travel Move 
G1 X1.845 Y-15.444 Z13.400 F1500 A593.17451; Restart 
G1 X1.542 Y-15.199 Z13.400 F720 A593.18814; Inset 
G1 X1.284 Y-14.906 Z13.400 F720 A593.20177; Inset 
G1 X1.079 Y-14.574 Z13.400 F720 A593.21541; Inset 
G1 X0.934 Y-14.212 Z13.400 F720 A593.22904; Inset 
G1 X0.852 Y-13.831 Z13.400 F720 A593.24268; Inset 
G1 X0.835 Y-13.441 Z13.400 F720 A593.25631; Inset 
G1 X0.885 Y-13.055 Z13.400 F720 A593.26994; Inset 
G1 X0.999 Y-12.682 Z13.400 F720 A593.28358; Inset 
G1 X1.175 Y-12.334 Z13.400 F720 A593.29721; Inset 
G1 X1.407 Y-12.020 Z13.400 F720 A593.31085; Inset 
G1 X1.688 Y-11.750 Z13.400 F720 A593.32448; Inset 
G1 X2.011 Y-11.532 Z13.400 F720 A593.33811; Inset 
G1 X2.367 Y-11.371 Z13.400 F720 A593.35175; Inset 
G1 X2.744 Y-11.273 Z13.400 F720 A593.36538; Inset 
G1 X3.133 Y-11.240 Z13.400 F720 A593.37901; Inset 
G1 X3.521 Y-11.273 Z13.400 F720 A593.39265; Inset 
G1 X3.899 Y-11.371 Z13.400 F720 A593.40628; Inset 
G1 X4.254 Y-11.532 Z13.400 F720 A593.41992; Inset 
G1 X4.577 Y-11.750 Z13.400 F720 A593.43355; Inset 
G1 X4.859 Y-12.020 Z13.400 F720 A593.44718; Inset 
G1 X5.090 Y-12.334 Z13.400 F720 A593.46082; Inset 
G1 X5.266 Y-12.682 Z13.400 F720 A593.47445; Inset 
G1 X5.380 Y-13.055 Z13.400 F720 A593.48809; Inset 
G1 X5.430 Y-13.441 Z13.400 F720 A593.50172; Inset 
G1 X5.413 Y-13.831 Z13.400 F720 A593.51535; Inset 
G1 X5.331 Y-14.212 Z13.400 F720 A593.52899; Inset 
G1 X5.186 Y-14.574 Z13.400 F720 A593.54262; Inset 
G1 X4.981 Y-14.906 Z13.400 F720 A593.55626; Inset 
G1 X4.724 Y-15.199 Z13.400 F720 A593.56989; Inset 
G1 X4.420 Y-15.444 Z13.400 F720 A593.58352; Inset 
G1 X4.080 Y-15.634 Z13.400 F720 A593.59716; Inset 
G1 X3.712 Y-15.764 Z13.400 F720 A593.61079; Inset 
G1 X3.328 Y-15.830 Z13.400 F720 A593.62443; Inset 
G1 X2.938 Y-15.830 Z13.400 F720 A593.63806; Inset 
G1 X2.553 Y-15.764 Z13.400 F720 A593.65169; Inset 
G1 X2.185 Y-15.634 Z13.400 F720 A593.66533; Inset 
G1 X1.845 Y-15.444 Z13.400 F720 A593.67896; Inset 
G1 X1.845 Y-15.444 Z13.400 F1500 A592.37896; Retract 
G1 X1.845 Y-15.444 Z13.400 F3000; Retract 
G1 X2.502 Y-14.559 Z13.400 F9000; Travel Move 
G1 X2.502 Y-14.559 Z13.400 F1500 A593.67896; Restart 
G1 X4.157 Y-12.903 Z13.400 F1620 A593.76079; Infill 
G1 X3.895 Y-12.605 Z13.400 F1620 A593.77467; Connection 
G1 X2.204 Y-14.296 Z13.400 F1620 A593.85825; Infill 
G1 X2.002 Y-13.938 Z13.400 F1620 A593.87262; Connection 
G1 X3.524 Y-12.416 Z13.400 F1620 A593.94784; Infill 
G1 X3.030 Y-12.350 Z13.400 F1620 A593.96526; Connection 
G1 X1.947 Y-13.433 Z13.400 F1620 A594.01879; Infill 
G1 X1.947 Y-13.433 Z13.400 F1500 A592.71879; Retract 
G1 X1.947 Y-13.433 Z13.400 F3000; Retract 
G1 X3.615 Y-14.005 Z13.400 F9000; Travel Move 
G1 X3.615 Y-14.005 Z13.400 F1500 A594.01879; Restart 
G1 X4.313 Y-13.307 Z13.400 F1620 A594.05329; Infill 
G1 X4.259 Y-13.921 Z13.400 F1620 A594.07484; Connection 
G1 X3.905 Y-14.275 Z13.400 F1620 A594.09231; Infill 
G1 X3.905 Y-14.275 Z13.400 F1500 A592.79231; Retract 
G1 X3.905 Y-14.275 Z13.400 F3000; Retract 
G1 X3.699 Y-14.482 Z13.400 F9000; Travel Move 
G1 X3.699 Y-14.482 Z13.400 F1500 A594.09231; Restart 
G1 X3.505 Y-14.676 Z13.400 F1620 A594.10190; Infill 
G1 X3.386 Y-14.234 Z13.400 F1620 A594.11788; Connection 
G1 X3.050 Y-14.570 Z13.400 F1620 A594.13450; Infill 
; Chunk 127 
; Lower Position  13.4 
; Upper Position  13.6 
; Thickness       0.2 
; Width           0.4 
G1 X3.050 Y-14.570 Z13.400 F1500 A592.83450; Retract 
G1 X3.050 Y-14.570 Z13.400 F3000; Retract 
G1 X3.050 Y-14.570 Z13.600 F1380; Travel Move 
G1 X2.295 Y-14.779 Z13.600 F9000; Travel Move 
G1 X2.295 Y-14.779 Z13.600 F1500 A594.13450; Restart 
G1 X1.929 Y-14.429 Z13.600 F1620 A594.15218; Inset 
G1 X1.796 Y-14.213 Z13.600 F1620 A594.16105; Inset 
G1 X1.648 Y-13.729 Z13.600 F1620 A594.17873; Inset 
G1 X1.670 Y-13.224 Z13.600 F1620 A594.19642; Inset 
G1 X1.858 Y-12.754 Z13.600 F1620 A594.21410; Inset 
G1 X2.193 Y-12.375 Z13.600 F1620 A594.23178; Inset 
G1 X2.634 Y-12.128 Z13.600 F1620 A594.24946; Inset 
G1 X3.133 Y-12.043 Z13.600 F1620 A594.26714; Inset 
G1 X3.386 Y-12.064 Z13.600 F1620 A594.27602; Inset 
G1 X3.862 Y-12.233 Z13.600 F1620 A594.29370; Inset 
G1 X4.256 Y-12.550 Z13.600 F1620 A594.31138; Inset 
M73 P97; Update Progress 
G1 X4.407 Y-12.754 Z13.600 F1620 A594.32025; Inset 
G1 X4.595 Y-13.224 Z13.600 F1620 A594.33794; Inset 
G1 X4.617 Y-13.729 Z13.600 F1620 A594.35562; Inset 
G1 X4.563 Y-13.977 Z13.600 F1620 A594.36449; Inset 
G1 X4.336 Y-14.429 Z13.600 F1620 A594.38217; Inset 
G1 X4.168 Y-14.619 Z13.600 F1620 A594.39105; Inset 
G1 X3.749 Y-14.903 Z13.600 F1620 A594.40873; Inset 
G1 X3.510 Y-14.987 Z13.600 F1620 A594.41760; Inset 
G1 X3.006 Y-15.030 Z13.600 F1620 A594.43528; Inset 
G1 X2.516 Y-14.903 Z13.600 F1620 A594.45297; Inset 
G1 X2.295 Y-14.779 Z13.600 F1620 A594.46184; Inset 
G1 X2.295 Y-14.779 Z13.600 F1500 A593.16184; Retract 
G1 X2.295 Y-14.779 Z13.600 F3000; Retract 
G1 X2.070 Y-15.111 Z13.600 F9000; Travel Move 
G1 X2.070 Y-15.111 Z13.600 F1500 A594.46184; Restart 
G1 X1.819 Y-14.909 Z13.600 F1620 A594.47309; Inset 
G1 X1.607 Y-14.668 Z13.600 F1620 A594.48435; Inset 
G1 X1.438 Y-14.393 Z13.600 F1620 A594.49560; Inset 
G1 X1.318 Y-14.095 Z13.600 F1620 A594.50686; Inset 
G1 X1.250 Y-13.780 Z13.600 F1620 A594.51811; Inset 
G1 X1.236 Y-13.459 Z13.600 F1620 A594.52936; Inset 
G1 X1.277 Y-13.139 Z13.600 F1620 A594.54062; Inset 
G1 X1.372 Y-12.831 Z13.600 F1620 A594.55187; Inset 
G1 X1.516 Y-12.544 Z13.600 F1620 A594.56312; Inset 
G1 X1.708 Y-12.285 Z13.600 F1620 A594.57438; Inset 
G1 X1.940 Y-12.063 Z13.600 F1620 A594.58563; Inset 
G1 X2.207 Y-11.882 Z13.600 F1620 A594.59688; Inset 
G1 X2.500 Y-11.750 Z13.600 F1620 A594.60813; Inset 
G1 X2.812 Y-11.669 Z13.600 F1620 A594.61939; Inset 
G1 X3.133 Y-11.641 Z13.600 F1620 A594.63064; Inset 
G1 X3.453 Y-11.669 Z13.600 F1620 A594.64190; Inset 
G1 X3.765 Y-11.750 Z13.600 F1620 A594.65315; Inset 
G1 X4.058 Y-11.882 Z13.600 F1620 A594.66440; Inset 
G1 X4.325 Y-12.062 Z13.600 F1620 A594.67566; Inset 
G1 X4.557 Y-12.285 Z13.600 F1620 A594.68691; Inset 
G1 X4.749 Y-12.544 Z13.600 F1620 A594.69816; Inset 
G1 X4.894 Y-12.831 Z13.600 F1620 A594.70942; Inset 
G1 X4.988 Y-13.139 Z13.600 F1620 A594.72067; Inset 
G1 X5.029 Y-13.459 Z13.600 F1620 A594.73192; Inset 
G1 X5.015 Y-13.780 Z13.600 F1620 A594.74318; Inset 
G1 X4.947 Y-14.095 Z13.600 F1620 A594.75443; Inset 
G1 X4.827 Y-14.393 Z13.600 F1620 A594.76568; Inset 
G1 X4.658 Y-14.668 Z13.600 F1620 A594.77694; Inset 
G1 X4.446 Y-14.909 Z13.600 F1620 A594.78819; Inset 
G1 X4.195 Y-15.111 Z13.600 F1620 A594.79944; Inset 
G1 X3.914 Y-15.268 Z13.600 F1620 A594.81070; Inset 
G1 X3.611 Y-15.376 Z13.600 F1620 A594.82195; Inset 
G1 X3.294 Y-15.430 Z13.600 F1620 A594.83320; Inset 
G1 X2.972 Y-15.430 Z13.600 F1620 A594.84446; Inset 
G1 X2.654 Y-15.376 Z13.600 F1620 A594.85571; Inset 
G1 X2.351 Y-15.268 Z13.600 F1620 A594.86697; Inset 
G1 X2.070 Y-15.111 Z13.600 F1620 A594.87822; Inset 
G1 X2.070 Y-15.111 Z13.600 F1500 A593.57822; Retract 
G1 X2.070 Y-15.111 Z13.600 F3000; Retract 
G1 X1.845 Y-15.444 Z13.600 F9000; Travel Move 
G1 X1.845 Y-15.444 Z13.600 F1500 A594.87822; Restart 
G1 X1.542 Y-15.199 Z13.600 F720 A594.89185; Inset 
G1 X1.284 Y-14.906 Z13.600 F720 A594.90548; Inset 
G1 X1.079 Y-14.574 Z13.600 F720 A594.91912; Inset 
G1 X0.934 Y-14.212 Z13.600 F720 A594.93275; Inset 
G1 X0.852 Y-13.831 Z13.600 F720 A594.94639; Inset 
G1 X0.835 Y-13.441 Z13.600 F720 A594.96002; Inset 
G1 X0.885 Y-13.055 Z13.600 F720 A594.97365; Inset 
G1 X0.999 Y-12.682 Z13.600 F720 A594.98729; Inset 
G1 X1.175 Y-12.334 Z13.600 F720 A595.00092; Inset 
G1 X1.407 Y-12.020 Z13.600 F720 A595.01456; Inset 
G1 X1.688 Y-11.750 Z13.600 F720 A595.02819; Inset 
G1 X2.011 Y-11.532 Z13.600 F720 A595.04182; Inset 
G1 X2.367 Y-11.371 Z13.600 F720 A595.05546; Inset 
G1 X2.744 Y-11.273 Z13.600 F720 A595.06909; Inset 
G1 X3.133 Y-11.240 Z13.600 F720 A595.08273; Inset 
G1 X3.521 Y-11.273 Z13.600 F720 A595.09636; Inset 
G1 X3.899 Y-11.371 Z13.600 F720 A595.10999; Inset 
G1 X4.254 Y-11.532 Z13.600 F720 A595.12363; Inset 
G1 X4.577 Y-11.750 Z13.600 F720 A595.13726; Inset 
G1 X4.859 Y-12.020 Z13.600 F720 A595.15089; Inset 
G1 X5.090 Y-12.334 Z13.600 F720 A595.16453; Inset 
G1 X5.266 Y-12.682 Z13.600 F720 A595.17816; Inset 
G1 X5.380 Y-13.055 Z13.600 F720 A595.19180; Inset 
G1 X5.430 Y-13.441 Z13.600 F720 A595.20543; Inset 
G1 X5.413 Y-13.831 Z13.600 F720 A595.21906; Inset 
G1 X5.331 Y-14.212 Z13.600 F720 A595.23270; Inset 
G1 X5.186 Y-14.574 Z13.600 F720 A595.24633; Inset 
G1 X4.981 Y-14.906 Z13.600 F720 A595.25997; Inset 
G1 X4.724 Y-15.199 Z13.600 F720 A595.27360; Inset 
G1 X4.420 Y-15.444 Z13.600 F720 A595.28723; Inset 
G1 X4.080 Y-15.634 Z13.600 F720 A595.30087; Inset 
G1 X3.712 Y-15.764 Z13.600 F720 A595.31450; Inset 
G1 X3.328 Y-15.830 Z13.600 F720 A595.32814; Inset 
G1 X2.938 Y-15.830 Z13.600 F720 A595.34177; Inset 
G1 X2.553 Y-15.764 Z13.600 F720 A595.35540; Inset 
G1 X2.185 Y-15.634 Z13.600 F720 A595.36904; Inset 
G1 X1.845 Y-15.444 Z13.600 F720 A595.38267; Inset 
G1 X1.845 Y-15.444 Z13.600 F1500 A594.08267; Retract 
G1 X1.845 Y-15.444 Z13.600 F3000; Retract 
G1 X2.496 Y-14.564 Z13.600 F9000; Travel Move 
G1 X2.496 Y-14.564 Z13.600 F1500 A595.38267; Restart 
G1 X2.112 Y-14.179 Z13.600 F1620 A595.40167; Infill 
G1 X2.806 Y-14.313 Z13.600 F1620 A595.42638; Connection 
G1 X1.946 Y-13.454 Z13.600 F1620 A595.46887; Infill 
G1 X2.063 Y-13.011 Z13.600 F1620 A595.48489; Connection 
G1 X3.072 Y-14.019 Z13.600 F1620 A595.53474; Infill 
G1 X3.620 Y-14.007 Z13.600 F1620 A595.55389; Connection 
G1 X2.299 Y-12.687 Z13.600 F1620 A595.61918; Infill 
G1 X2.630 Y-12.458 Z13.600 F1620 A595.63325; Connection 
G1 X4.212 Y-14.039 Z13.600 F1620 A595.71144; Infill 
G1 X4.325 Y-13.592 Z13.600 F1620 A595.72756; Connection 
G1 X3.075 Y-12.343 Z13.600 F1620 A595.78934; Infill 
G1 X4.020 Y-12.728 Z13.600 F1620 A595.82503; Connection 
G1 X4.063 Y-12.770 Z13.600 F1620 A595.82711; Infill 
G1 X4.063 Y-12.770 Z13.600 F1500 A594.52711; Retract 
G1 X4.063 Y-12.770 Z13.600 F3000; Retract 
G1 X3.297 Y-14.245 Z13.600 F9000; Travel Move 
G1 X3.297 Y-14.245 Z13.600 F1500 A595.82711; Restart 
G1 X3.666 Y-14.614 Z13.600 F1620 A595.84535; Infill 
G1 X3.217 Y-14.725 Z13.600 F1620 A595.86151; Connection 
G1 X3.050 Y-14.558 Z13.600 F1620 A595.86977; Infill 
; Chunk 128 
; Lower Position  13.6 
; Upper Position  13.8 
; Thickness       0.2 
; Width           0.4 
G1 X3.050 Y-14.558 Z13.600 F1500 A594.56977; Retract 
G1 X3.050 Y-14.558 Z13.600 F3000; Retract 
G1 X3.050 Y-14.558 Z13.800 F1380; Travel Move 
G1 X2.097 Y-14.619 Z13.800 F9000; Travel Move 
G1 X2.097 Y-14.619 Z13.800 F1500 A595.86977; Restart 
G1 X1.796 Y-14.213 Z13.800 F1620 A595.88745; Inset 
G1 X1.648 Y-13.729 Z13.800 F1620 A595.90514; Inset 
G1 X1.670 Y-13.224 Z13.800 F1620 A595.92282; Inset 
G1 X1.858 Y-12.754 Z13.800 F1620 A595.94050; Inset 
G1 X2.193 Y-12.375 Z13.800 F1620 A595.95818; Inset 
G1 X2.634 Y-12.128 Z13.800 F1620 A595.97587; Inset 
G1 X3.133 Y-12.043 Z13.800 F1620 A595.99355; Inset 
G1 X3.386 Y-12.064 Z13.800 F1620 A596.00242; Inset 
G1 X3.862 Y-12.233 Z13.800 F1620 A596.02010; Inset 
G1 X4.256 Y-12.550 Z13.800 F1620 A596.03778; Inset 
G1 X4.407 Y-12.754 Z13.800 F1620 A596.04666; Inset 
G1 X4.595 Y-13.224 Z13.800 F1620 A596.06434; Inset 
G1 X4.617 Y-13.729 Z13.800 F1620 A596.08202; Inset 
G1 X4.563 Y-13.977 Z13.800 F1620 A596.09090; Inset 
G1 X4.336 Y-14.429 Z13.800 F1620 A596.10858; Inset 
G1 X4.168 Y-14.619 Z13.800 F1620 A596.11745; Inset 
G1 X3.749 Y-14.903 Z13.800 F1620 A596.13513; Inset 
G1 X3.510 Y-14.987 Z13.800 F1620 A596.14401; Inset 
G1 X3.006 Y-15.030 Z13.800 F1620 A596.16169; Inset 
G1 X2.516 Y-14.903 Z13.800 F1620 A596.17937; Inset 
G1 X2.097 Y-14.619 Z13.800 F1620 A596.19705; Inset 
G1 X2.097 Y-14.619 Z13.800 F1500 A594.89705; Retract 
G1 X2.097 Y-14.619 Z13.800 F3000; Retract 
G1 X2.070 Y-15.111 Z13.800 F9000; Travel Move 
G1 X2.070 Y-15.111 Z13.800 F1500 A596.19705; Restart 
G1 X1.819 Y-14.909 Z13.800 F1620 A596.20830; Inset 
G1 X1.607 Y-14.668 Z13.800 F1620 A596.21956; Inset 
G1 X1.438 Y-14.393 Z13.800 F1620 A596.23081; Inset 
G1 X1.318 Y-14.095 Z13.800 F1620 A596.24207; Inset 
G1 X1.250 Y-13.780 Z13.800 F1620 A596.25332; Inset 
G1 X1.236 Y-13.459 Z13.800 F1620 A596.26457; Inset 
G1 X1.277 Y-13.139 Z13.800 F1620 A596.27582; Inset 
G1 X1.372 Y-12.831 Z13.800 F1620 A596.28708; Inset 
G1 X1.517 Y-12.544 Z13.800 F1620 A596.29833; Inset 
G1 X1.708 Y-12.285 Z13.800 F1620 A596.30959; Inset 
G1 X1.940 Y-12.063 Z13.800 F1620 A596.32084; Inset 
G1 X2.207 Y-11.882 Z13.800 F1620 A596.33209; Inset 
G1 X2.500 Y-11.750 Z13.800 F1620 A596.34334; Inset 
G1 X2.812 Y-11.669 Z13.800 F1620 A596.35460; Inset 
G1 X3.133 Y-11.641 Z13.800 F1620 A596.36585; Inset 
G1 X3.453 Y-11.669 Z13.800 F1620 A596.37710; Inset 
G1 X3.765 Y-11.750 Z13.800 F1620 A596.38836; Inset 
G1 X4.058 Y-11.882 Z13.800 F1620 A596.39961; Inset 
G1 X4.325 Y-12.062 Z13.800 F1620 A596.41086; Inset 
G1 X4.557 Y-12.285 Z13.800 F1620 A596.42212; Inset 
G1 X4.749 Y-12.544 Z13.800 F1620 A596.43337; Inset 
G1 X4.894 Y-12.831 Z13.800 F1620 A596.44462; Inset 
G1 X4.988 Y-13.139 Z13.800 F1620 A596.45588; Inset 
G1 X5.029 Y-13.459 Z13.800 F1620 A596.46713; Inset 
G1 X5.015 Y-13.780 Z13.800 F1620 A596.47838; Inset 
G1 X4.947 Y-14.095 Z13.800 F1620 A596.48964; Inset 
G1 X4.827 Y-14.393 Z13.800 F1620 A596.50089; Inset 
G1 X4.658 Y-14.668 Z13.800 F1620 A596.51215; Inset 
G1 X4.446 Y-14.909 Z13.800 F1620 A596.52340; Inset 
G1 X4.195 Y-15.111 Z13.800 F1620 A596.53465; Inset 
G1 X3.914 Y-15.268 Z13.800 F1620 A596.54591; Inset 
G1 X3.611 Y-15.376 Z13.800 F1620 A596.55716; Inset 
G1 X3.294 Y-15.430 Z13.800 F1620 A596.56841; Inset 
G1 X2.972 Y-15.430 Z13.800 F1620 A596.57967; Inset 
G1 X2.654 Y-15.376 Z13.800 F1620 A596.59092; Inset 
G1 X2.351 Y-15.268 Z13.800 F1620 A596.60217; Inset 
G1 X2.070 Y-15.111 Z13.800 F1620 A596.61343; Inset 
G1 X2.070 Y-15.111 Z13.800 F1500 A595.31343; Retract 
G1 X2.070 Y-15.111 Z13.800 F3000; Retract 
G1 X1.845 Y-15.444 Z13.800 F9000; Travel Move 
G1 X1.845 Y-15.444 Z13.800 F1500 A596.61343; Restart 
G1 X1.542 Y-15.199 Z13.800 F720 A596.62706; Inset 
G1 X1.284 Y-14.906 Z13.800 F720 A596.64069; Inset 
G1 X1.079 Y-14.574 Z13.800 F720 A596.65433; Inset 
G1 X0.934 Y-14.212 Z13.800 F720 A596.66796; Inset 
G1 X0.852 Y-13.831 Z13.800 F720 A596.68160; Inset 
G1 X0.835 Y-13.441 Z13.800 F720 A596.69523; Inset 
G1 X0.885 Y-13.055 Z13.800 F720 A596.70886; Inset 
G1 X0.999 Y-12.682 Z13.800 F720 A596.72250; Inset 
G1 X1.175 Y-12.334 Z13.800 F720 A596.73613; Inset 
G1 X1.407 Y-12.020 Z13.800 F720 A596.74977; Inset 
G1 X1.688 Y-11.750 Z13.800 F720 A596.76340; Inset 
G1 X2.011 Y-11.532 Z13.800 F720 A596.77703; Inset 
G1 X2.367 Y-11.371 Z13.800 F720 A596.79067; Inset 
G1 X2.744 Y-11.273 Z13.800 F720 A596.80430; Inset 
G1 X3.133 Y-11.240 Z13.800 F720 A596.81793; Inset 
G1 X3.521 Y-11.273 Z13.800 F720 A596.83157; Inset 
G1 X3.899 Y-11.371 Z13.800 F720 A596.84520; Inset 
G1 X4.254 Y-11.532 Z13.800 F720 A596.85884; Inset 
G1 X4.577 Y-11.750 Z13.800 F720 A596.87247; Inset 
G1 X4.859 Y-12.020 Z13.800 F720 A596.88610; Inset 
G1 X5.090 Y-12.334 Z13.800 F720 A596.89974; Inset 
G1 X5.266 Y-12.682 Z13.800 F720 A596.91337; Inset 
G1 X5.380 Y-13.055 Z13.800 F720 A596.92700; Inset 
G1 X5.430 Y-13.441 Z13.800 F720 A596.94064; Inset 
G1 X5.413 Y-13.831 Z13.800 F720 A596.95427; Inset 
G1 X5.331 Y-14.212 Z13.800 F720 A596.96790; Inset 
G1 X5.186 Y-14.574 Z13.800 F720 A596.98154; Inset 
G1 X4.981 Y-14.906 Z13.800 F720 A596.99517; Inset 
G1 X4.724 Y-15.199 Z13.800 F720 A597.00881; Inset 
G1 X4.420 Y-15.444 Z13.800 F720 A597.02244; Inset 
G1 X4.080 Y-15.634 Z13.800 F720 A597.03608; Inset 
M73 P98; Update Progress 
G1 X3.712 Y-15.764 Z13.800 F720 A597.04971; Inset 
G1 X3.328 Y-15.830 Z13.800 F720 A597.06334; Inset 
G1 X2.938 Y-15.830 Z13.800 F720 A597.07698; Inset 
G1 X2.553 Y-15.764 Z13.800 F720 A597.09061; Inset 
G1 X2.186 Y-15.634 Z13.800 F720 A597.10424; Inset 
G1 X1.845 Y-15.444 Z13.800 F720 A597.11788; Inset 
G1 X1.845 Y-15.444 Z13.800 F1500 A595.81788; Retract 
G1 X1.845 Y-15.444 Z13.800 F3000; Retract 
G1 X2.508 Y-14.552 Z13.800 F9000; Travel Move 
G1 X2.508 Y-14.552 Z13.800 F1500 A597.11788; Restart 
G1 X4.158 Y-12.902 Z13.800 F1620 A597.19944; Infill 
G1 X3.883 Y-12.617 Z13.800 F1620 A597.21329; Connection 
G1 X2.210 Y-14.290 Z13.800 F1620 A597.29603; Infill 
G1 X2.009 Y-13.931 Z13.800 F1620 A597.31042; Connection 
G1 X3.524 Y-12.416 Z13.800 F1620 A597.38530; Infill 
G1 X3.029 Y-12.351 Z13.800 F1620 A597.40273; Connection 
G1 X1.947 Y-13.433 Z13.800 F1620 A597.45624; Infill 
G1 X1.947 Y-13.433 Z13.800 F1500 A596.15624; Retract 
G1 X1.947 Y-13.433 Z13.800 F3000; Retract 
G1 X3.615 Y-14.005 Z13.800 F9000; Travel Move 
G1 X3.615 Y-14.005 Z13.800 F1500 A597.45624; Restart 
G1 X4.313 Y-13.307 Z13.800 F1620 A597.49075; Infill 
G1 X4.284 Y-13.896 Z13.800 F1620 A597.51135; Connection 
G1 X3.905 Y-14.275 Z13.800 F1620 A597.53007; Infill 
G1 X3.905 Y-14.275 Z13.800 F1500 A596.23007; Retract 
G1 X3.905 Y-14.275 Z13.800 F3000; Retract 
G1 X3.699 Y-14.482 Z13.800 F9000; Travel Move 
G1 X3.699 Y-14.482 Z13.800 F1500 A597.53007; Restart 
G1 X3.489 Y-14.691 Z13.800 F1620 A597.54042; Infill 
G1 X3.050 Y-14.571 Z13.800 F1620 A597.55636; Connection 
G1 X3.386 Y-14.234 Z13.800 F1620 A597.57298; Infill 
; Chunk 129 
; Lower Position  13.8 
; Upper Position  14 
; Thickness       0.2 
; Width           0.4 
G1 X3.386 Y-14.234 Z13.800 F1500 A596.27298; Retract 
G1 X3.386 Y-14.234 Z13.800 F3000; Retract 
G1 X3.386 Y-14.234 Z14.000 F1380; Travel Move 
G1 X2.427 Y-14.802 Z14.000 F9000; Travel Move 
G1 X2.427 Y-14.802 Z14.000 F1500 A597.57298; Restart 
G1 X2.047 Y-14.494 Z14.000 F1620 A597.59007; Inset 
G1 X1.901 Y-14.297 Z14.000 F1620 A597.59865; Inset 
G1 X1.719 Y-13.844 Z14.000 F1620 A597.61573; Inset 
G1 X1.698 Y-13.355 Z14.000 F1620 A597.63282; Inset 
G1 X1.841 Y-12.888 Z14.000 F1620 A597.64991; Inset 
G1 X2.132 Y-12.495 Z14.000 F1620 A597.66700; Inset 
G1 X2.323 Y-12.341 Z14.000 F1620 A597.67557; Inset 
G1 X2.768 Y-12.140 Z14.000 F1620 A597.69266; Inset 
G1 X3.010 Y-12.098 Z14.000 F1620 A597.70123; Inset 
G1 X3.497 Y-12.140 Z14.000 F1620 A597.71832; Inset 
G1 X3.942 Y-12.341 Z14.000 F1620 A597.73541; Inset 
G1 X4.133 Y-12.495 Z14.000 F1620 A597.74399; Inset 
G1 X4.424 Y-12.888 Z14.000 F1620 A597.76107; Inset 
G1 X4.567 Y-13.355 Z14.000 F1620 A597.77816; Inset 
G1 X4.546 Y-13.844 Z14.000 F1620 A597.79525; Inset 
G1 X4.364 Y-14.297 Z14.000 F1620 A597.81234; Inset 
G1 X4.218 Y-14.494 Z14.000 F1620 A597.82091; Inset 
G1 X3.838 Y-14.802 Z14.000 F1620 A597.83800; Inset 
G1 X3.377 Y-14.964 Z14.000 F1620 A597.85509; Inset 
G1 X2.888 Y-14.964 Z14.000 F1620 A597.87217; Inset 
G1 X2.427 Y-14.802 Z14.000 F1620 A597.88926; Inset 
G1 X2.427 Y-14.802 Z14.000 F1500 A596.58926; Retract 
G1 X2.427 Y-14.802 Z14.000 F3000; Retract 
G1 X1.972 Y-14.977 Z14.000 F9000; Travel Move 
G1 X1.972 Y-14.977 Z14.000 F1500 A597.88926; Restart 
G1 X1.746 Y-14.760 Z14.000 F1620 A597.90022; Inset 
G1 X1.559 Y-14.508 Z14.000 F1620 A597.91117; Inset 
G1 X1.418 Y-14.228 Z14.000 F1620 A597.92213; Inset 
G1 X1.327 Y-13.928 Z14.000 F1620 A597.93308; Inset 
G1 X1.287 Y-13.617 Z14.000 F1620 A597.94404; Inset 
G1 X1.300 Y-13.304 Z14.000 F1620 A597.95499; Inset 
G1 X1.366 Y-12.998 Z14.000 F1620 A597.96595; Inset 
G1 X1.483 Y-12.707 Z14.000 F1620 A597.97690; Inset 
G1 X1.647 Y-12.440 Z14.000 F1620 A597.98786; Inset 
G1 X1.854 Y-12.205 Z14.000 F1620 A597.99882; Inset 
G1 X2.098 Y-12.008 Z14.000 F1620 A598.00977; Inset 
G1 X2.372 Y-11.856 Z14.000 F1620 A598.02072; Inset 
G1 X2.667 Y-11.751 Z14.000 F1620 A598.03168; Inset 
G1 X2.976 Y-11.698 Z14.000 F1620 A598.04263; Inset 
G1 X3.289 Y-11.698 Z14.000 F1620 A598.05359; Inset 
G1 X3.598 Y-11.751 Z14.000 F1620 A598.06454; Inset 
G1 X3.894 Y-11.856 Z14.000 F1620 A598.07550; Inset 
G1 X4.167 Y-12.008 Z14.000 F1620 A598.08646; Inset 
G1 X4.411 Y-12.205 Z14.000 F1620 A598.09741; Inset 
G1 X4.618 Y-12.440 Z14.000 F1620 A598.10837; Inset 
G1 X4.782 Y-12.707 Z14.000 F1620 A598.11932; Inset 
G1 X4.899 Y-12.998 Z14.000 F1620 A598.13028; Inset 
G1 X4.965 Y-13.304 Z14.000 F1620 A598.14123; Inset 
G1 X4.978 Y-13.617 Z14.000 F1620 A598.15219; Inset 
G1 X4.939 Y-13.928 Z14.000 F1620 A598.16314; Inset 
G1 X4.847 Y-14.228 Z14.000 F1620 A598.17410; Inset 
G1 X4.706 Y-14.508 Z14.000 F1620 A598.18505; Inset 
G1 X4.519 Y-14.760 Z14.000 F1620 A598.19601; Inset 
G1 X4.293 Y-14.977 Z14.000 F1620 A598.20696; Inset 
G1 X4.034 Y-15.152 Z14.000 F1620 A598.21792; Inset 
G1 X3.748 Y-15.281 Z14.000 F1620 A598.22887; Inset 
G1 X3.445 Y-15.360 Z14.000 F1620 A598.23983; Inset 
G1 X3.133 Y-15.387 Z14.000 F1620 A598.25078; Inset 
G1 X2.820 Y-15.360 Z14.000 F1620 A598.26174; Inset 
G1 X2.517 Y-15.281 Z14.000 F1620 A598.27270; Inset 
G1 X2.232 Y-15.152 Z14.000 F1620 A598.28365; Inset 
G1 X1.972 Y-14.977 Z14.000 F1620 A598.29460; Inset 
G1 X1.972 Y-14.977 Z14.000 F1500 A596.99460; Retract 
G1 X1.972 Y-14.977 Z14.000 F3000; Retract 
G1 X1.720 Y-15.289 Z14.000 F9000; Travel Move 
G1 X1.720 Y-15.289 Z14.000 F1500 A598.29460; Restart 
G1 X1.444 Y-15.025 Z14.000 F720 A598.30794; Inset 
G1 X1.218 Y-14.718 Z14.000 F720 A598.32127; Inset 
G1 X1.046 Y-14.378 Z14.000 F720 A598.33461; Inset 
G1 X0.934 Y-14.013 Z14.000 F720 A598.34795; Inset 
G1 X0.886 Y-13.635 Z14.000 F720 A598.36128; Inset 
G1 X0.902 Y-13.253 Z14.000 F720 A598.37462; Inset 
G1 X0.982 Y-12.881 Z14.000 F720 A598.38795; Inset 
G1 X1.124 Y-12.527 Z14.000 F720 A598.40129; Inset 
G1 X1.324 Y-12.202 Z14.000 F720 A598.41462; Inset 
G1 X1.576 Y-11.915 Z14.000 F720 A598.42796; Inset 
G1 X1.873 Y-11.676 Z14.000 F720 A598.44130; Inset 
G1 X2.206 Y-11.490 Z14.000 F720 A598.45463; Inset 
G1 X2.566 Y-11.363 Z14.000 F720 A598.46797; Inset 
G1 X2.942 Y-11.298 Z14.000 F720 A598.48130; Inset 
G1 X3.323 Y-11.298 Z14.000 F720 A598.49464; Inset 
G1 X3.699 Y-11.363 Z14.000 F720 A598.50797; Inset 
G1 X4.059 Y-11.490 Z14.000 F720 A598.52131; Inset 
G1 X4.392 Y-11.676 Z14.000 F720 A598.53465; Inset 
G1 X4.689 Y-11.915 Z14.000 F720 A598.54798; Inset 
G1 X4.941 Y-12.202 Z14.000 F720 A598.56132; Inset 
G1 X5.141 Y-12.527 Z14.000 F720 A598.57465; Inset 
G1 X5.283 Y-12.881 Z14.000 F720 A598.58799; Inset 
G1 X5.363 Y-13.253 Z14.000 F720 A598.60132; Inset 
G1 X5.380 Y-13.635 Z14.000 F720 A598.61466; Inset 
G1 X5.331 Y-14.013 Z14.000 F720 A598.62799; Inset 
G1 X5.219 Y-14.378 Z14.000 F720 A598.64133; Inset 
G1 X5.048 Y-14.718 Z14.000 F720 A598.65467; Inset 
G1 X4.821 Y-15.025 Z14.000 F720 A598.66800; Inset 
G1 X4.545 Y-15.289 Z14.000 F720 A598.68134; Inset 
G1 X4.229 Y-15.502 Z14.000 F720 A598.69467; Inset 
G1 X3.882 Y-15.660 Z14.000 F720 A598.70801; Inset 
G1 X3.513 Y-15.756 Z14.000 F720 A598.72135; Inset 
G1 X3.133 Y-15.788 Z14.000 F720 A598.73468; Inset 
G1 X2.753 Y-15.756 Z14.000 F720 A598.74801; Inset 
G1 X2.383 Y-15.660 Z14.000 F720 A598.76135; Inset 
G1 X2.036 Y-15.502 Z14.000 F720 A598.77469; Inset 
G1 X1.720 Y-15.289 Z14.000 F720 A598.78802; Inset 
G1 X1.720 Y-15.289 Z14.000 F1500 A597.48802; Retract 
G1 X1.720 Y-15.289 Z14.000 F3000; Retract 
G1 X2.806 Y-14.313 Z14.000 F9000; Travel Move 
G1 X2.806 Y-14.313 Z14.000 F1500 A598.78802; Restart 
G1 X1.991 Y-13.498 Z14.000 F1620 A598.82833; Infill 
G1 X2.094 Y-13.041 Z14.000 F1620 A598.84470; Connection 
G1 X3.072 Y-14.019 Z14.000 F1620 A598.89307; Infill 
G1 X3.620 Y-14.007 Z14.000 F1620 A598.91222; Connection 
G1 X2.326 Y-12.714 Z14.000 F1620 A598.97617; Infill 
G1 X2.670 Y-12.498 Z14.000 F1620 A598.99037; Connection 
G1 X4.174 Y-14.002 Z14.000 F1620 A599.06474; Infill 
G1 X4.273 Y-13.540 Z14.000 F1620 A599.08124; Connection 
G1 X3.128 Y-12.395 Z14.000 F1620 A599.13786; Infill 
G1 X3.128 Y-12.395 Z14.000 F1500 A597.83786; Retract 
G1 X3.128 Y-12.395 Z14.000 F3000; Retract 
G1 X3.297 Y-14.245 Z14.000 F9000; Travel Move 
G1 X3.297 Y-14.245 Z14.000 F1500 A599.13786; Restart 
G1 X3.626 Y-14.573 Z14.000 F1620 A599.15410; Infill 
G1 X3.171 Y-14.678 Z14.000 F1620 A599.17043; Connection 
G1 X3.030 Y-14.538 Z14.000 F1620 A599.17737; Infill 
; Chunk 130 
; Lower Position  14 
; Upper Position  14.2 
; Thickness       0.2 
; Width           0.4 
G1 X3.030 Y-14.538 Z14.000 F1500 A597.87737; Retract 
G1 X3.030 Y-14.538 Z14.000 F3000; Retract 
G1 X3.030 Y-14.538 Z14.200 F1380; Travel Move 
G1 X3.167 Y-14.890 Z14.200 F9000; Travel Move 
G1 X3.167 Y-14.890 Z14.200 F1500 A599.17737; Restart 
G1 X3.037 Y-14.773 Z14.200 F1620 A599.18348; Inset 
G1 X2.966 Y-14.634 Z14.200 F1620 A599.18895; Inset 
G1 X2.967 Y-14.461 Z14.200 F1620 A599.19497; Inset 
G1 X3.020 Y-14.330 Z14.200 F1620 A599.19992; Inset 
G1 X3.101 Y-14.238 Z14.200 F1620 A599.20421; Inset 
G1 X3.225 Y-14.169 Z14.200 F1620 A599.20917; Inset 
G1 X3.397 Y-14.146 Z14.200 F1620 A599.21523; Inset 
G1 X3.562 Y-14.204 Z14.200 F1620 A599.22134; Inset 
G1 X3.681 Y-14.330 Z14.200 F1620 A599.22741; Inset 
G1 X3.733 Y-14.460 Z14.200 F1620 A599.23231; Inset 
G1 X3.738 Y-14.592 Z14.200 F1620 A599.23693; Inset 
G1 X3.682 Y-14.756 Z14.200 F1620 A599.24300; Inset 
G1 X3.549 Y-14.882 Z14.200 F1620 A599.24939; Inset 
G1 X3.359 Y-14.935 Z14.200 F1620 A599.25629; Inset 
G1 X3.167 Y-14.890 Z14.200 F1620 A599.26320; Inset 
G1 X3.167 Y-14.890 Z14.200 F1500 A597.96320; Retract 
G1 X3.167 Y-14.890 Z14.200 F3000; Retract 
G1 X2.914 Y-15.207 Z14.200 F9000; Travel Move 
G1 X2.914 Y-15.207 Z14.200 F1500 A599.26320; Restart 
G1 X2.712 Y-15.016 Z14.200 F720 A599.27291; Inset 
G1 X2.586 Y-14.769 Z14.200 F720 A599.28262; Inset 
G1 X2.559 Y-14.644 Z14.200 F720 A599.28708; Inset 
G1 X2.570 Y-14.376 Z14.200 F720 A599.29646; Inset 
G1 X2.674 Y-14.117 Z14.200 F720 A599.30621; Inset 
G1 X2.846 Y-13.922 Z14.200 F720 A599.31529; Inset 
G1 X3.090 Y-13.786 Z14.200 F720 A599.32505; Inset 
G1 X3.354 Y-13.741 Z14.200 F720 A599.33443; Inset 
G1 X3.482 Y-13.752 Z14.200 F720 A599.33890; Inset 
G1 X3.743 Y-13.844 Z14.200 F720 A599.34860; Inset 
G1 X3.849 Y-13.916 Z14.200 F720 A599.35307; Inset 
G1 X4.026 Y-14.117 Z14.200 F720 A599.36246; Inset 
G1 X4.130 Y-14.375 Z14.200 F720 A599.37219; Inset 
G1 X4.140 Y-14.645 Z14.200 F720 A599.38161; Inset 
G1 X4.062 Y-14.902 Z14.200 F720 A599.39101; Inset 
G1 X3.995 Y-15.010 Z14.200 F720 A599.39547; Inset 
G1 X3.787 Y-15.207 Z14.200 F720 A599.40547; Inset 
G1 X3.683 Y-15.265 Z14.200 F720 A599.40962; Inset 
G1 X3.410 Y-15.335 Z14.200 F720 A599.41950; Inset 
G1 X3.291 Y-15.335 Z14.200 F720 A599.42365; Inset 
G1 X3.018 Y-15.265 Z14.200 F720 A599.43352; Inset 
G1 X2.914 Y-15.207 Z14.200 F720 A599.43767; Inset 
; Chunk 131 
; Lower Position  14.2 
; Upper Position  14.4 
; Thickness       0.2 
; Width           0.4 
G1 X2.914 Y-15.207 Z14.200 F1500 A598.13767; Retract 
G1 X2.914 Y-15.207 Z14.200 F3000; Retract 
G1 X2.914 Y-15.207 Z14.400 F1380; Travel Move 
G1 X3.172 Y-14.893 Z14.400 F9000; Travel Move 
G1 X3.172 Y-14.893 Z14.400 F1500 A599.43767; Restart 
G1 X3.040 Y-14.776 Z14.400 F1620 A599.44383; Inset 
G1 X2.969 Y-14.640 Z14.400 F1620 A599.44920; Inset 
G1 X2.966 Y-14.471 Z14.400 F1620 A599.45510; Inset 
G1 X3.025 Y-14.322 Z14.400 F1620 A599.46072; Inset 
G1 X3.094 Y-14.244 Z14.400 F1620 A599.46434; Inset 
G1 X3.234 Y-14.166 Z14.400 F1620 A599.46995; Inset 
G1 X3.406 Y-14.148 Z14.400 F1620 A599.47601; Inset 
G1 X3.553 Y-14.200 Z14.400 F1620 A599.48144; Inset 
G1 X3.675 Y-14.322 Z14.400 F1620 A599.48750; Inset 
G1 X3.734 Y-14.467 Z14.400 F1620 A599.49296; Inset 
G1 X3.737 Y-14.599 Z14.400 F1620 A599.49757; Inset 
G1 X3.677 Y-14.761 Z14.400 F1620 A599.50363; Inset 
G1 X3.546 Y-14.884 Z14.400 F1620 A599.50991; Inset 
G1 X3.360 Y-14.935 Z14.400 F1620 A599.51664; Inset 
G1 X3.172 Y-14.893 Z14.400 F1620 A599.52340; Inset 
G1 X3.172 Y-14.893 Z14.400 F1500 A598.22340; Retract 
G1 X3.172 Y-14.893 Z14.400 F3000; Retract 
G1 X2.920 Y-15.211 Z14.400 F9000; Travel Move 
G1 X2.920 Y-15.211 Z14.400 F1500 A599.52340; Restart 
G1 X2.717 Y-15.022 Z14.400 F720 A599.53311; Inset 
G1 X2.589 Y-14.777 Z14.400 F720 A599.54278; Inset 
G1 X2.558 Y-14.634 Z14.400 F720 A599.54787; Inset 
G1 X2.569 Y-14.385 Z14.400 F720 A599.55659; Inset 
G1 X2.680 Y-14.109 Z14.400 F720 A599.56700; Inset 
G1 X2.839 Y-13.928 Z14.400 F720 A599.57541; Inset 
G1 X3.099 Y-13.783 Z14.400 F720 A599.58582; Inset 
G1 X3.345 Y-13.741 Z14.400 F720 A599.59454; Inset 
G1 X3.491 Y-13.754 Z14.400 F720 A599.59968; Inset 
G1 X3.734 Y-13.840 Z14.400 F720 A599.60870; Inset 
G1 X3.856 Y-13.922 Z14.400 F720 A599.61385; Inset 
G1 X4.021 Y-14.109 Z14.400 F720 A599.62256; Inset 
G1 X4.132 Y-14.384 Z14.400 F720 A599.63292; Inset 
G1 X4.139 Y-14.653 Z14.400 F720 A599.64233; Inset 
G1 X4.066 Y-14.893 Z14.400 F720 A599.65110; Inset 
G1 X3.989 Y-15.017 Z14.400 F720 A599.65620; Inset 
G1 X3.781 Y-15.211 Z14.400 F720 A599.66616; Inset 
G1 X3.676 Y-15.268 Z14.400 F720 A599.67033; Inset 
G1 X3.410 Y-15.335 Z14.400 F720 A599.67991; Inset 
G1 X3.291 Y-15.335 Z14.400 F720 A599.68408; Inset 
G1 X3.025 Y-15.268 Z14.400 F720 A599.69366; Inset 
M73 P99; Update Progress 
G1 X2.920 Y-15.211 Z14.400 F720 A599.69782; Inset 
; Chunk 132 
; Lower Position  14.4 
; Upper Position  14.6 
; Thickness       0.2 
; Width           0.4 
G1 X2.920 Y-15.211 Z14.400 F1500 A598.39782; Retract 
G1 X2.920 Y-15.211 Z14.400 F3000; Retract 
G1 X2.920 Y-15.211 Z14.600 F1380; Travel Move 
G1 X3.131 Y-14.863 Z14.600 F9000; Travel Move 
G1 X3.131 Y-14.863 Z14.600 F1500 A599.69782; Restart 
G1 X3.034 Y-14.770 Z14.600 F1620 A599.70255; Inset 
G1 X2.961 Y-14.607 Z14.600 F1620 A599.70878; Inset 
G1 X2.976 Y-14.411 Z14.600 F1620 A599.71565; Inset 
G1 X3.057 Y-14.281 Z14.600 F1620 A599.72101; Inset 
G1 X3.162 Y-14.196 Z14.600 F1620 A599.72574; Inset 
G1 X3.330 Y-14.144 Z14.600 F1620 A599.73187; Inset 
G1 X3.481 Y-14.170 Z14.600 F1620 A599.73723; Inset 
G1 X3.596 Y-14.235 Z14.600 F1620 A599.74186; Inset 
G1 X3.698 Y-14.350 Z14.600 F1620 A599.74722; Inset 
G1 X3.746 Y-14.540 Z14.600 F1620 A599.75409; Inset 
G1 X3.684 Y-14.754 Z14.600 F1620 A599.76186; Inset 
G1 X3.573 Y-14.860 Z14.600 F1620 A599.76724; Inset 
G1 X3.432 Y-14.921 Z14.600 F1620 A599.77259; Inset 
G1 X3.276 Y-14.928 Z14.600 F1620 A599.77808; Inset 
G1 X3.131 Y-14.863 Z14.600 F1620 A599.78361; Inset 
G1 X3.131 Y-14.863 Z14.600 F1500 A598.48361; Retract 
G1 X3.131 Y-14.863 Z14.600 F3000; Retract 
G1 X2.904 Y-15.199 Z14.600 F9000; Travel Move 
G1 X2.904 Y-15.199 Z14.600 F1500 A599.78361; Restart 
G1 X2.709 Y-15.012 Z14.600 F720 A599.79306; Inset 
G1 X2.592 Y-14.785 Z14.600 F720 A599.80200; Inset 
G1 X2.559 Y-14.646 Z14.600 F720 A599.80698; Inset 
G1 X2.568 Y-14.384 Z14.600 F720 A599.81617; Inset 
G1 X2.607 Y-14.248 Z14.600 F720 A599.82111; Inset 
G1 X2.752 Y-14.012 Z14.600 F720 A599.83078; Inset 
G1 X2.963 Y-13.843 Z14.600 F720 A599.84023; Inset 
G1 X3.203 Y-13.755 Z14.600 F720 A599.84917; Inset 
G1 X3.344 Y-13.741 Z14.600 F720 A599.85412; Inset 
G1 X3.616 Y-13.788 Z14.600 F720 A599.86378; Inset 
G1 X3.851 Y-13.919 Z14.600 F720 A599.87320; Inset 
G1 X4.034 Y-14.126 Z14.600 F720 A599.88287; Inset 
G1 X4.096 Y-14.254 Z14.600 F720 A599.88781; Inset 
G1 X4.148 Y-14.511 Z14.600 F720 A599.89700; Inset 
G1 X4.140 Y-14.653 Z14.600 F720 A599.90198; Inset 
G1 X4.060 Y-14.905 Z14.600 F720 A599.91122; Inset 
G1 X3.998 Y-15.007 Z14.600 F720 A599.91539; Inset 
G1 X3.798 Y-15.198 Z14.600 F720 A599.92507; Inset 
G1 X3.530 Y-15.315 Z14.600 F720 A599.93528; Inset 
G1 X3.275 Y-15.334 Z14.600 F720 A599.94421; Inset 
G1 X3.158 Y-15.314 Z14.600 F720 A599.94839; Inset 
G1 X2.904 Y-15.199 Z14.600 F720 A599.95811; Inset 
; Chunk 133 
; Lower Position  14.6 
; Upper Position  14.8 
; Thickness       0.2 
; Width           0.4 
G1 X2.904 Y-15.199 Z14.600 F1500 A598.65811; Retract 
G1 X2.904 Y-15.199 Z14.600 F3000; Retract 
G1 X2.904 Y-15.199 Z14.800 F1380; Travel Move 
G1 X3.131 Y-14.863 Z14.800 F9000; Travel Move 
G1 X3.131 Y-14.863 Z14.800 F1500 A599.95811; Restart 
G1 X3.036 Y-14.772 Z14.800 F1620 A599.96273; Inset 
G1 X2.961 Y-14.615 Z14.800 F1620 A599.96881; Inset 
G1 X2.969 Y-14.431 Z14.800 F1620 A599.97525; Inset 
G1 X3.070 Y-14.258 Z14.800 F1620 A599.98224; Inset 
G1 X3.220 Y-14.170 Z14.800 F1620 A599.98831; Inset 
G1 X3.350 Y-14.148 Z14.800 F1620 A599.99293; Inset 
G1 X3.481 Y-14.170 Z14.800 F1620 A599.99756; Inset 
G1 X3.631 Y-14.258 Z14.800 F1620 A600.00363; Inset 
G1 X3.732 Y-14.431 Z14.800 F1620 A600.01062; Inset 
G1 X3.740 Y-14.615 Z14.800 F1620 A600.01706; Inset 
G1 X3.665 Y-14.772 Z14.800 F1620 A600.02314; Inset 
G1 X3.570 Y-14.863 Z14.800 F1620 A600.02776; Inset 
G1 X3.449 Y-14.918 Z14.800 F1620 A600.03238; Inset 
G1 X3.291 Y-14.931 Z14.800 F1620 A600.03792; Inset 
G1 X3.131 Y-14.863 Z14.800 F1620 A600.04399; Inset 
G1 X3.131 Y-14.863 Z14.800 F1500 A598.74399; Retract 
G1 X3.131 Y-14.863 Z14.800 F3000; Retract 
G1 X2.904 Y-15.199 Z14.800 F9000; Travel Move 
G1 X2.904 Y-15.199 Z14.800 F1500 A600.04399; Restart 
G1 X2.710 Y-15.013 Z14.800 F720 A600.05341; Inset 
G1 X2.584 Y-14.765 Z14.800 F720 A600.06313; Inset 
G1 X2.559 Y-14.649 Z14.800 F720 A600.06727; Inset 
G1 X2.572 Y-14.362 Z14.800 F720 A600.07730; Inset 
G1 X2.606 Y-14.249 Z14.800 F720 A600.08144; Inset 
G1 X2.757 Y-14.005 Z14.800 F720 A600.09146; Inset 
G1 X2.842 Y-13.923 Z14.800 F720 A600.09560; Inset 
G1 X3.085 Y-13.788 Z14.800 F720 A600.10533; Inset 
G1 X3.350 Y-13.742 Z14.800 F720 A600.11474; Inset 
G1 X3.616 Y-13.788 Z14.800 F720 A600.12416; Inset 
G1 X3.859 Y-13.923 Z14.800 F720 A600.13389; Inset 
G1 X3.944 Y-14.005 Z14.800 F720 A600.13802; Inset 
G1 X4.095 Y-14.249 Z14.800 F720 A600.14805; Inset 
G1 X4.129 Y-14.362 Z14.800 F720 A600.15219; Inset 
G1 X4.141 Y-14.649 Z14.800 F720 A600.16221; Inset 
G1 X4.117 Y-14.765 Z14.800 F720 A600.16635; Inset 
G1 X3.991 Y-15.013 Z14.800 F720 A600.17608; Inset 
G1 X3.797 Y-15.199 Z14.800 F720 A600.18549; Inset 
G1 X3.551 Y-15.310 Z14.800 F720 A600.19491; Inset 
G1 X3.274 Y-15.334 Z14.800 F720 A600.20463; Inset 
G1 X3.158 Y-15.314 Z14.800 F720 A600.20877; Inset 
G1 X2.904 Y-15.199 Z14.800 F720 A600.21850; Inset 
; Chunk 134 
; Lower Position  14.8 
; Upper Position  15 
; Thickness       0.2 
; Width           0.4 
G1 X2.904 Y-15.199 Z14.800 F1500 A598.91850; Retract 
G1 X2.904 Y-15.199 Z14.800 F3000; Retract 
G1 X2.904 Y-15.199 Z15.000 F1380; Travel Move 
G1 X3.131 Y-14.863 Z15.000 F9000; Travel Move 
G1 X3.131 Y-14.863 Z15.000 F1500 A600.21850; Restart 
G1 X3.036 Y-14.772 Z15.000 F1620 A600.22312; Inset 
G1 X2.961 Y-14.615 Z15.000 F1620 A600.22919; Inset 
G1 X2.969 Y-14.431 Z15.000 F1620 A600.23564; Inset 
G1 X3.070 Y-14.258 Z15.000 F1620 A600.24262; Inset 
G1 X3.220 Y-14.170 Z15.000 F1620 A600.24870; Inset 
G1 X3.350 Y-14.148 Z15.000 F1620 A600.25332; Inset 
G1 X3.481 Y-14.170 Z15.000 F1620 A600.25794; Inset 
G1 X3.631 Y-14.258 Z15.000 F1620 A600.26402; Inset 
G1 X3.732 Y-14.431 Z15.000 F1620 A600.27100; Inset 
G1 X3.740 Y-14.615 Z15.000 F1620 A600.27745; Inset 
G1 X3.665 Y-14.772 Z15.000 F1620 A600.28352; Inset 
G1 X3.570 Y-14.863 Z15.000 F1620 A600.28815; Inset 
G1 X3.449 Y-14.918 Z15.000 F1620 A600.29277; Inset 
G1 X3.291 Y-14.931 Z15.000 F1620 A600.29830; Inset 
G1 X3.131 Y-14.863 Z15.000 F1620 A600.30438; Inset 
G1 X3.131 Y-14.863 Z15.000 F1500 A599.00438; Retract 
G1 X3.131 Y-14.863 Z15.000 F3000; Retract 
G1 X2.904 Y-15.199 Z15.000 F9000; Travel Move 
G1 X2.904 Y-15.199 Z15.000 F1500 A600.30438; Restart 
G1 X2.710 Y-15.013 Z15.000 F720 A600.31380; Inset 
G1 X2.584 Y-14.765 Z15.000 F720 A600.32352; Inset 
G1 X2.559 Y-14.649 Z15.000 F720 A600.32766; Inset 
G1 X2.572 Y-14.362 Z15.000 F720 A600.33768; Inset 
G1 X2.606 Y-14.249 Z15.000 F720 A600.34182; Inset 
G1 X2.757 Y-14.005 Z15.000 F720 A600.35185; Inset 
G1 X2.842 Y-13.923 Z15.000 F720 A600.35599; Inset 
G1 X3.085 Y-13.788 Z15.000 F720 A600.36571; Inset 
G1 X3.350 Y-13.742 Z15.000 F720 A600.37513; Inset 
G1 X3.616 Y-13.788 Z15.000 F720 A600.38455; Inset 
G1 X3.859 Y-13.923 Z15.000 F720 A600.39427; Inset 
G1 X3.944 Y-14.005 Z15.000 F720 A600.39841; Inset 
G1 X4.095 Y-14.249 Z15.000 F720 A600.40844; Inset 
G1 X4.129 Y-14.362 Z15.000 F720 A600.41257; Inset 
G1 X4.141 Y-14.649 Z15.000 F720 A600.42260; Inset 
G1 X4.117 Y-14.765 Z15.000 F720 A600.42674; Inset 
G1 X3.991 Y-15.013 Z15.000 F720 A600.43646; Inset 
G1 X3.797 Y-15.199 Z15.000 F720 A600.44588; Inset 
G1 X3.551 Y-15.310 Z15.000 F720 A600.45530; Inset 
G1 X3.274 Y-15.334 Z15.000 F720 A600.46502; Inset 
G1 X3.158 Y-15.314 Z15.000 F720 A600.46916; Inset 
G1 X2.904 Y-15.199 Z15.000 F720 A600.47888; Inset 
; Chunk 135 
; Lower Position  15 
; Upper Position  15.2 
; Thickness       0.2 
; Width           0.4 
G1 X2.904 Y-15.199 Z15.000 F1500 A599.17888; Retract 
G1 X2.904 Y-15.199 Z15.000 F3000; Retract 
G1 X2.904 Y-15.199 Z15.200 F1380; Travel Move 
G1 X3.131 Y-14.863 Z15.200 F9000; Travel Move 
G1 X3.131 Y-14.863 Z15.200 F1500 A600.47888; Restart 
G1 X3.036 Y-14.772 Z15.200 F1620 A600.48350; Inset 
G1 X2.961 Y-14.615 Z15.200 F1620 A600.48958; Inset 
G1 X2.969 Y-14.431 Z15.200 F1620 A600.49602; Inset 
G1 X3.070 Y-14.258 Z15.200 F1620 A600.50301; Inset 
G1 X3.220 Y-14.170 Z15.200 F1620 A600.50908; Inset 
G1 X3.350 Y-14.148 Z15.200 F1620 A600.51371; Inset 
G1 X3.481 Y-14.170 Z15.200 F1620 A600.51833; Inset 
G1 X3.631 Y-14.258 Z15.200 F1620 A600.52440; Inset 
G1 X3.732 Y-14.431 Z15.200 F1620 A600.53139; Inset 
G1 X3.740 Y-14.615 Z15.200 F1620 A600.53783; Inset 
G1 X3.665 Y-14.772 Z15.200 F1620 A600.54391; Inset 
G1 X3.570 Y-14.863 Z15.200 F1620 A600.54853; Inset 
G1 X3.449 Y-14.918 Z15.200 F1620 A600.55315; Inset 
G1 X3.291 Y-14.931 Z15.200 F1620 A600.55869; Inset 
G1 X3.131 Y-14.863 Z15.200 F1620 A600.56476; Inset 
G1 X3.131 Y-14.863 Z15.200 F1500 A599.26476; Retract 
G1 X3.131 Y-14.863 Z15.200 F3000; Retract 
G1 X2.904 Y-15.199 Z15.200 F9000; Travel Move 
G1 X2.904 Y-15.199 Z15.200 F1500 A600.56476; Restart 
G1 X2.710 Y-15.013 Z15.200 F720 A600.57418; Inset 
G1 X2.584 Y-14.765 Z15.200 F720 A600.58390; Inset 
G1 X2.559 Y-14.649 Z15.200 F720 A600.58804; Inset 
G1 X2.572 Y-14.362 Z15.200 F720 A600.59807; Inset 
G1 X2.606 Y-14.249 Z15.200 F720 A600.60220; Inset 
G1 X2.757 Y-14.005 Z15.200 F720 A600.61223; Inset 
G1 X2.842 Y-13.923 Z15.200 F720 A600.61637; Inset 
G1 X3.085 Y-13.788 Z15.200 F720 A600.62609; Inset 
G1 X3.350 Y-13.742 Z15.200 F720 A600.63551; Inset 
G1 X3.616 Y-13.788 Z15.200 F720 A600.64493; Inset 
G1 X3.859 Y-13.923 Z15.200 F720 A600.65465; Inset 
G1 X3.944 Y-14.005 Z15.200 F720 A600.65879; Inset 
G1 X4.095 Y-14.249 Z15.200 F720 A600.66882; Inset 
G1 X4.129 Y-14.362 Z15.200 F720 A600.67295; Inset 
G1 X4.141 Y-14.649 Z15.200 F720 A600.68298; Inset 
G1 X4.117 Y-14.765 Z15.200 F720 A600.68712; Inset 
G1 X3.991 Y-15.013 Z15.200 F720 A600.69684; Inset 
G1 X3.797 Y-15.199 Z15.200 F720 A600.70626; Inset 
G1 X3.551 Y-15.310 Z15.200 F720 A600.71568; Inset 
G1 X3.274 Y-15.334 Z15.200 F720 A600.72540; Inset 
G1 X3.158 Y-15.314 Z15.200 F720 A600.72954; Inset 
G1 X2.904 Y-15.199 Z15.200 F720 A600.73927; Inset 
; Chunk 136 
; Lower Position  15.2 
; Upper Position  15.4 
; Thickness       0.2 
; Width           0.4 
G1 X2.904 Y-15.199 Z15.200 F1500 A599.43927; Retract 
G1 X2.904 Y-15.199 Z15.200 F3000; Retract 
G1 X2.904 Y-15.199 Z15.400 F1380; Travel Move 
G1 X3.131 Y-14.863 Z15.400 F9000; Travel Move 
G1 X3.131 Y-14.863 Z15.400 F1500 A600.73927; Restart 
G1 X3.036 Y-14.772 Z15.400 F1620 A600.74389; Inset 
G1 X2.961 Y-14.615 Z15.400 F1620 A600.74996; Inset 
G1 X2.969 Y-14.431 Z15.400 F1620 A600.75641; Inset 
G1 X3.070 Y-14.258 Z15.400 F1620 A600.76339; Inset 
G1 X3.220 Y-14.170 Z15.400 F1620 A600.76947; Inset 
G1 X3.350 Y-14.148 Z15.400 F1620 A600.77409; Inset 
G1 X3.481 Y-14.170 Z15.400 F1620 A600.77871; Inset 
G1 X3.631 Y-14.258 Z15.400 F1620 A600.78479; Inset 
G1 X3.732 Y-14.431 Z15.400 F1620 A600.79177; Inset 
G1 X3.740 Y-14.615 Z15.400 F1620 A600.79822; Inset 
G1 X3.665 Y-14.772 Z15.400 F1620 A600.80429; Inset 
G1 X3.570 Y-14.863 Z15.400 F1620 A600.80892; Inset 
G1 X3.449 Y-14.918 Z15.400 F1620 A600.81354; Inset 
G1 X3.291 Y-14.931 Z15.400 F1620 A600.81907; Inset 
G1 X3.131 Y-14.863 Z15.400 F1620 A600.82515; Inset 
G1 X3.131 Y-14.863 Z15.400 F1500 A599.52515; Retract 
G1 X3.131 Y-14.863 Z15.400 F3000; Retract 
G1 X2.904 Y-15.199 Z15.400 F9000; Travel Move 
G1 X2.904 Y-15.199 Z15.400 F1500 A600.82515; Restart 
G1 X2.710 Y-15.013 Z15.400 F720 A600.83456; Inset 
G1 X2.584 Y-14.765 Z15.400 F720 A600.84429; Inset 
G1 X2.559 Y-14.649 Z15.400 F720 A600.84843; Inset 
G1 X2.572 Y-14.362 Z15.400 F720 A600.85845; Inset 
G1 X2.606 Y-14.249 Z15.400 F720 A600.86259; Inset 
G1 X2.757 Y-14.005 Z15.400 F720 A600.87262; Inset 
G1 X2.842 Y-13.923 Z15.400 F720 A600.87675; Inset 
G1 X3.085 Y-13.788 Z15.400 F720 A600.88648; Inset 
G1 X3.350 Y-13.742 Z15.400 F720 A600.89590; Inset 
G1 X3.616 Y-13.788 Z15.400 F720 A600.90531; Inset 
G1 X3.859 Y-13.923 Z15.400 F720 A600.91504; Inset 
G1 X3.944 Y-14.005 Z15.400 F720 A600.91918; Inset 
G1 X4.095 Y-14.249 Z15.400 F720 A600.92920; Inset 
G1 X4.129 Y-14.362 Z15.400 F720 A600.93334; Inset 
G1 X4.141 Y-14.649 Z15.400 F720 A600.94337; Inset 
G1 X4.117 Y-14.765 Z15.400 F720 A600.94750; Inset 
G1 X3.991 Y-15.013 Z15.400 F720 A600.95723; Inset 
G1 X3.797 Y-15.199 Z15.400 F720 A600.96664; Inset 
G1 X3.551 Y-15.310 Z15.400 F720 A600.97607; Inset 
G1 X3.274 Y-15.334 Z15.400 F720 A600.98579; Inset 
G1 X3.158 Y-15.314 Z15.400 F720 A600.98993; Inset 
G1 X2.904 Y-15.199 Z15.400 F720 A600.99965; Inset 
; Chunk 137 
; Lower Position  15.4 
; Upper Position  15.6 
; Thickness       0.2 
; Width           0.4 
G1 X2.904 Y-15.199 Z15.400 F1500 A599.69965; Retract 
G1 X2.904 Y-15.199 Z15.400 F3000; Retract 
G1 X2.904 Y-15.199 Z15.600 F1380; Travel Move 
G1 X3.131 Y-14.863 Z15.600 F9000; Travel Move 
G1 X3.131 Y-14.863 Z15.600 F1500 A600.99965; Restart 
G1 X3.036 Y-14.772 Z15.600 F1620 A601.00427; Inset 
G1 X2.961 Y-14.615 Z15.600 F1620 A601.01035; Inset 
G1 X2.969 Y-14.431 Z15.600 F1620 A601.01679; Inset 
G1 X3.070 Y-14.258 Z15.600 F1620 A601.02378; Inset 
G1 X3.220 Y-14.170 Z15.600 F1620 A601.02985; Inset 
G1 X3.350 Y-14.148 Z15.600 F1620 A601.03448; Inset 
G1 X3.481 Y-14.170 Z15.600 F1620 A601.03910; Inset 
G1 X3.631 Y-14.258 Z15.600 F1620 A601.04518; Inset 
G1 X3.732 Y-14.431 Z15.600 F1620 A601.05216; Inset 
G1 X3.740 Y-14.615 Z15.600 F1620 A601.05860; Inset 
G1 X3.665 Y-14.772 Z15.600 F1620 A601.06468; Inset 
G1 X3.570 Y-14.863 Z15.600 F1620 A601.06930; Inset 
G1 X3.410 Y-14.931 Z15.600 F1620 A601.07538; Inset 
G1 X3.252 Y-14.918 Z15.600 F1620 A601.08091; Inset 
G1 X3.131 Y-14.863 Z15.600 F1620 A601.08553; Inset 
G1 X3.131 Y-14.863 Z15.600 F1500 A599.78553; Retract 
G1 X3.131 Y-14.863 Z15.600 F3000; Retract 
G1 X2.904 Y-15.199 Z15.600 F9000; Travel Move 
G1 X2.904 Y-15.199 Z15.600 F1500 A601.08553; Restart 
G1 X2.710 Y-15.013 Z15.600 F720 A601.09495; Inset 
G1 X2.584 Y-14.765 Z15.600 F720 A601.10467; Inset 
G1 X2.560 Y-14.649 Z15.600 F720 A601.10881; Inset 
G1 X2.572 Y-14.362 Z15.600 F720 A601.11884; Inset 
G1 X2.606 Y-14.249 Z15.600 F720 A601.12297; Inset 
G1 X2.757 Y-14.005 Z15.600 F720 A601.13300; Inset 
G1 X2.842 Y-13.923 Z15.600 F720 A601.13714; Inset 
G1 X3.085 Y-13.788 Z15.600 F720 A601.14686; Inset 
G1 X3.350 Y-13.742 Z15.600 F720 A601.15628; Inset 
G1 X3.616 Y-13.788 Z15.600 F720 A601.16570; Inset 
G1 X3.859 Y-13.923 Z15.600 F720 A601.17542; Inset 
G1 X3.944 Y-14.005 Z15.600 F720 A601.17956; Inset 
G1 X4.095 Y-14.249 Z15.600 F720 A601.18959; Inset 
G1 X4.129 Y-14.362 Z15.600 F720 A601.19372; Inset 
G1 X4.141 Y-14.649 Z15.600 F720 A601.20375; Inset 
G1 X4.117 Y-14.765 Z15.600 F720 A601.20789; Inset 
G1 X3.991 Y-15.013 Z15.600 F720 A601.21761; Inset 
G1 X3.797 Y-15.199 Z15.600 F720 A601.22703; Inset 
G1 X3.543 Y-15.314 Z15.600 F720 A601.23675; Inset 
G1 X3.427 Y-15.334 Z15.600 F720 A601.24089; Inset 
G1 X3.150 Y-15.310 Z15.600 F720 A601.25061; Inset 
G1 X2.904 Y-15.199 Z15.600 F720 A601.26003; Inset 
; Chunk 138 
; Lower Position  15.6 
; Upper Position  15.8 
; Thickness       0.2 
; Width           0.4 
G1 X2.904 Y-15.199 Z15.600 F1500 A599.96003; Retract 
G1 X2.904 Y-15.199 Z15.600 F3000; Retract 
G1 X2.904 Y-15.199 Z15.800 F1380; Travel Move 
G1 X3.131 Y-14.863 Z15.800 F9000; Travel Move 
G1 X3.131 Y-14.863 Z15.800 F1500 A601.26003; Restart 
G1 X3.036 Y-14.772 Z15.800 F1620 A601.26466; Inset 
G1 X2.961 Y-14.615 Z15.800 F1620 A601.27073; Inset 
G1 X2.969 Y-14.431 Z15.800 F1620 A601.27718; Inset 
G1 X3.070 Y-14.258 Z15.800 F1620 A601.28416; Inset 
G1 X3.220 Y-14.170 Z15.800 F1620 A601.29024; Inset 
G1 X3.350 Y-14.148 Z15.800 F1620 A601.29486; Inset 
G1 X3.481 Y-14.170 Z15.800 F1620 A601.29948; Inset 
G1 X3.631 Y-14.258 Z15.800 F1620 A601.30556; Inset 
G1 X3.732 Y-14.431 Z15.800 F1620 A601.31254; Inset 
G1 X3.740 Y-14.615 Z15.800 F1620 A601.31899; Inset 
G1 X3.665 Y-14.772 Z15.800 F1620 A601.32506; Inset 
G1 X3.570 Y-14.863 Z15.800 F1620 A601.32968; Inset 
G1 X3.410 Y-14.931 Z15.800 F1620 A601.33576; Inset 
G1 X3.252 Y-14.918 Z15.800 F1620 A601.34129; Inset 
G1 X3.131 Y-14.863 Z15.800 F1620 A601.34592; Inset 
G1 X3.131 Y-14.863 Z15.800 F1500 A600.04592; Retract 
G1 X3.131 Y-14.863 Z15.800 F3000; Retract 
G1 X2.904 Y-15.199 Z15.800 F9000; Travel Move 
G1 X2.904 Y-15.199 Z15.800 F1500 A601.34592; Restart 
G1 X2.710 Y-15.013 Z15.800 F720 A601.35533; Inset 
G1 X2.584 Y-14.765 Z15.800 F720 A601.36506; Inset 
G1 X2.560 Y-14.649 Z15.800 F720 A601.36920; Inset 
G1 X2.572 Y-14.362 Z15.800 F720 A601.37922; Inset 
G1 X2.606 Y-14.249 Z15.800 F720 A601.38336; Inset 
G1 X2.757 Y-14.005 Z15.800 F720 A601.39339; Inset 
G1 X2.842 Y-13.923 Z15.800 F720 A601.39752; Inset 
G1 X3.085 Y-13.788 Z15.800 F720 A601.40725; Inset 
G1 X3.350 Y-13.742 Z15.800 F720 A601.41667; Inset 
G1 X3.616 Y-13.788 Z15.800 F720 A601.42608; Inset 
G1 X3.859 Y-13.923 Z15.800 F720 A601.43581; Inset 
G1 X3.944 Y-14.005 Z15.800 F720 A601.43995; Inset 
G1 X4.095 Y-14.249 Z15.800 F720 A601.44997; Inset 
G1 X4.129 Y-14.362 Z15.800 F720 A601.45411; Inset 
G1 X4.141 Y-14.649 Z15.800 F720 A601.46413; Inset 
G1 X4.117 Y-14.765 Z15.800 F720 A601.46828; Inset 
G1 X3.991 Y-15.013 Z15.800 F720 A601.47800; Inset 
G1 X3.797 Y-15.199 Z15.800 F720 A601.48742; Inset 
G1 X3.543 Y-15.314 Z15.800 F720 A601.49714; Inset 
G1 X3.427 Y-15.334 Z15.800 F720 A601.50128; Inset 
G1 X3.150 Y-15.310 Z15.800 F720 A601.51100; Inset 
G1 X2.904 Y-15.199 Z15.800 F720 A601.52042; Inset 
; Chunk 139 
; Lower Position  15.8 
; Upper Position  16 
; Thickness       0.2 
; Width           0.4 
G1 X2.904 Y-15.199 Z15.800 F1500 A600.22042; Retract 
G1 X2.904 Y-15.199 Z15.800 F3000; Retract 
G1 X2.904 Y-15.199 Z16.000 F1380; Travel Move 
G1 X3.136 Y-14.804 Z16.000 F9000; Travel Move 
G1 X3.136 Y-14.804 Z16.000 F1500 A601.52042; Restart 
G1 X3.040 Y-14.692 Z16.000 F1620 A601.52561; Inset 
G1 X3.010 Y-14.554 Z16.000 F1620 A601.53055; Inset 
G1 X3.024 Y-14.439 Z16.000 F1620 A601.53458; Inset 
G1 X3.076 Y-14.336 Z16.000 F1620 A601.53861; Inset 
G1 X3.185 Y-14.235 Z16.000 F1620 A601.54380; Inset 
G1 X3.347 Y-14.193 Z16.000 F1620 A601.54965; Inset 
G1 X3.491 Y-14.228 Z16.000 F1620 A601.55484; Inset 
G1 X3.586 Y-14.293 Z16.000 F1620 A601.55887; Inset 
G1 X3.655 Y-14.386 Z16.000 F1620 A601.56290; Inset 
G1 X3.697 Y-14.528 Z16.000 F1620 A601.56809; Inset 
G1 X3.661 Y-14.692 Z16.000 F1620 A601.57394; Inset 
G1 X3.565 Y-14.804 Z16.000 F1620 A601.57913; Inset 
G1 X3.464 Y-14.861 Z16.000 F1620 A601.58316; Inset 
G1 X3.350 Y-14.880 Z16.000 F1620 A601.58719; Inset 
G1 X3.237 Y-14.861 Z16.000 F1620 A601.59122; Inset 
G1 X3.136 Y-14.804 Z16.000 F1620 A601.59525; Inset 
G1 X3.136 Y-14.804 Z16.000 F1500 A600.29525; Retract 
G1 X3.136 Y-14.804 Z16.000 F3000; Retract 
G1 X2.881 Y-15.120 Z16.000 F9000; Travel Move 
G1 X2.881 Y-15.120 Z16.000 F1500 A601.59525; Restart 
G1 X2.709 Y-14.924 Z16.000 F720 A601.60437; Inset 
G1 X2.659 Y-14.826 Z16.000 F720 A601.60822; Inset 
G1 X2.604 Y-14.571 Z16.000 F720 A601.61735; Inset 
G1 X2.636 Y-14.320 Z16.000 F720 A601.62617; Inset 
G1 X2.750 Y-14.095 Z16.000 F720 A601.63499; Inset 
G1 X2.939 Y-13.914 Z16.000 F720 A601.64412; Inset 
G1 X3.034 Y-13.861 Z16.000 F720 A601.64796; Inset 
G1 X3.296 Y-13.793 Z16.000 F720 A601.65740; Inset 
G1 X3.405 Y-13.793 Z16.000 F720 A601.66123; Inset 
G1 X3.658 Y-13.859 Z16.000 F720 A601.67036; Inset 
G1 X3.867 Y-14.000 Z16.000 F720 A601.67919; Inset 
G1 X4.017 Y-14.203 Z16.000 F720 A601.68801; Inset 
G1 X4.094 Y-14.452 Z16.000 F720 A601.69714; Inset 
G1 X4.098 Y-14.562 Z16.000 F720 A601.70098; Inset 
G1 X4.042 Y-14.826 Z16.000 F720 A601.71041; Inset 
G1 X3.992 Y-14.924 Z16.000 F720 A601.71425; Inset 
G1 X3.820 Y-15.120 Z16.000 F720 A601.72338; Inset 
G1 X3.599 Y-15.243 Z16.000 F720 A601.73221; Inset 
G1 X3.350 Y-15.286 Z16.000 F720 A601.74103; Inset 
G1 X3.102 Y-15.243 Z16.000 F720 A601.74985; Inset 
G1 X2.881 Y-15.120 Z16.000 F720 A601.75868; Inset 
M73 P100; Update Progress 
; End of print 
G1 X2.881 Y-15.120 Z16.000 F1500 A600.45868; Retract 
M18 A B(Turn off A and B Steppers)
G1 Z155 F900
G162 X Y F2000
M18 X Y Z(Turn off steppers after a build)
M109 S0 T0
M104 S0 T0
M70 P5 (We <3 Making Things!)
M72 P1  ( Play Ta-Da song )
M73 P100 (end  build progress )
M137 (build end notification)
